v 0.000000 0.002936 -0.030000
v -0.007179 0.002936 -0.029128
v 0.000000 0.002936 0.000000
v 0.000000 0.002936 -0.030000
v 0.000000 0.002936 0.000000
v 0.007179 0.002936 -0.029128
v 0.024690 0.002936 -0.017042
v 0.019894 0.002936 -0.022455
v 0.000000 0.002936 0.000000
v 0.000000 0.002936 0.000000
v 0.019894 0.002936 -0.022455
v 0.013942 0.002936 -0.026564
v 0.000000 0.002936 0.000000
v 0.013942 0.002936 -0.026564
v 0.007179 0.002936 -0.029128
v 0.029781 0.002936 0.003616
v 0.029781 0.002936 -0.003616
v 0.000000 0.002936 0.000000
v 0.000000 0.002936 0.000000
v 0.029781 0.002936 -0.003616
v 0.028050 0.002936 -0.010638
v 0.000000 0.002936 0.000000
v 0.028050 0.002936 -0.010638
v 0.024690 0.002936 -0.017042
v 0.019894 0.002936 0.022455
v 0.024690 0.002936 0.017042
v 0.000000 0.002936 0.000000
v 0.000000 0.002936 0.000000
v 0.024690 0.002936 0.017042
v 0.028050 0.002936 0.010638
v 0.000000 0.002936 0.000000
v 0.028050 0.002936 0.010638
v 0.029781 0.002936 0.003616
v 0.000000 0.002936 0.030000
v 0.007179 0.002936 0.029128
v 0.000000 0.002936 0.000000
v 0.000000 0.002936 0.000000
v 0.007179 0.002936 0.029128
v 0.013942 0.002936 0.026564
v 0.000000 0.002936 0.000000
v 0.013942 0.002936 0.026564
v 0.019894 0.002936 0.022455
v -0.019894 0.002936 0.022455
v -0.013942 0.002936 0.026564
v 0.000000 0.002936 0.000000
v 0.000000 0.002936 0.000000
v -0.013942 0.002936 0.026564
v -0.007179 0.002936 0.029128
v 0.000000 0.002936 0.000000
v -0.007179 0.002936 0.029128
v 0.000000 0.002936 0.030000
v -0.029781 0.002936 0.003616
v -0.028050 0.002936 0.010638
v 0.000000 0.002936 0.000000
v 0.000000 0.002936 0.000000
v -0.028050 0.002936 0.010638
v -0.024690 0.002936 0.017042
v 0.000000 0.002936 0.000000
v -0.024690 0.002936 0.017042
v -0.019894 0.002936 0.022455
v -0.024690 0.002936 -0.017042
v -0.028050 0.002936 -0.010638
v 0.000000 0.002936 0.000000
v 0.000000 0.002936 0.000000
v -0.028050 0.002936 -0.010638
v -0.029781 0.002936 -0.003616
v 0.000000 0.002936 0.000000
v -0.029781 0.002936 -0.003616
v -0.029781 0.002936 0.003616
v -0.007179 0.002936 -0.029128
v -0.013942 0.002936 -0.026564
v 0.000000 0.002936 0.000000
v 0.000000 0.002936 0.000000
v -0.013942 0.002936 -0.026564
v -0.019894 0.002936 -0.022455
v 0.000000 0.002936 0.000000
v -0.019894 0.002936 -0.022455
v -0.024690 0.002936 -0.017042
v 0.027703 0.013913 -0.093500
v 0.030164 0.007149 -0.093500
v 0.000000 0.000000 -0.093500
v 0.000000 0.000000 -0.093500
v 0.030164 0.007149 -0.093500
v 0.031000 0.000000 -0.093500
v 0.000000 0.000000 -0.093500
v 0.031000 0.000000 -0.093500
v 0.030164 -0.007149 -0.093500
v 0.012278 0.028465 -0.093500
v 0.018512 0.024866 -0.093500
v 0.000000 0.000000 -0.093500
v 0.000000 0.000000 -0.093500
v 0.018512 0.024866 -0.093500
v 0.023747 0.019926 -0.093500
v 0.000000 0.000000 -0.093500
v 0.023747 0.019926 -0.093500
v 0.027703 0.013913 -0.093500
v -0.008891 0.029698 -0.093500
v -0.001802 0.030948 -0.093500
v 0.000000 0.000000 -0.093500
v 0.000000 0.000000 -0.093500
v -0.001802 0.030948 -0.093500
v 0.005383 0.030529 -0.093500
v 0.000000 0.000000 -0.093500
v 0.005383 0.030529 -0.093500
v 0.012278 0.028465 -0.093500
v -0.025900 0.017035 -0.093500
v -0.021273 0.022549 -0.093500
v 0.000000 0.000000 -0.093500
v 0.000000 0.000000 -0.093500
v -0.021273 0.022549 -0.093500
v -0.015500 0.026847 -0.093500
v 0.000000 0.000000 -0.093500
v -0.015500 0.026847 -0.093500
v -0.008891 0.029698 -0.093500
v -0.030790 -0.003599 -0.093500
v -0.030790 0.003599 -0.093500
v 0.000000 0.000000 -0.093500
v 0.000000 0.000000 -0.093500
v -0.030790 0.003599 -0.093500
v -0.029130 0.010603 -0.093500
v 0.000000 0.000000 -0.093500
v -0.029130 0.010603 -0.093500
v -0.025900 0.017035 -0.093500
v -0.021273 -0.022549 -0.093500
v -0.025900 -0.017035 -0.093500
v 0.000000 0.000000 -0.093500
v 0.000000 0.000000 -0.093500
v -0.025900 -0.017035 -0.093500
v -0.029130 -0.010603 -0.093500
v 0.000000 0.000000 -0.093500
v -0.029130 -0.010603 -0.093500
v -0.030790 -0.003599 -0.093500
v -0.001802 -0.030948 -0.093500
v -0.008891 -0.029698 -0.093500
v 0.000000 0.000000 -0.093500
v 0.000000 0.000000 -0.093500
v -0.008891 -0.029698 -0.093500
v -0.015500 -0.026847 -0.093500
v 0.000000 0.000000 -0.093500
v -0.015500 -0.026847 -0.093500
v -0.021273 -0.022549 -0.093500
v 0.018512 -0.024866 -0.093500
v 0.012278 -0.028465 -0.093500
v 0.000000 0.000000 -0.093500
v 0.000000 0.000000 -0.093500
v 0.012278 -0.028465 -0.093500
v 0.005383 -0.030529 -0.093500
v 0.000000 0.000000 -0.093500
v 0.005383 -0.030529 -0.093500
v -0.001802 -0.030948 -0.093500
v 0.030164 -0.007149 -0.093500
v 0.027703 -0.013913 -0.093500
v 0.000000 0.000000 -0.093500
v 0.000000 0.000000 -0.093500
v 0.027703 -0.013913 -0.093500
v 0.023747 -0.019926 -0.093500
v 0.000000 0.000000 -0.093500
v 0.023747 -0.019926 -0.093500
v 0.018512 -0.024866 -0.093500
v -0.033700 0.011436 0.001000
v -0.033700 0.012936 0.001000
v -0.033700 0.011436 0.000000
v -0.033700 0.011436 0.000000
v -0.033700 0.012936 0.001000
v -0.033700 0.012936 -0.001000
v -0.033700 0.011436 0.000000
v -0.033700 0.012936 -0.001000
v -0.033700 0.011436 -0.001000
v 0.000000 0.002936 -0.030000
v 0.000000 0.012936 -0.030000
v -0.007179 0.002936 -0.029128
v -0.007179 0.002936 -0.029128
v 0.000000 0.012936 -0.030000
v -0.007179 0.012936 -0.029128
v -0.007179 0.002936 -0.029128
v -0.007179 0.012936 -0.029128
v -0.013942 0.002936 -0.026564
v -0.013942 0.002936 -0.026564
v -0.007179 0.012936 -0.029128
v -0.013942 0.012936 -0.026564
v -0.013942 0.002936 -0.026564
v -0.013942 0.012936 -0.026564
v -0.019894 0.002936 -0.022455
v -0.019894 0.002936 -0.022455
v -0.013942 0.012936 -0.026564
v -0.019894 0.012936 -0.022455
v -0.019894 0.002936 -0.022455
v -0.019894 0.012936 -0.022455
v -0.024690 0.002936 -0.017042
v -0.024690 0.002936 -0.017042
v -0.019894 0.012936 -0.022455
v -0.024690 0.012936 -0.017042
v -0.024690 0.002936 -0.017042
v -0.024690 0.012936 -0.017042
v -0.028050 0.002936 -0.010638
v -0.028050 0.002936 -0.010638
v -0.024690 0.012936 -0.017042
v -0.028050 0.012936 -0.010638
v -0.028050 0.002936 -0.010638
v -0.028050 0.012936 -0.010638
v -0.029781 0.002936 -0.003616
v -0.029781 0.002936 -0.003616
v -0.028050 0.012936 -0.010638
v -0.029781 0.012936 -0.003616
v -0.029781 0.002936 -0.003616
v -0.029781 0.012936 -0.003616
v -0.029781 0.002936 0.003616
v -0.029781 0.002936 0.003616
v -0.029781 0.012936 -0.003616
v -0.029781 0.012936 0.003616
v -0.029781 0.002936 0.003616
v -0.029781 0.012936 0.003616
v -0.028050 0.002936 0.010638
v -0.028050 0.002936 0.010638
v -0.029781 0.012936 0.003616
v -0.028050 0.012936 0.010638
v -0.028050 0.002936 0.010638
v -0.028050 0.012936 0.010638
v -0.024690 0.002936 0.017042
v -0.024690 0.002936 0.017042
v -0.028050 0.012936 0.010638
v -0.024690 0.012936 0.017042
v -0.024690 0.002936 0.017042
v -0.024690 0.012936 0.017042
v -0.019894 0.002936 0.022455
v -0.019894 0.002936 0.022455
v -0.024690 0.012936 0.017042
v -0.019894 0.012936 0.022455
v -0.019894 0.002936 0.022455
v -0.019894 0.012936 0.022455
v -0.013942 0.002936 0.026564
v -0.013942 0.002936 0.026564
v -0.019894 0.012936 0.022455
v -0.013942 0.012936 0.026564
v -0.013942 0.002936 0.026564
v -0.013942 0.012936 0.026564
v -0.007179 0.002936 0.029128
v -0.007179 0.002936 0.029128
v -0.013942 0.012936 0.026564
v -0.007179 0.012936 0.029128
v -0.007179 0.002936 0.029128
v -0.007179 0.012936 0.029128
v 0.000000 0.002936 0.030000
v 0.000000 0.002936 0.030000
v -0.007179 0.012936 0.029128
v 0.000000 0.012936 0.030000
v 0.000000 0.002936 0.030000
v 0.000000 0.012936 0.030000
v 0.007179 0.002936 0.029128
v 0.007179 0.002936 0.029128
v 0.000000 0.012936 0.030000
v 0.007179 0.012936 0.029128
v 0.007179 0.002936 0.029128
v 0.007179 0.012936 0.029128
v 0.013942 0.002936 0.026564
v 0.013942 0.002936 0.026564
v 0.007179 0.012936 0.029128
v 0.013942 0.012936 0.026564
v 0.013942 0.002936 0.026564
v 0.013942 0.012936 0.026564
v 0.019894 0.002936 0.022455
v 0.019894 0.002936 0.022455
v 0.013942 0.012936 0.026564
v 0.019894 0.012936 0.022455
v 0.019894 0.002936 0.022455
v 0.019894 0.012936 0.022455
v 0.024690 0.002936 0.017042
v 0.024690 0.002936 0.017042
v 0.019894 0.012936 0.022455
v 0.024690 0.012936 0.017042
v 0.024690 0.002936 0.017042
v 0.024690 0.012936 0.017042
v 0.028050 0.002936 0.010638
v 0.028050 0.002936 0.010638
v 0.024690 0.012936 0.017042
v 0.028050 0.012936 0.010638
v 0.028050 0.002936 0.010638
v 0.028050 0.012936 0.010638
v 0.029781 0.002936 0.003616
v 0.029781 0.002936 0.003616
v 0.028050 0.012936 0.010638
v 0.029781 0.012936 0.003616
v 0.029781 0.002936 0.003616
v 0.029781 0.012936 0.003616
v 0.029781 0.002936 -0.003616
v 0.029781 0.002936 -0.003616
v 0.029781 0.012936 0.003616
v 0.029781 0.012936 -0.003616
v 0.029781 0.002936 -0.003616
v 0.029781 0.012936 -0.003616
v 0.028050 0.002936 -0.010638
v 0.028050 0.002936 -0.010638
v 0.029781 0.012936 -0.003616
v 0.028050 0.012936 -0.010638
v 0.028050 0.002936 -0.010638
v 0.028050 0.012936 -0.010638
v 0.024690 0.002936 -0.017042
v 0.024690 0.002936 -0.017042
v 0.028050 0.012936 -0.010638
v 0.024690 0.012936 -0.017042
v 0.024690 0.002936 -0.017042
v 0.024690 0.012936 -0.017042
v 0.019894 0.002936 -0.022455
v 0.019894 0.002936 -0.022455
v 0.024690 0.012936 -0.017042
v 0.019894 0.012936 -0.022455
v 0.019894 0.002936 -0.022455
v 0.019894 0.012936 -0.022455
v 0.013942 0.002936 -0.026564
v 0.013942 0.002936 -0.026564
v 0.019894 0.012936 -0.022455
v 0.013942 0.012936 -0.026564
v 0.013942 0.002936 -0.026564
v 0.013942 0.012936 -0.026564
v 0.007179 0.002936 -0.029128
v 0.007179 0.002936 -0.029128
v 0.013942 0.012936 -0.026564
v 0.007179 0.012936 -0.029128
v 0.007179 0.002936 -0.029128
v 0.007179 0.012936 -0.029128
v 0.000000 0.002936 -0.030000
v 0.000000 0.002936 -0.030000
v 0.007179 0.012936 -0.029128
v 0.000000 0.012936 -0.030000
v 0.031000 0.000000 -0.093500
v 0.031000 0.000000 -0.103500
v 0.030164 -0.007149 -0.093500
v 0.030164 -0.007149 -0.093500
v 0.031000 0.000000 -0.103500
v 0.030164 -0.007149 -0.103500
v 0.030164 -0.007149 -0.093500
v 0.030164 -0.007149 -0.103500
v 0.027703 -0.013913 -0.093500
v 0.027703 -0.013913 -0.093500
v 0.030164 -0.007149 -0.103500
v 0.027703 -0.013913 -0.103500
v 0.027703 -0.013913 -0.093500
v 0.027703 -0.013913 -0.103500
v 0.023747 -0.019926 -0.093500
v 0.023747 -0.019926 -0.093500
v 0.027703 -0.013913 -0.103500
v 0.023747 -0.019926 -0.103500
v 0.023747 -0.019926 -0.093500
v 0.023747 -0.019926 -0.103500
v 0.018512 -0.024866 -0.093500
v 0.018512 -0.024866 -0.093500
v 0.023747 -0.019926 -0.103500
v 0.018512 -0.024866 -0.103500
v 0.018512 -0.024866 -0.093500
v 0.018512 -0.024866 -0.103500
v 0.012278 -0.028465 -0.093500
v 0.012278 -0.028465 -0.093500
v 0.018512 -0.024866 -0.103500
v 0.012278 -0.028465 -0.103500
v 0.012278 -0.028465 -0.093500
v 0.012278 -0.028465 -0.103500
v 0.005383 -0.030529 -0.093500
v 0.005383 -0.030529 -0.093500
v 0.012278 -0.028465 -0.103500
v 0.005383 -0.030529 -0.103500
v 0.005383 -0.030529 -0.093500
v 0.005383 -0.030529 -0.103500
v -0.001802 -0.030948 -0.093500
v -0.001802 -0.030948 -0.093500
v 0.005383 -0.030529 -0.103500
v -0.001802 -0.030948 -0.103500
v -0.001802 -0.030948 -0.093500
v -0.001802 -0.030948 -0.103500
v -0.008891 -0.029698 -0.093500
v -0.008891 -0.029698 -0.093500
v -0.001802 -0.030948 -0.103500
v -0.008891 -0.029698 -0.103500
v -0.008891 -0.029698 -0.093500
v -0.008891 -0.029698 -0.103500
v -0.015500 -0.026847 -0.093500
v -0.015500 -0.026847 -0.093500
v -0.008891 -0.029698 -0.103500
v -0.015500 -0.026847 -0.103500
v -0.015500 -0.026847 -0.093500
v -0.015500 -0.026847 -0.103500
v -0.021273 -0.022549 -0.093500
v -0.021273 -0.022549 -0.093500
v -0.015500 -0.026847 -0.103500
v -0.021273 -0.022549 -0.103500
v -0.021273 -0.022549 -0.093500
v -0.021273 -0.022549 -0.103500
v -0.025900 -0.017035 -0.093500
v -0.025900 -0.017035 -0.093500
v -0.021273 -0.022549 -0.103500
v -0.025900 -0.017035 -0.103500
v -0.025900 -0.017035 -0.093500
v -0.025900 -0.017035 -0.103500
v -0.029130 -0.010603 -0.093500
v -0.029130 -0.010603 -0.093500
v -0.025900 -0.017035 -0.103500
v -0.029130 -0.010603 -0.103500
v -0.029130 -0.010603 -0.093500
v -0.029130 -0.010603 -0.103500
v -0.030790 -0.003599 -0.093500
v -0.030790 -0.003599 -0.093500
v -0.029130 -0.010603 -0.103500
v -0.030790 -0.003599 -0.103500
v -0.030790 -0.003599 -0.093500
v -0.030790 -0.003599 -0.103500
v -0.030790 0.003599 -0.093500
v -0.030790 0.003599 -0.093500
v -0.030790 -0.003599 -0.103500
v -0.030790 0.003599 -0.103500
v -0.030790 0.003599 -0.093500
v -0.030790 0.003599 -0.103500
v -0.029130 0.010603 -0.093500
v -0.029130 0.010603 -0.093500
v -0.030790 0.003599 -0.103500
v -0.029130 0.010603 -0.103500
v -0.029130 0.010603 -0.093500
v -0.029130 0.010603 -0.103500
v -0.025900 0.017035 -0.093500
v -0.025900 0.017035 -0.093500
v -0.029130 0.010603 -0.103500
v -0.025900 0.017035 -0.103500
v -0.025900 0.017035 -0.093500
v -0.025900 0.017035 -0.103500
v -0.021273 0.022549 -0.093500
v -0.021273 0.022549 -0.093500
v -0.025900 0.017035 -0.103500
v -0.021273 0.022549 -0.103500
v -0.021273 0.022549 -0.093500
v -0.021273 0.022549 -0.103500
v -0.015500 0.026847 -0.093500
v -0.015500 0.026847 -0.093500
v -0.021273 0.022549 -0.103500
v -0.015500 0.026847 -0.103500
v -0.015500 0.026847 -0.093500
v -0.015500 0.026847 -0.103500
v -0.008891 0.029698 -0.093500
v -0.008891 0.029698 -0.093500
v -0.015500 0.026847 -0.103500
v -0.008891 0.029698 -0.103500
v -0.008891 0.029698 -0.093500
v -0.008891 0.029698 -0.103500
v -0.001802 0.030948 -0.093500
v -0.001802 0.030948 -0.093500
v -0.008891 0.029698 -0.103500
v -0.001802 0.030948 -0.103500
v -0.001802 0.030948 -0.093500
v -0.001802 0.030948 -0.103500
v 0.005383 0.030529 -0.093500
v 0.005383 0.030529 -0.093500
v -0.001802 0.030948 -0.103500
v 0.005383 0.030529 -0.103500
v 0.005383 0.030529 -0.093500
v 0.005383 0.030529 -0.103500
v 0.012278 0.028465 -0.093500
v 0.012278 0.028465 -0.093500
v 0.005383 0.030529 -0.103500
v 0.012278 0.028465 -0.103500
v 0.012278 0.028465 -0.093500
v 0.012278 0.028465 -0.103500
v 0.018512 0.024866 -0.093500
v 0.018512 0.024866 -0.093500
v 0.012278 0.028465 -0.103500
v 0.018512 0.024866 -0.103500
v 0.018512 0.024866 -0.093500
v 0.018512 0.024866 -0.103500
v 0.023747 0.019926 -0.093500
v 0.023747 0.019926 -0.093500
v 0.018512 0.024866 -0.103500
v 0.023747 0.019926 -0.103500
v 0.023747 0.019926 -0.093500
v 0.023747 0.019926 -0.103500
v 0.027703 0.013913 -0.093500
v 0.027703 0.013913 -0.093500
v 0.023747 0.019926 -0.103500
v 0.027703 0.013913 -0.103500
v 0.027703 0.013913 -0.093500
v 0.027703 0.013913 -0.103500
v 0.030164 0.007149 -0.093500
v 0.030164 0.007149 -0.093500
v 0.027703 0.013913 -0.103500
v 0.030164 0.007149 -0.103500
v 0.030164 0.007149 -0.093500
v 0.030164 0.007149 -0.103500
v 0.031000 0.000000 -0.093500
v 0.031000 0.000000 -0.093500
v 0.030164 0.007149 -0.103500
v 0.031000 0.000000 -0.103500
v -0.034700 0.001000 -0.100961
v -0.034700 0.001000 -0.103500
v -0.034700 0.000000 -0.100961
v -0.034700 0.000000 -0.100961
v -0.034700 0.001000 -0.103500
v -0.034700 -0.001000 -0.103500
v -0.034700 0.000000 -0.100961
v -0.034700 -0.001000 -0.103500
v -0.034700 -0.001000 -0.100961
v -0.033700 0.012936 -0.001000
v -0.033985 0.012936 -0.001000
v -0.033700 0.011436 -0.001000
v -0.033700 0.011436 -0.001000
v -0.033985 0.012936 -0.001000
v -0.033985 0.011436 -0.001000
v -0.033700 0.012936 0.001000
v -0.033985 0.012936 0.001000
v -0.032929 0.012936 0.008468
v -0.029781 0.012936 -0.003616
v -0.028050 0.012936 -0.010638
v -0.033700 0.012936 -0.001000
v -0.033700 0.012936 -0.001000
v -0.028050 0.012936 -0.010638
v -0.032929 0.012936 -0.008468
v -0.033700 0.012936 -0.001000
v -0.032929 0.012936 -0.008468
v -0.033985 0.012936 -0.001000
v -0.033700 0.012936 0.001000
v -0.028050 0.012936 0.010638
v -0.033700 0.012936 -0.001000
v -0.033700 0.012936 -0.001000
v -0.028050 0.012936 0.010638
v -0.029781 0.012936 0.003616
v -0.033700 0.012936 -0.001000
v -0.029781 0.012936 0.003616
v -0.029781 0.012936 -0.003616
v 0.029781 0.012936 -0.003616
v 0.033163 0.012936 -0.007496
v 0.028050 0.012936 -0.010638
v 0.028050 0.012936 -0.010638
v 0.033163 0.012936 -0.007496
v 0.030695 0.012936 -0.014623
v 0.028050 0.012936 -0.010638
v 0.030695 0.012936 -0.014623
v 0.024690 0.012936 -0.017042
v 0.024690 0.012936 -0.017042
v 0.030695 0.012936 -0.014623
v 0.026715 0.012936 -0.021031
v 0.024690 0.012936 -0.017042
v 0.026715 0.012936 -0.021031
v 0.019894 0.012936 -0.022455
v 0.019894 0.012936 -0.022455
v 0.026715 0.012936 -0.021031
v 0.021421 0.012936 -0.026403
v 0.019894 0.012936 -0.022455
v 0.021421 0.012936 -0.026403
v 0.013942 0.012936 -0.026564
v 0.013942 0.012936 -0.026564
v 0.021421 0.012936 -0.026403
v 0.015073 0.012936 -0.030476
v 0.013942 0.012936 -0.026564
v 0.015073 0.012936 -0.030476
v 0.007179 0.012936 -0.029128
v 0.007179 0.012936 -0.029128
v 0.015073 0.012936 -0.030476
v 0.007983 0.012936 -0.033050
v 0.007179 0.012936 -0.029128
v 0.007983 0.012936 -0.033050
v 0.000000 0.012936 -0.030000
v 0.000000 0.012936 -0.030000
v 0.007983 0.012936 -0.033050
v 0.000500 0.012936 -0.033996
v 0.000000 0.012936 -0.030000
v 0.000500 0.012936 -0.033996
v -0.007179 0.012936 -0.029128
v -0.007179 0.012936 -0.029128
v 0.000500 0.012936 -0.033996
v -0.007007 0.012936 -0.033270
v -0.007179 0.012936 -0.029128
v -0.007007 0.012936 -0.033270
v -0.013942 0.012936 -0.026564
v -0.013942 0.012936 -0.026564
v -0.007007 0.012936 -0.033270
v -0.014170 0.012936 -0.030906
v -0.013942 0.012936 -0.026564
v -0.014170 0.012936 -0.030906
v -0.019894 0.012936 -0.022455
v -0.019894 0.012936 -0.022455
v -0.014170 0.012936 -0.030906
v -0.020635 0.012936 -0.027022
v -0.019894 0.012936 -0.022455
v -0.020635 0.012936 -0.027022
v -0.024690 0.012936 -0.017042
v -0.024690 0.012936 -0.017042
v -0.020635 0.012936 -0.027022
v -0.026085 0.012936 -0.021807
v -0.024690 0.012936 -0.017042
v -0.026085 0.012936 -0.021807
v -0.028050 0.012936 -0.010638
v -0.028050 0.012936 -0.010638
v -0.026085 0.012936 -0.021807
v -0.030251 0.012936 -0.015520
v -0.028050 0.012936 -0.010638
v -0.030251 0.012936 -0.015520
v -0.032929 0.012936 -0.008468
v -0.033700 0.012936 0.001000
v -0.032929 0.012936 0.008468
v -0.028050 0.012936 0.010638
v -0.028050 0.012936 0.010638
v -0.032929 0.012936 0.008468
v -0.030251 0.012936 0.015520
v -0.028050 0.012936 0.010638
v -0.030251 0.012936 0.015520
v -0.024690 0.012936 0.017042
v -0.024690 0.012936 0.017042
v -0.030251 0.012936 0.015520
v -0.026085 0.012936 0.021807
v -0.024690 0.012936 0.017042
v -0.026085 0.012936 0.021807
v -0.019894 0.012936 0.022455
v -0.019894 0.012936 0.022455
v -0.026085 0.012936 0.021807
v -0.020635 0.012936 0.027022
v -0.019894 0.012936 0.022455
v -0.020635 0.012936 0.027022
v -0.013942 0.012936 0.026564
v -0.013942 0.012936 0.026564
v -0.020635 0.012936 0.027022
v -0.014170 0.012936 0.030906
v -0.013942 0.012936 0.026564
v -0.014170 0.012936 0.030906
v -0.007179 0.012936 0.029128
v -0.007179 0.012936 0.029128
v -0.014170 0.012936 0.030906
v -0.007007 0.012936 0.033270
v -0.007179 0.012936 0.029128
v -0.007007 0.012936 0.033270
v 0.000000 0.012936 0.030000
v 0.000000 0.012936 0.030000
v -0.007007 0.012936 0.033270
v 0.000500 0.012936 0.033996
v 0.000000 0.012936 0.030000
v 0.000500 0.012936 0.033996
v 0.007179 0.012936 0.029128
v 0.007179 0.012936 0.029128
v 0.000500 0.012936 0.033996
v 0.007983 0.012936 0.033050
v 0.007179 0.012936 0.029128
v 0.007983 0.012936 0.033050
v 0.013942 0.012936 0.026564
v 0.013942 0.012936 0.026564
v 0.007983 0.012936 0.033050
v 0.015073 0.012936 0.030476
v 0.013942 0.012936 0.026564
v 0.015073 0.012936 0.030476
v 0.019894 0.012936 0.022455
v 0.019894 0.012936 0.022455
v 0.015073 0.012936 0.030476
v 0.021421 0.012936 0.026403
v 0.019894 0.012936 0.022455
v 0.021421 0.012936 0.026403
v 0.024690 0.012936 0.017042
v 0.024690 0.012936 0.017042
v 0.021421 0.012936 0.026403
v 0.026715 0.012936 0.021031
v 0.024690 0.012936 0.017042
v 0.026715 0.012936 0.021031
v 0.028050 0.012936 0.010638
v 0.028050 0.012936 0.010638
v 0.026715 0.012936 0.021031
v 0.030695 0.012936 0.014623
v 0.028050 0.012936 0.010638
v 0.030695 0.012936 0.014623
v 0.029781 0.012936 0.003616
v 0.029781 0.012936 0.003616
v 0.030695 0.012936 0.014623
v 0.033163 0.012936 0.007496
v 0.029781 0.012936 0.003616
v 0.033163 0.012936 0.007496
v 0.029781 0.012936 -0.003616
v 0.029781 0.012936 -0.003616
v 0.033163 0.012936 0.007496
v 0.034000 0.012936 0.000000
v 0.029781 0.012936 -0.003616
v 0.034000 0.012936 0.000000
v 0.033163 0.012936 -0.007496
v -0.033700 0.011436 0.001000
v -0.033985 0.011436 0.001000
v -0.033700 0.012936 0.001000
v -0.033700 0.012936 0.001000
v -0.033985 0.011436 0.001000
v -0.033985 0.012936 0.001000
v -0.034700 -0.001000 -0.103500
v -0.034986 -0.001000 -0.103500
v -0.034700 -0.001000 -0.100961
v -0.034700 -0.001000 -0.100961
v -0.034986 -0.001000 -0.103500
v -0.034986 -0.001000 -0.100961
v -0.029130 0.010603 -0.103500
v -0.030790 0.003599 -0.103500
v -0.034700 0.001000 -0.103500
v -0.034700 0.001000 -0.103500
v -0.030790 0.003599 -0.103500
v -0.034700 -0.001000 -0.103500
v -0.034700 -0.001000 -0.103500
v -0.030790 0.003599 -0.103500
v -0.030790 -0.003599 -0.103500
v -0.034700 -0.001000 -0.103500
v -0.030790 -0.003599 -0.103500
v -0.029130 -0.010603 -0.103500
v -0.034986 -0.001000 -0.103500
v -0.034700 -0.001000 -0.103500
v -0.033904 -0.008691 -0.103500
v -0.033904 -0.008691 -0.103500
v -0.034700 -0.001000 -0.103500
v -0.029130 -0.010603 -0.103500
v -0.033904 -0.008691 -0.103500
v -0.029130 -0.010603 -0.103500
v -0.031153 -0.015954 -0.103500
v -0.031153 -0.015954 -0.103500
v -0.029130 -0.010603 -0.103500
v -0.025900 -0.017035 -0.103500
v -0.029130 0.010603 -0.103500
v -0.034700 0.001000 -0.103500
v -0.025900 0.017035 -0.103500
v -0.025900 0.017035 -0.103500
v -0.034700 0.001000 -0.103500
v -0.034986 0.001000 -0.103500
v -0.025900 0.017035 -0.103500
v -0.034986 0.001000 -0.103500
v -0.033904 0.008691 -0.103500
v -0.033904 0.008691 -0.103500
v -0.031153 0.015954 -0.103500
v -0.025900 0.017035 -0.103500
v -0.025900 0.017035 -0.103500
v -0.031153 0.015954 -0.103500
v -0.026867 0.022431 -0.103500
v -0.025900 0.017035 -0.103500
v -0.026867 0.022431 -0.103500
v -0.021273 0.022549 -0.103500
v -0.021273 0.022549 -0.103500
v -0.026867 0.022431 -0.103500
v -0.021259 0.027804 -0.103500
v -0.021273 0.022549 -0.103500
v -0.021259 0.027804 -0.103500
v -0.015500 0.026847 -0.103500
v -0.015500 0.026847 -0.103500
v -0.021259 0.027804 -0.103500
v -0.014604 0.031808 -0.103500
v -0.015500 0.026847 -0.103500
v -0.014604 0.031808 -0.103500
v -0.008891 0.029698 -0.103500
v -0.008891 0.029698 -0.103500
v -0.014604 0.031808 -0.103500
v -0.007230 0.034245 -0.103500
v -0.008891 0.029698 -0.103500
v -0.007230 0.034245 -0.103500
v -0.001802 0.030948 -0.103500
v -0.001802 0.030948 -0.103500
v -0.007230 0.034245 -0.103500
v 0.000500 0.034996 -0.103500
v -0.001802 0.030948 -0.103500
v 0.000500 0.034996 -0.103500
v 0.005383 0.030529 -0.103500
v 0.005383 0.030529 -0.103500
v 0.000500 0.034996 -0.103500
v 0.008206 0.034025 -0.103500
v 0.005383 0.030529 -0.103500
v 0.008206 0.034025 -0.103500
v 0.012278 0.028465 -0.103500
v 0.012278 0.028465 -0.103500
v 0.008206 0.034025 -0.103500
v 0.015507 0.031377 -0.103500
v 0.012278 0.028465 -0.103500
v 0.015507 0.031377 -0.103500
v 0.018512 0.024866 -0.103500
v 0.018512 0.024866 -0.103500
v 0.015507 0.031377 -0.103500
v 0.022045 0.027185 -0.103500
v 0.018512 0.024866 -0.103500
v 0.022045 0.027185 -0.103500
v 0.023747 0.019926 -0.103500
v 0.023747 0.019926 -0.103500
v 0.022045 0.027185 -0.103500
v 0.027497 0.021654 -0.103500
v 0.023747 0.019926 -0.103500
v 0.027497 0.021654 -0.103500
v 0.027703 0.013913 -0.103500
v 0.027703 0.013913 -0.103500
v 0.027497 0.021654 -0.103500
v 0.031596 0.015057 -0.103500
v 0.027703 0.013913 -0.103500
v 0.031596 0.015057 -0.103500
v 0.030164 0.007149 -0.103500
v 0.030164 0.007149 -0.103500
v 0.031596 0.015057 -0.103500
v 0.034138 0.007719 -0.103500
v 0.030164 0.007149 -0.103500
v 0.034138 0.007719 -0.103500
v 0.031000 0.000000 -0.103500
v 0.031000 0.000000 -0.103500
v 0.034138 0.007719 -0.103500
v 0.035000 0.000000 -0.103500
v 0.031000 0.000000 -0.103500
v 0.035000 0.000000 -0.103500
v 0.030164 -0.007149 -0.103500
v 0.030164 -0.007149 -0.103500
v 0.035000 0.000000 -0.103500
v 0.034138 -0.007719 -0.103500
v 0.030164 -0.007149 -0.103500
v 0.034138 -0.007719 -0.103500
v 0.027703 -0.013913 -0.103500
v 0.027703 -0.013913 -0.103500
v 0.034138 -0.007719 -0.103500
v 0.031596 -0.015057 -0.103500
v 0.027703 -0.013913 -0.103500
v 0.031596 -0.015057 -0.103500
v 0.023747 -0.019926 -0.103500
v 0.023747 -0.019926 -0.103500
v 0.031596 -0.015057 -0.103500
v 0.027497 -0.021654 -0.103500
v 0.023747 -0.019926 -0.103500
v 0.027497 -0.021654 -0.103500
v 0.018512 -0.024866 -0.103500
v 0.018512 -0.024866 -0.103500
v 0.027497 -0.021654 -0.103500
v 0.022045 -0.027185 -0.103500
v 0.018512 -0.024866 -0.103500
v 0.022045 -0.027185 -0.103500
v 0.012278 -0.028465 -0.103500
v 0.012278 -0.028465 -0.103500
v 0.022045 -0.027185 -0.103500
v 0.015507 -0.031377 -0.103500
v 0.012278 -0.028465 -0.103500
v 0.015507 -0.031377 -0.103500
v 0.005383 -0.030529 -0.103500
v 0.005383 -0.030529 -0.103500
v 0.015507 -0.031377 -0.103500
v 0.008206 -0.034025 -0.103500
v 0.005383 -0.030529 -0.103500
v 0.008206 -0.034025 -0.103500
v -0.001802 -0.030948 -0.103500
v -0.001802 -0.030948 -0.103500
v 0.008206 -0.034025 -0.103500
v 0.000500 -0.034996 -0.103500
v -0.001802 -0.030948 -0.103500
v 0.000500 -0.034996 -0.103500
v -0.008891 -0.029698 -0.103500
v -0.008891 -0.029698 -0.103500
v 0.000500 -0.034996 -0.103500
v -0.007230 -0.034245 -0.103500
v -0.008891 -0.029698 -0.103500
v -0.007230 -0.034245 -0.103500
v -0.015500 -0.026847 -0.103500
v -0.015500 -0.026847 -0.103500
v -0.007230 -0.034245 -0.103500
v -0.014604 -0.031808 -0.103500
v -0.015500 -0.026847 -0.103500
v -0.014604 -0.031808 -0.103500
v -0.021273 -0.022549 -0.103500
v -0.021273 -0.022549 -0.103500
v -0.014604 -0.031808 -0.103500
v -0.021259 -0.027804 -0.103500
v -0.021273 -0.022549 -0.103500
v -0.021259 -0.027804 -0.103500
v -0.025900 -0.017035 -0.103500
v -0.025900 -0.017035 -0.103500
v -0.021259 -0.027804 -0.103500
v -0.026867 -0.022431 -0.103500
v -0.025900 -0.017035 -0.103500
v -0.026867 -0.022431 -0.103500
v -0.031153 -0.015954 -0.103500
v -0.034700 0.001000 -0.100961
v -0.034986 0.001000 -0.100961
v -0.034700 0.001000 -0.103500
v -0.034700 0.001000 -0.103500
v -0.034986 0.001000 -0.100961
v -0.034986 0.001000 -0.103500
v -0.033985 0.012936 0.001000
v -0.033985 0.011436 0.001000
v -0.032929 0.011436 0.008468
v -0.033985 0.012936 0.001000
v -0.032929 0.011436 0.008468
v -0.032929 0.012936 0.008468
v -0.032929 0.012936 0.008468
v -0.032929 0.011436 0.008468
v -0.030251 0.011436 0.015520
v -0.032929 0.012936 0.008468
v -0.030251 0.011436 0.015520
v -0.030251 0.012936 0.015520
v -0.030251 0.012936 0.015520
v -0.030251 0.011436 0.015520
v -0.026085 0.011436 0.021807
v -0.030251 0.012936 0.015520
v -0.026085 0.011436 0.021807
v -0.026085 0.012936 0.021807
v -0.026085 0.012936 0.021807
v -0.026085 0.011436 0.021807
v -0.020635 0.011436 0.027022
v -0.026085 0.012936 0.021807
v -0.020635 0.011436 0.027022
v -0.020635 0.012936 0.027022
v -0.020635 0.012936 0.027022
v -0.020635 0.011436 0.027022
v -0.014170 0.011436 0.030906
v -0.020635 0.012936 0.027022
v -0.014170 0.011436 0.030906
v -0.014170 0.012936 0.030906
v -0.014170 0.012936 0.030906
v -0.014170 0.011436 0.030906
v -0.007007 0.011436 0.033270
v -0.014170 0.012936 0.030906
v -0.007007 0.011436 0.033270
v -0.007007 0.012936 0.033270
v -0.007007 0.012936 0.033270
v -0.007007 0.011436 0.033270
v 0.000500 0.011436 0.033996
v -0.007007 0.012936 0.033270
v 0.000500 0.011436 0.033996
v 0.000500 0.012936 0.033996
v 0.000500 0.012936 0.033996
v 0.000500 0.011436 0.033996
v 0.007983 0.011436 0.033050
v 0.000500 0.012936 0.033996
v 0.007983 0.011436 0.033050
v 0.007983 0.012936 0.033050
v 0.007983 0.012936 0.033050
v 0.007983 0.011436 0.033050
v 0.015073 0.011436 0.030476
v 0.007983 0.012936 0.033050
v 0.015073 0.011436 0.030476
v 0.015073 0.012936 0.030476
v 0.015073 0.012936 0.030476
v 0.015073 0.011436 0.030476
v 0.021421 0.011436 0.026403
v 0.015073 0.012936 0.030476
v 0.021421 0.011436 0.026403
v 0.021421 0.012936 0.026403
v 0.021421 0.012936 0.026403
v 0.021421 0.011436 0.026403
v 0.026715 0.011436 0.021031
v 0.021421 0.012936 0.026403
v 0.026715 0.011436 0.021031
v 0.026715 0.012936 0.021031
v 0.026715 0.012936 0.021031
v 0.026715 0.011436 0.021031
v 0.030695 0.011436 0.014623
v 0.026715 0.012936 0.021031
v 0.030695 0.011436 0.014623
v 0.030695 0.012936 0.014623
v 0.030695 0.012936 0.014623
v 0.030695 0.011436 0.014623
v 0.033163 0.011436 0.007496
v 0.030695 0.012936 0.014623
v 0.033163 0.011436 0.007496
v 0.033163 0.012936 0.007496
v 0.033163 0.012936 0.007496
v 0.033163 0.011436 0.007496
v 0.034000 0.011436 0.000000
v 0.033163 0.012936 0.007496
v 0.034000 0.011436 0.000000
v 0.034000 0.012936 0.000000
v 0.034000 0.012936 0.000000
v 0.034000 0.011436 0.000000
v 0.033163 0.011436 -0.007496
v 0.034000 0.012936 0.000000
v 0.033163 0.011436 -0.007496
v 0.033163 0.012936 -0.007496
v 0.033163 0.012936 -0.007496
v 0.033163 0.011436 -0.007496
v 0.030695 0.011436 -0.014623
v 0.033163 0.012936 -0.007496
v 0.030695 0.011436 -0.014623
v 0.030695 0.012936 -0.014623
v 0.030695 0.012936 -0.014623
v 0.030695 0.011436 -0.014623
v 0.026715 0.011436 -0.021031
v 0.030695 0.012936 -0.014623
v 0.026715 0.011436 -0.021031
v 0.026715 0.012936 -0.021031
v 0.026715 0.012936 -0.021031
v 0.026715 0.011436 -0.021031
v 0.021421 0.011436 -0.026403
v 0.026715 0.012936 -0.021031
v 0.021421 0.011436 -0.026403
v 0.021421 0.012936 -0.026403
v 0.021421 0.012936 -0.026403
v 0.021421 0.011436 -0.026403
v 0.015073 0.011436 -0.030476
v 0.021421 0.012936 -0.026403
v 0.015073 0.011436 -0.030476
v 0.015073 0.012936 -0.030476
v 0.015073 0.012936 -0.030476
v 0.015073 0.011436 -0.030476
v 0.007983 0.011436 -0.033050
v 0.015073 0.012936 -0.030476
v 0.007983 0.011436 -0.033050
v 0.007983 0.012936 -0.033050
v 0.007983 0.012936 -0.033050
v 0.007983 0.011436 -0.033050
v 0.000500 0.011436 -0.033996
v 0.007983 0.012936 -0.033050
v 0.000500 0.011436 -0.033996
v 0.000500 0.012936 -0.033996
v 0.000500 0.012936 -0.033996
v 0.000500 0.011436 -0.033996
v -0.007007 0.011436 -0.033270
v 0.000500 0.012936 -0.033996
v -0.007007 0.011436 -0.033270
v -0.007007 0.012936 -0.033270
v -0.007007 0.012936 -0.033270
v -0.007007 0.011436 -0.033270
v -0.014170 0.011436 -0.030906
v -0.007007 0.012936 -0.033270
v -0.014170 0.011436 -0.030906
v -0.014170 0.012936 -0.030906
v -0.014170 0.012936 -0.030906
v -0.014170 0.011436 -0.030906
v -0.020635 0.011436 -0.027022
v -0.014170 0.012936 -0.030906
v -0.020635 0.011436 -0.027022
v -0.020635 0.012936 -0.027022
v -0.020635 0.012936 -0.027022
v -0.020635 0.011436 -0.027022
v -0.026085 0.011436 -0.021807
v -0.020635 0.012936 -0.027022
v -0.026085 0.011436 -0.021807
v -0.026085 0.012936 -0.021807
v -0.026085 0.012936 -0.021807
v -0.026085 0.011436 -0.021807
v -0.030251 0.011436 -0.015520
v -0.026085 0.012936 -0.021807
v -0.030251 0.011436 -0.015520
v -0.030251 0.012936 -0.015520
v -0.030251 0.012936 -0.015520
v -0.030251 0.011436 -0.015520
v -0.032929 0.011436 -0.008468
v -0.030251 0.012936 -0.015520
v -0.032929 0.011436 -0.008468
v -0.032929 0.012936 -0.008468
v -0.032929 0.012936 -0.008468
v -0.032929 0.011436 -0.008468
v -0.033985 0.011436 -0.001000
v -0.032929 0.012936 -0.008468
v -0.033985 0.011436 -0.001000
v -0.033985 0.012936 -0.001000
v -0.034986 -0.001000 -0.100961
v -0.034986 -0.001000 -0.103500
v -0.033904 -0.008691 -0.103500
v -0.034986 -0.001000 -0.100961
v -0.033904 -0.008691 -0.103500
v -0.033904 -0.008691 -0.100961
v -0.033904 -0.008691 -0.100961
v -0.033904 -0.008691 -0.103500
v -0.031153 -0.015954 -0.103500
v -0.033904 -0.008691 -0.100961
v -0.031153 -0.015954 -0.103500
v -0.031153 -0.015954 -0.100961
v -0.031153 -0.015954 -0.100961
v -0.031153 -0.015954 -0.103500
v -0.026867 -0.022431 -0.103500
v -0.031153 -0.015954 -0.100961
v -0.026867 -0.022431 -0.103500
v -0.026867 -0.022431 -0.100961
v -0.026867 -0.022431 -0.100961
v -0.026867 -0.022431 -0.103500
v -0.021259 -0.027804 -0.103500
v -0.026867 -0.022431 -0.100961
v -0.021259 -0.027804 -0.103500
v -0.021259 -0.027804 -0.100961
v -0.021259 -0.027804 -0.100961
v -0.021259 -0.027804 -0.103500
v -0.014604 -0.031808 -0.103500
v -0.021259 -0.027804 -0.100961
v -0.014604 -0.031808 -0.103500
v -0.014604 -0.031808 -0.100961
v -0.014604 -0.031808 -0.100961
v -0.014604 -0.031808 -0.103500
v -0.007230 -0.034245 -0.103500
v -0.014604 -0.031808 -0.100961
v -0.007230 -0.034245 -0.103500
v -0.007230 -0.034245 -0.100961
v -0.007230 -0.034245 -0.100961
v -0.007230 -0.034245 -0.103500
v 0.000500 -0.034996 -0.103500
v -0.007230 -0.034245 -0.100961
v 0.000500 -0.034996 -0.103500
v 0.000500 -0.034996 -0.100961
v 0.000500 -0.034996 -0.100961
v 0.000500 -0.034996 -0.103500
v 0.008206 -0.034025 -0.103500
v 0.000500 -0.034996 -0.100961
v 0.008206 -0.034025 -0.103500
v 0.008206 -0.034025 -0.100961
v 0.008206 -0.034025 -0.100961
v 0.008206 -0.034025 -0.103500
v 0.015507 -0.031377 -0.103500
v 0.008206 -0.034025 -0.100961
v 0.015507 -0.031377 -0.103500
v 0.015507 -0.031377 -0.100961
v 0.015507 -0.031377 -0.100961
v 0.015507 -0.031377 -0.103500
v 0.022045 -0.027185 -0.103500
v 0.015507 -0.031377 -0.100961
v 0.022045 -0.027185 -0.103500
v 0.022045 -0.027185 -0.100961
v 0.022045 -0.027185 -0.100961
v 0.022045 -0.027185 -0.103500
v 0.027497 -0.021654 -0.103500
v 0.022045 -0.027185 -0.100961
v 0.027497 -0.021654 -0.103500
v 0.027497 -0.021654 -0.100961
v 0.027497 -0.021654 -0.100961
v 0.027497 -0.021654 -0.103500
v 0.031596 -0.015057 -0.103500
v 0.027497 -0.021654 -0.100961
v 0.031596 -0.015057 -0.103500
v 0.031596 -0.015057 -0.100961
v 0.031596 -0.015057 -0.100961
v 0.031596 -0.015057 -0.103500
v 0.034138 -0.007719 -0.103500
v 0.031596 -0.015057 -0.100961
v 0.034138 -0.007719 -0.103500
v 0.034138 -0.007719 -0.100961
v 0.034138 -0.007719 -0.100961
v 0.034138 -0.007719 -0.103500
v 0.035000 0.000000 -0.103500
v 0.034138 -0.007719 -0.100961
v 0.035000 0.000000 -0.103500
v 0.035000 0.000000 -0.100961
v 0.035000 0.000000 -0.100961
v 0.035000 0.000000 -0.103500
v 0.034138 0.007719 -0.103500
v 0.035000 0.000000 -0.100961
v 0.034138 0.007719 -0.103500
v 0.034138 0.007719 -0.100961
v 0.034138 0.007719 -0.100961
v 0.034138 0.007719 -0.103500
v 0.031596 0.015057 -0.103500
v 0.034138 0.007719 -0.100961
v 0.031596 0.015057 -0.103500
v 0.031596 0.015057 -0.100961
v 0.031596 0.015057 -0.100961
v 0.031596 0.015057 -0.103500
v 0.027497 0.021654 -0.103500
v 0.031596 0.015057 -0.100961
v 0.027497 0.021654 -0.103500
v 0.027497 0.021654 -0.100961
v 0.027497 0.021654 -0.100961
v 0.027497 0.021654 -0.103500
v 0.022045 0.027185 -0.103500
v 0.027497 0.021654 -0.100961
v 0.022045 0.027185 -0.103500
v 0.022045 0.027185 -0.100961
v 0.022045 0.027185 -0.100961
v 0.022045 0.027185 -0.103500
v 0.015507 0.031377 -0.103500
v 0.022045 0.027185 -0.100961
v 0.015507 0.031377 -0.103500
v 0.015507 0.031377 -0.100961
v 0.015507 0.031377 -0.100961
v 0.015507 0.031377 -0.103500
v 0.008206 0.034025 -0.103500
v 0.015507 0.031377 -0.100961
v 0.008206 0.034025 -0.103500
v 0.008206 0.034025 -0.100961
v 0.008206 0.034025 -0.100961
v 0.008206 0.034025 -0.103500
v 0.000500 0.034996 -0.103500
v 0.008206 0.034025 -0.100961
v 0.000500 0.034996 -0.103500
v 0.000500 0.034996 -0.100961
v 0.000500 0.034996 -0.100961
v 0.000500 0.034996 -0.103500
v -0.007230 0.034245 -0.103500
v 0.000500 0.034996 -0.100961
v -0.007230 0.034245 -0.103500
v -0.007230 0.034245 -0.100961
v -0.007230 0.034245 -0.100961
v -0.007230 0.034245 -0.103500
v -0.014604 0.031808 -0.103500
v -0.007230 0.034245 -0.100961
v -0.014604 0.031808 -0.103500
v -0.014604 0.031808 -0.100961
v -0.014604 0.031808 -0.100961
v -0.014604 0.031808 -0.103500
v -0.021259 0.027804 -0.103500
v -0.014604 0.031808 -0.100961
v -0.021259 0.027804 -0.103500
v -0.021259 0.027804 -0.100961
v -0.021259 0.027804 -0.100961
v -0.021259 0.027804 -0.103500
v -0.026867 0.022431 -0.103500
v -0.021259 0.027804 -0.100961
v -0.026867 0.022431 -0.103500
v -0.026867 0.022431 -0.100961
v -0.026867 0.022431 -0.100961
v -0.026867 0.022431 -0.103500
v -0.031153 0.015954 -0.103500
v -0.026867 0.022431 -0.100961
v -0.031153 0.015954 -0.103500
v -0.031153 0.015954 -0.100961
v -0.031153 0.015954 -0.100961
v -0.031153 0.015954 -0.103500
v -0.033904 0.008691 -0.103500
v -0.031153 0.015954 -0.100961
v -0.033904 0.008691 -0.103500
v -0.033904 0.008691 -0.100961
v -0.033904 0.008691 -0.100961
v -0.033904 0.008691 -0.103500
v -0.034986 0.001000 -0.103500
v -0.033904 0.008691 -0.100961
v -0.034986 0.001000 -0.103500
v -0.034986 0.001000 -0.100961
v -0.033700 0.011436 0.001000
v -0.033700 0.011436 0.000000
v -0.032855 0.011436 0.007499
v -0.032855 0.011436 -0.007499
v -0.033700 0.011436 0.000000
v -0.033700 0.011436 -0.001000
v -0.021012 0.011436 0.026348
v -0.026085 0.011436 0.021807
v -0.026348 0.011436 0.021012
v -0.026348 0.011436 0.021012
v -0.026085 0.011436 0.021807
v -0.030251 0.011436 0.015520
v -0.026348 0.011436 0.021012
v -0.030251 0.011436 0.015520
v -0.030363 0.011436 0.014622
v -0.030363 0.011436 0.014622
v -0.030251 0.011436 0.015520
v -0.032929 0.011436 0.008468
v -0.030363 0.011436 0.014622
v -0.032929 0.011436 0.008468
v -0.032855 0.011436 0.007499
v -0.032855 0.011436 0.007499
v -0.032929 0.011436 0.008468
v -0.033985 0.011436 0.001000
v -0.032855 0.011436 0.007499
v -0.033985 0.011436 0.001000
v -0.033700 0.011436 0.001000
v -0.033700 0.011436 -0.001000
v -0.033985 0.011436 -0.001000
v -0.032855 0.011436 -0.007499
v -0.032855 0.011436 -0.007499
v -0.033985 0.011436 -0.001000
v -0.032929 0.011436 -0.008468
v -0.032855 0.011436 -0.007499
v -0.032929 0.011436 -0.008468
v -0.030363 0.011436 -0.014622
v -0.030363 0.011436 -0.014622
v -0.032929 0.011436 -0.008468
v -0.030251 0.011436 -0.015520
v -0.030363 0.011436 -0.014622
v -0.030251 0.011436 -0.015520
v -0.026348 0.011436 -0.021012
v -0.026348 0.011436 -0.021012
v -0.030251 0.011436 -0.015520
v -0.026085 0.011436 -0.021807
v -0.026348 0.011436 -0.021012
v -0.026085 0.011436 -0.021807
v -0.021012 0.011436 -0.026348
v -0.021012 0.011436 -0.026348
v -0.026085 0.011436 -0.021807
v -0.020635 0.011436 -0.027022
v -0.021012 0.011436 -0.026348
v -0.020635 0.011436 -0.027022
v -0.014622 0.011436 -0.030363
v -0.014622 0.011436 -0.030363
v -0.020635 0.011436 -0.027022
v -0.014170 0.011436 -0.030906
v -0.014622 0.011436 -0.030363
v -0.014170 0.011436 -0.030906
v -0.007499 0.011436 -0.032855
v -0.007499 0.011436 -0.032855
v -0.014170 0.011436 -0.030906
v -0.007007 0.011436 -0.033270
v -0.007499 0.011436 -0.032855
v -0.007007 0.011436 -0.033270
v 0.000000 0.011436 -0.033700
v 0.000000 0.011436 -0.033700
v -0.007007 0.011436 -0.033270
v 0.000500 0.011436 -0.033996
v 0.000000 0.011436 -0.033700
v 0.000500 0.011436 -0.033996
v 0.007499 0.011436 -0.032855
v 0.007499 0.011436 -0.032855
v 0.000500 0.011436 -0.033996
v 0.007983 0.011436 -0.033050
v 0.007499 0.011436 -0.032855
v 0.007983 0.011436 -0.033050
v 0.014622 0.011436 -0.030363
v 0.014622 0.011436 -0.030363
v 0.007983 0.011436 -0.033050
v 0.015073 0.011436 -0.030476
v 0.014622 0.011436 -0.030363
v 0.015073 0.011436 -0.030476
v 0.021012 0.011436 -0.026348
v 0.021012 0.011436 -0.026348
v 0.015073 0.011436 -0.030476
v 0.021421 0.011436 -0.026403
v 0.021012 0.011436 -0.026348
v 0.021421 0.011436 -0.026403
v 0.026348 0.011436 -0.021012
v 0.026348 0.011436 -0.021012
v 0.021421 0.011436 -0.026403
v 0.026715 0.011436 -0.021031
v 0.026348 0.011436 -0.021012
v 0.026715 0.011436 -0.021031
v 0.030363 0.011436 -0.014622
v 0.030363 0.011436 -0.014622
v 0.026715 0.011436 -0.021031
v 0.030695 0.011436 -0.014623
v 0.030363 0.011436 -0.014622
v 0.030695 0.011436 -0.014623
v 0.032855 0.011436 -0.007499
v 0.032855 0.011436 -0.007499
v 0.030695 0.011436 -0.014623
v 0.033163 0.011436 -0.007496
v 0.032855 0.011436 -0.007499
v 0.033163 0.011436 -0.007496
v 0.033700 0.011436 0.000000
v 0.033700 0.011436 0.000000
v 0.033163 0.011436 -0.007496
v 0.034000 0.011436 0.000000
v 0.033700 0.011436 0.000000
v 0.034000 0.011436 0.000000
v 0.032855 0.011436 0.007499
v 0.032855 0.011436 0.007499
v 0.034000 0.011436 0.000000
v 0.033163 0.011436 0.007496
v 0.032855 0.011436 0.007499
v 0.033163 0.011436 0.007496
v 0.030363 0.011436 0.014622
v 0.030363 0.011436 0.014622
v 0.033163 0.011436 0.007496
v 0.030695 0.011436 0.014623
v 0.030363 0.011436 0.014622
v 0.030695 0.011436 0.014623
v 0.026348 0.011436 0.021012
v 0.026348 0.011436 0.021012
v 0.030695 0.011436 0.014623
v 0.026715 0.011436 0.021031
v 0.026348 0.011436 0.021012
v 0.026715 0.011436 0.021031
v 0.021012 0.011436 0.026348
v 0.021012 0.011436 0.026348
v 0.026715 0.011436 0.021031
v 0.021421 0.011436 0.026403
v 0.021012 0.011436 0.026348
v 0.021421 0.011436 0.026403
v 0.014622 0.011436 0.030363
v 0.014622 0.011436 0.030363
v 0.021421 0.011436 0.026403
v 0.015073 0.011436 0.030476
v 0.014622 0.011436 0.030363
v 0.015073 0.011436 0.030476
v 0.007499 0.011436 0.032855
v 0.007499 0.011436 0.032855
v 0.015073 0.011436 0.030476
v 0.007983 0.011436 0.033050
v 0.007499 0.011436 0.032855
v 0.007983 0.011436 0.033050
v 0.000000 0.011436 0.033700
v 0.000000 0.011436 0.033700
v 0.007983 0.011436 0.033050
v 0.000500 0.011436 0.033996
v 0.000000 0.011436 0.033700
v 0.000500 0.011436 0.033996
v -0.007499 0.011436 0.032855
v -0.007499 0.011436 0.032855
v 0.000500 0.011436 0.033996
v -0.007007 0.011436 0.033270
v -0.007499 0.011436 0.032855
v -0.007007 0.011436 0.033270
v -0.014622 0.011436 0.030363
v -0.014622 0.011436 0.030363
v -0.007007 0.011436 0.033270
v -0.014170 0.011436 0.030906
v -0.014622 0.011436 0.030363
v -0.014170 0.011436 0.030906
v -0.021012 0.011436 0.026348
v -0.021012 0.011436 0.026348
v -0.014170 0.011436 0.030906
v -0.020635 0.011436 0.027022
v -0.021012 0.011436 0.026348
v -0.020635 0.011436 0.027022
v -0.026085 0.011436 0.021807
v -0.034700 0.001000 -0.100961
v -0.034700 0.000000 -0.100961
v -0.033830 0.007721 -0.100961
v -0.033830 -0.007721 -0.100961
v -0.034700 0.000000 -0.100961
v -0.034700 -0.001000 -0.100961
v -0.021635 0.027130 -0.100961
v -0.026867 0.022431 -0.100961
v -0.027130 0.021635 -0.100961
v -0.027130 0.021635 -0.100961
v -0.026867 0.022431 -0.100961
v -0.031153 0.015954 -0.100961
v -0.027130 0.021635 -0.100961
v -0.031153 0.015954 -0.100961
v -0.031264 0.015056 -0.100961
v -0.031264 0.015056 -0.100961
v -0.031153 0.015954 -0.100961
v -0.033904 0.008691 -0.100961
v -0.031264 0.015056 -0.100961
v -0.033904 0.008691 -0.100961
v -0.033830 0.007721 -0.100961
v -0.033830 0.007721 -0.100961
v -0.033904 0.008691 -0.100961
v -0.034986 0.001000 -0.100961
v -0.033830 0.007721 -0.100961
v -0.034986 0.001000 -0.100961
v -0.034700 0.001000 -0.100961
v -0.034700 -0.001000 -0.100961
v -0.034986 -0.001000 -0.100961
v -0.033830 -0.007721 -0.100961
v -0.033830 -0.007721 -0.100961
v -0.034986 -0.001000 -0.100961
v -0.033904 -0.008691 -0.100961
v -0.033830 -0.007721 -0.100961
v -0.033904 -0.008691 -0.100961
v -0.031264 -0.015056 -0.100961
v -0.031264 -0.015056 -0.100961
v -0.033904 -0.008691 -0.100961
v -0.031153 -0.015954 -0.100961
v -0.031264 -0.015056 -0.100961
v -0.031153 -0.015954 -0.100961
v -0.027130 -0.021635 -0.100961
v -0.027130 -0.021635 -0.100961
v -0.031153 -0.015954 -0.100961
v -0.026867 -0.022431 -0.100961
v -0.027130 -0.021635 -0.100961
v -0.026867 -0.022431 -0.100961
v -0.021635 -0.027130 -0.100961
v -0.021635 -0.027130 -0.100961
v -0.026867 -0.022431 -0.100961
v -0.021259 -0.027804 -0.100961
v -0.021635 -0.027130 -0.100961
v -0.021259 -0.027804 -0.100961
v -0.015056 -0.031264 -0.100961
v -0.015056 -0.031264 -0.100961
v -0.021259 -0.027804 -0.100961
v -0.014604 -0.031808 -0.100961
v -0.015056 -0.031264 -0.100961
v -0.014604 -0.031808 -0.100961
v -0.007721 -0.033830 -0.100961
v -0.007721 -0.033830 -0.100961
v -0.014604 -0.031808 -0.100961
v -0.007230 -0.034245 -0.100961
v -0.007721 -0.033830 -0.100961
v -0.007230 -0.034245 -0.100961
v 0.000000 -0.034700 -0.100961
v 0.000000 -0.034700 -0.100961
v -0.007230 -0.034245 -0.100961
v 0.000500 -0.034996 -0.100961
v 0.000000 -0.034700 -0.100961
v 0.000500 -0.034996 -0.100961
v 0.007721 -0.033830 -0.100961
v 0.007721 -0.033830 -0.100961
v 0.000500 -0.034996 -0.100961
v 0.008206 -0.034025 -0.100961
v 0.007721 -0.033830 -0.100961
v 0.008206 -0.034025 -0.100961
v 0.015056 -0.031264 -0.100961
v 0.015056 -0.031264 -0.100961
v 0.008206 -0.034025 -0.100961
v 0.015507 -0.031377 -0.100961
v 0.015056 -0.031264 -0.100961
v 0.015507 -0.031377 -0.100961
v 0.021635 -0.027130 -0.100961
v 0.021635 -0.027130 -0.100961
v 0.015507 -0.031377 -0.100961
v 0.022045 -0.027185 -0.100961
v 0.021635 -0.027130 -0.100961
v 0.022045 -0.027185 -0.100961
v 0.027130 -0.021635 -0.100961
v 0.027130 -0.021635 -0.100961
v 0.022045 -0.027185 -0.100961
v 0.027497 -0.021654 -0.100961
v 0.027130 -0.021635 -0.100961
v 0.027497 -0.021654 -0.100961
v 0.031264 -0.015056 -0.100961
v 0.031264 -0.015056 -0.100961
v 0.027497 -0.021654 -0.100961
v 0.031596 -0.015057 -0.100961
v 0.031264 -0.015056 -0.100961
v 0.031596 -0.015057 -0.100961
v 0.033830 -0.007721 -0.100961
v 0.033830 -0.007721 -0.100961
v 0.031596 -0.015057 -0.100961
v 0.034138 -0.007719 -0.100961
v 0.033830 -0.007721 -0.100961
v 0.034138 -0.007719 -0.100961
v 0.034700 0.000000 -0.100961
v 0.034700 0.000000 -0.100961
v 0.034138 -0.007719 -0.100961
v 0.035000 0.000000 -0.100961
v 0.034700 0.000000 -0.100961
v 0.035000 0.000000 -0.100961
v 0.033830 0.007721 -0.100961
v 0.033830 0.007721 -0.100961
v 0.035000 0.000000 -0.100961
v 0.034138 0.007719 -0.100961
v 0.033830 0.007721 -0.100961
v 0.034138 0.007719 -0.100961
v 0.031264 0.015056 -0.100961
v 0.031264 0.015056 -0.100961
v 0.034138 0.007719 -0.100961
v 0.031596 0.015057 -0.100961
v 0.031264 0.015056 -0.100961
v 0.031596 0.015057 -0.100961
v 0.027130 0.021635 -0.100961
v 0.027130 0.021635 -0.100961
v 0.031596 0.015057 -0.100961
v 0.027497 0.021654 -0.100961
v 0.027130 0.021635 -0.100961
v 0.027497 0.021654 -0.100961
v 0.021635 0.027130 -0.100961
v 0.021635 0.027130 -0.100961
v 0.027497 0.021654 -0.100961
v 0.022045 0.027185 -0.100961
v 0.021635 0.027130 -0.100961
v 0.022045 0.027185 -0.100961
v 0.015056 0.031264 -0.100961
v 0.015056 0.031264 -0.100961
v 0.022045 0.027185 -0.100961
v 0.015507 0.031377 -0.100961
v 0.015056 0.031264 -0.100961
v 0.015507 0.031377 -0.100961
v 0.007721 0.033830 -0.100961
v 0.007721 0.033830 -0.100961
v 0.015507 0.031377 -0.100961
v 0.008206 0.034025 -0.100961
v 0.007721 0.033830 -0.100961
v 0.008206 0.034025 -0.100961
v 0.000000 0.034700 -0.100961
v 0.000000 0.034700 -0.100961
v 0.008206 0.034025 -0.100961
v 0.000500 0.034996 -0.100961
v 0.000000 0.034700 -0.100961
v 0.000500 0.034996 -0.100961
v -0.007721 0.033830 -0.100961
v -0.007721 0.033830 -0.100961
v 0.000500 0.034996 -0.100961
v -0.007230 0.034245 -0.100961
v -0.007721 0.033830 -0.100961
v -0.007230 0.034245 -0.100961
v -0.015056 0.031264 -0.100961
v -0.015056 0.031264 -0.100961
v -0.007230 0.034245 -0.100961
v -0.014604 0.031808 -0.100961
v -0.015056 0.031264 -0.100961
v -0.014604 0.031808 -0.100961
v -0.021635 0.027130 -0.100961
v -0.021635 0.027130 -0.100961
v -0.014604 0.031808 -0.100961
v -0.021259 0.027804 -0.100961
v -0.021635 0.027130 -0.100961
v -0.021259 0.027804 -0.100961
v -0.026867 0.022431 -0.100961
v 0.000000 0.004436 0.033700
v -0.007499 0.011436 0.032855
v -0.007499 0.004436 0.032855
v -0.007499 0.004436 0.032855
v -0.007499 0.011436 0.032855
v -0.014622 0.011436 0.030363
v -0.007499 0.004436 0.032855
v -0.014622 0.011436 0.030363
v -0.014622 0.004436 0.030363
v -0.014622 0.004436 0.030363
v -0.014622 0.011436 0.030363
v -0.021012 0.011436 0.026348
v -0.014622 0.004436 0.030363
v -0.021012 0.011436 0.026348
v -0.021012 0.004436 0.026348
v -0.021012 0.004436 0.026348
v -0.021012 0.011436 0.026348
v -0.026348 0.011436 0.021012
v -0.021012 0.004436 0.026348
v -0.026348 0.011436 0.021012
v -0.026348 0.004436 0.021012
v -0.026348 0.004436 0.021012
v -0.026348 0.011436 0.021012
v -0.030363 0.011436 0.014622
v -0.026348 0.004436 0.021012
v -0.030363 0.011436 0.014622
v -0.030363 0.004436 0.014622
v -0.030363 0.004436 0.014622
v -0.030363 0.011436 0.014622
v -0.032855 0.011436 0.007499
v -0.030363 0.004436 0.014622
v -0.032855 0.011436 0.007499
v -0.032855 0.004436 0.007499
v -0.032855 0.004436 0.007499
v -0.032855 0.011436 0.007499
v -0.033700 0.011436 0.000000
v -0.032855 0.004436 0.007499
v -0.033700 0.011436 0.000000
v -0.033700 0.004436 0.000000
v -0.033700 0.004436 0.000000
v -0.033700 0.011436 0.000000
v -0.032855 0.011436 -0.007499
v -0.033700 0.004436 0.000000
v -0.032855 0.011436 -0.007499
v -0.032855 0.004436 -0.007499
v -0.032855 0.004436 -0.007499
v -0.032855 0.011436 -0.007499
v -0.030363 0.011436 -0.014622
v -0.032855 0.004436 -0.007499
v -0.030363 0.011436 -0.014622
v -0.030363 0.004436 -0.014622
v -0.030363 0.004436 -0.014622
v -0.030363 0.011436 -0.014622
v -0.026348 0.011436 -0.021012
v -0.030363 0.004436 -0.014622
v -0.026348 0.011436 -0.021012
v -0.026348 0.004436 -0.021012
v -0.026348 0.004436 -0.021012
v -0.026348 0.011436 -0.021012
v -0.021012 0.011436 -0.026348
v -0.026348 0.004436 -0.021012
v -0.021012 0.011436 -0.026348
v -0.021012 0.004436 -0.026348
v -0.021012 0.004436 -0.026348
v -0.021012 0.011436 -0.026348
v -0.014622 0.011436 -0.030363
v -0.021012 0.004436 -0.026348
v -0.014622 0.011436 -0.030363
v -0.014622 0.004436 -0.030363
v -0.014622 0.004436 -0.030363
v -0.014622 0.011436 -0.030363
v -0.007499 0.011436 -0.032855
v -0.014622 0.004436 -0.030363
v -0.007499 0.011436 -0.032855
v -0.007499 0.004436 -0.032855
v -0.007499 0.004436 -0.032855
v -0.007499 0.011436 -0.032855
v 0.000000 0.011436 -0.033700
v -0.007499 0.004436 -0.032855
v 0.000000 0.011436 -0.033700
v 0.000000 0.004436 -0.033700
v 0.000000 0.004436 -0.033700
v 0.000000 0.011436 -0.033700
v 0.007499 0.011436 -0.032855
v 0.000000 0.004436 -0.033700
v 0.007499 0.011436 -0.032855
v 0.007499 0.004436 -0.032855
v 0.007499 0.004436 -0.032855
v 0.007499 0.011436 -0.032855
v 0.014622 0.011436 -0.030363
v 0.007499 0.004436 -0.032855
v 0.014622 0.011436 -0.030363
v 0.014622 0.004436 -0.030363
v 0.014622 0.004436 -0.030363
v 0.014622 0.011436 -0.030363
v 0.021012 0.011436 -0.026348
v 0.014622 0.004436 -0.030363
v 0.021012 0.011436 -0.026348
v 0.021012 0.004436 -0.026348
v 0.021012 0.004436 -0.026348
v 0.021012 0.011436 -0.026348
v 0.026348 0.011436 -0.021012
v 0.021012 0.004436 -0.026348
v 0.026348 0.011436 -0.021012
v 0.026348 0.004436 -0.021012
v 0.026348 0.004436 -0.021012
v 0.026348 0.011436 -0.021012
v 0.030363 0.011436 -0.014622
v 0.026348 0.004436 -0.021012
v 0.030363 0.011436 -0.014622
v 0.030363 0.004436 -0.014622
v 0.030363 0.004436 -0.014622
v 0.030363 0.011436 -0.014622
v 0.032855 0.011436 -0.007499
v 0.030363 0.004436 -0.014622
v 0.032855 0.011436 -0.007499
v 0.032855 0.004436 -0.007499
v 0.032855 0.004436 -0.007499
v 0.032855 0.011436 -0.007499
v 0.033700 0.011436 0.000000
v 0.032855 0.004436 -0.007499
v 0.033700 0.011436 0.000000
v 0.033700 0.004436 0.000000
v 0.033700 0.004436 0.000000
v 0.033700 0.011436 0.000000
v 0.032855 0.011436 0.007499
v 0.033700 0.004436 0.000000
v 0.032855 0.011436 0.007499
v 0.032855 0.004436 0.007499
v 0.032855 0.004436 0.007499
v 0.032855 0.011436 0.007499
v 0.030363 0.011436 0.014622
v 0.032855 0.004436 0.007499
v 0.030363 0.011436 0.014622
v 0.030363 0.004436 0.014622
v 0.030363 0.004436 0.014622
v 0.030363 0.011436 0.014622
v 0.026348 0.011436 0.021012
v 0.030363 0.004436 0.014622
v 0.026348 0.011436 0.021012
v 0.026348 0.004436 0.021012
v 0.026348 0.004436 0.021012
v 0.026348 0.011436 0.021012
v 0.021012 0.011436 0.026348
v 0.026348 0.004436 0.021012
v 0.021012 0.011436 0.026348
v 0.021012 0.004436 0.026348
v 0.021012 0.004436 0.026348
v 0.021012 0.011436 0.026348
v 0.014622 0.011436 0.030363
v 0.021012 0.004436 0.026348
v 0.014622 0.011436 0.030363
v 0.014622 0.004436 0.030363
v 0.014622 0.004436 0.030363
v 0.014622 0.011436 0.030363
v 0.007499 0.011436 0.032855
v 0.014622 0.004436 0.030363
v 0.007499 0.011436 0.032855
v 0.007499 0.004436 0.032855
v 0.007499 0.004436 0.032855
v 0.007499 0.011436 0.032855
v 0.000000 0.011436 0.033700
v 0.007499 0.004436 0.032855
v 0.000000 0.011436 0.033700
v 0.000000 0.004436 0.033700
v 0.000000 0.004436 0.033700
v 0.000000 0.011436 0.033700
v -0.007499 0.011436 0.032855
v 0.033322 -0.055383 0.006755
v 0.033679 -0.055383 0.004658
v 0.033679 0.004436 0.004658
v 0.034000 -0.004948 0.000000
v 0.034000 0.004436 0.000000
v 0.033679 0.004436 0.004658
v 0.004658 -0.055383 0.033679
v 0.004658 0.004436 0.033679
v 0.000714 -0.055383 0.033993
v 0.000714 -0.055383 0.033993
v 0.004658 0.004436 0.033679
v 0.000000 0.004436 0.034000
v 0.000714 -0.055383 0.033993
v 0.000000 0.004436 0.034000
v 0.000000 -0.055383 0.034000
v 0.033966 -0.055383 0.001529
v 0.034000 -0.055383 0.000000
v 0.034000 -0.048112 0.000000
v 0.033966 -0.055383 0.001529
v 0.034000 -0.048112 0.000000
v 0.033957 -0.055383 0.001705
v 0.034000 -0.004948 0.000000
v 0.033679 0.004436 0.004658
v 0.034000 -0.006932 0.000000
v 0.034000 -0.038634 0.000000
v 0.033679 -0.055383 0.004658
v 0.034000 -0.048112 0.000000
v 0.034000 -0.048112 0.000000
v 0.033679 -0.055383 0.004658
v 0.033798 -0.055383 0.003703
v 0.034000 -0.048112 0.000000
v 0.033798 -0.055383 0.003703
v 0.033957 -0.055383 0.001705
v 0.034000 -0.038634 0.000000
v 0.034000 -0.028658 0.000000
v 0.033679 -0.055383 0.004658
v 0.033679 -0.055383 0.004658
v 0.034000 -0.028658 0.000000
v 0.034000 -0.023944 0.000000
v 0.033679 -0.055383 0.004658
v 0.034000 -0.023944 0.000000
v 0.033679 0.004436 0.004658
v 0.033679 0.004436 0.004658
v 0.034000 -0.023944 0.000000
v 0.034000 -0.018134 0.000000
v 0.033679 0.004436 0.004658
v 0.034000 -0.018134 0.000000
v 0.034000 -0.006932 0.000000
v 0.031426 -0.055383 0.012976
v 0.031899 -0.055383 0.011768
v 0.031899 0.004436 0.011768
v 0.031899 0.004436 0.011768
v 0.031899 -0.055383 0.011768
v 0.032247 -0.055383 0.010775
v 0.031899 0.004436 0.011768
v 0.032247 -0.055383 0.010775
v 0.033679 0.004436 0.004658
v 0.033679 0.004436 0.004658
v 0.032247 -0.055383 0.010775
v 0.033185 -0.055383 0.007401
v 0.033679 0.004436 0.004658
v 0.033185 -0.055383 0.007401
v 0.033322 -0.055383 0.006755
v 0.028635 0.004436 0.018331
v 0.028635 -0.055383 0.018331
v 0.029595 -0.055383 0.016737
v 0.028635 0.004436 0.018331
v 0.029595 -0.055383 0.016737
v 0.031899 0.004436 0.011768
v 0.031899 0.004436 0.011768
v 0.029595 -0.055383 0.016737
v 0.031040 -0.055383 0.013875
v 0.031899 0.004436 0.011768
v 0.031040 -0.055383 0.013875
v 0.031426 -0.055383 0.012976
v 0.028635 -0.055383 0.018331
v 0.028635 0.004436 0.018331
v 0.026073 -0.055383 0.021822
v 0.026073 -0.055383 0.021822
v 0.028635 0.004436 0.018331
v 0.024042 0.004436 0.024042
v 0.026073 -0.055383 0.021822
v 0.024042 0.004436 0.024042
v 0.024042 -0.055383 0.024042
v 0.024042 -0.055383 0.024042
v 0.024042 0.004436 0.024042
v 0.021767 -0.055383 0.026119
v 0.021767 -0.055383 0.026119
v 0.024042 0.004436 0.024042
v 0.018331 0.004436 0.028635
v 0.021767 -0.055383 0.026119
v 0.018331 0.004436 0.028635
v 0.019323 -0.055383 0.027975
v 0.011768 0.004436 0.031899
v 0.011768 -0.055383 0.031899
v 0.012068 -0.055383 0.031786
v 0.012068 -0.055383 0.031786
v 0.013820 -0.055383 0.031065
v 0.011768 0.004436 0.031899
v 0.011768 0.004436 0.031899
v 0.013820 -0.055383 0.031065
v 0.016679 -0.055383 0.029628
v 0.011768 0.004436 0.031899
v 0.016679 -0.055383 0.029628
v 0.018331 0.004436 0.028635
v 0.018331 0.004436 0.028635
v 0.016679 -0.055383 0.029628
v 0.018331 -0.055383 0.028635
v 0.018331 0.004436 0.028635
v 0.018331 -0.055383 0.028635
v 0.019323 -0.055383 0.027975
v 0.004658 -0.055383 0.033679
v 0.005908 -0.055383 0.033483
v 0.004658 0.004436 0.033679
v 0.004658 0.004436 0.033679
v 0.005908 -0.055383 0.033483
v 0.007362 -0.055383 0.033193
v 0.004658 0.004436 0.033679
v 0.007362 -0.055383 0.033193
v 0.011768 0.004436 0.031899
v 0.011768 0.004436 0.031899
v 0.007362 -0.055383 0.033193
v 0.010725 -0.055383 0.032264
v 0.011768 0.004436 0.031899
v 0.010725 -0.055383 0.032264
v 0.011768 -0.055383 0.031899
v 0.016721 -0.065992 0.008006
v 0.020373 -0.065148 0.011691
v 0.016270 -0.065394 0.016190
v 0.023559 -0.064865 -0.000000
v 0.020579 -0.065501 0.003262
v 0.019338 -0.065743 -0.000000
v 0.000000 -0.055809 0.033992
v -0.000001 -0.057639 0.033740
v 0.001419 -0.057861 0.033664
v 0.001419 -0.057861 0.033664
v -0.000001 -0.057639 0.033740
v -0.000000 -0.059297 0.033129
v -0.000000 -0.065211 0.023684
v 0.001787 -0.063957 0.027512
v -0.000000 -0.064328 0.026615
v -0.000000 -0.064328 0.026615
v 0.001787 -0.063957 0.027512
v -0.000000 -0.063293 0.028945
v 0.000319 -0.062416 0.030362
v -0.000000 -0.063293 0.028945
v 0.003266 -0.063189 0.029008
v 0.003266 -0.063189 0.029008
v -0.000000 -0.063293 0.028945
v 0.001787 -0.063957 0.027512
v 0.003266 -0.063189 0.029008
v 0.001787 -0.063957 0.027512
v 0.004481 -0.064478 0.025906
v 0.004481 -0.064478 0.025906
v 0.001787 -0.063957 0.027512
v -0.000000 -0.065211 0.023684
v 0.004481 -0.064478 0.025906
v -0.000000 -0.065211 0.023684
v 0.003487 -0.065805 0.020578
v 0.001523 -0.061373 0.031584
v -0.000000 -0.060804 0.032129
v -0.000000 -0.062154 0.030714
v 0.002510 -0.060112 0.032587
v -0.000000 -0.059297 0.033129
v -0.000000 -0.060804 0.032129
v 0.001688 -0.055881 0.033949
v 0.000714 -0.055383 0.033993
v 0.000000 -0.055383 0.034000
v 0.005908 -0.055383 0.033483
v 0.007352 -0.056036 0.033178
v 0.007362 -0.055383 0.033193
v 0.007362 -0.055383 0.033193
v 0.007352 -0.056036 0.033178
v 0.010627 -0.057137 0.032153
v 0.007362 -0.055383 0.033193
v 0.010627 -0.057137 0.032153
v 0.010725 -0.055383 0.032264
v 0.012068 -0.055383 0.031786
v 0.013813 -0.055901 0.031055
v 0.013820 -0.055383 0.031065
v 0.013820 -0.055383 0.031065
v 0.013813 -0.055901 0.031055
v 0.016640 -0.056554 0.029581
v 0.013820 -0.055383 0.031065
v 0.016640 -0.056554 0.029581
v 0.016679 -0.055383 0.029628
v 0.016679 -0.055383 0.029628
v 0.016640 -0.056554 0.029581
v 0.018331 -0.055383 0.028635
v 0.018331 -0.055383 0.028635
v 0.016640 -0.056554 0.029581
v 0.019248 -0.056986 0.027887
v 0.018331 -0.055383 0.028635
v 0.019248 -0.056986 0.027887
v 0.019323 -0.055383 0.027975
v 0.019323 -0.055383 0.027975
v 0.019248 -0.056986 0.027887
v 0.021664 -0.057228 0.026002
v 0.019323 -0.055383 0.027975
v 0.021664 -0.057228 0.026002
v 0.021767 -0.055383 0.026119
v 0.021767 -0.055383 0.026119
v 0.021664 -0.057228 0.026002
v 0.023903 -0.057293 0.023941
v 0.021767 -0.055383 0.026119
v 0.023903 -0.057293 0.023941
v 0.024042 -0.055383 0.024042
v 0.031426 -0.055383 0.012976
v 0.031040 -0.055383 0.013875
v 0.031036 -0.055728 0.013870
v 0.031036 -0.055728 0.013870
v 0.031040 -0.055383 0.013875
v 0.029595 -0.055383 0.016737
v 0.031036 -0.055728 0.013870
v 0.029595 -0.055383 0.016737
v 0.029561 -0.056428 0.016696
v 0.029561 -0.056428 0.016696
v 0.029595 -0.055383 0.016737
v 0.028635 -0.055383 0.018331
v 0.033322 -0.055383 0.006755
v 0.033185 -0.055383 0.007401
v 0.033179 -0.055771 0.007395
v 0.033179 -0.055771 0.007395
v 0.033185 -0.055383 0.007401
v 0.032247 -0.055383 0.010775
v 0.033179 -0.055771 0.007395
v 0.032247 -0.055383 0.010775
v 0.032161 -0.056926 0.010677
v 0.032161 -0.056926 0.010677
v 0.032247 -0.055383 0.010775
v 0.031899 -0.055383 0.011768
v 0.032161 -0.056926 0.010677
v 0.031899 -0.055383 0.011768
v 0.030831 -0.057771 0.013648
v 0.034000 -0.055383 0.000000
v 0.033966 -0.055383 0.001529
v 0.033957 -0.055534 0.001704
v 0.033957 -0.055534 0.001704
v 0.033966 -0.055383 0.001529
v 0.033957 -0.055383 0.001705
v 0.033957 -0.055534 0.001704
v 0.033957 -0.055383 0.001705
v 0.033798 -0.055383 0.003703
v 0.032611 -0.059771 0.002476
v 0.033238 -0.058805 -0.000000
v 0.033826 -0.057107 0.000000
v 0.029263 -0.062690 -0.000000
v 0.027477 -0.063555 0.001592
v 0.026806 -0.063836 -0.000000
v 0.026806 -0.063836 -0.000000
v 0.027477 -0.063555 0.001592
v 0.024731 -0.064539 -0.000000
v 0.024731 -0.064539 -0.000000
v 0.027477 -0.063555 0.001592
v 0.023559 -0.064865 -0.000000
v 0.023559 -0.064865 -0.000000
v 0.027477 -0.063555 0.001592
v 0.024133 -0.064559 0.006850
v 0.023559 -0.064865 -0.000000
v 0.024133 -0.064559 0.006850
v 0.020579 -0.065501 0.003262
v -0.000000 -0.066517 0.015032
v -0.000000 -0.066854 0.009197
v 0.004180 -0.066644 0.012635
v 0.004180 -0.066644 0.012635
v -0.000000 -0.066854 0.009197
v -0.000000 -0.067000 0.000000
v 0.004180 -0.066644 0.012635
v -0.000000 -0.067000 0.000000
v 0.008568 -0.066683 0.008421
v 0.008568 -0.066683 0.008421
v -0.000000 -0.067000 0.000000
v 0.006810 -0.066868 -0.000000
v 0.031899 -0.055383 0.011768
v 0.031426 -0.055383 0.012976
v 0.030831 -0.057771 0.013648
v 0.030831 -0.057771 0.013648
v 0.031426 -0.055383 0.012976
v 0.031036 -0.055728 0.013870
v 0.030831 -0.057771 0.013648
v 0.031036 -0.055728 0.013870
v 0.029266 -0.058381 0.016384
v 0.029266 -0.058381 0.016384
v 0.031036 -0.055728 0.013870
v 0.029561 -0.056428 0.016696
v 0.033679 -0.055383 0.004658
v 0.033322 -0.055383 0.006755
v 0.032941 -0.057780 0.007140
v 0.032941 -0.057780 0.007140
v 0.033322 -0.055383 0.006755
v 0.033179 -0.055771 0.007395
v 0.032941 -0.057780 0.007140
v 0.033179 -0.055771 0.007395
v 0.031758 -0.058771 0.010258
v 0.031758 -0.058771 0.010258
v 0.033179 -0.055771 0.007395
v 0.032161 -0.056926 0.010677
v 0.031758 -0.058771 0.010258
v 0.032161 -0.056926 0.010677
v 0.030318 -0.059506 0.013118
v 0.030318 -0.059506 0.013118
v 0.032161 -0.056926 0.010677
v 0.030831 -0.057771 0.013648
v 0.030318 -0.059506 0.013118
v 0.030831 -0.057771 0.013648
v 0.028680 -0.060042 0.015781
v 0.028680 -0.060042 0.015781
v 0.030831 -0.057771 0.013648
v 0.029266 -0.058381 0.016384
v 0.033363 -0.058275 0.003244
v 0.033609 -0.057397 0.003498
v 0.032941 -0.057780 0.007140
v 0.032941 -0.057780 0.007140
v 0.033609 -0.057397 0.003498
v 0.033754 -0.056418 0.003652
v 0.032941 -0.057780 0.007140
v 0.033754 -0.056418 0.003652
v 0.033679 -0.055383 0.004658
v 0.033027 -0.059062 0.002899
v 0.033363 -0.058275 0.003244
v 0.032356 -0.059442 0.006538
v 0.032356 -0.059442 0.006538
v 0.033363 -0.058275 0.003244
v 0.032941 -0.057780 0.007140
v 0.032356 -0.059442 0.006538
v 0.032941 -0.057780 0.007140
v 0.031046 -0.060307 0.009529
v 0.031046 -0.060307 0.009529
v 0.032941 -0.057780 0.007140
v 0.031758 -0.058771 0.010258
v 0.031046 -0.060307 0.009529
v 0.031758 -0.058771 0.010258
v 0.029520 -0.060955 0.012303
v 0.029520 -0.060955 0.012303
v 0.031758 -0.058771 0.010258
v 0.030318 -0.059506 0.013118
v 0.029520 -0.060955 0.012303
v 0.030318 -0.059506 0.013118
v 0.027824 -0.061434 0.014909
v 0.027824 -0.061434 0.014909
v 0.030318 -0.059506 0.013118
v 0.028680 -0.060042 0.015781
v 0.030057 -0.061566 0.008524
v 0.028467 -0.062150 0.011234
v 0.027194 -0.063125 0.009944
v 0.027194 -0.063125 0.009944
v 0.028467 -0.062150 0.011234
v 0.024860 -0.062892 0.016229
v 0.027194 -0.063125 0.009944
v 0.024860 -0.062892 0.016229
v 0.023530 -0.063810 0.014883
v 0.028635 -0.055383 0.018331
v 0.027863 -0.056904 0.019299
v 0.029561 -0.056428 0.016696
v 0.029561 -0.056428 0.016696
v 0.027863 -0.056904 0.019299
v 0.027511 -0.058799 0.018930
v 0.029561 -0.056428 0.016696
v 0.027511 -0.058799 0.018930
v 0.029266 -0.058381 0.016384
v 0.029266 -0.058381 0.016384
v 0.027511 -0.058799 0.018930
v 0.026878 -0.060414 0.018280
v 0.029266 -0.058381 0.016384
v 0.026878 -0.060414 0.018280
v 0.028680 -0.060042 0.015781
v 0.028680 -0.060042 0.015781
v 0.026878 -0.060414 0.018280
v 0.025986 -0.061770 0.017371
v 0.028680 -0.060042 0.015781
v 0.025986 -0.061770 0.017371
v 0.027824 -0.061434 0.014909
v 0.027824 -0.061434 0.014909
v 0.025986 -0.061770 0.017371
v 0.024860 -0.062892 0.016229
v 0.027824 -0.061434 0.014909
v 0.024860 -0.062892 0.016229
v 0.029520 -0.060955 0.012303
v 0.029520 -0.060955 0.012303
v 0.024860 -0.062892 0.016229
v 0.028467 -0.062150 0.011234
v 0.029520 -0.060955 0.012303
v 0.028467 -0.062150 0.011234
v 0.031046 -0.060307 0.009529
v 0.031046 -0.060307 0.009529
v 0.028467 -0.062150 0.011234
v 0.030057 -0.061566 0.008524
v 0.031046 -0.060307 0.009529
v 0.030057 -0.061566 0.008524
v 0.032356 -0.059442 0.006538
v 0.031586 -0.060994 0.001434
v 0.032611 -0.059771 0.002476
v 0.030316 -0.061898 0.004464
v 0.030316 -0.061898 0.004464
v 0.032611 -0.059771 0.002476
v 0.031461 -0.060796 0.005627
v 0.030316 -0.061898 0.004464
v 0.031461 -0.060796 0.005627
v 0.028836 -0.062593 0.007286
v 0.028836 -0.062593 0.007286
v 0.025739 -0.063917 0.008472
v 0.030316 -0.061898 0.004464
v 0.030316 -0.061898 0.004464
v 0.025739 -0.063917 0.008472
v 0.028974 -0.062804 0.003106
v 0.030316 -0.061898 0.004464
v 0.028974 -0.062804 0.003106
v 0.031586 -0.060994 0.001434
v 0.031586 -0.060994 0.001434
v 0.028974 -0.062804 0.003106
v 0.030352 -0.062007 0.000183
v 0.016270 -0.065394 0.016190
v 0.020373 -0.065148 0.011691
v 0.023530 -0.063810 0.014883
v 0.023530 -0.063810 0.014883
v 0.020373 -0.065148 0.011691
v 0.025739 -0.063917 0.008472
v 0.023530 -0.063810 0.014883
v 0.025739 -0.063917 0.008472
v 0.027194 -0.063125 0.009944
v 0.027194 -0.063125 0.009944
v 0.025739 -0.063917 0.008472
v 0.028836 -0.062593 0.007286
v 0.027194 -0.063125 0.009944
v 0.028836 -0.062593 0.007286
v 0.030057 -0.061566 0.008524
v 0.030057 -0.061566 0.008524
v 0.028836 -0.062593 0.007286
v 0.031461 -0.060796 0.005627
v 0.030057 -0.061566 0.008524
v 0.031461 -0.060796 0.005627
v 0.032356 -0.059442 0.006538
v 0.032356 -0.059442 0.006538
v 0.031461 -0.060796 0.005627
v 0.032611 -0.059771 0.002476
v 0.032356 -0.059442 0.006538
v 0.032611 -0.059771 0.002476
v 0.033027 -0.059062 0.002899
v 0.033027 -0.059062 0.002899
v 0.032611 -0.059771 0.002476
v 0.033826 -0.057107 0.000000
v 0.033027 -0.059062 0.002899
v 0.033826 -0.057107 0.000000
v 0.033363 -0.058275 0.003244
v 0.033363 -0.058275 0.003244
v 0.033826 -0.057107 0.000000
v 0.034000 -0.055383 0.000000
v 0.033363 -0.058275 0.003244
v 0.034000 -0.055383 0.000000
v 0.033609 -0.057397 0.003498
v 0.033609 -0.057397 0.003498
v 0.034000 -0.055383 0.000000
v 0.033957 -0.055534 0.001704
v 0.033609 -0.057397 0.003498
v 0.033957 -0.055534 0.001704
v 0.033754 -0.056418 0.003652
v 0.033754 -0.056418 0.003652
v 0.033957 -0.055534 0.001704
v 0.033798 -0.055383 0.003703
v 0.033754 -0.056418 0.003652
v 0.033798 -0.055383 0.003703
v 0.033679 -0.055383 0.004658
v 0.016721 -0.065992 0.008006
v 0.020579 -0.065501 0.003262
v 0.020373 -0.065148 0.011691
v 0.020373 -0.065148 0.011691
v 0.020579 -0.065501 0.003262
v 0.024133 -0.064559 0.006850
v 0.020373 -0.065148 0.011691
v 0.024133 -0.064559 0.006850
v 0.025739 -0.063917 0.008472
v 0.025739 -0.063917 0.008472
v 0.024133 -0.064559 0.006850
v 0.027477 -0.063555 0.001592
v 0.025739 -0.063917 0.008472
v 0.027477 -0.063555 0.001592
v 0.028974 -0.062804 0.003106
v 0.028974 -0.062804 0.003106
v 0.027477 -0.063555 0.001592
v 0.029263 -0.062690 -0.000000
v 0.028974 -0.062804 0.003106
v 0.029263 -0.062690 -0.000000
v 0.030352 -0.062007 0.000183
v 0.030352 -0.062007 0.000183
v 0.029263 -0.062690 -0.000000
v 0.031059 -0.061472 -0.000000
v 0.030352 -0.062007 0.000183
v 0.031059 -0.061472 -0.000000
v 0.031586 -0.060994 0.001434
v 0.031586 -0.060994 0.001434
v 0.031059 -0.061472 -0.000000
v 0.032295 -0.060249 -0.000000
v 0.031586 -0.060994 0.001434
v 0.032295 -0.060249 -0.000000
v 0.032611 -0.059771 0.002476
v 0.032611 -0.059771 0.002476
v 0.032295 -0.060249 -0.000000
v 0.032715 -0.059694 -0.000000
v 0.032611 -0.059771 0.002476
v 0.032715 -0.059694 -0.000000
v 0.033238 -0.058805 -0.000000
v -0.000000 -0.065211 0.023684
v -0.000000 -0.065963 0.019834
v 0.003487 -0.065805 0.020578
v 0.003487 -0.065805 0.020578
v -0.000000 -0.065963 0.019834
v -0.000000 -0.066517 0.015032
v 0.003487 -0.065805 0.020578
v -0.000000 -0.066517 0.015032
v 0.008191 -0.066159 0.016679
v 0.008191 -0.066159 0.016679
v -0.000000 -0.066517 0.015032
v 0.004180 -0.066644 0.012635
v 0.008191 -0.066159 0.016679
v 0.004180 -0.066644 0.012635
v 0.012591 -0.066211 0.012478
v 0.012591 -0.066211 0.012478
v 0.004180 -0.066644 0.012635
v 0.008568 -0.066683 0.008421
v 0.012591 -0.066211 0.012478
v 0.008568 -0.066683 0.008421
v 0.012737 -0.066503 0.003989
v 0.012737 -0.066503 0.003989
v 0.008568 -0.066683 0.008421
v 0.006810 -0.066868 -0.000000
v 0.012737 -0.066503 0.003989
v 0.006810 -0.066868 -0.000000
v 0.013888 -0.066426 0.000000
v 0.000000 -0.055383 0.034000
v 0.000000 -0.055809 0.033992
v 0.001688 -0.055881 0.033949
v 0.001688 -0.055881 0.033949
v 0.000000 -0.055809 0.033992
v 0.001419 -0.057861 0.033664
v 0.001688 -0.055881 0.033949
v 0.001419 -0.057861 0.033664
v 0.003621 -0.056727 0.033731
v 0.003230 -0.058585 0.033324
v 0.002510 -0.060112 0.032587
v 0.005680 -0.061107 0.031456
v 0.003230 -0.058585 0.033324
v 0.005680 -0.061107 0.031456
v 0.006538 -0.059717 0.032330
v 0.006538 -0.059717 0.032330
v 0.005680 -0.061107 0.031456
v 0.008588 -0.061841 0.030063
v 0.006538 -0.059717 0.032330
v 0.008588 -0.061841 0.030063
v 0.009541 -0.060546 0.031033
v 0.009541 -0.060546 0.031033
v 0.008588 -0.061841 0.030063
v 0.011301 -0.062380 0.028475
v 0.009541 -0.060546 0.031033
v 0.011301 -0.062380 0.028475
v 0.012324 -0.061155 0.029515
v 0.000714 -0.055383 0.033993
v 0.001688 -0.055881 0.033949
v 0.004658 -0.055383 0.033679
v 0.004658 -0.055383 0.033679
v 0.001688 -0.055881 0.033949
v 0.003621 -0.056727 0.033731
v 0.004658 -0.055383 0.033679
v 0.003621 -0.056727 0.033731
v 0.005908 -0.055383 0.033483
v 0.005908 -0.055383 0.033483
v 0.003621 -0.056727 0.033731
v 0.007105 -0.058037 0.032914
v 0.005908 -0.055383 0.033483
v 0.007105 -0.058037 0.032914
v 0.007352 -0.056036 0.033178
v 0.007352 -0.056036 0.033178
v 0.007105 -0.058037 0.032914
v 0.010230 -0.058987 0.031738
v 0.007352 -0.056036 0.033178
v 0.010230 -0.058987 0.031738
v 0.010627 -0.057137 0.032153
v 0.010627 -0.057137 0.032153
v 0.010230 -0.058987 0.031738
v 0.013100 -0.059683 0.030307
v 0.010627 -0.057137 0.032153
v 0.013100 -0.059683 0.030307
v 0.013602 -0.057937 0.030827
v 0.013602 -0.057937 0.030827
v 0.013100 -0.059683 0.030307
v 0.015769 -0.060178 0.028676
v 0.013602 -0.057937 0.030827
v 0.015769 -0.060178 0.028676
v 0.016345 -0.058506 0.029269
v 0.016345 -0.058506 0.029269
v 0.015769 -0.060178 0.028676
v 0.018272 -0.060507 0.026878
v 0.016345 -0.058506 0.029269
v 0.018272 -0.060507 0.026878
v 0.018897 -0.058883 0.027519
v 0.022845 -0.060731 0.022850
v 0.023510 -0.059147 0.023531
v 0.018272 -0.060507 0.026878
v 0.018272 -0.060507 0.026878
v 0.023510 -0.059147 0.023531
v 0.021281 -0.059093 0.025603
v 0.018272 -0.060507 0.026878
v 0.021281 -0.059093 0.025603
v 0.018897 -0.058883 0.027519
v 0.026073 -0.055383 0.021822
v 0.024042 -0.055383 0.024042
v 0.025972 -0.057187 0.021708
v 0.025972 -0.057187 0.021708
v 0.024042 -0.055383 0.024042
v 0.023903 -0.057293 0.023941
v 0.025972 -0.057187 0.021708
v 0.023903 -0.057293 0.023941
v 0.023510 -0.059147 0.023531
v 0.023510 -0.059147 0.023531
v 0.023903 -0.057293 0.023941
v 0.021664 -0.057228 0.026002
v 0.023510 -0.059147 0.023531
v 0.021664 -0.057228 0.026002
v 0.021281 -0.059093 0.025603
v 0.021281 -0.059093 0.025603
v 0.021664 -0.057228 0.026002
v 0.019248 -0.056986 0.027887
v 0.021281 -0.059093 0.025603
v 0.019248 -0.056986 0.027887
v 0.018897 -0.058883 0.027519
v 0.018897 -0.058883 0.027519
v 0.019248 -0.056986 0.027887
v 0.016640 -0.056554 0.029581
v 0.018897 -0.058883 0.027519
v 0.016640 -0.056554 0.029581
v 0.016345 -0.058506 0.029269
v 0.016345 -0.058506 0.029269
v 0.016640 -0.056554 0.029581
v 0.013813 -0.055901 0.031055
v 0.016345 -0.058506 0.029269
v 0.013813 -0.055901 0.031055
v 0.013602 -0.057937 0.030827
v 0.013602 -0.057937 0.030827
v 0.013813 -0.055901 0.031055
v 0.012068 -0.055383 0.031786
v 0.013602 -0.057937 0.030827
v 0.012068 -0.055383 0.031786
v 0.010627 -0.057137 0.032153
v 0.010627 -0.057137 0.032153
v 0.012068 -0.055383 0.031786
v 0.011768 -0.055383 0.031899
v 0.010627 -0.057137 0.032153
v 0.011768 -0.055383 0.031899
v 0.010725 -0.055383 0.032264
v 0.012324 -0.061155 0.029515
v 0.011301 -0.062380 0.028475
v 0.014933 -0.061589 0.027823
v 0.014933 -0.061589 0.027823
v 0.011301 -0.062380 0.028475
v 0.016285 -0.063015 0.024858
v 0.014933 -0.061589 0.027823
v 0.016285 -0.063015 0.024858
v 0.017394 -0.061876 0.025983
v 0.017394 -0.061876 0.025983
v 0.016285 -0.063015 0.024858
v 0.020789 -0.063170 0.020760
v 0.017394 -0.061876 0.025983
v 0.020789 -0.063170 0.020760
v 0.021931 -0.062064 0.021918
v -0.000000 -0.060804 0.032129
v 0.001523 -0.061373 0.031584
v 0.002510 -0.060112 0.032587
v 0.002510 -0.060112 0.032587
v 0.001523 -0.061373 0.031584
v 0.004575 -0.062250 0.030334
v 0.002510 -0.060112 0.032587
v 0.004575 -0.062250 0.030334
v 0.005680 -0.061107 0.031456
v 0.005680 -0.061107 0.031456
v 0.004575 -0.062250 0.030334
v 0.007404 -0.062905 0.028862
v 0.005680 -0.061107 0.031456
v 0.007404 -0.062905 0.028862
v 0.008588 -0.061841 0.030063
v 0.008588 -0.061841 0.030063
v 0.007404 -0.062905 0.028862
v 0.010060 -0.063387 0.027218
v 0.008588 -0.061841 0.030063
v 0.010060 -0.063387 0.027218
v 0.011301 -0.062380 0.028475
v 0.011301 -0.062380 0.028475
v 0.010060 -0.063387 0.027218
v 0.014972 -0.063950 0.023528
v 0.011301 -0.062380 0.028475
v 0.014972 -0.063950 0.023528
v 0.016285 -0.063015 0.024858
v 0.016285 -0.063015 0.024858
v 0.014972 -0.063950 0.023528
v 0.019448 -0.064077 0.019402
v 0.016285 -0.063015 0.024858
v 0.019448 -0.064077 0.019402
v 0.020789 -0.063170 0.020760
v 0.016270 -0.065394 0.016190
v 0.013482 -0.064707 0.022021
v 0.011840 -0.065313 0.020362
v 0.011840 -0.065313 0.020362
v 0.013482 -0.064707 0.022021
v 0.008632 -0.064206 0.025772
v 0.011840 -0.065313 0.020362
v 0.008632 -0.064206 0.025772
v 0.007044 -0.064866 0.024168
v -0.000000 -0.059297 0.033129
v 0.002510 -0.060112 0.032587
v 0.001419 -0.057861 0.033664
v 0.001419 -0.057861 0.033664
v 0.002510 -0.060112 0.032587
v 0.003230 -0.058585 0.033324
v 0.001419 -0.057861 0.033664
v 0.003230 -0.058585 0.033324
v 0.003621 -0.056727 0.033731
v 0.003621 -0.056727 0.033731
v 0.003230 -0.058585 0.033324
v 0.006538 -0.059717 0.032330
v 0.003621 -0.056727 0.033731
v 0.006538 -0.059717 0.032330
v 0.007105 -0.058037 0.032914
v 0.007105 -0.058037 0.032914
v 0.006538 -0.059717 0.032330
v 0.009541 -0.060546 0.031033
v 0.007105 -0.058037 0.032914
v 0.009541 -0.060546 0.031033
v 0.010230 -0.058987 0.031738
v 0.010230 -0.058987 0.031738
v 0.009541 -0.060546 0.031033
v 0.012324 -0.061155 0.029515
v 0.010230 -0.058987 0.031738
v 0.012324 -0.061155 0.029515
v 0.013100 -0.059683 0.030307
v 0.013100 -0.059683 0.030307
v 0.012324 -0.061155 0.029515
v 0.014933 -0.061589 0.027823
v 0.013100 -0.059683 0.030307
v 0.014933 -0.061589 0.027823
v 0.015769 -0.060178 0.028676
v 0.015769 -0.060178 0.028676
v 0.014933 -0.061589 0.027823
v 0.017394 -0.061876 0.025983
v 0.015769 -0.060178 0.028676
v 0.017394 -0.061876 0.025983
v 0.018272 -0.060507 0.026878
v 0.018272 -0.060507 0.026878
v 0.017394 -0.061876 0.025983
v 0.021931 -0.062064 0.021918
v 0.018272 -0.060507 0.026878
v 0.021931 -0.062064 0.021918
v 0.022845 -0.060731 0.022850
v 0.008632 -0.064206 0.025772
v 0.004481 -0.064478 0.025906
v 0.007044 -0.064866 0.024168
v 0.007044 -0.064866 0.024168
v 0.004481 -0.064478 0.025906
v 0.003487 -0.065805 0.020578
v 0.007044 -0.064866 0.024168
v 0.003487 -0.065805 0.020578
v 0.011840 -0.065313 0.020362
v 0.011840 -0.065313 0.020362
v 0.003487 -0.065805 0.020578
v 0.008191 -0.066159 0.016679
v 0.011840 -0.065313 0.020362
v 0.008191 -0.066159 0.016679
v 0.016270 -0.065394 0.016190
v 0.016270 -0.065394 0.016190
v 0.008191 -0.066159 0.016679
v 0.012591 -0.066211 0.012478
v 0.016270 -0.065394 0.016190
v 0.012591 -0.066211 0.012478
v 0.016721 -0.065992 0.008006
v 0.016721 -0.065992 0.008006
v 0.012591 -0.066211 0.012478
v 0.012737 -0.066503 0.003989
v 0.016721 -0.065992 0.008006
v 0.012737 -0.066503 0.003989
v 0.020579 -0.065501 0.003262
v 0.020579 -0.065501 0.003262
v 0.012737 -0.066503 0.003989
v 0.013888 -0.066426 0.000000
v 0.020579 -0.065501 0.003262
v 0.013888 -0.066426 0.000000
v 0.019338 -0.065743 -0.000000
v 0.028635 -0.055383 0.018331
v 0.026073 -0.055383 0.021822
v 0.027863 -0.056904 0.019299
v 0.027863 -0.056904 0.019299
v 0.026073 -0.055383 0.021822
v 0.025972 -0.057187 0.021708
v 0.027863 -0.056904 0.019299
v 0.025972 -0.057187 0.021708
v 0.027511 -0.058799 0.018930
v 0.027511 -0.058799 0.018930
v 0.025972 -0.057187 0.021708
v 0.023510 -0.059147 0.023531
v 0.027511 -0.058799 0.018930
v 0.023510 -0.059147 0.023531
v 0.026878 -0.060414 0.018280
v 0.026878 -0.060414 0.018280
v 0.023510 -0.059147 0.023531
v 0.022845 -0.060731 0.022850
v 0.026878 -0.060414 0.018280
v 0.022845 -0.060731 0.022850
v 0.025986 -0.061770 0.017371
v 0.025986 -0.061770 0.017371
v 0.022845 -0.060731 0.022850
v 0.021931 -0.062064 0.021918
v 0.025986 -0.061770 0.017371
v 0.021931 -0.062064 0.021918
v 0.024860 -0.062892 0.016229
v 0.024860 -0.062892 0.016229
v 0.021931 -0.062064 0.021918
v 0.020789 -0.063170 0.020760
v 0.024860 -0.062892 0.016229
v 0.020789 -0.063170 0.020760
v 0.023530 -0.063810 0.014883
v 0.023530 -0.063810 0.014883
v 0.020789 -0.063170 0.020760
v 0.019448 -0.064077 0.019402
v 0.023530 -0.063810 0.014883
v 0.019448 -0.064077 0.019402
v 0.016270 -0.065394 0.016190
v 0.016270 -0.065394 0.016190
v 0.019448 -0.064077 0.019402
v 0.014972 -0.063950 0.023528
v 0.016270 -0.065394 0.016190
v 0.014972 -0.063950 0.023528
v 0.013482 -0.064707 0.022021
v 0.013482 -0.064707 0.022021
v 0.014972 -0.063950 0.023528
v 0.010060 -0.063387 0.027218
v 0.013482 -0.064707 0.022021
v 0.010060 -0.063387 0.027218
v 0.008632 -0.064206 0.025772
v 0.008632 -0.064206 0.025772
v 0.010060 -0.063387 0.027218
v 0.007404 -0.062905 0.028862
v 0.008632 -0.064206 0.025772
v 0.007404 -0.062905 0.028862
v 0.004481 -0.064478 0.025906
v 0.004481 -0.064478 0.025906
v 0.007404 -0.062905 0.028862
v 0.004575 -0.062250 0.030334
v 0.004481 -0.064478 0.025906
v 0.004575 -0.062250 0.030334
v 0.003266 -0.063189 0.029008
v 0.003266 -0.063189 0.029008
v 0.004575 -0.062250 0.030334
v 0.001523 -0.061373 0.031584
v 0.003266 -0.063189 0.029008
v 0.001523 -0.061373 0.031584
v 0.000319 -0.062416 0.030362
v 0.000319 -0.062416 0.030362
v 0.001523 -0.061373 0.031584
v -0.000000 -0.062154 0.030714
v 0.000319 -0.062416 0.030362
v -0.000000 -0.062154 0.030714
v -0.000000 -0.063293 0.028945
v -0.034700 0.000000 -0.093961
v -0.033830 -0.007721 -0.100961
v -0.033830 -0.007721 -0.093961
v -0.033830 -0.007721 -0.093961
v -0.033830 -0.007721 -0.100961
v -0.031264 -0.015056 -0.100961
v -0.033830 -0.007721 -0.093961
v -0.031264 -0.015056 -0.100961
v -0.031264 -0.015056 -0.093961
v -0.031264 -0.015056 -0.093961
v -0.031264 -0.015056 -0.100961
v -0.027130 -0.021635 -0.100961
v -0.031264 -0.015056 -0.093961
v -0.027130 -0.021635 -0.100961
v -0.027130 -0.021635 -0.093961
v -0.027130 -0.021635 -0.093961
v -0.027130 -0.021635 -0.100961
v -0.021635 -0.027130 -0.100961
v -0.027130 -0.021635 -0.093961
v -0.021635 -0.027130 -0.100961
v -0.021635 -0.027130 -0.093961
v -0.021635 -0.027130 -0.093961
v -0.021635 -0.027130 -0.100961
v -0.015056 -0.031264 -0.100961
v -0.021635 -0.027130 -0.093961
v -0.015056 -0.031264 -0.100961
v -0.015056 -0.031264 -0.093961
v -0.015056 -0.031264 -0.093961
v -0.015056 -0.031264 -0.100961
v -0.007721 -0.033830 -0.100961
v -0.015056 -0.031264 -0.093961
v -0.007721 -0.033830 -0.100961
v -0.007721 -0.033830 -0.093961
v -0.007721 -0.033830 -0.093961
v -0.007721 -0.033830 -0.100961
v 0.000000 -0.034700 -0.100961
v -0.007721 -0.033830 -0.093961
v 0.000000 -0.034700 -0.100961
v 0.000000 -0.034700 -0.093961
v 0.000000 -0.034700 -0.093961
v 0.000000 -0.034700 -0.100961
v 0.007721 -0.033830 -0.100961
v 0.000000 -0.034700 -0.093961
v 0.007721 -0.033830 -0.100961
v 0.007721 -0.033830 -0.093961
v 0.007721 -0.033830 -0.093961
v 0.007721 -0.033830 -0.100961
v 0.015056 -0.031264 -0.100961
v 0.007721 -0.033830 -0.093961
v 0.015056 -0.031264 -0.100961
v 0.015056 -0.031264 -0.093961
v 0.015056 -0.031264 -0.093961
v 0.015056 -0.031264 -0.100961
v 0.021635 -0.027130 -0.100961
v 0.015056 -0.031264 -0.093961
v 0.021635 -0.027130 -0.100961
v 0.021635 -0.027130 -0.093961
v 0.021635 -0.027130 -0.093961
v 0.021635 -0.027130 -0.100961
v 0.027130 -0.021635 -0.100961
v 0.021635 -0.027130 -0.093961
v 0.027130 -0.021635 -0.100961
v 0.027130 -0.021635 -0.093961
v 0.027130 -0.021635 -0.093961
v 0.027130 -0.021635 -0.100961
v 0.031264 -0.015056 -0.100961
v 0.027130 -0.021635 -0.093961
v 0.031264 -0.015056 -0.100961
v 0.031264 -0.015056 -0.093961
v 0.031264 -0.015056 -0.093961
v 0.031264 -0.015056 -0.100961
v 0.033830 -0.007721 -0.100961
v 0.031264 -0.015056 -0.093961
v 0.033830 -0.007721 -0.100961
v 0.033830 -0.007721 -0.093961
v 0.033830 -0.007721 -0.093961
v 0.033830 -0.007721 -0.100961
v 0.034700 0.000000 -0.100961
v 0.033830 -0.007721 -0.093961
v 0.034700 0.000000 -0.100961
v 0.034700 0.000000 -0.093961
v 0.034700 0.000000 -0.093961
v 0.034700 0.000000 -0.100961
v 0.033830 0.007721 -0.100961
v 0.034700 0.000000 -0.093961
v 0.033830 0.007721 -0.100961
v 0.033830 0.007721 -0.093961
v 0.033830 0.007721 -0.093961
v 0.033830 0.007721 -0.100961
v 0.031264 0.015056 -0.100961
v 0.033830 0.007721 -0.093961
v 0.031264 0.015056 -0.100961
v 0.031264 0.015056 -0.093961
v 0.031264 0.015056 -0.093961
v 0.031264 0.015056 -0.100961
v 0.027130 0.021635 -0.100961
v 0.031264 0.015056 -0.093961
v 0.027130 0.021635 -0.100961
v 0.027130 0.021635 -0.093961
v 0.027130 0.021635 -0.093961
v 0.027130 0.021635 -0.100961
v 0.021635 0.027130 -0.100961
v 0.027130 0.021635 -0.093961
v 0.021635 0.027130 -0.100961
v 0.021635 0.027130 -0.093961
v 0.021635 0.027130 -0.093961
v 0.021635 0.027130 -0.100961
v 0.015056 0.031264 -0.100961
v 0.021635 0.027130 -0.093961
v 0.015056 0.031264 -0.100961
v 0.015056 0.031264 -0.093961
v 0.015056 0.031264 -0.093961
v 0.015056 0.031264 -0.100961
v 0.007721 0.033830 -0.100961
v 0.015056 0.031264 -0.093961
v 0.007721 0.033830 -0.100961
v 0.007721 0.033830 -0.093961
v 0.007721 0.033830 -0.093961
v 0.007721 0.033830 -0.100961
v 0.000000 0.034700 -0.100961
v 0.007721 0.033830 -0.093961
v 0.000000 0.034700 -0.100961
v 0.000000 0.034700 -0.093961
v 0.000000 0.034700 -0.093961
v 0.000000 0.034700 -0.100961
v -0.007721 0.033830 -0.100961
v 0.000000 0.034700 -0.093961
v -0.007721 0.033830 -0.100961
v -0.007721 0.033830 -0.093961
v -0.007721 0.033830 -0.093961
v -0.007721 0.033830 -0.100961
v -0.015056 0.031264 -0.100961
v -0.007721 0.033830 -0.093961
v -0.015056 0.031264 -0.100961
v -0.015056 0.031264 -0.093961
v -0.015056 0.031264 -0.093961
v -0.015056 0.031264 -0.100961
v -0.021635 0.027130 -0.100961
v -0.015056 0.031264 -0.093961
v -0.021635 0.027130 -0.100961
v -0.021635 0.027130 -0.093961
v -0.021635 0.027130 -0.093961
v -0.021635 0.027130 -0.100961
v -0.027130 0.021635 -0.100961
v -0.021635 0.027130 -0.093961
v -0.027130 0.021635 -0.100961
v -0.027130 0.021635 -0.093961
v -0.027130 0.021635 -0.093961
v -0.027130 0.021635 -0.100961
v -0.031264 0.015056 -0.100961
v -0.027130 0.021635 -0.093961
v -0.031264 0.015056 -0.100961
v -0.031264 0.015056 -0.093961
v -0.031264 0.015056 -0.093961
v -0.031264 0.015056 -0.100961
v -0.033830 0.007721 -0.100961
v -0.031264 0.015056 -0.093961
v -0.033830 0.007721 -0.100961
v -0.033830 0.007721 -0.093961
v -0.033830 0.007721 -0.093961
v -0.033830 0.007721 -0.100961
v -0.034700 0.000000 -0.100961
v -0.033830 0.007721 -0.093961
v -0.034700 0.000000 -0.100961
v -0.034700 0.000000 -0.093961
v -0.034700 0.000000 -0.093961
v -0.034700 0.000000 -0.100961
v -0.033830 -0.007721 -0.100961
v -0.028974 -0.062804 0.003106
v -0.027477 -0.063555 0.001593
v -0.024132 -0.064559 0.006851
v -0.032731 -0.059671 -0.000000
v -0.032276 -0.060273 -0.000000
v -0.031586 -0.060994 0.001434
v -0.028788 -0.062947 -0.000000
v -0.030352 -0.062007 0.000183
v -0.030839 -0.061648 -0.000000
v -0.000000 -0.067000 0.000000
v -0.008566 -0.066683 0.008423
v -0.012736 -0.066503 0.003990
v -0.000000 -0.066517 0.015032
v -0.004178 -0.066644 0.012638
v -0.000000 -0.066854 0.009197
v -0.000000 -0.065963 0.019834
v -0.000000 -0.065211 0.023684
v -0.003484 -0.065804 0.020580
v -0.000000 -0.064328 0.026615
v -0.000000 -0.063293 0.028945
v -0.001782 -0.063956 0.027515
v -0.033679 -0.055383 0.004658
v -0.033798 -0.055383 0.003704
v -0.033754 -0.056418 0.003652
v -0.033966 -0.055383 0.001529
v -0.033957 -0.055534 0.001704
v -0.033957 -0.055383 0.001705
v -0.033966 -0.055383 0.001529
v -0.034000 -0.055383 0.000000
v -0.033810 -0.057181 0.000000
v -0.033322 -0.055383 0.006755
v -0.033179 -0.055771 0.007396
v -0.033184 -0.055383 0.007402
v -0.033184 -0.055383 0.007402
v -0.033179 -0.055771 0.007396
v -0.032160 -0.056926 0.010678
v -0.033184 -0.055383 0.007402
v -0.032160 -0.056926 0.010678
v -0.032247 -0.055383 0.010776
v -0.031426 -0.055383 0.012976
v -0.031035 -0.055729 0.013871
v -0.031039 -0.055383 0.013877
v -0.031039 -0.055383 0.013877
v -0.031035 -0.055729 0.013871
v -0.029560 -0.056428 0.016697
v -0.031039 -0.055383 0.013877
v -0.029560 -0.056428 0.016697
v -0.029594 -0.055383 0.016739
v -0.027861 -0.056904 0.019300
v -0.028635 -0.055383 0.018331
v -0.029594 -0.055383 0.016739
v -0.019245 -0.056986 0.027889
v -0.021764 -0.055383 0.026121
v -0.021661 -0.057228 0.026004
v -0.021661 -0.057228 0.026004
v -0.021764 -0.055383 0.026121
v -0.024042 -0.055383 0.024042
v -0.021661 -0.057228 0.026004
v -0.024042 -0.055383 0.024042
v -0.023902 -0.057293 0.023943
v -0.023902 -0.057293 0.023943
v -0.024042 -0.055383 0.024042
v -0.026071 -0.055383 0.021824
v -0.016676 -0.055383 0.029630
v -0.018331 -0.055383 0.028635
v -0.019245 -0.056986 0.027889
v -0.019245 -0.056986 0.027889
v -0.018331 -0.055383 0.028635
v -0.019321 -0.055383 0.027977
v -0.019245 -0.056986 0.027889
v -0.019321 -0.055383 0.027977
v -0.021764 -0.055383 0.026121
v -0.010623 -0.057136 0.032155
v -0.010720 -0.055383 0.032266
v -0.011768 -0.055383 0.031899
v -0.003614 -0.056724 0.033732
v -0.004658 -0.055383 0.033679
v -0.007100 -0.058035 0.032916
v -0.007100 -0.058035 0.032916
v -0.004658 -0.055383 0.033679
v -0.005908 -0.055383 0.033483
v 0.000000 -0.055809 0.033992
v 0.000000 -0.055383 0.034000
v -0.000714 -0.055383 0.033993
v -0.000714 -0.055383 0.033993
v -0.003464 -0.057698 0.033574
v 0.000000 -0.055809 0.033992
v 0.000000 -0.055809 0.033992
v -0.003464 -0.057698 0.033574
v -0.003225 -0.058582 0.033326
v 0.000000 -0.055809 0.033992
v -0.003225 -0.058582 0.033326
v -0.000001 -0.057639 0.033740
v -0.000000 -0.065963 0.019834
v -0.003484 -0.065804 0.020580
v -0.000000 -0.066517 0.015032
v -0.000000 -0.066517 0.015032
v -0.003484 -0.065804 0.020580
v -0.008188 -0.066159 0.016681
v -0.000000 -0.066517 0.015032
v -0.008188 -0.066159 0.016681
v -0.004178 -0.066644 0.012638
v -0.020579 -0.065501 0.003264
v -0.014380 -0.066379 0.000000
v -0.012736 -0.066503 0.003990
v -0.012736 -0.066503 0.003990
v -0.014380 -0.066379 0.000000
v -0.007999 -0.066820 0.000000
v -0.012736 -0.066503 0.003990
v -0.007999 -0.066820 0.000000
v -0.000000 -0.067000 0.000000
v -0.000000 -0.064328 0.026615
v -0.001782 -0.063956 0.027515
v -0.000000 -0.065211 0.023684
v -0.000000 -0.065211 0.023684
v -0.001782 -0.063956 0.027515
v -0.007040 -0.064865 0.024170
v -0.000000 -0.065211 0.023684
v -0.007040 -0.064865 0.024170
v -0.003484 -0.065804 0.020580
v -0.003484 -0.065804 0.020580
v -0.007040 -0.064865 0.024170
v -0.011837 -0.065313 0.020364
v -0.003484 -0.065804 0.020580
v -0.011837 -0.065313 0.020364
v -0.008188 -0.066159 0.016681
v -0.012589 -0.066211 0.012480
v -0.016268 -0.065394 0.016192
v -0.016720 -0.065992 0.008008
v -0.016720 -0.065992 0.008008
v -0.016268 -0.065394 0.016192
v -0.020371 -0.065148 0.011693
v -0.028635 -0.055383 0.018331
v -0.027861 -0.056904 0.019300
v -0.025970 -0.057187 0.021710
v -0.025970 -0.057187 0.021710
v -0.027861 -0.056904 0.019300
v -0.025586 -0.059051 0.021310
v -0.025970 -0.057187 0.021710
v -0.025586 -0.059051 0.021310
v -0.023508 -0.059147 0.023533
v -0.027509 -0.058800 0.018931
v -0.029560 -0.056428 0.016697
v -0.029265 -0.058381 0.016386
v -0.029265 -0.058381 0.016386
v -0.029560 -0.056428 0.016697
v -0.031035 -0.055729 0.013871
v -0.029265 -0.058381 0.016386
v -0.031035 -0.055729 0.013871
v -0.030830 -0.057771 0.013649
v -0.030830 -0.057771 0.013649
v -0.031035 -0.055729 0.013871
v -0.031426 -0.055383 0.012976
v -0.030830 -0.057771 0.013649
v -0.031426 -0.055383 0.012976
v -0.032160 -0.056926 0.010678
v -0.032160 -0.056926 0.010678
v -0.031426 -0.055383 0.012976
v -0.031898 -0.055383 0.011768
v -0.032160 -0.056926 0.010678
v -0.031898 -0.055383 0.011768
v -0.032247 -0.055383 0.010776
v -0.033679 -0.055383 0.004658
v -0.033754 -0.056418 0.003652
v -0.033322 -0.055383 0.006755
v -0.033322 -0.055383 0.006755
v -0.033754 -0.056418 0.003652
v -0.032941 -0.057780 0.007141
v -0.033322 -0.055383 0.006755
v -0.032941 -0.057780 0.007141
v -0.033179 -0.055771 0.007396
v -0.033179 -0.055771 0.007396
v -0.032941 -0.057780 0.007141
v -0.031758 -0.058772 0.010259
v -0.033179 -0.055771 0.007396
v -0.031758 -0.058772 0.010259
v -0.032160 -0.056926 0.010678
v -0.032160 -0.056926 0.010678
v -0.031758 -0.058772 0.010259
v -0.030317 -0.059506 0.013120
v -0.032160 -0.056926 0.010678
v -0.030317 -0.059506 0.013120
v -0.030830 -0.057771 0.013649
v -0.030830 -0.057771 0.013649
v -0.030317 -0.059506 0.013120
v -0.028679 -0.060042 0.015783
v -0.030830 -0.057771 0.013649
v -0.028679 -0.060042 0.015783
v -0.029265 -0.058381 0.016386
v -0.029265 -0.058381 0.016386
v -0.028679 -0.060042 0.015783
v -0.026876 -0.060414 0.018282
v -0.029265 -0.058381 0.016386
v -0.026876 -0.060414 0.018282
v -0.027509 -0.058800 0.018931
v -0.033966 -0.055383 0.001529
v -0.033706 -0.057531 0.001437
v -0.033957 -0.055534 0.001704
v -0.033957 -0.055534 0.001704
v -0.033706 -0.057531 0.001437
v -0.033754 -0.056418 0.003652
v -0.033957 -0.055534 0.001704
v -0.033754 -0.056418 0.003652
v -0.033957 -0.055383 0.001705
v -0.033957 -0.055383 0.001705
v -0.033754 -0.056418 0.003652
v -0.033798 -0.055383 0.003704
v -0.033061 -0.059134 0.000775
v -0.032611 -0.059771 0.002476
v -0.033363 -0.058275 0.003245
v -0.033363 -0.058275 0.003245
v -0.032611 -0.059771 0.002476
v -0.031461 -0.060796 0.005627
v -0.033363 -0.058275 0.003245
v -0.031461 -0.060796 0.005627
v -0.032356 -0.059443 0.006539
v -0.032356 -0.059443 0.006539
v -0.031461 -0.060796 0.005627
v -0.030057 -0.061566 0.008525
v -0.032356 -0.059443 0.006539
v -0.030057 -0.061566 0.008525
v -0.031045 -0.060307 0.009530
v -0.031045 -0.060307 0.009530
v -0.030057 -0.061566 0.008525
v -0.028466 -0.062150 0.011235
v -0.032276 -0.060273 -0.000000
v -0.030839 -0.061648 -0.000000
v -0.031586 -0.060994 0.001434
v -0.031586 -0.060994 0.001434
v -0.030839 -0.061648 -0.000000
v -0.030352 -0.062007 0.000183
v -0.031586 -0.060994 0.001434
v -0.030352 -0.062007 0.000183
v -0.028974 -0.062804 0.003106
v -0.028974 -0.062804 0.003106
v -0.030352 -0.062007 0.000183
v -0.028788 -0.062947 -0.000000
v -0.028974 -0.062804 0.003106
v -0.028788 -0.062947 -0.000000
v -0.027477 -0.063555 0.001593
v -0.027477 -0.063555 0.001593
v -0.028788 -0.062947 -0.000000
v -0.026391 -0.063992 -0.000000
v -0.027477 -0.063555 0.001593
v -0.026391 -0.063992 -0.000000
v -0.024132 -0.064559 0.006851
v -0.024132 -0.064559 0.006851
v -0.026391 -0.063992 -0.000000
v -0.023291 -0.064933 -0.000000
v -0.024132 -0.064559 0.006851
v -0.023291 -0.064933 -0.000000
v -0.020579 -0.065501 0.003264
v -0.020579 -0.065501 0.003264
v -0.023291 -0.064933 -0.000000
v -0.019346 -0.065741 -0.000000
v -0.020579 -0.065501 0.003264
v -0.019346 -0.065741 -0.000000
v -0.014380 -0.066379 0.000000
v -0.008566 -0.066683 0.008423
v -0.012589 -0.066211 0.012480
v -0.012736 -0.066503 0.003990
v -0.012736 -0.066503 0.003990
v -0.012589 -0.066211 0.012480
v -0.016720 -0.065992 0.008008
v -0.012736 -0.066503 0.003990
v -0.016720 -0.065992 0.008008
v -0.020579 -0.065501 0.003264
v -0.020579 -0.065501 0.003264
v -0.016720 -0.065992 0.008008
v -0.020371 -0.065148 0.011693
v -0.020579 -0.065501 0.003264
v -0.020371 -0.065148 0.011693
v -0.024132 -0.064559 0.006851
v -0.024132 -0.064559 0.006851
v -0.020371 -0.065148 0.011693
v -0.025738 -0.063917 0.008473
v -0.024132 -0.064559 0.006851
v -0.025738 -0.063917 0.008473
v -0.028974 -0.062804 0.003106
v -0.013809 -0.055900 0.031056
v -0.016637 -0.056553 0.029583
v -0.016342 -0.058505 0.029271
v -0.016342 -0.058505 0.029271
v -0.016637 -0.056553 0.029583
v -0.018894 -0.058883 0.027522
v -0.016342 -0.058505 0.029271
v -0.018894 -0.058883 0.027522
v -0.018270 -0.060506 0.026880
v -0.018270 -0.060506 0.026880
v -0.018894 -0.058883 0.027522
v -0.023508 -0.059147 0.023533
v -0.029594 -0.055383 0.016739
v -0.029560 -0.056428 0.016697
v -0.027861 -0.056904 0.019300
v -0.027861 -0.056904 0.019300
v -0.029560 -0.056428 0.016697
v -0.027509 -0.058800 0.018931
v -0.027861 -0.056904 0.019300
v -0.027509 -0.058800 0.018931
v -0.025586 -0.059051 0.021310
v -0.025586 -0.059051 0.021310
v -0.027509 -0.058800 0.018931
v -0.026876 -0.060414 0.018282
v -0.025586 -0.059051 0.021310
v -0.026876 -0.060414 0.018282
v -0.023508 -0.059147 0.023533
v -0.023508 -0.059147 0.023533
v -0.026876 -0.060414 0.018282
v -0.022843 -0.060731 0.022852
v -0.023508 -0.059147 0.023533
v -0.022843 -0.060731 0.022852
v -0.018270 -0.060506 0.026880
v -0.012068 -0.055383 0.031786
v -0.013816 -0.055383 0.031066
v -0.013809 -0.055900 0.031056
v -0.013809 -0.055900 0.031056
v -0.013816 -0.055383 0.031066
v -0.016676 -0.055383 0.029630
v -0.013809 -0.055900 0.031056
v -0.016676 -0.055383 0.029630
v -0.016637 -0.056553 0.029583
v -0.016637 -0.056553 0.029583
v -0.016676 -0.055383 0.029630
v -0.019245 -0.056986 0.027889
v -0.016637 -0.056553 0.029583
v -0.019245 -0.056986 0.027889
v -0.018894 -0.058883 0.027522
v -0.018894 -0.058883 0.027522
v -0.019245 -0.056986 0.027889
v -0.021661 -0.057228 0.026004
v -0.018894 -0.058883 0.027522
v -0.021661 -0.057228 0.026004
v -0.023508 -0.059147 0.023533
v -0.023508 -0.059147 0.023533
v -0.021661 -0.057228 0.026004
v -0.023902 -0.057293 0.023943
v -0.023508 -0.059147 0.023533
v -0.023902 -0.057293 0.023943
v -0.025970 -0.057187 0.021710
v -0.025970 -0.057187 0.021710
v -0.023902 -0.057293 0.023943
v -0.026071 -0.055383 0.021824
v -0.025970 -0.057187 0.021710
v -0.026071 -0.055383 0.021824
v -0.028635 -0.055383 0.018331
v -0.003261 -0.063187 0.029010
v -0.000314 -0.062415 0.030364
v -0.001518 -0.061371 0.031586
v -0.001518 -0.061371 0.031586
v -0.000314 -0.062415 0.030364
v -0.000000 -0.060804 0.032129
v -0.001518 -0.061371 0.031586
v -0.000000 -0.060804 0.032129
v -0.000000 -0.059297 0.033129
v -0.008628 -0.064205 0.025775
v -0.003261 -0.063187 0.029010
v -0.004570 -0.062249 0.030336
v -0.004570 -0.062249 0.030336
v -0.003261 -0.063187 0.029010
v -0.001518 -0.061371 0.031586
v -0.004570 -0.062249 0.030336
v -0.001518 -0.061371 0.031586
v -0.002505 -0.060110 0.032589
v -0.002505 -0.060110 0.032589
v -0.001518 -0.061371 0.031586
v -0.000000 -0.059297 0.033129
v -0.002505 -0.060110 0.032589
v -0.000000 -0.059297 0.033129
v -0.000001 -0.057639 0.033740
v -0.000001 -0.057639 0.033740
v -0.003225 -0.058582 0.033326
v -0.002505 -0.060110 0.032589
v -0.002505 -0.060110 0.032589
v -0.003225 -0.058582 0.033326
v -0.005675 -0.061106 0.031458
v -0.002505 -0.060110 0.032589
v -0.005675 -0.061106 0.031458
v -0.004570 -0.062249 0.030336
v -0.004570 -0.062249 0.030336
v -0.005675 -0.061106 0.031458
v -0.007400 -0.062904 0.028865
v -0.004570 -0.062249 0.030336
v -0.007400 -0.062904 0.028865
v -0.008628 -0.064205 0.025775
v -0.016282 -0.063015 0.024860
v -0.011298 -0.062379 0.028478
v -0.012320 -0.061154 0.029517
v -0.012320 -0.061154 0.029517
v -0.011298 -0.062379 0.028478
v -0.009537 -0.060545 0.031035
v -0.012320 -0.061154 0.029517
v -0.009537 -0.060545 0.031035
v -0.010225 -0.058986 0.031740
v -0.010225 -0.058986 0.031740
v -0.009537 -0.060545 0.031035
v -0.007100 -0.058035 0.032916
v -0.010225 -0.058986 0.031740
v -0.007100 -0.058035 0.032916
v -0.007347 -0.056034 0.033180
v -0.007347 -0.056034 0.033180
v -0.007100 -0.058035 0.032916
v -0.005908 -0.055383 0.033483
v -0.007347 -0.056034 0.033180
v -0.005908 -0.055383 0.033483
v -0.007357 -0.055383 0.033195
v -0.007357 -0.055383 0.033195
v -0.010720 -0.055383 0.032266
v -0.007347 -0.056034 0.033180
v -0.007347 -0.056034 0.033180
v -0.010720 -0.055383 0.032266
v -0.010623 -0.057136 0.032155
v -0.007347 -0.056034 0.033180
v -0.010623 -0.057136 0.032155
v -0.010225 -0.058986 0.031740
v -0.010225 -0.058986 0.031740
v -0.010623 -0.057136 0.032155
v -0.013096 -0.059682 0.030309
v -0.010225 -0.058986 0.031740
v -0.013096 -0.059682 0.030309
v -0.012320 -0.061154 0.029517
v -0.012320 -0.061154 0.029517
v -0.013096 -0.059682 0.030309
v -0.014930 -0.061589 0.027825
v -0.012320 -0.061154 0.029517
v -0.014930 -0.061589 0.027825
v -0.016282 -0.063015 0.024860
v -0.011768 -0.055383 0.031899
v -0.012068 -0.055383 0.031786
v -0.010623 -0.057136 0.032155
v -0.010623 -0.057136 0.032155
v -0.012068 -0.055383 0.031786
v -0.013598 -0.057937 0.030829
v -0.010623 -0.057136 0.032155
v -0.013598 -0.057937 0.030829
v -0.013096 -0.059682 0.030309
v -0.013096 -0.059682 0.030309
v -0.013598 -0.057937 0.030829
v -0.015766 -0.060178 0.028678
v -0.013096 -0.059682 0.030309
v -0.015766 -0.060178 0.028678
v -0.014930 -0.061589 0.027825
v -0.014930 -0.061589 0.027825
v -0.015766 -0.060178 0.028678
v -0.017391 -0.061876 0.025985
v -0.014930 -0.061589 0.027825
v -0.017391 -0.061876 0.025985
v -0.016282 -0.063015 0.024860
v -0.016282 -0.063015 0.024860
v -0.017391 -0.061876 0.025985
v -0.021929 -0.062064 0.021920
v -0.016282 -0.063015 0.024860
v -0.021929 -0.062064 0.021920
v -0.020787 -0.063170 0.020762
v -0.020787 -0.063170 0.020762
v -0.021929 -0.062064 0.021920
v -0.025984 -0.061770 0.017373
v -0.020787 -0.063170 0.020762
v -0.025984 -0.061770 0.017373
v -0.024859 -0.062892 0.016231
v -0.024859 -0.062892 0.016231
v -0.025984 -0.061770 0.017373
v -0.027823 -0.061434 0.014910
v -0.024859 -0.062892 0.016231
v -0.027823 -0.061434 0.014910
v -0.028466 -0.062150 0.011235
v -0.028466 -0.062150 0.011235
v -0.027823 -0.061434 0.014910
v -0.029519 -0.060955 0.012305
v -0.028466 -0.062150 0.011235
v -0.029519 -0.060955 0.012305
v -0.031045 -0.060307 0.009530
v -0.032611 -0.059771 0.002476
v -0.030316 -0.061898 0.004465
v -0.031461 -0.060796 0.005627
v -0.031461 -0.060796 0.005627
v -0.030316 -0.061898 0.004465
v -0.028836 -0.062593 0.007287
v -0.031461 -0.060796 0.005627
v -0.028836 -0.062593 0.007287
v -0.030057 -0.061566 0.008525
v -0.030057 -0.061566 0.008525
v -0.028836 -0.062593 0.007287
v -0.027193 -0.063125 0.009945
v -0.030057 -0.061566 0.008525
v -0.027193 -0.063125 0.009945
v -0.028466 -0.062150 0.011235
v -0.028466 -0.062150 0.011235
v -0.027193 -0.063125 0.009945
v -0.023529 -0.063810 0.014884
v -0.028466 -0.062150 0.011235
v -0.023529 -0.063810 0.014884
v -0.024859 -0.062892 0.016231
v -0.024859 -0.062892 0.016231
v -0.023529 -0.063810 0.014884
v -0.019446 -0.064077 0.019404
v -0.024859 -0.062892 0.016231
v -0.019446 -0.064077 0.019404
v -0.020787 -0.063170 0.020762
v -0.020787 -0.063170 0.020762
v -0.019446 -0.064077 0.019404
v -0.014970 -0.063950 0.023530
v -0.020787 -0.063170 0.020762
v -0.014970 -0.063950 0.023530
v -0.016282 -0.063015 0.024860
v -0.016282 -0.063015 0.024860
v -0.014970 -0.063950 0.023530
v -0.010057 -0.063386 0.027220
v -0.016282 -0.063015 0.024860
v -0.010057 -0.063386 0.027220
v -0.011298 -0.062379 0.028478
v -0.011298 -0.062379 0.028478
v -0.010057 -0.063386 0.027220
v -0.008584 -0.061840 0.030065
v -0.011298 -0.062379 0.028478
v -0.008584 -0.061840 0.030065
v -0.009537 -0.060545 0.031035
v -0.009537 -0.060545 0.031035
v -0.008584 -0.061840 0.030065
v -0.006533 -0.059716 0.032332
v -0.009537 -0.060545 0.031035
v -0.006533 -0.059716 0.032332
v -0.007100 -0.058035 0.032916
v -0.012068 -0.055383 0.031786
v -0.013809 -0.055900 0.031056
v -0.013598 -0.057937 0.030829
v -0.013598 -0.057937 0.030829
v -0.013809 -0.055900 0.031056
v -0.016342 -0.058505 0.029271
v -0.013598 -0.057937 0.030829
v -0.016342 -0.058505 0.029271
v -0.015766 -0.060178 0.028678
v -0.015766 -0.060178 0.028678
v -0.016342 -0.058505 0.029271
v -0.018270 -0.060506 0.026880
v -0.015766 -0.060178 0.028678
v -0.018270 -0.060506 0.026880
v -0.017391 -0.061876 0.025985
v -0.017391 -0.061876 0.025985
v -0.018270 -0.060506 0.026880
v -0.022843 -0.060731 0.022852
v -0.017391 -0.061876 0.025985
v -0.022843 -0.060731 0.022852
v -0.021929 -0.062064 0.021920
v -0.021929 -0.062064 0.021920
v -0.022843 -0.060731 0.022852
v -0.026876 -0.060414 0.018282
v -0.021929 -0.062064 0.021920
v -0.026876 -0.060414 0.018282
v -0.025984 -0.061770 0.017373
v -0.025984 -0.061770 0.017373
v -0.026876 -0.060414 0.018282
v -0.028679 -0.060042 0.015783
v -0.025984 -0.061770 0.017373
v -0.028679 -0.060042 0.015783
v -0.027823 -0.061434 0.014910
v -0.027823 -0.061434 0.014910
v -0.028679 -0.060042 0.015783
v -0.030317 -0.059506 0.013120
v -0.027823 -0.061434 0.014910
v -0.030317 -0.059506 0.013120
v -0.029519 -0.060955 0.012305
v -0.029519 -0.060955 0.012305
v -0.030317 -0.059506 0.013120
v -0.031758 -0.058772 0.010259
v -0.029519 -0.060955 0.012305
v -0.031758 -0.058772 0.010259
v -0.031045 -0.060307 0.009530
v -0.031045 -0.060307 0.009530
v -0.031758 -0.058772 0.010259
v -0.032941 -0.057780 0.007141
v -0.031045 -0.060307 0.009530
v -0.032941 -0.057780 0.007141
v -0.032356 -0.059443 0.006539
v -0.032356 -0.059443 0.006539
v -0.032941 -0.057780 0.007141
v -0.033754 -0.056418 0.003652
v -0.032356 -0.059443 0.006539
v -0.033754 -0.056418 0.003652
v -0.033363 -0.058275 0.003245
v -0.033363 -0.058275 0.003245
v -0.033754 -0.056418 0.003652
v -0.033706 -0.057531 0.001437
v -0.033363 -0.058275 0.003245
v -0.033706 -0.057531 0.001437
v -0.033061 -0.059134 0.000775
v -0.000000 -0.067000 0.000000
v -0.000000 -0.066854 0.009197
v -0.008566 -0.066683 0.008423
v -0.008566 -0.066683 0.008423
v -0.000000 -0.066854 0.009197
v -0.004178 -0.066644 0.012638
v -0.008566 -0.066683 0.008423
v -0.004178 -0.066644 0.012638
v -0.012589 -0.066211 0.012480
v -0.012589 -0.066211 0.012480
v -0.004178 -0.066644 0.012638
v -0.008188 -0.066159 0.016681
v -0.012589 -0.066211 0.012480
v -0.008188 -0.066159 0.016681
v -0.016268 -0.065394 0.016192
v -0.016268 -0.065394 0.016192
v -0.008188 -0.066159 0.016681
v -0.011837 -0.065313 0.020364
v -0.016268 -0.065394 0.016192
v -0.011837 -0.065313 0.020364
v -0.013480 -0.064707 0.022023
v -0.013480 -0.064707 0.022023
v -0.011837 -0.065313 0.020364
v -0.007040 -0.064865 0.024170
v -0.013480 -0.064707 0.022023
v -0.007040 -0.064865 0.024170
v -0.008628 -0.064205 0.025775
v -0.008628 -0.064205 0.025775
v -0.007040 -0.064865 0.024170
v -0.001782 -0.063956 0.027515
v -0.008628 -0.064205 0.025775
v -0.001782 -0.063956 0.027515
v -0.003261 -0.063187 0.029010
v -0.003261 -0.063187 0.029010
v -0.001782 -0.063956 0.027515
v -0.000000 -0.063293 0.028945
v -0.003261 -0.063187 0.029010
v -0.000000 -0.063293 0.028945
v -0.000314 -0.062415 0.030364
v -0.000314 -0.062415 0.030364
v -0.000000 -0.063293 0.028945
v -0.000000 -0.062154 0.030714
v -0.000314 -0.062415 0.030364
v -0.000000 -0.062154 0.030714
v -0.000000 -0.060804 0.032129
v -0.033966 -0.055383 0.001529
v -0.033810 -0.057181 0.000000
v -0.033706 -0.057531 0.001437
v -0.033706 -0.057531 0.001437
v -0.033810 -0.057181 0.000000
v -0.033225 -0.058831 -0.000000
v -0.033706 -0.057531 0.001437
v -0.033225 -0.058831 -0.000000
v -0.033061 -0.059134 0.000775
v -0.033061 -0.059134 0.000775
v -0.033225 -0.058831 -0.000000
v -0.032731 -0.059671 -0.000000
v -0.033061 -0.059134 0.000775
v -0.032731 -0.059671 -0.000000
v -0.032611 -0.059771 0.002476
v -0.032611 -0.059771 0.002476
v -0.032731 -0.059671 -0.000000
v -0.031586 -0.060994 0.001434
v -0.032611 -0.059771 0.002476
v -0.031586 -0.060994 0.001434
v -0.030316 -0.061898 0.004465
v -0.030316 -0.061898 0.004465
v -0.031586 -0.060994 0.001434
v -0.028974 -0.062804 0.003106
v -0.030316 -0.061898 0.004465
v -0.028974 -0.062804 0.003106
v -0.028836 -0.062593 0.007287
v -0.028836 -0.062593 0.007287
v -0.028974 -0.062804 0.003106
v -0.025738 -0.063917 0.008473
v -0.028836 -0.062593 0.007287
v -0.025738 -0.063917 0.008473
v -0.027193 -0.063125 0.009945
v -0.027193 -0.063125 0.009945
v -0.025738 -0.063917 0.008473
v -0.020371 -0.065148 0.011693
v -0.027193 -0.063125 0.009945
v -0.020371 -0.065148 0.011693
v -0.023529 -0.063810 0.014884
v -0.023529 -0.063810 0.014884
v -0.020371 -0.065148 0.011693
v -0.016268 -0.065394 0.016192
v -0.023529 -0.063810 0.014884
v -0.016268 -0.065394 0.016192
v -0.019446 -0.064077 0.019404
v -0.019446 -0.064077 0.019404
v -0.016268 -0.065394 0.016192
v -0.013480 -0.064707 0.022023
v -0.019446 -0.064077 0.019404
v -0.013480 -0.064707 0.022023
v -0.014970 -0.063950 0.023530
v -0.014970 -0.063950 0.023530
v -0.013480 -0.064707 0.022023
v -0.008628 -0.064205 0.025775
v -0.014970 -0.063950 0.023530
v -0.008628 -0.064205 0.025775
v -0.010057 -0.063386 0.027220
v -0.010057 -0.063386 0.027220
v -0.008628 -0.064205 0.025775
v -0.007400 -0.062904 0.028865
v -0.010057 -0.063386 0.027220
v -0.007400 -0.062904 0.028865
v -0.008584 -0.061840 0.030065
v -0.008584 -0.061840 0.030065
v -0.007400 -0.062904 0.028865
v -0.005675 -0.061106 0.031458
v -0.008584 -0.061840 0.030065
v -0.005675 -0.061106 0.031458
v -0.006533 -0.059716 0.032332
v -0.006533 -0.059716 0.032332
v -0.005675 -0.061106 0.031458
v -0.003225 -0.058582 0.033326
v -0.006533 -0.059716 0.032332
v -0.003225 -0.058582 0.033326
v -0.007100 -0.058035 0.032916
v -0.007100 -0.058035 0.032916
v -0.003225 -0.058582 0.033326
v -0.003464 -0.057698 0.033574
v -0.007100 -0.058035 0.032916
v -0.003464 -0.057698 0.033574
v -0.003614 -0.056724 0.033732
v -0.003614 -0.056724 0.033732
v -0.003464 -0.057698 0.033574
v -0.000714 -0.055383 0.033993
v -0.003614 -0.056724 0.033732
v -0.000714 -0.055383 0.033993
v -0.004658 -0.055383 0.033679
v -0.033679 0.004436 0.004658
v -0.034000 0.004436 0.000000
v -0.034000 -0.004948 0.000000
v -0.034000 -0.004948 0.000000
v -0.034000 -0.006932 0.000000
v -0.033679 0.004436 0.004658
v -0.033679 0.004436 0.004658
v -0.034000 -0.006932 0.000000
v -0.034000 -0.018134 0.000000
v -0.033679 0.004436 0.004658
v -0.034000 -0.018134 0.000000
v -0.034000 -0.023944 0.000000
v -0.034000 -0.055383 0.000000
v -0.033966 -0.055383 0.001529
v -0.034000 -0.048112 0.000000
v -0.034000 -0.048112 0.000000
v -0.033966 -0.055383 0.001529
v -0.033957 -0.055383 0.001705
v -0.034000 -0.028658 0.000000
v -0.034000 -0.038634 0.000000
v -0.033679 -0.055383 0.004658
v -0.033679 -0.055383 0.004658
v -0.034000 -0.038634 0.000000
v -0.034000 -0.048112 0.000000
v -0.033679 -0.055383 0.004658
v -0.034000 -0.048112 0.000000
v -0.033798 -0.055383 0.003704
v -0.033798 -0.055383 0.003704
v -0.034000 -0.048112 0.000000
v -0.033957 -0.055383 0.001705
v 0.000000 -0.055383 0.034000
v 0.000000 0.004436 0.034000
v -0.000714 -0.055383 0.033993
v -0.000714 -0.055383 0.033993
v 0.000000 0.004436 0.034000
v -0.004658 0.004436 0.033679
v -0.000714 -0.055383 0.033993
v -0.004658 0.004436 0.033679
v -0.004658 -0.055383 0.033679
v -0.004658 -0.055383 0.033679
v -0.004658 0.004436 0.033679
v -0.005908 -0.055383 0.033483
v -0.033322 -0.055383 0.006755
v -0.033679 0.004436 0.004658
v -0.033679 -0.055383 0.004658
v -0.033679 -0.055383 0.004658
v -0.033679 0.004436 0.004658
v -0.034000 -0.023944 0.000000
v -0.033679 -0.055383 0.004658
v -0.034000 -0.023944 0.000000
v -0.034000 -0.028658 0.000000
v -0.033322 -0.055383 0.006755
v -0.033184 -0.055383 0.007402
v -0.033679 0.004436 0.004658
v -0.033679 0.004436 0.004658
v -0.033184 -0.055383 0.007402
v -0.032247 -0.055383 0.010776
v -0.033679 0.004436 0.004658
v -0.032247 -0.055383 0.010776
v -0.031898 0.004436 0.011768
v -0.031898 0.004436 0.011768
v -0.032247 -0.055383 0.010776
v -0.031898 -0.055383 0.011768
v -0.031898 0.004436 0.011768
v -0.031898 -0.055383 0.011768
v -0.031426 -0.055383 0.012976
v -0.031426 -0.055383 0.012976
v -0.031039 -0.055383 0.013877
v -0.031898 0.004436 0.011768
v -0.031898 0.004436 0.011768
v -0.031039 -0.055383 0.013877
v -0.029594 -0.055383 0.016739
v -0.031898 0.004436 0.011768
v -0.029594 -0.055383 0.016739
v -0.028635 0.004436 0.018331
v -0.024042 -0.055383 0.024042
v -0.024042 0.004436 0.024042
v -0.026071 -0.055383 0.021824
v -0.026071 -0.055383 0.021824
v -0.024042 0.004436 0.024042
v -0.028635 0.004436 0.018331
v -0.026071 -0.055383 0.021824
v -0.028635 0.004436 0.018331
v -0.028635 -0.055383 0.018331
v -0.028635 -0.055383 0.018331
v -0.028635 0.004436 0.018331
v -0.029594 -0.055383 0.016739
v -0.024042 -0.055383 0.024042
v -0.021764 -0.055383 0.026121
v -0.024042 0.004436 0.024042
v -0.024042 0.004436 0.024042
v -0.021764 -0.055383 0.026121
v -0.019321 -0.055383 0.027977
v -0.024042 0.004436 0.024042
v -0.019321 -0.055383 0.027977
v -0.018331 0.004436 0.028635
v -0.019321 -0.055383 0.027977
v -0.018331 -0.055383 0.028635
v -0.018331 0.004436 0.028635
v -0.018331 0.004436 0.028635
v -0.018331 -0.055383 0.028635
v -0.016676 -0.055383 0.029630
v -0.018331 0.004436 0.028635
v -0.016676 -0.055383 0.029630
v -0.011768 0.004436 0.031899
v -0.011768 0.004436 0.031899
v -0.016676 -0.055383 0.029630
v -0.013816 -0.055383 0.031066
v -0.011768 0.004436 0.031899
v -0.013816 -0.055383 0.031066
v -0.012068 -0.055383 0.031786
v -0.012068 -0.055383 0.031786
v -0.011768 -0.055383 0.031899
v -0.011768 0.004436 0.031899
v -0.011768 0.004436 0.031899
v -0.011768 -0.055383 0.031899
v -0.010720 -0.055383 0.032266
v -0.011768 0.004436 0.031899
v -0.010720 -0.055383 0.032266
v -0.004658 0.004436 0.033679
v -0.004658 0.004436 0.033679
v -0.010720 -0.055383 0.032266
v -0.007357 -0.055383 0.033195
v -0.004658 0.004436 0.033679
v -0.007357 -0.055383 0.033195
v -0.005908 -0.055383 0.033483
v 0.007055 0.004436 -0.033342
v 0.007499 0.004436 -0.032855
v 0.010393 0.004436 -0.032553
v 0.010393 0.004436 -0.032553
v 0.007499 0.004436 -0.032855
v 0.014622 0.004436 -0.030363
v 0.010393 0.004436 -0.032553
v 0.014622 0.004436 -0.030363
v 0.012564 0.004436 -0.031838
v -0.007622 0.004436 -0.033232
v -0.007499 0.004436 -0.032855
v -0.003953 0.004436 -0.033788
v -0.003953 0.004436 -0.033788
v -0.007499 0.004436 -0.032855
v 0.000000 0.004436 -0.033700
v -0.003953 0.004436 -0.033788
v 0.000000 0.004436 -0.033700
v 0.000000 0.004436 -0.034000
v 0.022923 0.004436 -0.025456
v 0.021369 0.004436 -0.026799
v 0.021012 0.004436 -0.026348
v 0.021012 0.004436 -0.026348
v 0.021369 0.004436 -0.026799
v 0.018610 0.004436 -0.028804
v 0.021012 0.004436 -0.026348
v 0.018610 0.004436 -0.028804
v 0.014622 0.004436 -0.030363
v 0.014622 0.004436 -0.030363
v 0.018610 0.004436 -0.028804
v 0.015679 0.004436 -0.030484
v 0.014622 0.004436 -0.030363
v 0.015679 0.004436 -0.030484
v 0.012564 0.004436 -0.031838
v -0.033700 0.004436 0.000000
v -0.033679 0.004436 0.004658
v -0.032855 0.004436 0.007499
v -0.032855 0.004436 0.007499
v -0.033679 0.004436 0.004658
v -0.031898 0.004436 0.011768
v -0.032855 0.004436 0.007499
v -0.031898 0.004436 0.011768
v -0.030363 0.004436 0.014622
v -0.030363 0.004436 0.014622
v -0.031898 0.004436 0.011768
v -0.028635 0.004436 0.018331
v -0.030363 0.004436 0.014622
v -0.028635 0.004436 0.018331
v -0.026348 0.004436 0.021012
v -0.026348 0.004436 0.021012
v -0.028635 0.004436 0.018331
v -0.024042 0.004436 0.024042
v -0.026348 0.004436 0.021012
v -0.024042 0.004436 0.024042
v -0.021012 0.004436 0.026348
v -0.021012 0.004436 0.026348
v -0.024042 0.004436 0.024042
v -0.018331 0.004436 0.028635
v -0.021012 0.004436 0.026348
v -0.018331 0.004436 0.028635
v -0.014622 0.004436 0.030363
v -0.014622 0.004436 0.030363
v -0.018331 0.004436 0.028635
v -0.011768 0.004436 0.031899
v -0.014622 0.004436 0.030363
v -0.011768 0.004436 0.031899
v -0.007499 0.004436 0.032855
v -0.007499 0.004436 0.032855
v -0.011768 0.004436 0.031899
v -0.004658 0.004436 0.033679
v -0.007499 0.004436 0.032855
v -0.004658 0.004436 0.033679
v 0.000000 0.004436 0.033700
v -0.026348 0.004436 -0.021012
v -0.026505 0.004436 -0.021603
v -0.027419 0.004436 -0.020406
v 0.007055 0.004436 -0.033342
v 0.006705 0.004436 -0.033405
v 0.007499 0.004436 -0.032855
v 0.007499 0.004436 -0.032855
v 0.006705 0.004436 -0.033405
v 0.003585 0.004436 -0.033825
v 0.007499 0.004436 -0.032855
v 0.003585 0.004436 -0.033825
v 0.000000 0.004436 -0.033700
v 0.000000 0.004436 -0.033700
v 0.003585 0.004436 -0.033825
v 0.001377 0.004436 -0.033974
v 0.000000 0.004436 -0.033700
v 0.001377 0.004436 -0.033974
v 0.000000 0.004436 -0.034000
v 0.033240 0.004436 -0.007303
v 0.032902 0.004436 -0.008754
v 0.032855 0.004436 -0.007499
v 0.032855 0.004436 -0.007499
v 0.032902 0.004436 -0.008754
v 0.032323 0.004436 -0.010776
v 0.032855 0.004436 -0.007499
v 0.032323 0.004436 -0.010776
v 0.030363 0.004436 -0.014622
v 0.033700 0.004436 0.000000
v 0.033893 0.004436 -0.002750
v 0.032855 0.004436 -0.007499
v 0.032855 0.004436 -0.007499
v 0.033893 0.004436 -0.002750
v 0.033435 0.004436 -0.006309
v 0.032855 0.004436 -0.007499
v 0.033435 0.004436 -0.006309
v 0.033240 0.004436 -0.007303
v -0.004658 0.004436 0.033679
v 0.000000 0.004436 0.034000
v 0.000000 0.004436 0.033700
v 0.000000 0.004436 0.033700
v 0.000000 0.004436 0.034000
v 0.004658 0.004436 0.033679
v 0.000000 0.004436 0.033700
v 0.004658 0.004436 0.033679
v 0.007499 0.004436 0.032855
v 0.007499 0.004436 0.032855
v 0.004658 0.004436 0.033679
v 0.011768 0.004436 0.031899
v 0.007499 0.004436 0.032855
v 0.011768 0.004436 0.031899
v 0.014622 0.004436 0.030363
v 0.014622 0.004436 0.030363
v 0.011768 0.004436 0.031899
v 0.018331 0.004436 0.028635
v 0.014622 0.004436 0.030363
v 0.018331 0.004436 0.028635
v 0.021012 0.004436 0.026348
v 0.021012 0.004436 0.026348
v 0.018331 0.004436 0.028635
v 0.024042 0.004436 0.024042
v 0.021012 0.004436 0.026348
v 0.024042 0.004436 0.024042
v 0.026348 0.004436 0.021012
v 0.026348 0.004436 0.021012
v 0.024042 0.004436 0.024042
v 0.028635 0.004436 0.018331
v 0.026348 0.004436 0.021012
v 0.028635 0.004436 0.018331
v 0.030363 0.004436 0.014622
v 0.030363 0.004436 0.014622
v 0.028635 0.004436 0.018331
v 0.031899 0.004436 0.011768
v 0.030363 0.004436 0.014622
v 0.031899 0.004436 0.011768
v 0.032855 0.004436 0.007499
v 0.032855 0.004436 0.007499
v 0.031899 0.004436 0.011768
v 0.033679 0.004436 0.004658
v 0.032855 0.004436 0.007499
v 0.033679 0.004436 0.004658
v 0.033700 0.004436 0.000000
v 0.033700 0.004436 0.000000
v 0.033679 0.004436 0.004658
v 0.034000 0.004436 0.000000
v 0.033700 0.004436 0.000000
v 0.034000 0.004436 0.000000
v 0.033893 0.004436 -0.002750
v -0.032902 0.004436 -0.008754
v -0.033273 0.004436 -0.007145
v -0.032855 0.004436 -0.007499
v -0.032855 0.004436 -0.007499
v -0.033273 0.004436 -0.007145
v -0.033816 0.004436 -0.003609
v -0.032855 0.004436 -0.007499
v -0.033816 0.004436 -0.003609
v -0.033700 0.004436 0.000000
v -0.033700 0.004436 0.000000
v -0.033816 0.004436 -0.003609
v -0.034000 0.004436 0.000000
v -0.033700 0.004436 0.000000
v -0.034000 0.004436 0.000000
v -0.033679 0.004436 0.004658
v -0.026505 0.004436 -0.021603
v -0.026348 0.004436 -0.021012
v -0.024214 0.004436 -0.024202
v -0.024214 0.004436 -0.024202
v -0.026348 0.004436 -0.021012
v -0.021012 0.004436 -0.026348
v -0.024214 0.004436 -0.024202
v -0.021012 0.004436 -0.026348
v -0.021706 0.004436 -0.026522
v -0.014622 0.004436 -0.030363
v -0.017998 0.004436 -0.029190
v -0.021012 0.004436 -0.026348
v -0.021012 0.004436 -0.026348
v -0.017998 0.004436 -0.029190
v -0.018986 0.004436 -0.028556
v -0.021012 0.004436 -0.026348
v -0.018986 0.004436 -0.028556
v -0.021706 0.004436 -0.026522
v 0.022923 0.004436 -0.025456
v 0.021012 0.004436 -0.026348
v 0.025411 0.004436 -0.022910
v 0.025411 0.004436 -0.022910
v 0.021012 0.004436 -0.026348
v 0.026348 0.004436 -0.021012
v 0.025411 0.004436 -0.022910
v 0.026348 0.004436 -0.021012
v 0.027615 0.004436 -0.020135
v 0.032323 0.004436 -0.010776
v 0.031077 0.004436 -0.014080
v 0.030363 0.004436 -0.014622
v 0.030363 0.004436 -0.014622
v 0.031077 0.004436 -0.014080
v 0.029491 0.004436 -0.017223
v 0.030363 0.004436 -0.014622
v 0.029491 0.004436 -0.017223
v 0.026348 0.004436 -0.021012
v 0.026348 0.004436 -0.021012
v 0.029491 0.004436 -0.017223
v 0.028622 0.004436 -0.018654
v 0.026348 0.004436 -0.021012
v 0.028622 0.004436 -0.018654
v 0.027615 0.004436 -0.020135
v -0.032902 0.004436 -0.008754
v -0.032855 0.004436 -0.007499
v -0.032373 0.004436 -0.010618
v -0.032373 0.004436 -0.010618
v -0.032855 0.004436 -0.007499
v -0.030363 0.004436 -0.014622
v -0.032373 0.004436 -0.010618
v -0.030363 0.004436 -0.014622
v -0.032225 0.004436 -0.011077
v -0.007622 0.004436 -0.033232
v -0.008580 0.004436 -0.033024
v -0.007499 0.004436 -0.032855
v -0.007499 0.004436 -0.032855
v -0.008580 0.004436 -0.033024
v -0.011893 0.004436 -0.032078
v -0.007499 0.004436 -0.032855
v -0.011893 0.004436 -0.032078
v -0.014622 0.004436 -0.030363
v -0.014622 0.004436 -0.030363
v -0.011893 0.004436 -0.032078
v -0.015017 0.004436 -0.030807
v -0.014622 0.004436 -0.030363
v -0.015017 0.004436 -0.030807
v -0.017998 0.004436 -0.029190
v -0.027419 0.004436 -0.020406
v -0.028622 0.004436 -0.018654
v -0.026348 0.004436 -0.021012
v -0.026348 0.004436 -0.021012
v -0.028622 0.004436 -0.018654
v -0.029356 0.004436 -0.017456
v -0.026348 0.004436 -0.021012
v -0.029356 0.004436 -0.017456
v -0.030363 0.004436 -0.014622
v -0.030363 0.004436 -0.014622
v -0.029356 0.004436 -0.017456
v -0.030951 0.004436 -0.014362
v -0.030363 0.004436 -0.014622
v -0.030951 0.004436 -0.014362
v -0.032225 0.004436 -0.011077
v 0.007213 -0.006954 -0.039201
v 0.006321 -0.005764 -0.037826
v 0.011954 -0.004581 -0.034845
v 0.028589 -0.027025 -0.033137
v 0.028083 -0.024030 -0.031237
v 0.029846 -0.027383 -0.026962
v 0.006705 0.004436 -0.033405
v 0.007055 0.004436 -0.033342
v 0.007203 0.002324 -0.033528
v 0.034000 -0.004948 0.000000
v 0.034000 -0.006487 -0.000113
v 0.033717 -0.002197 -0.004657
v 0.027422 -0.039523 -0.041506
v 0.027397 -0.038157 -0.042893
v 0.028475 -0.035465 -0.040082
v 0.027397 -0.038157 -0.042893
v 0.027422 -0.039523 -0.041506
v 0.026796 -0.037375 -0.046064
v 0.027398 -0.019618 -0.055673
v 0.027552 -0.024149 -0.051433
v 0.027736 -0.022388 -0.054783
v 0.014897 -0.003811 -0.058813
v 0.014816 -0.001086 -0.061633
v 0.013755 -0.001539 -0.060917
v 0.013755 -0.001539 -0.060917
v 0.014816 -0.001086 -0.061633
v 0.014787 -0.001073 -0.061637
v 0.013755 -0.001539 -0.060917
v 0.014787 -0.001073 -0.061637
v 0.010325 0.000360 -0.062098
v 0.005094 0.001009 -0.062306
v 0.000626 -0.000813 -0.060776
v 0.002345 -0.002413 -0.059280
v 0.000000 -0.008383 -0.045981
v 0.000718 -0.008368 -0.046842
v 0.000000 -0.008189 -0.048669
v 0.000000 0.002010 -0.034108
v 0.000095 0.001529 -0.034183
v -0.000000 -0.000047 -0.034573
v 0.000000 0.004436 -0.034000
v 0.001377 0.004436 -0.033974
v 0.000000 0.003776 -0.034000
v 0.000000 0.003776 -0.034000
v 0.001377 0.004436 -0.033974
v 0.003574 0.003182 -0.033880
v 0.000095 0.001529 -0.034183
v 0.000535 -0.000465 -0.034714
v -0.000000 -0.000047 -0.034573
v -0.000000 -0.000047 -0.034573
v 0.000535 -0.000465 -0.034714
v 0.001084 -0.002280 -0.035538
v -0.000000 -0.000047 -0.034573
v 0.001084 -0.002280 -0.035538
v -0.000000 -0.002075 -0.035436
v -0.000000 -0.002075 -0.035436
v 0.001084 -0.002280 -0.035538
v 0.001752 -0.003902 -0.036609
v -0.000000 -0.002075 -0.035436
v 0.001752 -0.003902 -0.036609
v -0.000000 -0.003913 -0.036656
v -0.000000 -0.003913 -0.036656
v 0.001752 -0.003902 -0.036609
v 0.000000 -0.005382 -0.038061
v 0.000000 -0.005382 -0.038061
v 0.001752 -0.003902 -0.036609
v 0.002544 -0.005329 -0.037904
v 0.000000 -0.005382 -0.038061
v 0.002544 -0.005329 -0.037904
v 0.000000 -0.006213 -0.039117
v 0.000000 -0.006704 -0.039877
v 0.000639 -0.007319 -0.041053
v 0.000000 -0.007646 -0.041860
v 0.000000 -0.007646 -0.041860
v 0.000639 -0.007319 -0.041053
v 0.001836 -0.007996 -0.042905
v 0.000000 -0.007646 -0.041860
v 0.001836 -0.007996 -0.042905
v 0.000000 -0.008217 -0.044004
v 0.000000 -0.008217 -0.044004
v 0.001836 -0.007996 -0.042905
v 0.000000 -0.008383 -0.045981
v 0.000000 -0.008383 -0.045981
v 0.001836 -0.007996 -0.042905
v 0.003155 -0.008370 -0.044779
v 0.000000 -0.008383 -0.045981
v 0.003155 -0.008370 -0.044779
v 0.000718 -0.008368 -0.046842
v 0.000000 -0.006636 -0.053603
v 0.001960 -0.005123 -0.056110
v 0.000000 -0.005294 -0.055882
v 0.000000 -0.005294 -0.055882
v 0.001960 -0.005123 -0.056110
v 0.000098 -0.003844 -0.057761
v 0.000000 -0.005294 -0.055882
v 0.000098 -0.003844 -0.057761
v -0.000000 -0.003622 -0.058016
v 0.005094 0.001009 -0.062306
v 0.000000 0.001101 -0.062336
v 0.000626 -0.000813 -0.060776
v 0.000626 -0.000813 -0.060776
v 0.000000 0.001101 -0.062336
v -0.000000 -0.001343 -0.060309
v 0.000626 -0.000813 -0.060776
v -0.000000 -0.001343 -0.060309
v 0.002345 -0.002413 -0.059280
v 0.016049 -0.006000 -0.056535
v 0.018563 -0.003314 -0.060916
v 0.014897 -0.003811 -0.058813
v 0.014897 -0.003811 -0.058813
v 0.018563 -0.003314 -0.060916
v 0.017892 -0.002825 -0.061073
v 0.014897 -0.003811 -0.058813
v 0.017892 -0.002825 -0.061073
v 0.014816 -0.001086 -0.061633
v 0.019851 -0.004390 -0.060570
v 0.018607 -0.003347 -0.060905
v 0.019202 -0.005279 -0.059162
v 0.020061 -0.007792 -0.056726
v 0.022653 -0.007549 -0.059555
v 0.019202 -0.005279 -0.059162
v 0.019202 -0.005279 -0.059162
v 0.022653 -0.007549 -0.059555
v 0.022030 -0.006726 -0.059819
v 0.019202 -0.005279 -0.059162
v 0.022030 -0.006726 -0.059819
v 0.019851 -0.004390 -0.060570
v 0.022718 -0.007639 -0.059525
v 0.022670 -0.007641 -0.059471
v 0.023269 -0.008447 -0.059265
v 0.023269 -0.008447 -0.059265
v 0.022670 -0.007641 -0.059471
v 0.023255 -0.010439 -0.056888
v 0.023874 -0.013161 -0.054203
v 0.024729 -0.011024 -0.058437
v 0.023255 -0.010439 -0.056888
v 0.023255 -0.010439 -0.056888
v 0.024729 -0.011024 -0.058437
v 0.024522 -0.010612 -0.058570
v 0.023255 -0.010439 -0.056888
v 0.024522 -0.010612 -0.058570
v 0.023269 -0.008447 -0.059265
v 0.025793 -0.013498 -0.057642
v 0.025672 -0.013804 -0.057037
v 0.026686 -0.016290 -0.056743
v 0.026686 -0.016290 -0.056743
v 0.025672 -0.013804 -0.057037
v 0.026028 -0.016780 -0.054242
v 0.026878 -0.022466 -0.048507
v 0.027340 -0.019270 -0.055785
v 0.026028 -0.016780 -0.054242
v 0.026028 -0.016780 -0.054242
v 0.027340 -0.019270 -0.055785
v 0.026989 -0.017514 -0.056350
v 0.026028 -0.016780 -0.054242
v 0.026989 -0.017514 -0.056350
v 0.026686 -0.016290 -0.056743
v 0.027690 -0.028963 -0.052668
v 0.027861 -0.025422 -0.053807
v 0.027687 -0.029198 -0.051646
v 0.027687 -0.029198 -0.051646
v 0.027861 -0.025422 -0.053807
v 0.027736 -0.022388 -0.054783
v 0.027687 -0.029198 -0.051646
v 0.027736 -0.022388 -0.054783
v 0.027727 -0.027155 -0.048502
v 0.027727 -0.027155 -0.048502
v 0.027736 -0.022388 -0.054783
v 0.027552 -0.024149 -0.051433
v 0.027727 -0.027155 -0.048502
v 0.027552 -0.024149 -0.051433
v 0.026878 -0.022466 -0.048507
v 0.026878 -0.022466 -0.048507
v 0.027552 -0.024149 -0.051433
v 0.027398 -0.019618 -0.055673
v 0.026878 -0.022466 -0.048507
v 0.027398 -0.019618 -0.055673
v 0.027340 -0.019270 -0.055785
v 0.027514 -0.032336 -0.048662
v 0.026402 -0.035549 -0.050551
v 0.027340 -0.031574 -0.051829
v 0.026796 -0.037375 -0.046064
v 0.026402 -0.035549 -0.050551
v 0.027417 -0.035323 -0.045726
v 0.027417 -0.035323 -0.045726
v 0.026402 -0.035549 -0.050551
v 0.027514 -0.032336 -0.048662
v 0.027417 -0.035323 -0.045726
v 0.027514 -0.032336 -0.048662
v 0.027950 -0.030046 -0.045603
v 0.029658 -0.045585 -0.030037
v 0.029441 -0.045048 -0.031040
v 0.029509 -0.044887 -0.030899
v 0.029509 -0.044887 -0.030899
v 0.029441 -0.045048 -0.031040
v 0.028659 -0.043042 -0.034762
v 0.029509 -0.044887 -0.030899
v 0.028659 -0.043042 -0.034762
v 0.028983 -0.040409 -0.035209
v 0.028983 -0.040409 -0.035209
v 0.028659 -0.043042 -0.034762
v 0.028029 -0.041320 -0.037996
v 0.030583 -0.047811 -0.025784
v 0.031092 -0.045398 -0.024686
v 0.031881 -0.050789 -0.019516
v 0.031881 -0.050789 -0.019516
v 0.031092 -0.045398 -0.024686
v 0.031773 -0.048903 -0.020606
v 0.031881 -0.050789 -0.019516
v 0.031773 -0.048903 -0.020606
v 0.032476 -0.052107 -0.016284
v 0.032971 -0.053187 -0.013206
v 0.032689 -0.052575 -0.015014
v 0.032944 -0.048365 -0.014450
v 0.032971 -0.053187 -0.013206
v 0.032944 -0.048365 -0.014450
v 0.033284 -0.053861 -0.010931
v 0.033927 -0.055225 -0.003502
v 0.033691 -0.054727 -0.007126
v 0.033856 -0.054211 -0.005085
v 0.033856 -0.054211 -0.005085
v 0.033691 -0.054727 -0.007126
v 0.033284 -0.053861 -0.010931
v 0.033856 -0.054211 -0.005085
v 0.033284 -0.053861 -0.010931
v 0.033481 -0.051362 -0.009903
v 0.033481 -0.051362 -0.009903
v 0.033284 -0.053861 -0.010931
v 0.032944 -0.048365 -0.014450
v 0.033980 -0.046798 -0.002044
v 0.034000 -0.048112 0.000000
v 0.034000 -0.055383 0.000000
v 0.034000 -0.028658 0.000000
v 0.033995 -0.027677 -0.000924
v 0.034000 -0.023944 0.000000
v 0.034000 -0.023944 0.000000
v 0.033995 -0.027677 -0.000924
v 0.033792 -0.024038 -0.005215
v 0.034000 -0.023944 0.000000
v 0.033792 -0.024038 -0.005215
v 0.034000 -0.018134 0.000000
v 0.034000 0.004436 0.000000
v 0.034000 -0.004948 0.000000
v 0.033893 0.004436 -0.002750
v 0.033893 0.004436 -0.002750
v 0.034000 -0.004948 0.000000
v 0.033717 -0.002197 -0.004657
v 0.033893 0.004436 -0.002750
v 0.033717 -0.002197 -0.004657
v 0.033435 0.004436 -0.006309
v 0.031077 0.004436 -0.014080
v 0.032323 0.004436 -0.010776
v 0.032798 0.001610 -0.009280
v 0.032798 0.001610 -0.009280
v 0.032323 0.004436 -0.010776
v 0.032902 0.004436 -0.008754
v 0.032798 0.001610 -0.009280
v 0.032902 0.004436 -0.008754
v 0.033717 -0.002197 -0.004657
v 0.033717 -0.002197 -0.004657
v 0.032902 0.004436 -0.008754
v 0.033240 0.004436 -0.007303
v 0.033717 -0.002197 -0.004657
v 0.033240 0.004436 -0.007303
v 0.033435 0.004436 -0.006309
v 0.028622 0.004436 -0.018654
v 0.029491 0.004436 -0.017223
v 0.028567 0.002094 -0.018931
v 0.028567 0.002094 -0.018931
v 0.029491 0.004436 -0.017223
v 0.031077 0.004436 -0.014080
v 0.028567 0.002094 -0.018931
v 0.031077 0.004436 -0.014080
v 0.028512 -0.002796 -0.019612
v 0.021768 -0.004528 -0.028165
v 0.019098 -0.000018 -0.029125
v 0.021420 -0.000180 -0.027377
v 0.021420 -0.000180 -0.027377
v 0.019098 -0.000018 -0.029125
v 0.021369 0.004436 -0.026799
v 0.021420 -0.000180 -0.027377
v 0.021369 0.004436 -0.026799
v 0.023441 0.004214 -0.024989
v 0.023441 0.004214 -0.024989
v 0.021369 0.004436 -0.026799
v 0.022923 0.004436 -0.025456
v 0.023441 0.004214 -0.024989
v 0.022923 0.004436 -0.025456
v 0.025411 0.004436 -0.022910
v 0.016569 -0.000081 -0.030728
v 0.015895 0.003996 -0.030419
v 0.018610 0.004436 -0.028804
v 0.013380 0.004009 -0.031565
v 0.012564 0.004436 -0.031838
v 0.015679 0.004436 -0.030484
v 0.010369 0.003310 -0.032673
v 0.010393 0.004436 -0.032553
v 0.012564 0.004436 -0.031838
v 0.016877 -0.011507 -0.041476
v 0.018904 -0.012797 -0.043871
v 0.014975 -0.010661 -0.043921
v 0.014975 -0.010661 -0.043921
v 0.018904 -0.012797 -0.043871
v 0.017327 -0.011436 -0.046447
v 0.014975 -0.010661 -0.043921
v 0.017327 -0.011436 -0.046447
v 0.014413 -0.009931 -0.047728
v 0.014413 -0.009931 -0.047728
v 0.017327 -0.011436 -0.046447
v 0.015764 -0.010014 -0.049019
v 0.014413 -0.009931 -0.047728
v 0.015764 -0.010014 -0.049019
v 0.014228 -0.008508 -0.051547
v 0.018607 -0.003347 -0.060905
v 0.018563 -0.003314 -0.060916
v 0.019202 -0.005279 -0.059162
v 0.019202 -0.005279 -0.059162
v 0.018563 -0.003314 -0.060916
v 0.016049 -0.006000 -0.056535
v 0.019202 -0.005279 -0.059162
v 0.016049 -0.006000 -0.056535
v 0.020061 -0.007792 -0.056726
v 0.020061 -0.007792 -0.056726
v 0.016049 -0.006000 -0.056535
v 0.017224 -0.008099 -0.054109
v 0.020061 -0.007792 -0.056726
v 0.017224 -0.008099 -0.054109
v 0.020950 -0.010225 -0.054167
v 0.020950 -0.010225 -0.054167
v 0.017224 -0.008099 -0.054109
v 0.018429 -0.010106 -0.051568
v 0.020950 -0.010225 -0.054167
v 0.018429 -0.010106 -0.051568
v 0.021871 -0.012574 -0.051515
v 0.021871 -0.012574 -0.051515
v 0.018429 -0.010106 -0.051568
v 0.019664 -0.012024 -0.048951
v 0.021871 -0.012574 -0.051515
v 0.019664 -0.012024 -0.048951
v 0.022821 -0.014836 -0.048802
v 0.022821 -0.014836 -0.048802
v 0.019664 -0.012024 -0.048951
v 0.020922 -0.013861 -0.046295
v 0.022821 -0.014836 -0.048802
v 0.020922 -0.013861 -0.046295
v 0.023799 -0.017014 -0.046061
v 0.023799 -0.017014 -0.046061
v 0.020922 -0.013861 -0.046295
v 0.022192 -0.015632 -0.043636
v 0.023799 -0.017014 -0.046061
v 0.025218 -0.018347 -0.048634
v 0.022821 -0.014836 -0.048802
v 0.022821 -0.014836 -0.048802
v 0.025218 -0.018347 -0.048634
v 0.024527 -0.015799 -0.051441
v 0.022821 -0.014836 -0.048802
v 0.024527 -0.015799 -0.051441
v 0.021871 -0.012574 -0.051515
v 0.021871 -0.012574 -0.051515
v 0.024527 -0.015799 -0.051441
v 0.023874 -0.013161 -0.054203
v 0.021871 -0.012574 -0.051515
v 0.023874 -0.013161 -0.054203
v 0.020950 -0.010225 -0.054167
v 0.020950 -0.010225 -0.054167
v 0.023874 -0.013161 -0.054203
v 0.023255 -0.010439 -0.056888
v 0.020950 -0.010225 -0.054167
v 0.023255 -0.010439 -0.056888
v 0.020061 -0.007792 -0.056726
v 0.020061 -0.007792 -0.056726
v 0.023255 -0.010439 -0.056888
v 0.022670 -0.007641 -0.059471
v 0.020061 -0.007792 -0.056726
v 0.022670 -0.007641 -0.059471
v 0.022653 -0.007549 -0.059555
v 0.022653 -0.007549 -0.059555
v 0.022670 -0.007641 -0.059471
v 0.022718 -0.007639 -0.059525
v 0.028589 -0.027025 -0.033137
v 0.026782 -0.023148 -0.038029
v 0.025908 -0.020703 -0.035932
v 0.025793 -0.013498 -0.057642
v 0.024729 -0.011024 -0.058437
v 0.025672 -0.013804 -0.057037
v 0.025672 -0.013804 -0.057037
v 0.024729 -0.011024 -0.058437
v 0.023874 -0.013161 -0.054203
v 0.025672 -0.013804 -0.057037
v 0.023874 -0.013161 -0.054203
v 0.026028 -0.016780 -0.054242
v 0.026028 -0.016780 -0.054242
v 0.023874 -0.013161 -0.054203
v 0.024527 -0.015799 -0.051441
v 0.026028 -0.016780 -0.054242
v 0.024527 -0.015799 -0.051441
v 0.026878 -0.022466 -0.048507
v 0.026878 -0.022466 -0.048507
v 0.024527 -0.015799 -0.051441
v 0.025218 -0.018347 -0.048634
v 0.026878 -0.022466 -0.048507
v 0.025218 -0.018347 -0.048634
v 0.025950 -0.020806 -0.045817
v 0.025950 -0.020806 -0.045817
v 0.025218 -0.018347 -0.048634
v 0.023799 -0.017014 -0.046061
v 0.025950 -0.020806 -0.045817
v 0.023799 -0.017014 -0.046061
v 0.024797 -0.019117 -0.043329
v 0.024797 -0.019117 -0.043329
v 0.023799 -0.017014 -0.046061
v 0.022192 -0.015632 -0.043636
v 0.024797 -0.019117 -0.043329
v 0.022192 -0.015632 -0.043636
v 0.023461 -0.017351 -0.041005
v 0.026796 -0.037375 -0.046064
v 0.027417 -0.035323 -0.045726
v 0.027397 -0.038157 -0.042893
v 0.027397 -0.038157 -0.042893
v 0.027417 -0.035323 -0.045726
v 0.027950 -0.030046 -0.045603
v 0.027397 -0.038157 -0.042893
v 0.027950 -0.030046 -0.045603
v 0.028475 -0.035465 -0.040082
v 0.028475 -0.035465 -0.040082
v 0.027950 -0.030046 -0.045603
v 0.027896 -0.027769 -0.042825
v 0.028475 -0.035465 -0.040082
v 0.027896 -0.027769 -0.042825
v 0.028915 -0.032702 -0.037523
v 0.028915 -0.032702 -0.037523
v 0.027896 -0.027769 -0.042825
v 0.027473 -0.025484 -0.040313
v 0.028915 -0.032702 -0.037523
v 0.027473 -0.025484 -0.040313
v 0.028904 -0.029898 -0.035220
v 0.029846 -0.027383 -0.026962
v 0.028083 -0.024030 -0.031237
v 0.029207 -0.020058 -0.023873
v 0.028589 -0.027025 -0.033137
v 0.025908 -0.020703 -0.035932
v 0.028083 -0.024030 -0.031237
v 0.028083 -0.024030 -0.031237
v 0.025908 -0.020703 -0.035932
v 0.027483 -0.020866 -0.029505
v 0.028083 -0.024030 -0.031237
v 0.027483 -0.020866 -0.029505
v 0.029207 -0.020058 -0.023873
v 0.030063 -0.034096 -0.030699
v 0.031161 -0.034466 -0.024731
v 0.030952 -0.038060 -0.026624
v 0.030952 -0.038060 -0.026624
v 0.031161 -0.034466 -0.024731
v 0.032157 -0.034092 -0.019143
v 0.032157 -0.034092 -0.019143
v 0.032231 -0.025952 -0.016084
v 0.032877 -0.037370 -0.015208
v 0.032877 -0.037370 -0.015208
v 0.032231 -0.025952 -0.016084
v 0.033087 -0.029152 -0.012126
v 0.032877 -0.037370 -0.015208
v 0.033087 -0.029152 -0.012126
v 0.033418 -0.040575 -0.011062
v 0.033418 -0.040575 -0.011062
v 0.033087 -0.029152 -0.012126
v 0.033631 -0.032445 -0.008007
v 0.033418 -0.040575 -0.011062
v 0.033631 -0.032445 -0.008007
v 0.033791 -0.043715 -0.006665
v 0.033791 -0.043715 -0.006665
v 0.033631 -0.032445 -0.008007
v 0.033926 -0.035786 -0.003700
v 0.033791 -0.043715 -0.006665
v 0.033926 -0.035786 -0.003700
v 0.033980 -0.046798 -0.002044
v 0.033980 -0.046798 -0.002044
v 0.033926 -0.035786 -0.003700
v 0.034000 -0.038634 0.000000
v 0.033980 -0.046798 -0.002044
v 0.034000 -0.038634 0.000000
v 0.034000 -0.048112 0.000000
v 0.034000 -0.055383 0.000000
v 0.033927 -0.055225 -0.003502
v 0.033980 -0.046798 -0.002044
v 0.033980 -0.046798 -0.002044
v 0.033927 -0.055225 -0.003502
v 0.033856 -0.054211 -0.005085
v 0.033980 -0.046798 -0.002044
v 0.033856 -0.054211 -0.005085
v 0.033791 -0.043715 -0.006665
v 0.033791 -0.043715 -0.006665
v 0.033856 -0.054211 -0.005085
v 0.033481 -0.051362 -0.009903
v 0.033791 -0.043715 -0.006665
v 0.033481 -0.051362 -0.009903
v 0.033418 -0.040575 -0.011062
v 0.033418 -0.040575 -0.011062
v 0.033481 -0.051362 -0.009903
v 0.032944 -0.048365 -0.014450
v 0.033418 -0.040575 -0.011062
v 0.032944 -0.048365 -0.014450
v 0.032877 -0.037370 -0.015208
v 0.032877 -0.037370 -0.015208
v 0.032944 -0.048365 -0.014450
v 0.032329 -0.045178 -0.018702
v 0.032877 -0.037370 -0.015208
v 0.032329 -0.045178 -0.018702
v 0.032157 -0.034092 -0.019143
v 0.032157 -0.034092 -0.019143
v 0.032329 -0.045178 -0.018702
v 0.031677 -0.041755 -0.022709
v 0.032157 -0.034092 -0.019143
v 0.031677 -0.041755 -0.022709
v 0.030952 -0.038060 -0.026624
v 0.030583 -0.047811 -0.025784
v 0.030529 -0.047683 -0.026035
v 0.031092 -0.045398 -0.024686
v 0.031092 -0.045398 -0.024686
v 0.030529 -0.047683 -0.026035
v 0.029658 -0.045585 -0.030037
v 0.031092 -0.045398 -0.024686
v 0.029658 -0.045585 -0.030037
v 0.030444 -0.041537 -0.028680
v 0.030444 -0.041537 -0.028680
v 0.029658 -0.045585 -0.030037
v 0.029509 -0.044887 -0.030899
v 0.030444 -0.041537 -0.028680
v 0.029509 -0.044887 -0.030899
v 0.029758 -0.037298 -0.032849
v 0.029758 -0.037298 -0.032849
v 0.029509 -0.044887 -0.030899
v 0.028983 -0.040409 -0.035209
v 0.029758 -0.037298 -0.032849
v 0.030063 -0.034096 -0.030699
v 0.030444 -0.041537 -0.028680
v 0.030444 -0.041537 -0.028680
v 0.030063 -0.034096 -0.030699
v 0.030952 -0.038060 -0.026624
v 0.030444 -0.041537 -0.028680
v 0.030952 -0.038060 -0.026624
v 0.031092 -0.045398 -0.024686
v 0.031092 -0.045398 -0.024686
v 0.030952 -0.038060 -0.026624
v 0.031677 -0.041755 -0.022709
v 0.031092 -0.045398 -0.024686
v 0.031677 -0.041755 -0.022709
v 0.031773 -0.048903 -0.020606
v 0.031773 -0.048903 -0.020606
v 0.031677 -0.041755 -0.022709
v 0.032329 -0.045178 -0.018702
v 0.031773 -0.048903 -0.020606
v 0.032329 -0.045178 -0.018702
v 0.032476 -0.052107 -0.016284
v 0.032476 -0.052107 -0.016284
v 0.032329 -0.045178 -0.018702
v 0.032944 -0.048365 -0.014450
v 0.032476 -0.052107 -0.016284
v 0.032944 -0.048365 -0.014450
v 0.032478 -0.052113 -0.016268
v 0.032478 -0.052113 -0.016268
v 0.032944 -0.048365 -0.014450
v 0.032689 -0.052575 -0.015014
v 0.025370 0.003704 -0.023019
v 0.028567 0.002094 -0.018931
v 0.025398 -0.001119 -0.023593
v 0.025398 -0.001119 -0.023593
v 0.028567 0.002094 -0.018931
v 0.028512 -0.002796 -0.019612
v 0.025398 -0.001119 -0.023593
v 0.028512 -0.002796 -0.019612
v 0.025562 -0.005665 -0.024365
v 0.030851 -0.005149 -0.015486
v 0.030790 -0.009860 -0.016420
v 0.028548 -0.007466 -0.020436
v 0.028548 -0.007466 -0.020436
v 0.030790 -0.009860 -0.016420
v 0.028681 -0.011899 -0.021418
v 0.028548 -0.007466 -0.020436
v 0.028681 -0.011899 -0.021418
v 0.025871 -0.009909 -0.025351
v 0.025871 -0.009909 -0.025351
v 0.028681 -0.011899 -0.021418
v 0.026318 -0.013845 -0.026547
v 0.030851 -0.005149 -0.015486
v 0.032480 -0.008102 -0.011245
v 0.030790 -0.009860 -0.016420
v 0.030790 -0.009860 -0.016420
v 0.032480 -0.008102 -0.011245
v 0.030795 -0.014388 -0.017471
v 0.030790 -0.009860 -0.016420
v 0.030795 -0.014388 -0.017471
v 0.028681 -0.011899 -0.021418
v 0.028681 -0.011899 -0.021418
v 0.030795 -0.014388 -0.017471
v 0.028908 -0.016094 -0.022565
v 0.028681 -0.011899 -0.021418
v 0.028908 -0.016094 -0.022565
v 0.026318 -0.013845 -0.026547
v 0.026318 -0.013845 -0.026547
v 0.028908 -0.016094 -0.022565
v 0.026872 -0.017486 -0.027938
v 0.027473 -0.025484 -0.040313
v 0.026782 -0.023148 -0.038029
v 0.028904 -0.029898 -0.035220
v 0.028904 -0.029898 -0.035220
v 0.026782 -0.023148 -0.038029
v 0.028589 -0.027025 -0.033137
v 0.028904 -0.029898 -0.035220
v 0.028589 -0.027025 -0.033137
v 0.030053 -0.030801 -0.028745
v 0.030053 -0.030801 -0.028745
v 0.028589 -0.027025 -0.033137
v 0.029846 -0.027383 -0.026962
v 0.030053 -0.030801 -0.028745
v 0.029846 -0.027383 -0.026962
v 0.031180 -0.030751 -0.022995
v 0.031180 -0.030751 -0.022995
v 0.029846 -0.027383 -0.026962
v 0.029207 -0.020058 -0.023873
v 0.031180 -0.030751 -0.022995
v 0.029207 -0.020058 -0.023873
v 0.030970 -0.022900 -0.019960
v 0.030970 -0.022900 -0.019960
v 0.029207 -0.020058 -0.023873
v 0.030860 -0.018733 -0.018650
v 0.030970 -0.022900 -0.019960
v 0.030860 -0.018733 -0.018650
v 0.032287 -0.017299 -0.013477
v 0.025871 -0.009909 -0.025351
v 0.025562 -0.005665 -0.024365
v 0.028548 -0.007466 -0.020436
v 0.028548 -0.007466 -0.020436
v 0.025562 -0.005665 -0.024365
v 0.028512 -0.002796 -0.019612
v 0.028548 -0.007466 -0.020436
v 0.028512 -0.002796 -0.019612
v 0.030851 -0.005149 -0.015486
v 0.030851 -0.005149 -0.015486
v 0.028512 -0.002796 -0.019612
v 0.031077 0.004436 -0.014080
v 0.030851 -0.005149 -0.015486
v 0.031077 0.004436 -0.014080
v 0.032480 -0.008102 -0.011245
v 0.032480 -0.008102 -0.011245
v 0.031077 0.004436 -0.014080
v 0.032798 0.001610 -0.009280
v 0.032480 -0.008102 -0.011245
v 0.032798 0.001610 -0.009280
v 0.033473 -0.011557 -0.006937
v 0.033473 -0.011557 -0.006937
v 0.032798 0.001610 -0.009280
v 0.033717 -0.002197 -0.004657
v 0.033473 -0.011557 -0.006937
v 0.033717 -0.002197 -0.004657
v 0.033933 -0.015384 -0.002606
v 0.033933 -0.015384 -0.002606
v 0.033717 -0.002197 -0.004657
v 0.034000 -0.006487 -0.000113
v 0.033933 -0.015384 -0.002606
v 0.034000 -0.006487 -0.000113
v 0.034000 -0.006932 0.000000
v 0.034000 -0.006932 0.000000
v 0.034000 -0.006487 -0.000113
v 0.034000 -0.004948 0.000000
v 0.034000 -0.006932 0.000000
v 0.034000 -0.018134 0.000000
v 0.033933 -0.015384 -0.002606
v 0.033933 -0.015384 -0.002606
v 0.034000 -0.018134 0.000000
v 0.033792 -0.024038 -0.005215
v 0.033933 -0.015384 -0.002606
v 0.033792 -0.024038 -0.005215
v 0.033473 -0.011557 -0.006937
v 0.033473 -0.011557 -0.006937
v 0.033792 -0.024038 -0.005215
v 0.033253 -0.020548 -0.009400
v 0.033473 -0.011557 -0.006937
v 0.033253 -0.020548 -0.009400
v 0.032480 -0.008102 -0.011245
v 0.032480 -0.008102 -0.011245
v 0.033253 -0.020548 -0.009400
v 0.032287 -0.017299 -0.013477
v 0.032480 -0.008102 -0.011245
v 0.032287 -0.017299 -0.013477
v 0.030795 -0.014388 -0.017471
v 0.030795 -0.014388 -0.017471
v 0.032287 -0.017299 -0.013477
v 0.030860 -0.018733 -0.018650
v 0.030795 -0.014388 -0.017471
v 0.030860 -0.018733 -0.018650
v 0.028908 -0.016094 -0.022565
v 0.028908 -0.016094 -0.022565
v 0.030860 -0.018733 -0.018650
v 0.029207 -0.020058 -0.023873
v 0.028908 -0.016094 -0.022565
v 0.029207 -0.020058 -0.023873
v 0.026872 -0.017486 -0.027938
v 0.026872 -0.017486 -0.027938
v 0.029207 -0.020058 -0.023873
v 0.027483 -0.020866 -0.029505
v 0.026872 -0.017486 -0.027938
v 0.027483 -0.020866 -0.029505
v 0.024939 -0.018085 -0.033997
v 0.024939 -0.018085 -0.033997
v 0.027483 -0.020866 -0.029505
v 0.025908 -0.020703 -0.035932
v 0.024939 -0.018085 -0.033997
v 0.025908 -0.020703 -0.035932
v 0.023461 -0.017351 -0.041005
v 0.023461 -0.017351 -0.041005
v 0.025908 -0.020703 -0.035932
v 0.026782 -0.023148 -0.038029
v 0.023461 -0.017351 -0.041005
v 0.026782 -0.023148 -0.038029
v 0.024797 -0.019117 -0.043329
v 0.024797 -0.019117 -0.043329
v 0.026782 -0.023148 -0.038029
v 0.027473 -0.025484 -0.040313
v 0.024797 -0.019117 -0.043329
v 0.027473 -0.025484 -0.040313
v 0.025950 -0.020806 -0.045817
v 0.025950 -0.020806 -0.045817
v 0.027473 -0.025484 -0.040313
v 0.027896 -0.027769 -0.042825
v 0.025950 -0.020806 -0.045817
v 0.027896 -0.027769 -0.042825
v 0.026878 -0.022466 -0.048507
v 0.026878 -0.022466 -0.048507
v 0.027896 -0.027769 -0.042825
v 0.027950 -0.030046 -0.045603
v 0.026878 -0.022466 -0.048507
v 0.027950 -0.030046 -0.045603
v 0.027727 -0.027155 -0.048502
v 0.027727 -0.027155 -0.048502
v 0.027950 -0.030046 -0.045603
v 0.027514 -0.032336 -0.048662
v 0.027727 -0.027155 -0.048502
v 0.027514 -0.032336 -0.048662
v 0.027687 -0.029198 -0.051646
v 0.027687 -0.029198 -0.051646
v 0.027514 -0.032336 -0.048662
v 0.027340 -0.031574 -0.051829
v 0.027687 -0.029198 -0.051646
v 0.027340 -0.031574 -0.051829
v 0.027690 -0.028963 -0.052668
v 0.034000 -0.028658 0.000000
v 0.034000 -0.038634 0.000000
v 0.033995 -0.027677 -0.000924
v 0.033995 -0.027677 -0.000924
v 0.034000 -0.038634 0.000000
v 0.033926 -0.035786 -0.003700
v 0.033995 -0.027677 -0.000924
v 0.033926 -0.035786 -0.003700
v 0.033792 -0.024038 -0.005215
v 0.033792 -0.024038 -0.005215
v 0.033926 -0.035786 -0.003700
v 0.033631 -0.032445 -0.008007
v 0.033792 -0.024038 -0.005215
v 0.033631 -0.032445 -0.008007
v 0.033253 -0.020548 -0.009400
v 0.033253 -0.020548 -0.009400
v 0.033631 -0.032445 -0.008007
v 0.033087 -0.029152 -0.012126
v 0.033253 -0.020548 -0.009400
v 0.033087 -0.029152 -0.012126
v 0.032287 -0.017299 -0.013477
v 0.032287 -0.017299 -0.013477
v 0.033087 -0.029152 -0.012126
v 0.032231 -0.025952 -0.016084
v 0.032287 -0.017299 -0.013477
v 0.032231 -0.025952 -0.016084
v 0.030970 -0.022900 -0.019960
v 0.030970 -0.022900 -0.019960
v 0.032231 -0.025952 -0.016084
v 0.032157 -0.034092 -0.019143
v 0.030970 -0.022900 -0.019960
v 0.032157 -0.034092 -0.019143
v 0.031180 -0.030751 -0.022995
v 0.031180 -0.030751 -0.022995
v 0.032157 -0.034092 -0.019143
v 0.031161 -0.034466 -0.024731
v 0.031180 -0.030751 -0.022995
v 0.031161 -0.034466 -0.024731
v 0.030053 -0.030801 -0.028745
v 0.030053 -0.030801 -0.028745
v 0.031161 -0.034466 -0.024731
v 0.030063 -0.034096 -0.030699
v 0.030053 -0.030801 -0.028745
v 0.030063 -0.034096 -0.030699
v 0.028904 -0.029898 -0.035220
v 0.028904 -0.029898 -0.035220
v 0.030063 -0.034096 -0.030699
v 0.029758 -0.037298 -0.032849
v 0.028904 -0.029898 -0.035220
v 0.029758 -0.037298 -0.032849
v 0.028915 -0.032702 -0.037523
v 0.028915 -0.032702 -0.037523
v 0.029758 -0.037298 -0.032849
v 0.028983 -0.040409 -0.035209
v 0.028915 -0.032702 -0.037523
v 0.028983 -0.040409 -0.035209
v 0.028475 -0.035465 -0.040082
v 0.028475 -0.035465 -0.040082
v 0.028983 -0.040409 -0.035209
v 0.028029 -0.041320 -0.037996
v 0.028475 -0.035465 -0.040082
v 0.028029 -0.041320 -0.037996
v 0.027422 -0.039523 -0.041506
v 0.012564 0.004436 -0.031838
v 0.013380 0.004009 -0.031565
v 0.010369 0.003310 -0.032673
v 0.010369 0.003310 -0.032673
v 0.013380 0.004009 -0.031565
v 0.013854 -0.000383 -0.032160
v 0.010369 0.003310 -0.032673
v 0.013854 -0.000383 -0.032160
v 0.010982 -0.000931 -0.033414
v 0.007055 0.004436 -0.033342
v 0.010393 0.004436 -0.032553
v 0.007203 0.002324 -0.033528
v 0.007203 0.002324 -0.033528
v 0.010393 0.004436 -0.032553
v 0.010369 0.003310 -0.032673
v 0.007203 0.002324 -0.033528
v 0.010369 0.003310 -0.032673
v 0.007543 0.000225 -0.033910
v 0.007543 0.000225 -0.033910
v 0.010369 0.003310 -0.032673
v 0.010982 -0.000931 -0.033414
v 0.007543 0.000225 -0.033910
v 0.010982 -0.000931 -0.033414
v 0.007981 -0.001723 -0.034517
v 0.000000 -0.006213 -0.039117
v 0.002544 -0.005329 -0.037904
v 0.000000 -0.006704 -0.039877
v 0.000000 -0.006704 -0.039877
v 0.002544 -0.005329 -0.037904
v 0.003461 -0.006535 -0.039390
v 0.000000 -0.006704 -0.039877
v 0.003461 -0.006535 -0.039390
v 0.000639 -0.007319 -0.041053
v 0.000639 -0.007319 -0.041053
v 0.003461 -0.006535 -0.039390
v 0.004503 -0.007489 -0.041011
v 0.000639 -0.007319 -0.041053
v 0.004503 -0.007489 -0.041011
v 0.001836 -0.007996 -0.042905
v 0.001836 -0.007996 -0.042905
v 0.004503 -0.007489 -0.041011
v 0.005662 -0.008175 -0.042687
v 0.001836 -0.007996 -0.042905
v 0.005662 -0.008175 -0.042687
v 0.003155 -0.008370 -0.044779
v -0.000000 -0.001343 -0.060309
v -0.000000 -0.003622 -0.058016
v 0.002345 -0.002413 -0.059280
v 0.002345 -0.002413 -0.059280
v -0.000000 -0.003622 -0.058016
v 0.000098 -0.003844 -0.057761
v 0.002345 -0.002413 -0.059280
v 0.000098 -0.003844 -0.057761
v 0.004069 -0.003936 -0.057608
v 0.004069 -0.003936 -0.057608
v 0.000098 -0.003844 -0.057761
v 0.001960 -0.005123 -0.056110
v 0.006928 -0.008614 -0.044349
v 0.008285 -0.008845 -0.045948
v 0.004585 -0.008488 -0.046589
v 0.004585 -0.008488 -0.046589
v 0.008285 -0.008845 -0.045948
v 0.006110 -0.008407 -0.048288
v 0.004585 -0.008488 -0.046589
v 0.006110 -0.008407 -0.048288
v 0.002307 -0.008191 -0.048758
v 0.002307 -0.008191 -0.048758
v 0.006110 -0.008407 -0.048288
v 0.003992 -0.007823 -0.050531
v 0.002307 -0.008191 -0.048758
v 0.003992 -0.007823 -0.050531
v 0.000090 -0.007738 -0.050755
v 0.000090 -0.007738 -0.050755
v 0.003992 -0.007823 -0.050531
v 0.001928 -0.007092 -0.052590
v 0.003840 -0.006281 -0.054241
v 0.001928 -0.007092 -0.052590
v 0.005751 -0.007294 -0.052146
v 0.005751 -0.007294 -0.052146
v 0.001928 -0.007092 -0.052590
v 0.003992 -0.007823 -0.050531
v 0.005751 -0.007294 -0.052146
v 0.003992 -0.007823 -0.050531
v 0.007707 -0.008167 -0.049861
v 0.007707 -0.008167 -0.049861
v 0.003992 -0.007823 -0.050531
v 0.006110 -0.008407 -0.048288
v 0.007707 -0.008167 -0.049861
v 0.006110 -0.008407 -0.048288
v 0.009715 -0.008910 -0.047461
v 0.009715 -0.008910 -0.047461
v 0.006110 -0.008407 -0.048288
v 0.008285 -0.008845 -0.045948
v 0.009715 -0.008910 -0.047461
v 0.011195 -0.008849 -0.048888
v 0.007707 -0.008167 -0.049861
v 0.007707 -0.008167 -0.049861
v 0.011195 -0.008849 -0.048888
v 0.009357 -0.007808 -0.051317
v 0.007707 -0.008167 -0.049861
v 0.009357 -0.007808 -0.051317
v 0.005751 -0.007294 -0.052146
v 0.005751 -0.007294 -0.052146
v 0.009357 -0.007808 -0.051317
v 0.007562 -0.006645 -0.053616
v 0.005751 -0.007294 -0.052146
v 0.007562 -0.006645 -0.053616
v 0.003840 -0.006281 -0.054241
v 0.003840 -0.006281 -0.054241
v 0.007562 -0.006645 -0.053616
v 0.005804 -0.005353 -0.055723
v 0.005662 -0.008175 -0.042687
v 0.006928 -0.008614 -0.044349
v 0.003155 -0.008370 -0.044779
v 0.003155 -0.008370 -0.044779
v 0.006928 -0.008614 -0.044349
v 0.004585 -0.008488 -0.046589
v 0.003155 -0.008370 -0.044779
v 0.004585 -0.008488 -0.046589
v 0.000718 -0.008368 -0.046842
v 0.000718 -0.008368 -0.046842
v 0.004585 -0.008488 -0.046589
v 0.002307 -0.008191 -0.048758
v 0.000718 -0.008368 -0.046842
v 0.002307 -0.008191 -0.048758
v 0.000000 -0.008189 -0.048669
v 0.000000 -0.008189 -0.048669
v 0.002307 -0.008191 -0.048758
v 0.000090 -0.007738 -0.050755
v 0.000000 -0.008189 -0.048669
v 0.000090 -0.007738 -0.050755
v 0.000000 -0.007574 -0.051296
v 0.000000 -0.007574 -0.051296
v 0.000090 -0.007738 -0.050755
v 0.001928 -0.007092 -0.052590
v 0.000000 -0.007574 -0.051296
v 0.001928 -0.007092 -0.052590
v 0.000000 -0.006636 -0.053603
v 0.000000 -0.006636 -0.053603
v 0.001928 -0.007092 -0.052590
v 0.003840 -0.006281 -0.054241
v 0.000000 -0.006636 -0.053603
v 0.003840 -0.006281 -0.054241
v 0.001960 -0.005123 -0.056110
v 0.001960 -0.005123 -0.056110
v 0.003840 -0.006281 -0.054241
v 0.005804 -0.005353 -0.055723
v 0.001960 -0.005123 -0.056110
v 0.005804 -0.005353 -0.055723
v 0.004069 -0.003936 -0.057608
v 0.011954 -0.004581 -0.034845
v 0.006321 -0.005764 -0.037826
v 0.011421 -0.002838 -0.034048
v 0.011421 -0.002838 -0.034048
v 0.006321 -0.005764 -0.037826
v 0.005546 -0.004351 -0.036592
v 0.011421 -0.002838 -0.034048
v 0.005546 -0.004351 -0.036592
v 0.004888 -0.002735 -0.035544
v 0.008215 -0.007911 -0.040658
v 0.007213 -0.006954 -0.039201
v 0.012580 -0.006150 -0.035780
v 0.012580 -0.006150 -0.035780
v 0.007213 -0.006954 -0.039201
v 0.011954 -0.004581 -0.034845
v 0.012580 -0.006150 -0.035780
v 0.011954 -0.004581 -0.034845
v 0.017185 -0.004145 -0.031689
v 0.017185 -0.004145 -0.031689
v 0.011954 -0.004581 -0.034845
v 0.011421 -0.002838 -0.034048
v 0.001377 0.004436 -0.033974
v 0.003585 0.004436 -0.033825
v 0.003574 0.003182 -0.033880
v 0.003574 0.003182 -0.033880
v 0.003585 0.004436 -0.033825
v 0.006705 0.004436 -0.033405
v 0.003574 0.003182 -0.033880
v 0.006705 0.004436 -0.033405
v 0.003910 0.001053 -0.034156
v 0.003910 0.001053 -0.034156
v 0.006705 0.004436 -0.033405
v 0.007203 0.002324 -0.033528
v 0.003910 0.001053 -0.034156
v 0.007203 0.002324 -0.033528
v 0.004345 -0.000929 -0.034721
v 0.004345 -0.000929 -0.034721
v 0.007203 0.002324 -0.033528
v 0.007543 0.000225 -0.033910
v 0.004345 -0.000929 -0.034721
v 0.007543 0.000225 -0.033910
v 0.004888 -0.002735 -0.035544
v 0.004888 -0.002735 -0.035544
v 0.007543 0.000225 -0.033910
v 0.007981 -0.001723 -0.034517
v 0.004888 -0.002735 -0.035544
v 0.007981 -0.001723 -0.034517
v 0.011421 -0.002838 -0.034048
v 0.011421 -0.002838 -0.034048
v 0.007981 -0.001723 -0.034517
v 0.010982 -0.000931 -0.033414
v 0.011421 -0.002838 -0.034048
v 0.010982 -0.000931 -0.033414
v 0.017185 -0.004145 -0.031689
v 0.017185 -0.004145 -0.031689
v 0.010982 -0.000931 -0.033414
v 0.013854 -0.000383 -0.032160
v 0.017185 -0.004145 -0.031689
v 0.013854 -0.000383 -0.032160
v 0.016569 -0.000081 -0.030728
v 0.016569 -0.000081 -0.030728
v 0.013854 -0.000383 -0.032160
v 0.013380 0.004009 -0.031565
v 0.016569 -0.000081 -0.030728
v 0.013380 0.004009 -0.031565
v 0.015895 0.003996 -0.030419
v 0.015895 0.003996 -0.030419
v 0.013380 0.004009 -0.031565
v 0.015679 0.004436 -0.030484
v 0.015895 0.003996 -0.030419
v 0.015679 0.004436 -0.030484
v 0.018610 0.004436 -0.028804
v 0.013296 -0.007542 -0.036822
v 0.017599 -0.005984 -0.032337
v 0.018082 -0.007690 -0.033081
v 0.018082 -0.007690 -0.033081
v 0.017599 -0.005984 -0.032337
v 0.021768 -0.004528 -0.028165
v 0.018082 -0.007690 -0.033081
v 0.021768 -0.004528 -0.028165
v 0.022323 -0.008485 -0.029258
v 0.009317 -0.008645 -0.042141
v 0.008215 -0.007911 -0.040658
v 0.013296 -0.007542 -0.036822
v 0.013296 -0.007542 -0.036822
v 0.008215 -0.007911 -0.040658
v 0.012580 -0.006150 -0.035780
v 0.013296 -0.007542 -0.036822
v 0.012580 -0.006150 -0.035780
v 0.017599 -0.005984 -0.032337
v 0.017599 -0.005984 -0.032337
v 0.012580 -0.006150 -0.035780
v 0.017185 -0.004145 -0.031689
v 0.017599 -0.005984 -0.032337
v 0.017185 -0.004145 -0.031689
v 0.021768 -0.004528 -0.028165
v 0.021768 -0.004528 -0.028165
v 0.017185 -0.004145 -0.031689
v 0.016569 -0.000081 -0.030728
v 0.021768 -0.004528 -0.028165
v 0.016569 -0.000081 -0.030728
v 0.019098 -0.000018 -0.029125
v 0.019098 -0.000018 -0.029125
v 0.016569 -0.000081 -0.030728
v 0.018610 0.004436 -0.028804
v 0.019098 -0.000018 -0.029125
v 0.018610 0.004436 -0.028804
v 0.021369 0.004436 -0.026799
v 0.009317 -0.008645 -0.042141
v 0.014096 -0.008760 -0.037937
v 0.010506 -0.009181 -0.043607
v 0.010506 -0.009181 -0.043607
v 0.014096 -0.008760 -0.037937
v 0.014968 -0.009814 -0.039098
v 0.010506 -0.009181 -0.043607
v 0.014968 -0.009814 -0.039098
v 0.011764 -0.009550 -0.045031
v 0.011764 -0.009550 -0.045031
v 0.014968 -0.009814 -0.039098
v 0.015900 -0.010723 -0.040282
v 0.015900 -0.010723 -0.040282
v 0.016877 -0.011507 -0.041476
v 0.011764 -0.009550 -0.045031
v 0.011764 -0.009550 -0.045031
v 0.016877 -0.011507 -0.041476
v 0.014975 -0.010661 -0.043921
v 0.011764 -0.009550 -0.045031
v 0.014975 -0.010661 -0.043921
v 0.013073 -0.009788 -0.046403
v 0.013073 -0.009788 -0.046403
v 0.014975 -0.010661 -0.043921
v 0.014413 -0.009931 -0.047728
v 0.013073 -0.009788 -0.046403
v 0.014413 -0.009931 -0.047728
v 0.012706 -0.008702 -0.050242
v 0.012706 -0.008702 -0.050242
v 0.014413 -0.009931 -0.047728
v 0.014228 -0.008508 -0.051547
v 0.012706 -0.008702 -0.050242
v 0.014228 -0.008508 -0.051547
v 0.012725 -0.006901 -0.053981
v 0.019887 -0.012035 -0.035748
v 0.015900 -0.010723 -0.040282
v 0.019234 -0.010709 -0.034802
v 0.019234 -0.010709 -0.034802
v 0.015900 -0.010723 -0.040282
v 0.014968 -0.009814 -0.039098
v 0.019234 -0.010709 -0.034802
v 0.014968 -0.009814 -0.039098
v 0.018629 -0.009263 -0.033908
v 0.018629 -0.009263 -0.033908
v 0.014968 -0.009814 -0.039098
v 0.014096 -0.008760 -0.037937
v 0.020476 -0.014121 -0.041319
v 0.018754 -0.012363 -0.039080
v 0.022021 -0.015431 -0.038812
v 0.022021 -0.015431 -0.038812
v 0.018754 -0.012363 -0.039080
v 0.020577 -0.013255 -0.036737
v 0.022021 -0.015431 -0.038812
v 0.020577 -0.013255 -0.036737
v 0.023965 -0.015221 -0.032222
v 0.023965 -0.015221 -0.032222
v 0.020577 -0.013255 -0.036737
v 0.023070 -0.012040 -0.030627
v 0.009317 -0.008645 -0.042141
v 0.013296 -0.007542 -0.036822
v 0.014096 -0.008760 -0.037937
v 0.014096 -0.008760 -0.037937
v 0.013296 -0.007542 -0.036822
v 0.018082 -0.007690 -0.033081
v 0.014096 -0.008760 -0.037937
v 0.018082 -0.007690 -0.033081
v 0.018629 -0.009263 -0.033908
v 0.018629 -0.009263 -0.033908
v 0.018082 -0.007690 -0.033081
v 0.022323 -0.008485 -0.029258
v 0.018629 -0.009263 -0.033908
v 0.022323 -0.008485 -0.029258
v 0.019234 -0.010709 -0.034802
v 0.019234 -0.010709 -0.034802
v 0.022323 -0.008485 -0.029258
v 0.023070 -0.012040 -0.030627
v 0.019234 -0.010709 -0.034802
v 0.023070 -0.012040 -0.030627
v 0.019887 -0.012035 -0.035748
v 0.019887 -0.012035 -0.035748
v 0.023070 -0.012040 -0.030627
v 0.020577 -0.013255 -0.036737
v 0.019887 -0.012035 -0.035748
v 0.020577 -0.013255 -0.036737
v 0.015900 -0.010723 -0.040282
v 0.015900 -0.010723 -0.040282
v 0.020577 -0.013255 -0.036737
v 0.018754 -0.012363 -0.039080
v 0.015900 -0.010723 -0.040282
v 0.018754 -0.012363 -0.039080
v 0.016877 -0.011507 -0.041476
v 0.016877 -0.011507 -0.041476
v 0.018754 -0.012363 -0.039080
v 0.020476 -0.014121 -0.041319
v 0.016877 -0.011507 -0.041476
v 0.020476 -0.014121 -0.041319
v 0.018904 -0.012797 -0.043871
v 0.005530 0.000984 -0.062298
v 0.005094 0.001009 -0.062306
v 0.006914 0.000521 -0.061972
v 0.006914 0.000521 -0.061972
v 0.005094 0.001009 -0.062306
v 0.002345 -0.002413 -0.059280
v 0.006914 0.000521 -0.061972
v 0.002345 -0.002413 -0.059280
v 0.008360 -0.001464 -0.060268
v 0.008360 -0.001464 -0.060268
v 0.002345 -0.002413 -0.059280
v 0.004069 -0.003936 -0.057608
v 0.008360 -0.001464 -0.060268
v 0.004069 -0.003936 -0.057608
v 0.009803 -0.003372 -0.058368
v 0.009803 -0.003372 -0.058368
v 0.004069 -0.003936 -0.057608
v 0.005804 -0.005353 -0.055723
v 0.009803 -0.003372 -0.058368
v 0.005804 -0.005353 -0.055723
v 0.011253 -0.005188 -0.056267
v 0.011253 -0.005188 -0.056267
v 0.005804 -0.005353 -0.055723
v 0.007562 -0.006645 -0.053616
v 0.011253 -0.005188 -0.056267
v 0.007562 -0.006645 -0.053616
v 0.012725 -0.006901 -0.053981
v 0.012725 -0.006901 -0.053981
v 0.007562 -0.006645 -0.053616
v 0.009357 -0.007808 -0.051317
v 0.012725 -0.006901 -0.053981
v 0.009357 -0.007808 -0.051317
v 0.012706 -0.008702 -0.050242
v 0.012706 -0.008702 -0.050242
v 0.009357 -0.007808 -0.051317
v 0.011195 -0.008849 -0.048888
v 0.012706 -0.008702 -0.050242
v 0.011195 -0.008849 -0.048888
v 0.013073 -0.009788 -0.046403
v 0.013073 -0.009788 -0.046403
v 0.011195 -0.008849 -0.048888
v 0.009715 -0.008910 -0.047461
v 0.013073 -0.009788 -0.046403
v 0.009715 -0.008910 -0.047461
v 0.011764 -0.009550 -0.045031
v 0.011764 -0.009550 -0.045031
v 0.009715 -0.008910 -0.047461
v 0.008285 -0.008845 -0.045948
v 0.011764 -0.009550 -0.045031
v 0.008285 -0.008845 -0.045948
v 0.010506 -0.009181 -0.043607
v 0.010506 -0.009181 -0.043607
v 0.008285 -0.008845 -0.045948
v 0.006928 -0.008614 -0.044349
v 0.010506 -0.009181 -0.043607
v 0.006928 -0.008614 -0.044349
v 0.009317 -0.008645 -0.042141
v 0.009317 -0.008645 -0.042141
v 0.006928 -0.008614 -0.044349
v 0.005662 -0.008175 -0.042687
v 0.009317 -0.008645 -0.042141
v 0.005662 -0.008175 -0.042687
v 0.008215 -0.007911 -0.040658
v 0.008215 -0.007911 -0.040658
v 0.005662 -0.008175 -0.042687
v 0.004503 -0.007489 -0.041011
v 0.008215 -0.007911 -0.040658
v 0.004503 -0.007489 -0.041011
v 0.007213 -0.006954 -0.039201
v 0.007213 -0.006954 -0.039201
v 0.004503 -0.007489 -0.041011
v 0.003461 -0.006535 -0.039390
v 0.007213 -0.006954 -0.039201
v 0.003461 -0.006535 -0.039390
v 0.006321 -0.005764 -0.037826
v 0.006321 -0.005764 -0.037826
v 0.003461 -0.006535 -0.039390
v 0.002544 -0.005329 -0.037904
v 0.006321 -0.005764 -0.037826
v 0.002544 -0.005329 -0.037904
v 0.005546 -0.004351 -0.036592
v 0.005546 -0.004351 -0.036592
v 0.002544 -0.005329 -0.037904
v 0.001752 -0.003902 -0.036609
v 0.005546 -0.004351 -0.036592
v 0.001752 -0.003902 -0.036609
v 0.004888 -0.002735 -0.035544
v 0.004888 -0.002735 -0.035544
v 0.001752 -0.003902 -0.036609
v 0.001084 -0.002280 -0.035538
v 0.004888 -0.002735 -0.035544
v 0.001084 -0.002280 -0.035538
v 0.004345 -0.000929 -0.034721
v 0.004345 -0.000929 -0.034721
v 0.001084 -0.002280 -0.035538
v 0.000535 -0.000465 -0.034714
v 0.004345 -0.000929 -0.034721
v 0.000535 -0.000465 -0.034714
v 0.003910 0.001053 -0.034156
v 0.003910 0.001053 -0.034156
v 0.000535 -0.000465 -0.034714
v 0.000095 0.001529 -0.034183
v 0.003910 0.001053 -0.034156
v 0.000095 0.001529 -0.034183
v 0.003574 0.003182 -0.033880
v 0.003574 0.003182 -0.033880
v 0.000095 0.001529 -0.034183
v 0.000000 0.002010 -0.034108
v 0.003574 0.003182 -0.033880
v 0.000000 0.002010 -0.034108
v 0.000000 0.003776 -0.034000
v 0.005530 0.000984 -0.062298
v 0.006914 0.000521 -0.061972
v 0.010325 0.000360 -0.062098
v 0.010325 0.000360 -0.062098
v 0.006914 0.000521 -0.061972
v 0.008360 -0.001464 -0.060268
v 0.010325 0.000360 -0.062098
v 0.008360 -0.001464 -0.060268
v 0.013755 -0.001539 -0.060917
v 0.013755 -0.001539 -0.060917
v 0.008360 -0.001464 -0.060268
v 0.009803 -0.003372 -0.058368
v 0.013755 -0.001539 -0.060917
v 0.009803 -0.003372 -0.058368
v 0.014897 -0.003811 -0.058813
v 0.014897 -0.003811 -0.058813
v 0.009803 -0.003372 -0.058368
v 0.011253 -0.005188 -0.056267
v 0.014897 -0.003811 -0.058813
v 0.011253 -0.005188 -0.056267
v 0.016049 -0.006000 -0.056535
v 0.016049 -0.006000 -0.056535
v 0.011253 -0.005188 -0.056267
v 0.012725 -0.006901 -0.053981
v 0.016049 -0.006000 -0.056535
v 0.012725 -0.006901 -0.053981
v 0.017224 -0.008099 -0.054109
v 0.017224 -0.008099 -0.054109
v 0.012725 -0.006901 -0.053981
v 0.014228 -0.008508 -0.051547
v 0.017224 -0.008099 -0.054109
v 0.014228 -0.008508 -0.051547
v 0.018429 -0.010106 -0.051568
v 0.018429 -0.010106 -0.051568
v 0.014228 -0.008508 -0.051547
v 0.015764 -0.010014 -0.049019
v 0.018429 -0.010106 -0.051568
v 0.015764 -0.010014 -0.049019
v 0.019664 -0.012024 -0.048951
v 0.019664 -0.012024 -0.048951
v 0.015764 -0.010014 -0.049019
v 0.017327 -0.011436 -0.046447
v 0.019664 -0.012024 -0.048951
v 0.017327 -0.011436 -0.046447
v 0.020922 -0.013861 -0.046295
v 0.020922 -0.013861 -0.046295
v 0.017327 -0.011436 -0.046447
v 0.018904 -0.012797 -0.043871
v 0.020922 -0.013861 -0.046295
v 0.018904 -0.012797 -0.043871
v 0.022192 -0.015632 -0.043636
v 0.022192 -0.015632 -0.043636
v 0.018904 -0.012797 -0.043871
v 0.020476 -0.014121 -0.041319
v 0.022192 -0.015632 -0.043636
v 0.020476 -0.014121 -0.041319
v 0.023461 -0.017351 -0.041005
v 0.023461 -0.017351 -0.041005
v 0.020476 -0.014121 -0.041319
v 0.022021 -0.015431 -0.038812
v 0.023461 -0.017351 -0.041005
v 0.022021 -0.015431 -0.038812
v 0.024939 -0.018085 -0.033997
v 0.024939 -0.018085 -0.033997
v 0.022021 -0.015431 -0.038812
v 0.023965 -0.015221 -0.032222
v 0.024939 -0.018085 -0.033997
v 0.023965 -0.015221 -0.032222
v 0.026872 -0.017486 -0.027938
v 0.026872 -0.017486 -0.027938
v 0.023965 -0.015221 -0.032222
v 0.023070 -0.012040 -0.030627
v 0.026872 -0.017486 -0.027938
v 0.023070 -0.012040 -0.030627
v 0.026318 -0.013845 -0.026547
v 0.026318 -0.013845 -0.026547
v 0.023070 -0.012040 -0.030627
v 0.022323 -0.008485 -0.029258
v 0.026318 -0.013845 -0.026547
v 0.022323 -0.008485 -0.029258
v 0.025871 -0.009909 -0.025351
v 0.025871 -0.009909 -0.025351
v 0.022323 -0.008485 -0.029258
v 0.021768 -0.004528 -0.028165
v 0.025871 -0.009909 -0.025351
v 0.021768 -0.004528 -0.028165
v 0.025562 -0.005665 -0.024365
v 0.025562 -0.005665 -0.024365
v 0.021768 -0.004528 -0.028165
v 0.021420 -0.000180 -0.027377
v 0.025562 -0.005665 -0.024365
v 0.021420 -0.000180 -0.027377
v 0.025398 -0.001119 -0.023593
v 0.025398 -0.001119 -0.023593
v 0.021420 -0.000180 -0.027377
v 0.023441 0.004214 -0.024989
v 0.025398 -0.001119 -0.023593
v 0.023441 0.004214 -0.024989
v 0.025370 0.003704 -0.023019
v 0.025370 0.003704 -0.023019
v 0.023441 0.004214 -0.024989
v 0.025411 0.004436 -0.022910
v 0.025370 0.003704 -0.023019
v 0.025411 0.004436 -0.022910
v 0.028567 0.002094 -0.018931
v 0.028567 0.002094 -0.018931
v 0.025411 0.004436 -0.022910
v 0.027615 0.004436 -0.020135
v 0.028567 0.002094 -0.018931
v 0.027615 0.004436 -0.020135
v 0.028622 0.004436 -0.018654
v 0.023365 -0.050665 -0.035906
v 0.024775 -0.048991 -0.036240
v 0.026423 -0.055726 -0.024709
v -0.000000 -0.058405 -0.032936
v 0.004503 -0.060255 -0.028923
v 0.004502 -0.062489 -0.023440
v 0.000000 -0.051945 -0.045278
v 0.002075 -0.051939 -0.045280
v 0.004501 -0.057700 -0.034359
v 0.025793 -0.037346 -0.049973
v 0.026402 -0.035549 -0.050551
v 0.026796 -0.037375 -0.046064
v 0.027422 -0.039523 -0.041506
v 0.028029 -0.041320 -0.037996
v 0.027633 -0.043216 -0.037536
v 0.033238 -0.058805 -0.000000
v 0.032715 -0.059694 -0.000000
v 0.032564 -0.059645 -0.003392
v 0.032295 -0.060249 -0.000000
v 0.031059 -0.061472 -0.000000
v 0.030898 -0.061398 -0.003386
v 0.019338 -0.065743 -0.000000
v 0.024375 -0.064519 -0.003291
v 0.023559 -0.064865 -0.000000
v 0.023559 -0.064865 -0.000000
v 0.024375 -0.064519 -0.003291
v 0.024731 -0.064539 -0.000000
v 0.024731 -0.064539 -0.000000
v 0.024375 -0.064519 -0.003291
v 0.026806 -0.063836 -0.000000
v 0.026806 -0.063836 -0.000000
v 0.024375 -0.064519 -0.003291
v 0.028873 -0.062734 -0.003363
v 0.026806 -0.063836 -0.000000
v 0.028873 -0.062734 -0.003363
v 0.029263 -0.062690 -0.000000
v 0.033619 -0.057454 -0.003387
v 0.033826 -0.057107 0.000000
v 0.033238 -0.058805 -0.000000
v 0.034000 -0.055383 0.000000
v 0.033826 -0.057107 0.000000
v 0.033927 -0.055225 -0.003502
v 0.033927 -0.055225 -0.003502
v 0.033826 -0.057107 0.000000
v 0.033619 -0.057454 -0.003387
v 0.033927 -0.055225 -0.003502
v 0.033619 -0.057454 -0.003387
v 0.033393 -0.057046 -0.006698
v 0.032689 -0.052575 -0.015014
v 0.032971 -0.053187 -0.013206
v 0.032622 -0.055436 -0.013124
v 0.032622 -0.055436 -0.013124
v 0.032971 -0.053187 -0.013206
v 0.033284 -0.053861 -0.010931
v 0.032622 -0.055436 -0.013124
v 0.033284 -0.053861 -0.010931
v 0.033393 -0.057046 -0.006698
v 0.033393 -0.057046 -0.006698
v 0.033284 -0.053861 -0.010931
v 0.033691 -0.054727 -0.007126
v 0.033393 -0.057046 -0.006698
v 0.033691 -0.054727 -0.007126
v 0.033927 -0.055225 -0.003502
v 0.030529 -0.047683 -0.026035
v 0.030583 -0.047811 -0.025784
v 0.030250 -0.049956 -0.025443
v 0.030250 -0.049956 -0.025443
v 0.030583 -0.047811 -0.025784
v 0.031881 -0.050789 -0.019516
v 0.030250 -0.049956 -0.025443
v 0.031881 -0.050789 -0.019516
v 0.031531 -0.052985 -0.019348
v 0.031531 -0.052985 -0.019348
v 0.031881 -0.050789 -0.019516
v 0.032476 -0.052107 -0.016284
v 0.031531 -0.052985 -0.019348
v 0.032476 -0.052107 -0.016284
v 0.032622 -0.055436 -0.013124
v 0.032622 -0.055436 -0.013124
v 0.032476 -0.052107 -0.016284
v 0.032478 -0.052113 -0.016268
v 0.032622 -0.055436 -0.013124
v 0.032478 -0.052113 -0.016268
v 0.032689 -0.052575 -0.015014
v 0.028029 -0.041320 -0.037996
v 0.028659 -0.043042 -0.034762
v 0.027633 -0.043216 -0.037536
v 0.027633 -0.043216 -0.037536
v 0.028659 -0.043042 -0.034762
v 0.029441 -0.045048 -0.031040
v 0.027633 -0.043216 -0.037536
v 0.029441 -0.045048 -0.031040
v 0.030250 -0.049956 -0.025443
v 0.030250 -0.049956 -0.025443
v 0.029441 -0.045048 -0.031040
v 0.029658 -0.045585 -0.030037
v 0.030250 -0.049956 -0.025443
v 0.029658 -0.045585 -0.030037
v 0.030529 -0.047683 -0.026035
v 0.025793 -0.037346 -0.049973
v 0.026796 -0.037375 -0.046064
v 0.025032 -0.039179 -0.049383
v -0.000001 -0.062366 -0.023821
v 0.004523 -0.064338 -0.017858
v -0.000001 -0.065035 -0.015436
v -0.000001 -0.065035 -0.015436
v 0.004523 -0.064338 -0.017858
v 0.004589 -0.065737 -0.012125
v -0.000001 -0.065035 -0.015436
v 0.004589 -0.065737 -0.012125
v -0.000001 -0.065790 -0.012115
v -0.000001 -0.065790 -0.012115
v 0.004589 -0.065737 -0.012125
v 0.009636 -0.066431 -0.006215
v -0.000001 -0.065790 -0.012115
v 0.009636 -0.066431 -0.006215
v -0.000001 -0.066549 -0.007414
v 0.031059 -0.061472 -0.000000
v 0.029263 -0.062690 -0.000000
v 0.030898 -0.061398 -0.003386
v 0.030898 -0.061398 -0.003386
v 0.029263 -0.062690 -0.000000
v 0.028873 -0.062734 -0.003363
v 0.030898 -0.061398 -0.003386
v 0.028873 -0.062734 -0.003363
v 0.028571 -0.062410 -0.006624
v 0.028571 -0.062410 -0.006624
v 0.028873 -0.062734 -0.003363
v 0.024375 -0.064519 -0.003291
v 0.028571 -0.062410 -0.006624
v 0.024375 -0.064519 -0.003291
v 0.024058 -0.064238 -0.006489
v 0.024058 -0.064238 -0.006489
v 0.024375 -0.064519 -0.003291
v 0.019338 -0.065743 -0.000000
v 0.024058 -0.064238 -0.006489
v 0.019338 -0.065743 -0.000000
v 0.019312 -0.065358 -0.006363
v 0.019312 -0.065358 -0.006363
v 0.019338 -0.065743 -0.000000
v 0.013888 -0.066426 0.000000
v 0.019312 -0.065358 -0.006363
v 0.013888 -0.066426 0.000000
v 0.014503 -0.066039 -0.006271
v 0.014503 -0.066039 -0.006271
v 0.013888 -0.066426 0.000000
v 0.006810 -0.066868 -0.000000
v 0.014503 -0.066039 -0.006271
v 0.006810 -0.066868 -0.000000
v 0.009636 -0.066431 -0.006215
v 0.009636 -0.066431 -0.006215
v 0.006810 -0.066868 -0.000000
v -0.000000 -0.067000 0.000000
v 0.009636 -0.066431 -0.006215
v -0.000000 -0.067000 0.000000
v -0.000001 -0.066549 -0.007414
v 0.029906 -0.059524 -0.012987
v 0.030619 -0.061051 -0.006671
v 0.028251 -0.061809 -0.009794
v 0.018428 -0.060332 -0.023953
v 0.022661 -0.058382 -0.024298
v 0.023071 -0.060976 -0.018557
v 0.023071 -0.060976 -0.018557
v 0.022661 -0.058382 -0.024298
v 0.025183 -0.059924 -0.018717
v 0.023071 -0.060976 -0.018557
v 0.025183 -0.059924 -0.018717
v 0.025757 -0.062092 -0.012768
v 0.025757 -0.062092 -0.012768
v 0.025183 -0.059924 -0.018717
v 0.027914 -0.060963 -0.012886
v 0.024775 -0.048991 -0.036240
v 0.023365 -0.050665 -0.035906
v 0.023921 -0.045671 -0.042136
v 0.023921 -0.045671 -0.042136
v 0.023365 -0.050665 -0.035906
v 0.021186 -0.048958 -0.041337
v 0.021186 -0.048958 -0.041337
v 0.023365 -0.050665 -0.035906
v 0.021767 -0.052190 -0.035606
v 0.021186 -0.048958 -0.041337
v 0.021767 -0.052190 -0.035606
v 0.018027 -0.054742 -0.035091
v 0.033238 -0.058805 -0.000000
v 0.032564 -0.059645 -0.003392
v 0.033619 -0.057454 -0.003387
v 0.033619 -0.057454 -0.003387
v 0.032564 -0.059645 -0.003392
v 0.032314 -0.059272 -0.006692
v 0.033619 -0.057454 -0.003387
v 0.032314 -0.059272 -0.006692
v 0.033393 -0.057046 -0.006698
v 0.033393 -0.057046 -0.006698
v 0.032314 -0.059272 -0.006692
v 0.031559 -0.057693 -0.013061
v 0.033393 -0.057046 -0.006698
v 0.031559 -0.057693 -0.013061
v 0.032622 -0.055436 -0.013124
v 0.032622 -0.055436 -0.013124
v 0.031559 -0.057693 -0.013061
v 0.030547 -0.055229 -0.019194
v 0.032622 -0.055436 -0.013124
v 0.030547 -0.055229 -0.019194
v 0.031531 -0.052985 -0.019348
v 0.031531 -0.052985 -0.019348
v 0.030547 -0.055229 -0.019194
v 0.029375 -0.052153 -0.025179
v 0.031531 -0.052985 -0.019348
v 0.029375 -0.052153 -0.025179
v 0.030250 -0.049956 -0.025443
v 0.030250 -0.049956 -0.025443
v 0.029375 -0.052153 -0.025179
v 0.026940 -0.045255 -0.037052
v 0.030250 -0.049956 -0.025443
v 0.026940 -0.045255 -0.037052
v 0.027633 -0.043216 -0.037536
v 0.032564 -0.059645 -0.003392
v 0.030619 -0.061051 -0.006671
v 0.032314 -0.059272 -0.006692
v 0.032314 -0.059272 -0.006692
v 0.030619 -0.061051 -0.006671
v 0.029906 -0.059524 -0.012987
v 0.032314 -0.059272 -0.006692
v 0.029906 -0.059524 -0.012987
v 0.031559 -0.057693 -0.013061
v 0.031559 -0.057693 -0.013061
v 0.029906 -0.059524 -0.012987
v 0.029031 -0.057110 -0.019044
v 0.031559 -0.057693 -0.013061
v 0.029031 -0.057110 -0.019044
v 0.030547 -0.055229 -0.019194
v 0.030547 -0.055229 -0.019194
v 0.029031 -0.057110 -0.019044
v 0.028049 -0.054072 -0.024937
v 0.030547 -0.055229 -0.019194
v 0.028049 -0.054072 -0.024937
v 0.029375 -0.052153 -0.025179
v 0.029375 -0.052153 -0.025179
v 0.028049 -0.054072 -0.024937
v 0.025977 -0.047183 -0.036618
v 0.029375 -0.052153 -0.025179
v 0.025977 -0.047183 -0.036618
v 0.026940 -0.045255 -0.037052
v 0.025872 -0.041978 -0.043117
v 0.023921 -0.045671 -0.042136
v 0.023063 -0.042708 -0.048248
v 0.026796 -0.037375 -0.046064
v 0.026556 -0.040029 -0.043679
v 0.025032 -0.039179 -0.049383
v 0.025032 -0.039179 -0.049383
v 0.026556 -0.040029 -0.043679
v 0.025872 -0.041978 -0.043117
v 0.025032 -0.039179 -0.049383
v 0.025872 -0.041978 -0.043117
v 0.024144 -0.040940 -0.048817
v 0.024144 -0.040940 -0.048817
v 0.025872 -0.041978 -0.043117
v 0.023063 -0.042708 -0.048248
v 0.013430 -0.050321 -0.045800
v 0.017635 -0.048195 -0.046484
v 0.018027 -0.054742 -0.035091
v 0.018027 -0.054742 -0.035091
v 0.017635 -0.048195 -0.046484
v 0.019851 -0.046454 -0.047044
v 0.018027 -0.054742 -0.035091
v 0.019851 -0.046454 -0.047044
v 0.021186 -0.048958 -0.041337
v 0.021186 -0.048958 -0.041337
v 0.019851 -0.046454 -0.047044
v 0.020452 -0.045882 -0.047228
v 0.021186 -0.048958 -0.041337
v 0.020452 -0.045882 -0.047228
v 0.023921 -0.045671 -0.042136
v 0.023921 -0.045671 -0.042136
v 0.020452 -0.045882 -0.047228
v 0.021338 -0.044942 -0.047530
v 0.023921 -0.045671 -0.042136
v 0.021338 -0.044942 -0.047530
v 0.023063 -0.042708 -0.048248
v 0.004502 -0.062489 -0.023440
v 0.004503 -0.060255 -0.028923
v 0.009229 -0.062265 -0.023524
v 0.013911 -0.061599 -0.023692
v 0.009229 -0.062265 -0.023524
v 0.009218 -0.059993 -0.029022
v 0.009218 -0.059993 -0.029022
v 0.009229 -0.062265 -0.023524
v 0.004503 -0.060255 -0.028923
v 0.009218 -0.059993 -0.029022
v 0.004503 -0.060255 -0.028923
v 0.004501 -0.057700 -0.034359
v 0.004501 -0.057700 -0.034359
v 0.004503 -0.060255 -0.028923
v -0.000000 -0.058405 -0.032936
v 0.004501 -0.057700 -0.034359
v -0.000000 -0.058405 -0.032936
v 0.000000 -0.051945 -0.045278
v 0.008727 -0.051494 -0.045423
v 0.010818 -0.051094 -0.045552
v 0.013764 -0.056469 -0.034709
v 0.002075 -0.051939 -0.045280
v 0.005530 -0.051827 -0.045316
v 0.004501 -0.057700 -0.034359
v 0.004501 -0.057700 -0.034359
v 0.005530 -0.051827 -0.045316
v 0.009191 -0.057391 -0.034471
v 0.004501 -0.057700 -0.034359
v 0.009191 -0.057391 -0.034471
v 0.009218 -0.059993 -0.029022
v 0.009218 -0.059993 -0.029022
v 0.009191 -0.057391 -0.034471
v 0.013856 -0.059194 -0.029223
v 0.009218 -0.059993 -0.029022
v 0.013856 -0.059194 -0.029223
v 0.013911 -0.061599 -0.023692
v 0.013911 -0.061599 -0.023692
v 0.013856 -0.059194 -0.029223
v 0.018428 -0.060332 -0.023953
v 0.005530 -0.051827 -0.045316
v 0.008727 -0.051494 -0.045423
v 0.009191 -0.057391 -0.034471
v 0.009191 -0.057391 -0.034471
v 0.008727 -0.051494 -0.045423
v 0.013764 -0.056469 -0.034709
v 0.009191 -0.057391 -0.034471
v 0.013764 -0.056469 -0.034709
v 0.013856 -0.059194 -0.029223
v 0.013856 -0.059194 -0.029223
v 0.013764 -0.056469 -0.034709
v 0.018256 -0.057678 -0.029536
v 0.013856 -0.059194 -0.029223
v 0.018256 -0.057678 -0.029536
v 0.018428 -0.060332 -0.023953
v 0.018428 -0.060332 -0.023953
v 0.018256 -0.057678 -0.029536
v 0.022242 -0.055392 -0.029954
v 0.018428 -0.060332 -0.023953
v 0.022242 -0.055392 -0.029954
v 0.022661 -0.058382 -0.024298
v 0.022661 -0.058382 -0.024298
v 0.022242 -0.055392 -0.029954
v 0.024608 -0.057153 -0.024496
v 0.022661 -0.058382 -0.024298
v 0.024608 -0.057153 -0.024496
v 0.025183 -0.059924 -0.018717
v 0.025183 -0.059924 -0.018717
v 0.024608 -0.057153 -0.024496
v 0.027194 -0.058654 -0.018882
v 0.025183 -0.059924 -0.018717
v 0.027194 -0.058654 -0.018882
v 0.027914 -0.060963 -0.012886
v 0.028251 -0.061809 -0.009794
v 0.023775 -0.063721 -0.009605
v 0.023520 -0.062989 -0.012648
v 0.023520 -0.062989 -0.012648
v 0.023775 -0.063721 -0.009605
v 0.018886 -0.064297 -0.012432
v 0.023520 -0.062989 -0.012648
v 0.018886 -0.064297 -0.012432
v 0.018615 -0.062581 -0.018273
v 0.018615 -0.062581 -0.018273
v 0.018886 -0.064297 -0.012432
v 0.014169 -0.065106 -0.012273
v 0.018615 -0.062581 -0.018273
v 0.014169 -0.065106 -0.012273
v 0.013993 -0.063598 -0.018061
v 0.013993 -0.063598 -0.018061
v 0.014169 -0.065106 -0.012273
v 0.009391 -0.065551 -0.012173
v 0.013993 -0.063598 -0.018061
v 0.009391 -0.065551 -0.012173
v 0.009271 -0.064140 -0.017925
v 0.032715 -0.059694 -0.000000
v 0.032295 -0.060249 -0.000000
v 0.032564 -0.059645 -0.003392
v 0.032564 -0.059645 -0.003392
v 0.032295 -0.060249 -0.000000
v 0.030898 -0.061398 -0.003386
v 0.032564 -0.059645 -0.003392
v 0.030898 -0.061398 -0.003386
v 0.030619 -0.061051 -0.006671
v 0.030619 -0.061051 -0.006671
v 0.030898 -0.061398 -0.003386
v 0.028571 -0.062410 -0.006624
v 0.030619 -0.061051 -0.006671
v 0.028571 -0.062410 -0.006624
v 0.028251 -0.061809 -0.009794
v 0.028251 -0.061809 -0.009794
v 0.028571 -0.062410 -0.006624
v 0.024058 -0.064238 -0.006489
v 0.028251 -0.061809 -0.009794
v 0.024058 -0.064238 -0.006489
v 0.023775 -0.063721 -0.009605
v 0.023775 -0.063721 -0.009605
v 0.024058 -0.064238 -0.006489
v 0.019312 -0.065358 -0.006363
v 0.023775 -0.063721 -0.009605
v 0.019312 -0.065358 -0.006363
v 0.018886 -0.064297 -0.012432
v 0.018886 -0.064297 -0.012432
v 0.019312 -0.065358 -0.006363
v 0.014503 -0.066039 -0.006271
v 0.018886 -0.064297 -0.012432
v 0.014503 -0.066039 -0.006271
v 0.014169 -0.065106 -0.012273
v 0.014169 -0.065106 -0.012273
v 0.014503 -0.066039 -0.006271
v 0.009636 -0.066431 -0.006215
v 0.014169 -0.065106 -0.012273
v 0.009636 -0.066431 -0.006215
v 0.009391 -0.065551 -0.012173
v 0.009391 -0.065551 -0.012173
v 0.009636 -0.066431 -0.006215
v 0.004589 -0.065737 -0.012125
v 0.009391 -0.065551 -0.012173
v 0.004589 -0.065737 -0.012125
v 0.009271 -0.064140 -0.017925
v 0.009271 -0.064140 -0.017925
v 0.004589 -0.065737 -0.012125
v 0.004523 -0.064338 -0.017858
v 0.010818 -0.051094 -0.045552
v 0.013430 -0.050321 -0.045800
v 0.013764 -0.056469 -0.034709
v 0.013764 -0.056469 -0.034709
v 0.013430 -0.050321 -0.045800
v 0.018027 -0.054742 -0.035091
v 0.013764 -0.056469 -0.034709
v 0.018027 -0.054742 -0.035091
v 0.018256 -0.057678 -0.029536
v 0.018256 -0.057678 -0.029536
v 0.018027 -0.054742 -0.035091
v 0.021767 -0.052190 -0.035606
v 0.018256 -0.057678 -0.029536
v 0.021767 -0.052190 -0.035606
v 0.022242 -0.055392 -0.029954
v 0.022242 -0.055392 -0.029954
v 0.021767 -0.052190 -0.035606
v 0.023365 -0.050665 -0.035906
v 0.022242 -0.055392 -0.029954
v 0.023365 -0.050665 -0.035906
v 0.024608 -0.057153 -0.024496
v 0.024608 -0.057153 -0.024496
v 0.023365 -0.050665 -0.035906
v 0.026423 -0.055726 -0.024709
v 0.024608 -0.057153 -0.024496
v 0.026423 -0.055726 -0.024709
v 0.027194 -0.058654 -0.018882
v 0.026796 -0.037375 -0.046064
v 0.027422 -0.039523 -0.041506
v 0.026556 -0.040029 -0.043679
v 0.026556 -0.040029 -0.043679
v 0.027422 -0.039523 -0.041506
v 0.027633 -0.043216 -0.037536
v 0.026556 -0.040029 -0.043679
v 0.027633 -0.043216 -0.037536
v 0.025872 -0.041978 -0.043117
v 0.025872 -0.041978 -0.043117
v 0.027633 -0.043216 -0.037536
v 0.026940 -0.045255 -0.037052
v 0.025872 -0.041978 -0.043117
v 0.026940 -0.045255 -0.037052
v 0.023921 -0.045671 -0.042136
v 0.023921 -0.045671 -0.042136
v 0.026940 -0.045255 -0.037052
v 0.025977 -0.047183 -0.036618
v 0.023921 -0.045671 -0.042136
v 0.025977 -0.047183 -0.036618
v 0.024775 -0.048991 -0.036240
v 0.024775 -0.048991 -0.036240
v 0.025977 -0.047183 -0.036618
v 0.028049 -0.054072 -0.024937
v 0.024775 -0.048991 -0.036240
v 0.028049 -0.054072 -0.024937
v 0.026423 -0.055726 -0.024709
v 0.026423 -0.055726 -0.024709
v 0.028049 -0.054072 -0.024937
v 0.029031 -0.057110 -0.019044
v 0.026423 -0.055726 -0.024709
v 0.029031 -0.057110 -0.019044
v 0.027194 -0.058654 -0.018882
v 0.027194 -0.058654 -0.018882
v 0.029031 -0.057110 -0.019044
v 0.029906 -0.059524 -0.012987
v 0.027194 -0.058654 -0.018882
v 0.029906 -0.059524 -0.012987
v 0.027914 -0.060963 -0.012886
v 0.027914 -0.060963 -0.012886
v 0.029906 -0.059524 -0.012987
v 0.028251 -0.061809 -0.009794
v 0.027914 -0.060963 -0.012886
v 0.028251 -0.061809 -0.009794
v 0.025757 -0.062092 -0.012768
v 0.025757 -0.062092 -0.012768
v 0.028251 -0.061809 -0.009794
v 0.023520 -0.062989 -0.012648
v 0.025757 -0.062092 -0.012768
v 0.023520 -0.062989 -0.012648
v 0.023071 -0.060976 -0.018557
v 0.023071 -0.060976 -0.018557
v 0.023520 -0.062989 -0.012648
v 0.018615 -0.062581 -0.018273
v 0.023071 -0.060976 -0.018557
v 0.018615 -0.062581 -0.018273
v 0.018428 -0.060332 -0.023953
v 0.018428 -0.060332 -0.023953
v 0.018615 -0.062581 -0.018273
v 0.013993 -0.063598 -0.018061
v 0.018428 -0.060332 -0.023953
v 0.013993 -0.063598 -0.018061
v 0.013911 -0.061599 -0.023692
v 0.013911 -0.061599 -0.023692
v 0.013993 -0.063598 -0.018061
v 0.009271 -0.064140 -0.017925
v 0.013911 -0.061599 -0.023692
v 0.009271 -0.064140 -0.017925
v 0.009229 -0.062265 -0.023524
v 0.009229 -0.062265 -0.023524
v 0.009271 -0.064140 -0.017925
v 0.004523 -0.064338 -0.017858
v 0.009229 -0.062265 -0.023524
v 0.004523 -0.064338 -0.017858
v 0.004502 -0.062489 -0.023440
v 0.004502 -0.062489 -0.023440
v 0.004523 -0.064338 -0.017858
v -0.000001 -0.062366 -0.023821
v 0.004502 -0.062489 -0.023440
v -0.000001 -0.062366 -0.023821
v -0.000000 -0.058405 -0.032936
v 0.014991 0.031627 -0.093961
v 0.015056 0.031264 -0.093961
v 0.011665 0.032999 -0.093961
v 0.011665 0.032999 -0.093961
v 0.015056 0.031264 -0.093961
v 0.007721 0.033830 -0.093961
v 0.011665 0.032999 -0.093961
v 0.007721 0.033830 -0.093961
v 0.008245 0.034015 -0.093961
v 0.021635 -0.027130 -0.093961
v 0.021865 -0.027330 -0.093961
v 0.021019 -0.027986 -0.093961
v 0.014991 0.031627 -0.093961
v 0.015950 0.031154 -0.093961
v 0.015056 0.031264 -0.093961
v 0.015056 0.031264 -0.093961
v 0.015950 0.031154 -0.093961
v 0.019039 0.029369 -0.093961
v 0.015056 0.031264 -0.093961
v 0.019039 0.029369 -0.093961
v 0.021635 0.027130 -0.093961
v 0.021635 0.027130 -0.093961
v 0.019039 0.029369 -0.093961
v 0.021930 0.027277 -0.093961
v 0.021635 0.027130 -0.093961
v 0.021930 0.027277 -0.093961
v 0.022213 0.027048 -0.093961
v -0.011585 0.033027 -0.093961
v -0.010570 0.033366 -0.093961
v -0.015056 0.031264 -0.093961
v 0.021865 -0.027330 -0.093961
v 0.021635 -0.027130 -0.093961
v 0.024555 -0.024941 -0.093961
v 0.024555 -0.024941 -0.093961
v 0.021635 -0.027130 -0.093961
v 0.027130 -0.021635 -0.093961
v 0.024555 -0.024941 -0.093961
v 0.027130 -0.021635 -0.093961
v 0.026966 -0.022312 -0.093961
v 0.026966 -0.022312 -0.093961
v 0.027130 -0.021635 -0.093961
v 0.029098 -0.019451 -0.093961
v 0.029098 -0.019451 -0.093961
v 0.027130 -0.021635 -0.093961
v 0.031264 -0.015056 -0.093961
v 0.029098 -0.019451 -0.093961
v 0.031264 -0.015056 -0.093961
v 0.029679 -0.018552 -0.093961
v 0.034146 -0.007683 -0.093961
v 0.033830 -0.007721 -0.093961
v 0.034755 -0.004137 -0.093961
v 0.034755 -0.004137 -0.093961
v 0.033830 -0.007721 -0.093961
v 0.034700 0.000000 -0.093961
v 0.031463 0.015332 -0.093961
v 0.031917 0.014363 -0.093961
v 0.031264 0.015056 -0.093961
v 0.031264 0.015056 -0.093961
v 0.031917 0.014363 -0.093961
v 0.033213 0.011040 -0.093961
v 0.031264 0.015056 -0.093961
v 0.033213 0.011040 -0.093961
v 0.033830 0.007721 -0.093961
v 0.033830 0.007721 -0.093961
v 0.033213 0.011040 -0.093961
v 0.034165 0.007600 -0.093961
v 0.022213 0.027048 -0.093961
v 0.024615 0.024882 -0.093961
v 0.021635 0.027130 -0.093961
v 0.021635 0.027130 -0.093961
v 0.024615 0.024882 -0.093961
v 0.025363 0.024118 -0.093961
v 0.021635 0.027130 -0.093961
v 0.025363 0.024118 -0.093961
v 0.027130 0.021635 -0.093961
v 0.027130 0.021635 -0.093961
v 0.025363 0.024118 -0.093961
v 0.027065 0.022192 -0.093961
v 0.027130 0.021635 -0.093961
v 0.027065 0.022192 -0.093961
v 0.027687 0.021411 -0.093961
v -0.015056 0.031264 -0.093961
v -0.010570 0.033366 -0.093961
v -0.007721 0.033830 -0.093961
v -0.033830 0.007721 -0.093961
v -0.034146 0.007684 -0.093961
v -0.033895 0.008724 -0.093961
v -0.031464 -0.015331 -0.093961
v -0.031264 -0.015056 -0.093961
v -0.029724 -0.018479 -0.093961
v -0.029724 -0.018479 -0.093961
v -0.031264 -0.015056 -0.093961
v -0.027130 -0.021635 -0.093961
v -0.029724 -0.018479 -0.093961
v -0.027130 -0.021635 -0.093961
v -0.027688 -0.021410 -0.093961
v -0.027688 -0.021410 -0.093961
v -0.027130 -0.021635 -0.093961
v -0.025365 -0.024117 -0.093961
v -0.025365 -0.024117 -0.093961
v -0.027130 -0.021635 -0.093961
v -0.021635 -0.027130 -0.093961
v -0.025365 -0.024117 -0.093961
v -0.021635 -0.027130 -0.093961
v -0.024616 -0.024881 -0.093961
v 0.034165 0.007600 -0.093961
v 0.034765 0.004053 -0.093961
v 0.033830 0.007721 -0.093961
v 0.033830 0.007721 -0.093961
v 0.034765 0.004053 -0.093961
v 0.034872 0.002989 -0.093961
v 0.033830 0.007721 -0.093961
v 0.034872 0.002989 -0.093961
v 0.034700 0.000000 -0.093961
v 0.034700 0.000000 -0.093961
v 0.034872 0.002989 -0.093961
v 0.034995 -0.000577 -0.093961
v 0.034700 0.000000 -0.093961
v 0.034995 -0.000577 -0.093961
v 0.034755 -0.004137 -0.093961
v 0.027687 0.021411 -0.093961
v 0.029111 0.019431 -0.093961
v 0.027130 0.021635 -0.093961
v 0.027130 0.021635 -0.093961
v 0.029111 0.019431 -0.093961
v 0.029723 0.018481 -0.093961
v 0.027130 0.021635 -0.093961
v 0.029723 0.018481 -0.093961
v 0.031264 0.015056 -0.093961
v 0.031264 0.015056 -0.093961
v 0.029723 0.018481 -0.093961
v 0.030876 0.016483 -0.093961
v 0.031264 0.015056 -0.093961
v 0.030876 0.016483 -0.093961
v 0.031463 0.015332 -0.093961
v 0.008245 0.034015 -0.093961
v 0.007721 0.033830 -0.093961
v 0.004739 0.034678 -0.093961
v 0.004739 0.034678 -0.093961
v 0.007721 0.033830 -0.093961
v 0.000000 0.034700 -0.093961
v 0.004739 0.034678 -0.093961
v 0.000000 0.034700 -0.093961
v 0.003677 0.034806 -0.093961
v -0.010570 0.033366 -0.093961
v -0.007119 0.034268 -0.093961
v -0.007721 0.033830 -0.093961
v -0.007721 0.033830 -0.093961
v -0.007119 0.034268 -0.093961
v -0.003593 0.034815 -0.093961
v -0.007721 0.033830 -0.093961
v -0.003593 0.034815 -0.093961
v 0.000000 0.034700 -0.093961
v 0.000000 0.034700 -0.093961
v -0.003593 0.034815 -0.093961
v 0.000000 0.035000 -0.093961
v 0.000000 0.034700 -0.093961
v 0.000000 0.035000 -0.093961
v 0.003677 0.034806 -0.093961
v -0.014992 -0.031626 -0.093961
v -0.015952 -0.031154 -0.093961
v -0.015056 -0.031264 -0.093961
v -0.015056 -0.031264 -0.093961
v -0.015952 -0.031154 -0.093961
v -0.019040 -0.029368 -0.093961
v -0.015056 -0.031264 -0.093961
v -0.019040 -0.029368 -0.093961
v -0.021635 -0.027130 -0.093961
v -0.021635 -0.027130 -0.093961
v -0.019040 -0.029368 -0.093961
v -0.021932 -0.027276 -0.093961
v -0.021635 -0.027130 -0.093961
v -0.021932 -0.027276 -0.093961
v -0.024616 -0.024881 -0.093961
v 0.014915 -0.031663 -0.093961
v 0.015056 -0.031264 -0.093961
v 0.018061 -0.029980 -0.093961
v 0.018061 -0.029980 -0.093961
v 0.015056 -0.031264 -0.093961
v 0.021635 -0.027130 -0.093961
v 0.018061 -0.029980 -0.093961
v 0.021635 -0.027130 -0.093961
v 0.019436 -0.029108 -0.093961
v 0.019436 -0.029108 -0.093961
v 0.021635 -0.027130 -0.093961
v 0.021019 -0.027986 -0.093961
v 0.034146 -0.007683 -0.093961
v 0.033896 -0.008723 -0.093961
v 0.033830 -0.007721 -0.093961
v 0.033830 -0.007721 -0.093961
v 0.033896 -0.008723 -0.093961
v 0.032832 -0.012128 -0.093961
v 0.033830 -0.007721 -0.093961
v 0.032832 -0.012128 -0.093961
v 0.031264 -0.015056 -0.093961
v 0.031264 -0.015056 -0.093961
v 0.032832 -0.012128 -0.093961
v 0.031426 -0.015408 -0.093961
v 0.031264 -0.015056 -0.093961
v 0.031426 -0.015408 -0.093961
v 0.029679 -0.018552 -0.093961
v -0.021863 0.027331 -0.093961
v -0.021019 0.027986 -0.093961
v -0.021635 0.027130 -0.093961
v -0.021635 0.027130 -0.093961
v -0.021019 0.027986 -0.093961
v -0.018061 0.029980 -0.093961
v -0.021635 0.027130 -0.093961
v -0.018061 0.029980 -0.093961
v -0.015056 0.031264 -0.093961
v -0.015056 0.031264 -0.093961
v -0.018061 0.029980 -0.093961
v -0.014914 0.031663 -0.093961
v -0.015056 0.031264 -0.093961
v -0.014914 0.031663 -0.093961
v -0.011585 0.033027 -0.093961
v -0.021863 0.027331 -0.093961
v -0.021635 0.027130 -0.093961
v -0.024553 0.024943 -0.093961
v -0.024553 0.024943 -0.093961
v -0.021635 0.027130 -0.093961
v -0.027130 0.021635 -0.093961
v -0.024553 0.024943 -0.093961
v -0.027130 0.021635 -0.093961
v -0.026965 0.022313 -0.093961
v -0.034146 0.007684 -0.093961
v -0.033830 0.007721 -0.093961
v -0.034754 0.004138 -0.093961
v -0.034754 0.004138 -0.093961
v -0.033830 0.007721 -0.093961
v -0.034700 0.000000 -0.093961
v -0.034754 0.004138 -0.093961
v -0.034700 0.000000 -0.093961
v -0.034995 0.000578 -0.093961
v -0.014992 -0.031626 -0.093961
v -0.015056 -0.031264 -0.093961
v -0.011667 -0.032998 -0.093961
v -0.011667 -0.032998 -0.093961
v -0.015056 -0.031264 -0.093961
v -0.007721 -0.033830 -0.093961
v -0.011667 -0.032998 -0.093961
v -0.007721 -0.033830 -0.093961
v -0.008246 -0.034015 -0.093961
v -0.008246 -0.034015 -0.093961
v -0.007721 -0.033830 -0.093961
v -0.004741 -0.034677 -0.093961
v -0.004741 -0.034677 -0.093961
v -0.007721 -0.033830 -0.093961
v 0.000000 -0.034700 -0.093961
v -0.004741 -0.034677 -0.093961
v 0.000000 -0.034700 -0.093961
v -0.003679 -0.034806 -0.093961
v -0.031426 0.015409 -0.093961
v -0.030669 0.016864 -0.093961
v -0.031264 0.015056 -0.093961
v -0.031264 0.015056 -0.093961
v -0.030669 0.016864 -0.093961
v -0.029678 0.018553 -0.093961
v -0.031264 0.015056 -0.093961
v -0.029678 0.018553 -0.093961
v -0.027130 0.021635 -0.093961
v -0.027130 0.021635 -0.093961
v -0.029678 0.018553 -0.093961
v -0.029097 0.019452 -0.093961
v -0.027130 0.021635 -0.093961
v -0.029097 0.019452 -0.093961
v -0.026965 0.022313 -0.093961
v -0.033895 0.008724 -0.093961
v -0.033383 0.010514 -0.093961
v -0.033830 0.007721 -0.093961
v -0.033830 0.007721 -0.093961
v -0.033383 0.010514 -0.093961
v -0.032831 0.012129 -0.093961
v -0.033830 0.007721 -0.093961
v -0.032831 0.012129 -0.093961
v -0.031264 0.015056 -0.093961
v -0.031264 0.015056 -0.093961
v -0.032831 0.012129 -0.093961
v -0.032183 0.013756 -0.093961
v -0.031264 0.015056 -0.093961
v -0.032183 0.013756 -0.093961
v -0.031426 0.015409 -0.093961
v -0.034995 0.000578 -0.093961
v -0.034700 0.000000 -0.093961
v -0.034872 -0.002987 -0.093961
v -0.034872 -0.002987 -0.093961
v -0.034700 0.000000 -0.093961
v -0.033830 -0.007721 -0.093961
v -0.034872 -0.002987 -0.093961
v -0.033830 -0.007721 -0.093961
v -0.034765 -0.004052 -0.093961
v 0.007119 -0.034268 -0.093961
v 0.006825 -0.034328 -0.093961
v 0.007721 -0.033830 -0.093961
v 0.007721 -0.033830 -0.093961
v 0.006825 -0.034328 -0.093961
v 0.003593 -0.034815 -0.093961
v 0.007721 -0.033830 -0.093961
v 0.003593 -0.034815 -0.093961
v 0.000000 -0.034700 -0.093961
v 0.000000 -0.034700 -0.093961
v 0.003593 -0.034815 -0.093961
v 0.000000 -0.035000 -0.093961
v 0.000000 -0.034700 -0.093961
v 0.000000 -0.035000 -0.093961
v -0.003679 -0.034806 -0.093961
v 0.014915 -0.031663 -0.093961
v 0.013387 -0.032339 -0.093961
v 0.015056 -0.031264 -0.093961
v 0.015056 -0.031264 -0.093961
v 0.013387 -0.032339 -0.093961
v 0.011586 -0.033027 -0.093961
v 0.015056 -0.031264 -0.093961
v 0.011586 -0.033027 -0.093961
v 0.007721 -0.033830 -0.093961
v 0.007721 -0.033830 -0.093961
v 0.011586 -0.033027 -0.093961
v 0.010570 -0.033366 -0.093961
v 0.007721 -0.033830 -0.093961
v 0.010570 -0.033366 -0.093961
v 0.007119 -0.034268 -0.093961
v -0.031464 -0.015331 -0.093961
v -0.031918 -0.014362 -0.093961
v -0.031264 -0.015056 -0.093961
v -0.031264 -0.015056 -0.093961
v -0.031918 -0.014362 -0.093961
v -0.033214 -0.011038 -0.093961
v -0.031264 -0.015056 -0.093961
v -0.033214 -0.011038 -0.093961
v -0.033830 -0.007721 -0.093961
v -0.033830 -0.007721 -0.093961
v -0.033214 -0.011038 -0.093961
v -0.034165 -0.007599 -0.093961
v -0.033830 -0.007721 -0.093961
v -0.034165 -0.007599 -0.093961
v -0.034765 -0.004052 -0.093961
v -0.013992 -0.059160 -0.029231
v -0.014049 -0.061570 -0.023699
v -0.018533 -0.060293 -0.023960
v -0.033300 -0.053895 -0.010802
v -0.032971 -0.053186 -0.013207
v -0.032626 -0.055421 -0.013125
v -0.028909 -0.043696 -0.033546
v -0.027552 -0.039924 -0.040705
v -0.027636 -0.043204 -0.037539
v -0.009358 -0.057370 -0.034477
v -0.010675 -0.051127 -0.045541
v -0.005502 -0.051829 -0.045315
v -0.018124 -0.054690 -0.035102
v -0.015084 -0.049635 -0.046021
v -0.013897 -0.056430 -0.034719
v -0.013897 -0.056430 -0.034719
v -0.015084 -0.049635 -0.046021
v -0.013333 -0.050356 -0.045789
v -0.013897 -0.056430 -0.034719
v -0.013333 -0.050356 -0.045789
v -0.010879 -0.051079 -0.045557
v -0.017211 -0.048471 -0.046395
v -0.017766 -0.051594 -0.040696
v -0.019075 -0.047125 -0.046828
v -0.019075 -0.047125 -0.046828
v -0.017766 -0.051594 -0.040696
v -0.021242 -0.048904 -0.041350
v -0.019075 -0.047125 -0.046828
v -0.021242 -0.048904 -0.041350
v -0.020505 -0.045829 -0.047245
v -0.020505 -0.045829 -0.047245
v -0.021242 -0.048904 -0.041350
v -0.021758 -0.044452 -0.047688
v -0.026796 -0.037379 -0.046055
v -0.026402 -0.035549 -0.050551
v -0.025866 -0.037149 -0.050036
v -0.026796 -0.037379 -0.046055
v -0.025866 -0.037149 -0.050036
v -0.026559 -0.040017 -0.043682
v -0.026559 -0.040017 -0.043682
v -0.025866 -0.037149 -0.050036
v -0.025029 -0.039186 -0.049381
v -0.026559 -0.040017 -0.043682
v -0.025029 -0.039186 -0.049381
v -0.025881 -0.041955 -0.043123
v -0.025881 -0.041955 -0.043123
v -0.025029 -0.039186 -0.049381
v -0.023359 -0.042258 -0.048393
v -0.025881 -0.041955 -0.043123
v -0.023359 -0.042258 -0.048393
v -0.023949 -0.045629 -0.042147
v -0.023949 -0.045629 -0.042147
v -0.023359 -0.042258 -0.048393
v -0.023090 -0.042667 -0.048262
v -0.023949 -0.045629 -0.042147
v -0.023090 -0.042667 -0.048262
v -0.022407 -0.043631 -0.047952
v -0.028909 -0.043696 -0.033546
v -0.027636 -0.043204 -0.037539
v -0.029442 -0.045051 -0.031036
v -0.031882 -0.050789 -0.019516
v -0.030724 -0.048141 -0.025133
v -0.030253 -0.049942 -0.025445
v -0.030253 -0.049942 -0.025445
v -0.030724 -0.048141 -0.025133
v -0.030528 -0.047682 -0.026038
v -0.030253 -0.049942 -0.025445
v -0.030528 -0.047682 -0.026038
v -0.029645 -0.045555 -0.030096
v -0.032706 -0.052610 -0.014914
v -0.032476 -0.052107 -0.016284
v -0.031535 -0.052970 -0.019349
v -0.033300 -0.053895 -0.010802
v -0.032626 -0.055421 -0.013125
v -0.033700 -0.054748 -0.007014
v -0.033810 -0.057181 0.000000
v -0.034000 -0.055383 0.000000
v -0.033931 -0.055234 -0.003411
v -0.033810 -0.057181 0.000000
v -0.033623 -0.057440 -0.003388
v -0.033225 -0.058831 -0.000000
v -0.033225 -0.058831 -0.000000
v -0.033623 -0.057440 -0.003388
v -0.032581 -0.059621 -0.003392
v -0.026391 -0.063992 -0.000000
v -0.028788 -0.062947 -0.000000
v -0.028924 -0.062706 -0.003364
v -0.028924 -0.062706 -0.003364
v -0.028788 -0.062947 -0.000000
v -0.030839 -0.061648 -0.000000
v -0.028924 -0.062706 -0.003364
v -0.030839 -0.061648 -0.000000
v -0.030932 -0.061371 -0.003387
v -0.030932 -0.061371 -0.003387
v -0.030839 -0.061648 -0.000000
v -0.032276 -0.060273 -0.000000
v -0.030932 -0.061371 -0.003387
v -0.032276 -0.060273 -0.000000
v -0.032581 -0.059621 -0.003392
v -0.032581 -0.059621 -0.003392
v -0.032276 -0.060273 -0.000000
v -0.032731 -0.059671 -0.000000
v -0.032581 -0.059621 -0.003392
v -0.032731 -0.059671 -0.000000
v -0.033225 -0.058831 -0.000000
v -0.023291 -0.064933 -0.000000
v -0.019427 -0.065337 -0.006366
v -0.019346 -0.065741 -0.000000
v -0.019346 -0.065741 -0.000000
v -0.019427 -0.065337 -0.006366
v -0.014648 -0.066023 -0.006274
v -0.019346 -0.065741 -0.000000
v -0.014648 -0.066023 -0.006274
v -0.014380 -0.066379 0.000000
v -0.014380 -0.066379 0.000000
v -0.014648 -0.066023 -0.006274
v -0.009812 -0.066421 -0.006217
v -0.014380 -0.066379 0.000000
v -0.009812 -0.066421 -0.006217
v -0.007999 -0.066820 0.000000
v -0.009399 -0.062249 -0.023529
v -0.004700 -0.060251 -0.028926
v -0.004700 -0.062485 -0.023442
v -0.004700 -0.062485 -0.023442
v -0.004700 -0.060251 -0.028926
v -0.000000 -0.058405 -0.032936
v 0.000000 -0.051945 -0.045278
v -0.000000 -0.058405 -0.032936
v -0.004698 -0.057695 -0.034362
v -0.004698 -0.057695 -0.034362
v -0.000000 -0.058405 -0.032936
v -0.004700 -0.060251 -0.028926
v -0.004698 -0.057695 -0.034362
v -0.004700 -0.060251 -0.028926
v -0.009387 -0.059975 -0.029027
v -0.009387 -0.059975 -0.029027
v -0.004700 -0.060251 -0.028926
v -0.009399 -0.062249 -0.023529
v -0.009387 -0.059975 -0.029027
v -0.009399 -0.062249 -0.023529
v -0.014049 -0.061570 -0.023699
v -0.014049 -0.061570 -0.023699
v -0.013992 -0.059160 -0.029231
v -0.009387 -0.059975 -0.029027
v -0.009387 -0.059975 -0.029027
v -0.013992 -0.059160 -0.029231
v -0.009358 -0.057370 -0.034477
v -0.009387 -0.059975 -0.029027
v -0.009358 -0.057370 -0.034477
v -0.004698 -0.057695 -0.034362
v -0.004698 -0.057695 -0.034362
v -0.009358 -0.057370 -0.034477
v -0.005502 -0.051829 -0.045315
v -0.004698 -0.057695 -0.034362
v -0.005502 -0.051829 -0.045315
v 0.000000 -0.051945 -0.045278
v -0.024664 -0.057113 -0.024503
v -0.022308 -0.055345 -0.029963
v -0.022733 -0.058341 -0.024306
v -0.022733 -0.058341 -0.024306
v -0.022308 -0.055345 -0.029963
v -0.018357 -0.057631 -0.029545
v -0.029645 -0.045555 -0.030096
v -0.029442 -0.045051 -0.031036
v -0.030253 -0.049942 -0.025445
v -0.030253 -0.049942 -0.025445
v -0.029442 -0.045051 -0.031036
v -0.027636 -0.043204 -0.037539
v -0.030253 -0.049942 -0.025445
v -0.027636 -0.043204 -0.037539
v -0.029388 -0.052128 -0.025182
v -0.029388 -0.052128 -0.025182
v -0.027636 -0.043204 -0.037539
v -0.026950 -0.045231 -0.037058
v -0.029388 -0.052128 -0.025182
v -0.026950 -0.045231 -0.037058
v -0.028076 -0.054039 -0.024941
v -0.028076 -0.054039 -0.024941
v -0.026950 -0.045231 -0.037058
v -0.025997 -0.047150 -0.036626
v -0.028076 -0.054039 -0.024941
v -0.025997 -0.047150 -0.036626
v -0.026465 -0.055689 -0.024715
v -0.026465 -0.055689 -0.024715
v -0.025997 -0.047150 -0.036626
v -0.024807 -0.048949 -0.036249
v -0.026465 -0.055689 -0.024715
v -0.024807 -0.048949 -0.036249
v -0.024664 -0.057113 -0.024503
v -0.017211 -0.048471 -0.046395
v -0.015084 -0.049635 -0.046021
v -0.017766 -0.051594 -0.040696
v -0.017766 -0.051594 -0.040696
v -0.015084 -0.049635 -0.046021
v -0.018124 -0.054690 -0.035102
v -0.017766 -0.051594 -0.040696
v -0.018124 -0.054690 -0.035102
v -0.021242 -0.048904 -0.041350
v -0.021242 -0.048904 -0.041350
v -0.018124 -0.054690 -0.035102
v -0.021827 -0.052137 -0.035617
v -0.021827 -0.052137 -0.035617
v -0.023410 -0.050617 -0.035916
v -0.021242 -0.048904 -0.041350
v -0.021242 -0.048904 -0.041350
v -0.023410 -0.050617 -0.035916
v -0.023949 -0.045629 -0.042147
v -0.021242 -0.048904 -0.041350
v -0.023949 -0.045629 -0.042147
v -0.021758 -0.044452 -0.047688
v -0.021758 -0.044452 -0.047688
v -0.023949 -0.045629 -0.042147
v -0.022407 -0.043631 -0.047952
v -0.027552 -0.039924 -0.040705
v -0.026796 -0.037379 -0.046055
v -0.027636 -0.043204 -0.037539
v -0.027636 -0.043204 -0.037539
v -0.026796 -0.037379 -0.046055
v -0.026559 -0.040017 -0.043682
v -0.027636 -0.043204 -0.037539
v -0.026559 -0.040017 -0.043682
v -0.026950 -0.045231 -0.037058
v -0.026950 -0.045231 -0.037058
v -0.026559 -0.040017 -0.043682
v -0.025881 -0.041955 -0.043123
v -0.026950 -0.045231 -0.037058
v -0.025881 -0.041955 -0.043123
v -0.025997 -0.047150 -0.036626
v -0.025997 -0.047150 -0.036626
v -0.025881 -0.041955 -0.043123
v -0.023949 -0.045629 -0.042147
v -0.025997 -0.047150 -0.036626
v -0.023949 -0.045629 -0.042147
v -0.024807 -0.048949 -0.036249
v -0.024807 -0.048949 -0.036249
v -0.023949 -0.045629 -0.042147
v -0.023410 -0.050617 -0.035916
v -0.024807 -0.048949 -0.036249
v -0.023410 -0.050617 -0.035916
v -0.024664 -0.057113 -0.024503
v -0.024664 -0.057113 -0.024503
v -0.023410 -0.050617 -0.035916
v -0.021827 -0.052137 -0.035617
v -0.024664 -0.057113 -0.024503
v -0.021827 -0.052137 -0.035617
v -0.022308 -0.055345 -0.029963
v -0.022308 -0.055345 -0.029963
v -0.021827 -0.052137 -0.035617
v -0.018124 -0.054690 -0.035102
v -0.022308 -0.055345 -0.029963
v -0.018124 -0.054690 -0.035102
v -0.018357 -0.057631 -0.029545
v -0.018357 -0.057631 -0.029545
v -0.018124 -0.054690 -0.035102
v -0.013897 -0.056430 -0.034719
v -0.024141 -0.064213 -0.006493
v -0.026391 -0.063992 -0.000000
v -0.026422 -0.063416 -0.006562
v -0.026422 -0.063416 -0.006562
v -0.026391 -0.063992 -0.000000
v -0.028924 -0.062706 -0.003364
v -0.026422 -0.063416 -0.006562
v -0.028924 -0.062706 -0.003364
v -0.028623 -0.062381 -0.006626
v -0.028623 -0.062381 -0.006626
v -0.028924 -0.062706 -0.003364
v -0.030932 -0.061371 -0.003387
v -0.028623 -0.062381 -0.006626
v -0.030932 -0.061371 -0.003387
v -0.030653 -0.061023 -0.006673
v -0.030653 -0.061023 -0.006673
v -0.030932 -0.061371 -0.003387
v -0.032581 -0.059621 -0.003392
v -0.030653 -0.061023 -0.006673
v -0.032581 -0.059621 -0.003392
v -0.032331 -0.059248 -0.006693
v -0.032331 -0.059248 -0.006693
v -0.032581 -0.059621 -0.003392
v -0.033623 -0.057440 -0.003388
v -0.032331 -0.059248 -0.006693
v -0.033623 -0.057440 -0.003388
v -0.033398 -0.057032 -0.006699
v -0.032476 -0.052107 -0.016284
v -0.031882 -0.050789 -0.019516
v -0.031535 -0.052970 -0.019349
v -0.031535 -0.052970 -0.019349
v -0.031882 -0.050789 -0.019516
v -0.030253 -0.049942 -0.025445
v -0.031535 -0.052970 -0.019349
v -0.030253 -0.049942 -0.025445
v -0.030562 -0.055204 -0.019197
v -0.030562 -0.055204 -0.019197
v -0.030253 -0.049942 -0.025445
v -0.029388 -0.052128 -0.025182
v -0.030562 -0.055204 -0.019197
v -0.029388 -0.052128 -0.025182
v -0.029062 -0.057079 -0.019047
v -0.029062 -0.057079 -0.019047
v -0.029388 -0.052128 -0.025182
v -0.028076 -0.054039 -0.024941
v -0.029062 -0.057079 -0.019047
v -0.028076 -0.054039 -0.024941
v -0.027241 -0.058620 -0.018887
v -0.027241 -0.058620 -0.018887
v -0.028076 -0.054039 -0.024941
v -0.026465 -0.055689 -0.024715
v -0.027241 -0.058620 -0.018887
v -0.026465 -0.055689 -0.024715
v -0.025244 -0.059889 -0.018722
v -0.025244 -0.059889 -0.018722
v -0.026465 -0.055689 -0.024715
v -0.024664 -0.057113 -0.024503
v -0.025244 -0.059889 -0.018722
v -0.024664 -0.057113 -0.024503
v -0.023148 -0.060941 -0.018563
v -0.023148 -0.060941 -0.018563
v -0.024664 -0.057113 -0.024503
v -0.022733 -0.058341 -0.024306
v -0.023148 -0.060941 -0.018563
v -0.022733 -0.058341 -0.024306
v -0.018533 -0.060293 -0.023960
v -0.018533 -0.060293 -0.023960
v -0.022733 -0.058341 -0.024306
v -0.018357 -0.057631 -0.029545
v -0.018533 -0.060293 -0.023960
v -0.018357 -0.057631 -0.029545
v -0.013992 -0.059160 -0.029231
v -0.013992 -0.059160 -0.029231
v -0.018357 -0.057631 -0.029545
v -0.013897 -0.056430 -0.034719
v -0.013992 -0.059160 -0.029231
v -0.013897 -0.056430 -0.034719
v -0.009358 -0.057370 -0.034477
v -0.009358 -0.057370 -0.034477
v -0.013897 -0.056430 -0.034719
v -0.010879 -0.051079 -0.045557
v -0.009358 -0.057370 -0.034477
v -0.010879 -0.051079 -0.045557
v -0.010675 -0.051127 -0.045541
v -0.000000 -0.067000 0.000000
v -0.007999 -0.066820 0.000000
v -0.000001 -0.066549 -0.007414
v -0.000001 -0.066549 -0.007414
v -0.007999 -0.066820 0.000000
v -0.009812 -0.066421 -0.006217
v -0.000001 -0.066549 -0.007414
v -0.009812 -0.066421 -0.006217
v -0.000001 -0.065790 -0.012115
v -0.033810 -0.057181 0.000000
v -0.033931 -0.055234 -0.003411
v -0.033623 -0.057440 -0.003388
v -0.033623 -0.057440 -0.003388
v -0.033931 -0.055234 -0.003411
v -0.033700 -0.054748 -0.007014
v -0.033623 -0.057440 -0.003388
v -0.033700 -0.054748 -0.007014
v -0.033398 -0.057032 -0.006699
v -0.033398 -0.057032 -0.006699
v -0.033700 -0.054748 -0.007014
v -0.032626 -0.055421 -0.013125
v -0.033398 -0.057032 -0.006699
v -0.032626 -0.055421 -0.013125
v -0.032331 -0.059248 -0.006693
v -0.032331 -0.059248 -0.006693
v -0.032626 -0.055421 -0.013125
v -0.031575 -0.057668 -0.013063
v -0.032331 -0.059248 -0.006693
v -0.031575 -0.057668 -0.013063
v -0.030653 -0.061023 -0.006673
v -0.030653 -0.061023 -0.006673
v -0.031575 -0.057668 -0.013063
v -0.029939 -0.059495 -0.012990
v -0.030653 -0.061023 -0.006673
v -0.029939 -0.059495 -0.012990
v -0.028623 -0.062381 -0.006626
v -0.028623 -0.062381 -0.006626
v -0.029939 -0.059495 -0.012990
v -0.027964 -0.060932 -0.012889
v -0.028623 -0.062381 -0.006626
v -0.027964 -0.060932 -0.012889
v -0.026422 -0.063416 -0.006562
v -0.026422 -0.063416 -0.006562
v -0.027964 -0.060932 -0.012889
v -0.025823 -0.062062 -0.012772
v -0.026422 -0.063416 -0.006562
v -0.025823 -0.062062 -0.012772
v -0.024141 -0.064213 -0.006493
v -0.024141 -0.064213 -0.006493
v -0.025823 -0.062062 -0.012772
v -0.023602 -0.062960 -0.012653
v -0.024141 -0.064213 -0.006493
v -0.023602 -0.062960 -0.012653
v -0.018998 -0.064272 -0.012437
v -0.018998 -0.064272 -0.012437
v -0.023602 -0.062960 -0.012653
v -0.018724 -0.062549 -0.018280
v -0.018998 -0.064272 -0.012437
v -0.018724 -0.062549 -0.018280
v -0.014311 -0.065088 -0.012277
v -0.014311 -0.065088 -0.012277
v -0.018724 -0.062549 -0.018280
v -0.014133 -0.063575 -0.018067
v -0.014311 -0.065088 -0.012277
v -0.014133 -0.063575 -0.018067
v -0.009564 -0.065540 -0.012176
v -0.009564 -0.065540 -0.012176
v -0.014133 -0.063575 -0.018067
v -0.009442 -0.064127 -0.017929
v -0.009564 -0.065540 -0.012176
v -0.009442 -0.064127 -0.017929
v -0.000001 -0.065035 -0.015436
v -0.000001 -0.065035 -0.015436
v -0.000001 -0.065790 -0.012115
v -0.009564 -0.065540 -0.012176
v -0.009564 -0.065540 -0.012176
v -0.000001 -0.065790 -0.012115
v -0.009812 -0.066421 -0.006217
v -0.009564 -0.065540 -0.012176
v -0.009812 -0.066421 -0.006217
v -0.014311 -0.065088 -0.012277
v -0.014311 -0.065088 -0.012277
v -0.009812 -0.066421 -0.006217
v -0.014648 -0.066023 -0.006274
v -0.014311 -0.065088 -0.012277
v -0.014648 -0.066023 -0.006274
v -0.018998 -0.064272 -0.012437
v -0.018998 -0.064272 -0.012437
v -0.014648 -0.066023 -0.006274
v -0.019427 -0.065337 -0.006366
v -0.018998 -0.064272 -0.012437
v -0.019427 -0.065337 -0.006366
v -0.024141 -0.064213 -0.006493
v -0.024141 -0.064213 -0.006493
v -0.019427 -0.065337 -0.006366
v -0.023291 -0.064933 -0.000000
v -0.024141 -0.064213 -0.006493
v -0.023291 -0.064933 -0.000000
v -0.026391 -0.063992 -0.000000
v -0.032971 -0.053186 -0.013207
v -0.032706 -0.052610 -0.014914
v -0.032626 -0.055421 -0.013125
v -0.032626 -0.055421 -0.013125
v -0.032706 -0.052610 -0.014914
v -0.031535 -0.052970 -0.019349
v -0.032626 -0.055421 -0.013125
v -0.031535 -0.052970 -0.019349
v -0.031575 -0.057668 -0.013063
v -0.031575 -0.057668 -0.013063
v -0.031535 -0.052970 -0.019349
v -0.030562 -0.055204 -0.019197
v -0.031575 -0.057668 -0.013063
v -0.030562 -0.055204 -0.019197
v -0.029939 -0.059495 -0.012990
v -0.029939 -0.059495 -0.012990
v -0.030562 -0.055204 -0.019197
v -0.029062 -0.057079 -0.019047
v -0.029939 -0.059495 -0.012990
v -0.029062 -0.057079 -0.019047
v -0.027964 -0.060932 -0.012889
v -0.027964 -0.060932 -0.012889
v -0.029062 -0.057079 -0.019047
v -0.027241 -0.058620 -0.018887
v -0.027964 -0.060932 -0.012889
v -0.027241 -0.058620 -0.018887
v -0.025823 -0.062062 -0.012772
v -0.025823 -0.062062 -0.012772
v -0.027241 -0.058620 -0.018887
v -0.025244 -0.059889 -0.018722
v -0.025823 -0.062062 -0.012772
v -0.025244 -0.059889 -0.018722
v -0.023602 -0.062960 -0.012653
v -0.023602 -0.062960 -0.012653
v -0.025244 -0.059889 -0.018722
v -0.023148 -0.060941 -0.018563
v -0.023602 -0.062960 -0.012653
v -0.023148 -0.060941 -0.018563
v -0.018724 -0.062549 -0.018280
v -0.018724 -0.062549 -0.018280
v -0.023148 -0.060941 -0.018563
v -0.018533 -0.060293 -0.023960
v -0.018724 -0.062549 -0.018280
v -0.018533 -0.060293 -0.023960
v -0.014133 -0.063575 -0.018067
v -0.014133 -0.063575 -0.018067
v -0.018533 -0.060293 -0.023960
v -0.014049 -0.061570 -0.023699
v -0.014133 -0.063575 -0.018067
v -0.014049 -0.061570 -0.023699
v -0.009442 -0.064127 -0.017929
v -0.009442 -0.064127 -0.017929
v -0.014049 -0.061570 -0.023699
v -0.009399 -0.062249 -0.023529
v -0.009442 -0.064127 -0.017929
v -0.009399 -0.062249 -0.023529
v -0.000001 -0.065035 -0.015436
v -0.000001 -0.065035 -0.015436
v -0.009399 -0.062249 -0.023529
v -0.004700 -0.062485 -0.023442
v -0.000001 -0.065035 -0.015436
v -0.004700 -0.062485 -0.023442
v -0.000001 -0.062366 -0.023821
v -0.000001 -0.062366 -0.023821
v -0.004700 -0.062485 -0.023442
v -0.000000 -0.058405 -0.032936
v -0.015151 -0.005977 -0.034081
v -0.015744 -0.007539 -0.034956
v -0.018082 -0.007690 -0.033081
v -0.002307 -0.008191 -0.048758
v -0.000090 -0.007738 -0.050755
v -0.001928 -0.007092 -0.052590
v -0.001960 -0.005123 -0.056110
v -0.000098 -0.003844 -0.057761
v -0.002345 -0.002413 -0.059280
v -0.026782 -0.023148 -0.038029
v -0.024797 -0.019117 -0.043329
v -0.025950 -0.020806 -0.045817
v -0.023799 -0.017014 -0.046061
v -0.024797 -0.019117 -0.043329
v -0.023461 -0.017351 -0.041005
v -0.022131 -0.010320 -0.055511
v -0.023255 -0.010439 -0.056888
v -0.023874 -0.013161 -0.054203
v -0.018754 -0.012363 -0.039080
v -0.016877 -0.011507 -0.041476
v -0.018904 -0.012797 -0.043871
v -0.018904 -0.012797 -0.043871
v -0.016877 -0.011507 -0.041476
v -0.017327 -0.011436 -0.046447
v -0.032944 -0.048365 -0.014450
v -0.033481 -0.051362 -0.009903
v -0.033791 -0.043715 -0.006665
v -0.033791 -0.043715 -0.006665
v -0.033481 -0.051362 -0.009903
v -0.033980 -0.046798 -0.002044
v -0.031092 -0.045398 -0.024686
v -0.031677 -0.041755 -0.022709
v -0.030952 -0.038060 -0.026624
v -0.032231 -0.025952 -0.016084
v -0.030970 -0.022900 -0.019960
v -0.031180 -0.030751 -0.022995
v -0.031180 -0.030751 -0.022995
v -0.030970 -0.022900 -0.019960
v -0.029846 -0.027383 -0.026962
v -0.033273 0.004436 -0.007145
v -0.032902 0.004436 -0.008754
v -0.032798 0.001610 -0.009280
v -0.029356 0.004436 -0.017456
v -0.028622 0.004436 -0.018654
v -0.028566 0.002094 -0.018931
v 0.000000 0.002010 -0.034108
v -0.000000 -0.000047 -0.034573
v -0.000095 0.001529 -0.034183
v -0.000095 0.001529 -0.034183
v -0.000000 -0.000047 -0.034573
v -0.000535 -0.000465 -0.034714
v 0.000000 -0.006704 -0.039877
v -0.000639 -0.007319 -0.041053
v -0.003461 -0.006535 -0.039390
v 0.000000 -0.008189 -0.048669
v -0.000718 -0.008368 -0.046842
v 0.000000 -0.008383 -0.045981
v -0.027801 -0.031190 -0.047098
v -0.027514 -0.032336 -0.048662
v -0.027397 -0.038157 -0.042893
v -0.027397 -0.038157 -0.042893
v -0.027514 -0.032336 -0.048662
v -0.026796 -0.037379 -0.046055
v -0.027397 -0.038157 -0.042893
v -0.026796 -0.037379 -0.046055
v -0.027552 -0.039924 -0.040705
v -0.029442 -0.045051 -0.031036
v -0.029509 -0.044887 -0.030899
v -0.028983 -0.040409 -0.035209
v -0.029645 -0.045555 -0.030096
v -0.030528 -0.047682 -0.026038
v -0.031092 -0.045398 -0.024686
v -0.033931 -0.055234 -0.003411
v -0.033856 -0.054211 -0.005085
v -0.033700 -0.054748 -0.007014
v -0.034000 0.004436 0.000000
v -0.033816 0.004436 -0.003609
v -0.034000 -0.004948 0.000000
v -0.034000 -0.004948 0.000000
v -0.033816 0.004436 -0.003609
v -0.033717 -0.002197 -0.004657
v -0.033933 -0.015384 -0.002606
v -0.034000 -0.018134 0.000000
v -0.034000 -0.006932 0.000000
v -0.033926 -0.035786 -0.003700
v -0.034000 -0.038634 0.000000
v -0.034000 -0.028658 0.000000
v -0.033300 -0.053895 -0.010802
v -0.033481 -0.051362 -0.009903
v -0.032971 -0.053186 -0.013207
v -0.032971 -0.053186 -0.013207
v -0.033481 -0.051362 -0.009903
v -0.032944 -0.048365 -0.014450
v -0.032971 -0.053186 -0.013207
v -0.032944 -0.048365 -0.014450
v -0.032706 -0.052610 -0.014914
v -0.032706 -0.052610 -0.014914
v -0.032944 -0.048365 -0.014450
v -0.032476 -0.052107 -0.016284
v -0.026402 -0.035549 -0.050551
v -0.027078 -0.033481 -0.050294
v -0.027382 -0.031321 -0.051910
v -0.027382 -0.031321 -0.051910
v -0.027078 -0.033481 -0.050294
v -0.027653 -0.029328 -0.052551
v -0.027860 -0.025124 -0.053903
v -0.027552 -0.024149 -0.051434
v -0.027767 -0.022793 -0.054652
v -0.027767 -0.022793 -0.054652
v -0.027552 -0.024149 -0.051434
v -0.027399 -0.019625 -0.055671
v -0.026402 -0.035549 -0.050551
v -0.026796 -0.037379 -0.046055
v -0.027078 -0.033481 -0.050294
v -0.027078 -0.033481 -0.050294
v -0.026796 -0.037379 -0.046055
v -0.027514 -0.032336 -0.048662
v -0.027078 -0.033481 -0.050294
v -0.027514 -0.032336 -0.048662
v -0.027653 -0.029328 -0.052551
v -0.027653 -0.029328 -0.052551
v -0.027514 -0.032336 -0.048662
v -0.027801 -0.031190 -0.047098
v -0.027653 -0.029328 -0.052551
v -0.027801 -0.031190 -0.047098
v -0.027861 -0.025458 -0.053796
v -0.027861 -0.025458 -0.053796
v -0.027801 -0.031190 -0.047098
v -0.027778 -0.025020 -0.052996
v -0.027861 -0.025458 -0.053796
v -0.027778 -0.025020 -0.052996
v -0.027860 -0.025124 -0.053903
v -0.026989 -0.017514 -0.056350
v -0.026028 -0.016780 -0.054242
v -0.026686 -0.016289 -0.056744
v -0.026686 -0.016289 -0.056744
v -0.026028 -0.016780 -0.054242
v -0.025672 -0.013804 -0.057037
v -0.026686 -0.016289 -0.056744
v -0.025672 -0.013804 -0.057037
v -0.025668 -0.013171 -0.057747
v -0.025668 -0.013171 -0.057747
v -0.025672 -0.013804 -0.057037
v -0.025588 -0.012965 -0.057813
v -0.023255 -0.010439 -0.056888
v -0.022718 -0.007639 -0.059525
v -0.023070 -0.008147 -0.059362
v -0.022718 -0.007639 -0.059525
v -0.023255 -0.010439 -0.056888
v -0.022654 -0.007550 -0.059554
v -0.022654 -0.007550 -0.059554
v -0.023255 -0.010439 -0.056888
v -0.022131 -0.010320 -0.055511
v -0.022654 -0.007550 -0.059554
v -0.022131 -0.010320 -0.055511
v -0.021549 -0.006144 -0.060006
v -0.020950 -0.010225 -0.054167
v -0.019202 -0.005279 -0.059162
v -0.020763 -0.005278 -0.060285
v -0.018564 -0.003315 -0.060916
v -0.019573 -0.004141 -0.060650
v -0.019202 -0.005279 -0.059162
v -0.019202 -0.005279 -0.059162
v -0.019573 -0.004141 -0.060650
v -0.020518 -0.005029 -0.060365
v -0.019202 -0.005279 -0.059162
v -0.020518 -0.005029 -0.060365
v -0.020763 -0.005278 -0.060285
v -0.017653 -0.005612 -0.057833
v -0.016052 -0.001695 -0.061437
v -0.017873 -0.002811 -0.061078
v -0.000000 -0.003622 -0.058016
v -0.000000 -0.001343 -0.060309
v -0.000626 -0.000813 -0.060776
v -0.000626 -0.000813 -0.060776
v -0.000000 -0.001343 -0.060309
v 0.000000 0.001101 -0.062336
v -0.000626 -0.000813 -0.060776
v 0.000000 0.001101 -0.062336
v -0.002525 0.001090 -0.062332
v 0.000000 -0.006704 -0.039877
v -0.003461 -0.006535 -0.039390
v 0.000000 -0.006213 -0.039117
v -0.000000 -0.003913 -0.036656
v 0.000000 -0.005382 -0.038061
v -0.002544 -0.005329 -0.037904
v -0.003953 0.004436 -0.033788
v 0.000000 0.004436 -0.034000
v 0.000000 0.003776 -0.034000
v -0.011893 0.004436 -0.032078
v -0.013380 0.004009 -0.031565
v -0.015017 0.004436 -0.030807
v -0.015017 0.004436 -0.030807
v -0.013380 0.004009 -0.031565
v -0.015753 0.003802 -0.030512
v -0.015017 0.004436 -0.030807
v -0.015753 0.003802 -0.030512
v -0.017998 0.004436 -0.029190
v -0.028622 0.004436 -0.018654
v -0.027419 0.004436 -0.020406
v -0.028566 0.002094 -0.018931
v -0.028566 0.002094 -0.018931
v -0.027419 0.004436 -0.020406
v -0.025370 0.003704 -0.023019
v -0.028566 0.002094 -0.018931
v -0.025370 0.003704 -0.023019
v -0.025398 -0.001119 -0.023593
v -0.025398 -0.001119 -0.023593
v -0.025370 0.003704 -0.023019
v -0.023441 0.004214 -0.024989
v -0.025398 -0.001119 -0.023593
v -0.023441 0.004214 -0.024989
v -0.021420 -0.000180 -0.027377
v -0.030951 0.004436 -0.014362
v -0.030973 -0.000266 -0.014655
v -0.032798 0.001610 -0.009280
v -0.032902 0.004436 -0.008754
v -0.032373 0.004436 -0.010618
v -0.032798 0.001610 -0.009280
v -0.032798 0.001610 -0.009280
v -0.032373 0.004436 -0.010618
v -0.032225 0.004436 -0.011077
v -0.032798 0.001610 -0.009280
v -0.032225 0.004436 -0.011077
v -0.030951 0.004436 -0.014362
v -0.029645 -0.045555 -0.030096
v -0.031092 -0.045398 -0.024686
v -0.030444 -0.041537 -0.028680
v -0.030444 -0.041537 -0.028680
v -0.031092 -0.045398 -0.024686
v -0.030952 -0.038060 -0.026624
v -0.030444 -0.041537 -0.028680
v -0.030952 -0.038060 -0.026624
v -0.029758 -0.037298 -0.032849
v -0.029758 -0.037298 -0.032849
v -0.030952 -0.038060 -0.026624
v -0.030063 -0.034096 -0.030699
v -0.029758 -0.037298 -0.032849
v -0.030063 -0.034096 -0.030699
v -0.028915 -0.032702 -0.037523
v -0.028915 -0.032702 -0.037523
v -0.030063 -0.034096 -0.030699
v -0.028904 -0.029898 -0.035220
v -0.028915 -0.032702 -0.037523
v -0.028904 -0.029898 -0.035220
v -0.027896 -0.027769 -0.042825
v -0.034000 -0.028658 0.000000
v -0.033995 -0.027677 -0.000924
v -0.033926 -0.035786 -0.003700
v -0.033926 -0.035786 -0.003700
v -0.033995 -0.027677 -0.000924
v -0.033631 -0.032445 -0.008007
v -0.033926 -0.035786 -0.003700
v -0.033631 -0.032445 -0.008007
v -0.033418 -0.040575 -0.011062
v -0.033418 -0.040575 -0.011062
v -0.033631 -0.032445 -0.008007
v -0.032877 -0.037370 -0.015208
v -0.033418 -0.040575 -0.011062
v -0.032877 -0.037370 -0.015208
v -0.032329 -0.045178 -0.018702
v -0.032329 -0.045178 -0.018702
v -0.032877 -0.037370 -0.015208
v -0.031677 -0.041755 -0.022709
v -0.032329 -0.045178 -0.018702
v -0.031677 -0.041755 -0.022709
v -0.031773 -0.048903 -0.020606
v -0.031773 -0.048903 -0.020606
v -0.031677 -0.041755 -0.022709
v -0.031092 -0.045398 -0.024686
v -0.031773 -0.048903 -0.020606
v -0.031092 -0.045398 -0.024686
v -0.030724 -0.048141 -0.025133
v -0.030724 -0.048141 -0.025133
v -0.031092 -0.045398 -0.024686
v -0.030528 -0.047682 -0.026038
v -0.034000 -0.055383 0.000000
v -0.034000 -0.048112 0.000000
v -0.033931 -0.055234 -0.003411
v -0.033931 -0.055234 -0.003411
v -0.034000 -0.048112 0.000000
v -0.033980 -0.046798 -0.002044
v -0.033931 -0.055234 -0.003411
v -0.033980 -0.046798 -0.002044
v -0.033856 -0.054211 -0.005085
v -0.033856 -0.054211 -0.005085
v -0.033980 -0.046798 -0.002044
v -0.033481 -0.051362 -0.009903
v -0.033856 -0.054211 -0.005085
v -0.033481 -0.051362 -0.009903
v -0.033700 -0.054748 -0.007014
v -0.033700 -0.054748 -0.007014
v -0.033481 -0.051362 -0.009903
v -0.033300 -0.053895 -0.010802
v -0.034000 -0.048112 0.000000
v -0.034000 -0.038634 0.000000
v -0.033980 -0.046798 -0.002044
v -0.033980 -0.046798 -0.002044
v -0.034000 -0.038634 0.000000
v -0.033926 -0.035786 -0.003700
v -0.033980 -0.046798 -0.002044
v -0.033926 -0.035786 -0.003700
v -0.033791 -0.043715 -0.006665
v -0.033791 -0.043715 -0.006665
v -0.033926 -0.035786 -0.003700
v -0.033418 -0.040575 -0.011062
v -0.033791 -0.043715 -0.006665
v -0.033418 -0.040575 -0.011062
v -0.032944 -0.048365 -0.014450
v -0.032944 -0.048365 -0.014450
v -0.033418 -0.040575 -0.011062
v -0.032329 -0.045178 -0.018702
v -0.032944 -0.048365 -0.014450
v -0.032329 -0.045178 -0.018702
v -0.032476 -0.052107 -0.016284
v -0.032476 -0.052107 -0.016284
v -0.032329 -0.045178 -0.018702
v -0.031773 -0.048903 -0.020606
v -0.032476 -0.052107 -0.016284
v -0.031773 -0.048903 -0.020606
v -0.031882 -0.050789 -0.019516
v -0.031882 -0.050789 -0.019516
v -0.031773 -0.048903 -0.020606
v -0.030724 -0.048141 -0.025133
v -0.005804 -0.005353 -0.055723
v -0.009803 -0.003372 -0.058368
v -0.007562 -0.006645 -0.053616
v -0.007562 -0.006645 -0.053616
v -0.009803 -0.003372 -0.058368
v -0.011253 -0.005188 -0.056267
v -0.007562 -0.006645 -0.053616
v -0.011253 -0.005188 -0.056267
v -0.009357 -0.007808 -0.051317
v -0.021871 -0.012574 -0.051515
v -0.019713 -0.010156 -0.052855
v -0.020950 -0.010225 -0.054167
v -0.020950 -0.010225 -0.054167
v -0.019713 -0.010156 -0.052855
v -0.017653 -0.005612 -0.057833
v -0.020950 -0.010225 -0.054167
v -0.017653 -0.005612 -0.057833
v -0.019202 -0.005279 -0.059162
v -0.019202 -0.005279 -0.059162
v -0.017653 -0.005612 -0.057833
v -0.017873 -0.002811 -0.061078
v -0.019202 -0.005279 -0.059162
v -0.017873 -0.002811 -0.061078
v -0.018564 -0.003315 -0.060916
v -0.009357 -0.007808 -0.051317
v -0.012706 -0.008702 -0.050242
v -0.011195 -0.008849 -0.048888
v -0.011195 -0.008849 -0.048888
v -0.012706 -0.008702 -0.050242
v -0.014413 -0.009931 -0.047728
v -0.011195 -0.008849 -0.048888
v -0.014413 -0.009931 -0.047728
v -0.013073 -0.009788 -0.046403
v -0.013073 -0.009788 -0.046403
v -0.014413 -0.009931 -0.047728
v -0.014975 -0.010661 -0.043921
v -0.011253 -0.005188 -0.056267
v -0.012725 -0.006901 -0.053981
v -0.009357 -0.007808 -0.051317
v -0.009357 -0.007808 -0.051317
v -0.012725 -0.006901 -0.053981
v -0.014228 -0.008508 -0.051547
v -0.009357 -0.007808 -0.051317
v -0.014228 -0.008508 -0.051547
v -0.012706 -0.008702 -0.050242
v -0.012706 -0.008702 -0.050242
v -0.014228 -0.008508 -0.051547
v -0.015764 -0.010014 -0.049019
v -0.012706 -0.008702 -0.050242
v -0.015764 -0.010014 -0.049019
v -0.014413 -0.009931 -0.047728
v -0.014413 -0.009931 -0.047728
v -0.015764 -0.010014 -0.049019
v -0.017327 -0.011436 -0.046447
v -0.014413 -0.009931 -0.047728
v -0.017327 -0.011436 -0.046447
v -0.014975 -0.010661 -0.043921
v -0.014975 -0.010661 -0.043921
v -0.017327 -0.011436 -0.046447
v -0.016877 -0.011507 -0.041476
v -0.005804 -0.005353 -0.055723
v -0.008360 -0.001464 -0.060268
v -0.009803 -0.003372 -0.058368
v -0.009803 -0.003372 -0.058368
v -0.008360 -0.001464 -0.060268
v -0.013755 -0.001539 -0.060917
v -0.009803 -0.003372 -0.058368
v -0.013755 -0.001539 -0.060917
v -0.011253 -0.005188 -0.056267
v -0.011253 -0.005188 -0.056267
v -0.013755 -0.001539 -0.060917
v -0.014897 -0.003811 -0.058813
v -0.011253 -0.005188 -0.056267
v -0.014897 -0.003811 -0.058813
v -0.012725 -0.006901 -0.053981
v -0.012725 -0.006901 -0.053981
v -0.014897 -0.003811 -0.058813
v -0.016049 -0.006000 -0.056535
v -0.012725 -0.006901 -0.053981
v -0.016049 -0.006000 -0.056535
v -0.014228 -0.008508 -0.051547
v -0.014228 -0.008508 -0.051547
v -0.016049 -0.006000 -0.056535
v -0.017224 -0.008099 -0.054109
v -0.014228 -0.008508 -0.051547
v -0.017224 -0.008099 -0.054109
v -0.015764 -0.010014 -0.049019
v -0.015764 -0.010014 -0.049019
v -0.017224 -0.008099 -0.054109
v -0.018429 -0.010106 -0.051568
v -0.015764 -0.010014 -0.049019
v -0.018429 -0.010106 -0.051568
v -0.017327 -0.011436 -0.046447
v -0.017327 -0.011436 -0.046447
v -0.018429 -0.010106 -0.051568
v -0.019664 -0.012024 -0.048951
v -0.017327 -0.011436 -0.046447
v -0.019664 -0.012024 -0.048951
v -0.018904 -0.012797 -0.043871
v -0.032287 -0.017299 -0.013477
v -0.030795 -0.014388 -0.017471
v -0.030860 -0.018733 -0.018650
v -0.030860 -0.018733 -0.018650
v -0.030795 -0.014388 -0.017471
v -0.028908 -0.016094 -0.022565
v -0.030860 -0.018733 -0.018650
v -0.028908 -0.016094 -0.022565
v -0.029207 -0.020058 -0.023873
v -0.029207 -0.020058 -0.023873
v -0.028908 -0.016094 -0.022565
v -0.026872 -0.017486 -0.027938
v -0.029207 -0.020058 -0.023873
v -0.026872 -0.017486 -0.027938
v -0.027483 -0.020866 -0.029505
v -0.027483 -0.020866 -0.029505
v -0.026872 -0.017486 -0.027938
v -0.023965 -0.015221 -0.032222
v -0.027483 -0.020866 -0.029505
v -0.023965 -0.015221 -0.032222
v -0.024939 -0.018085 -0.033997
v -0.024939 -0.018085 -0.033997
v -0.023965 -0.015221 -0.032222
v -0.020577 -0.013255 -0.036737
v -0.024939 -0.018085 -0.033997
v -0.020577 -0.013255 -0.036737
v -0.022021 -0.015431 -0.038812
v -0.022021 -0.015431 -0.038812
v -0.020577 -0.013255 -0.036737
v -0.020476 -0.014121 -0.041319
v -0.022021 -0.015431 -0.038812
v -0.020476 -0.014121 -0.041319
v -0.022192 -0.015632 -0.043636
v -0.022192 -0.015632 -0.043636
v -0.020476 -0.014121 -0.041319
v -0.020922 -0.013861 -0.046295
v -0.022192 -0.015632 -0.043636
v -0.020922 -0.013861 -0.046295
v -0.022821 -0.014836 -0.048802
v -0.022821 -0.014836 -0.048802
v -0.020922 -0.013861 -0.046295
v -0.021871 -0.012574 -0.051515
v -0.022821 -0.014836 -0.048802
v -0.021871 -0.012574 -0.051515
v -0.023874 -0.013161 -0.054203
v -0.023874 -0.013161 -0.054203
v -0.021871 -0.012574 -0.051515
v -0.020950 -0.010225 -0.054167
v -0.023874 -0.013161 -0.054203
v -0.020950 -0.010225 -0.054167
v -0.022131 -0.010320 -0.055511
v -0.022131 -0.010320 -0.055511
v -0.020950 -0.010225 -0.054167
v -0.020763 -0.005278 -0.060285
v -0.022131 -0.010320 -0.055511
v -0.020763 -0.005278 -0.060285
v -0.021549 -0.006144 -0.060006
v -0.023461 -0.017351 -0.041005
v -0.024797 -0.019117 -0.043329
v -0.025908 -0.020703 -0.035932
v -0.025908 -0.020703 -0.035932
v -0.024797 -0.019117 -0.043329
v -0.026782 -0.023148 -0.038029
v -0.025908 -0.020703 -0.035932
v -0.026782 -0.023148 -0.038029
v -0.028083 -0.024030 -0.031237
v -0.025950 -0.020806 -0.045817
v -0.024797 -0.019117 -0.043329
v -0.025218 -0.018347 -0.048634
v -0.025218 -0.018347 -0.048634
v -0.024797 -0.019117 -0.043329
v -0.023799 -0.017014 -0.046061
v -0.025218 -0.018347 -0.048634
v -0.023799 -0.017014 -0.046061
v -0.024527 -0.015799 -0.051441
v -0.034000 -0.006932 0.000000
v -0.034000 -0.006487 -0.000113
v -0.033933 -0.015384 -0.002606
v -0.033933 -0.015384 -0.002606
v -0.034000 -0.006487 -0.000113
v -0.033473 -0.011557 -0.006937
v -0.033933 -0.015384 -0.002606
v -0.033473 -0.011557 -0.006937
v -0.033253 -0.020548 -0.009400
v -0.033253 -0.020548 -0.009400
v -0.033473 -0.011557 -0.006937
v -0.032287 -0.017299 -0.013477
v -0.033253 -0.020548 -0.009400
v -0.032287 -0.017299 -0.013477
v -0.032231 -0.025952 -0.016084
v -0.032231 -0.025952 -0.016084
v -0.032287 -0.017299 -0.013477
v -0.030860 -0.018733 -0.018650
v -0.032231 -0.025952 -0.016084
v -0.030860 -0.018733 -0.018650
v -0.030970 -0.022900 -0.019960
v -0.030970 -0.022900 -0.019960
v -0.030860 -0.018733 -0.018650
v -0.029207 -0.020058 -0.023873
v -0.030970 -0.022900 -0.019960
v -0.029207 -0.020058 -0.023873
v -0.029846 -0.027383 -0.026962
v -0.029846 -0.027383 -0.026962
v -0.029207 -0.020058 -0.023873
v -0.027483 -0.020866 -0.029505
v -0.029846 -0.027383 -0.026962
v -0.027483 -0.020866 -0.029505
v -0.028083 -0.024030 -0.031237
v -0.028083 -0.024030 -0.031237
v -0.027483 -0.020866 -0.029505
v -0.024939 -0.018085 -0.033997
v -0.028083 -0.024030 -0.031237
v -0.024939 -0.018085 -0.033997
v -0.025908 -0.020703 -0.035932
v -0.025908 -0.020703 -0.035932
v -0.024939 -0.018085 -0.033997
v -0.022021 -0.015431 -0.038812
v -0.025908 -0.020703 -0.035932
v -0.022021 -0.015431 -0.038812
v -0.023461 -0.017351 -0.041005
v -0.023461 -0.017351 -0.041005
v -0.022021 -0.015431 -0.038812
v -0.022192 -0.015632 -0.043636
v -0.023461 -0.017351 -0.041005
v -0.022192 -0.015632 -0.043636
v -0.023799 -0.017014 -0.046061
v -0.023799 -0.017014 -0.046061
v -0.022192 -0.015632 -0.043636
v -0.022821 -0.014836 -0.048802
v -0.023799 -0.017014 -0.046061
v -0.022821 -0.014836 -0.048802
v -0.024527 -0.015799 -0.051441
v -0.024527 -0.015799 -0.051441
v -0.022821 -0.014836 -0.048802
v -0.023874 -0.013161 -0.054203
v -0.026878 -0.022466 -0.048507
v -0.027896 -0.027769 -0.042825
v -0.027473 -0.025484 -0.040313
v -0.027473 -0.025484 -0.040313
v -0.027896 -0.027769 -0.042825
v -0.028904 -0.029898 -0.035220
v -0.027473 -0.025484 -0.040313
v -0.028904 -0.029898 -0.035220
v -0.028589 -0.027025 -0.033137
v -0.028589 -0.027025 -0.033137
v -0.028904 -0.029898 -0.035220
v -0.030063 -0.034096 -0.030699
v -0.028589 -0.027025 -0.033137
v -0.030063 -0.034096 -0.030699
v -0.030053 -0.030801 -0.028745
v -0.030053 -0.030801 -0.028745
v -0.030063 -0.034096 -0.030699
v -0.030952 -0.038060 -0.026624
v -0.030053 -0.030801 -0.028745
v -0.030952 -0.038060 -0.026624
v -0.031161 -0.034466 -0.024731
v -0.031161 -0.034466 -0.024731
v -0.030952 -0.038060 -0.026624
v -0.031677 -0.041755 -0.022709
v -0.031161 -0.034466 -0.024731
v -0.031677 -0.041755 -0.022709
v -0.032157 -0.034092 -0.019143
v -0.032157 -0.034092 -0.019143
v -0.031677 -0.041755 -0.022709
v -0.032877 -0.037370 -0.015208
v -0.032157 -0.034092 -0.019143
v -0.032877 -0.037370 -0.015208
v -0.033087 -0.029152 -0.012126
v -0.033087 -0.029152 -0.012126
v -0.032877 -0.037370 -0.015208
v -0.033631 -0.032445 -0.008007
v -0.033087 -0.029152 -0.012126
v -0.033631 -0.032445 -0.008007
v -0.033792 -0.024038 -0.005215
v -0.033792 -0.024038 -0.005215
v -0.033631 -0.032445 -0.008007
v -0.033995 -0.027677 -0.000924
v -0.033792 -0.024038 -0.005215
v -0.033995 -0.027677 -0.000924
v -0.034000 -0.023944 0.000000
v -0.034000 -0.023944 0.000000
v -0.033995 -0.027677 -0.000924
v -0.034000 -0.028658 0.000000
v -0.027860 -0.025124 -0.053903
v -0.027778 -0.025020 -0.052996
v -0.027552 -0.024149 -0.051434
v -0.027552 -0.024149 -0.051434
v -0.027778 -0.025020 -0.052996
v -0.027801 -0.031190 -0.047098
v -0.027552 -0.024149 -0.051434
v -0.027801 -0.031190 -0.047098
v -0.027950 -0.030046 -0.045603
v -0.027950 -0.030046 -0.045603
v -0.027801 -0.031190 -0.047098
v -0.027397 -0.038157 -0.042893
v -0.027950 -0.030046 -0.045603
v -0.027397 -0.038157 -0.042893
v -0.028475 -0.035465 -0.040082
v -0.028475 -0.035465 -0.040082
v -0.027397 -0.038157 -0.042893
v -0.027552 -0.039924 -0.040705
v -0.028475 -0.035465 -0.040082
v -0.027552 -0.039924 -0.040705
v -0.028983 -0.040409 -0.035209
v -0.028983 -0.040409 -0.035209
v -0.027552 -0.039924 -0.040705
v -0.028909 -0.043696 -0.033546
v -0.028983 -0.040409 -0.035209
v -0.028909 -0.043696 -0.033546
v -0.029442 -0.045051 -0.031036
v -0.029442 -0.045051 -0.031036
v -0.029645 -0.045555 -0.030096
v -0.029509 -0.044887 -0.030899
v -0.029509 -0.044887 -0.030899
v -0.029645 -0.045555 -0.030096
v -0.030444 -0.041537 -0.028680
v -0.029509 -0.044887 -0.030899
v -0.030444 -0.041537 -0.028680
v -0.028983 -0.040409 -0.035209
v -0.028983 -0.040409 -0.035209
v -0.030444 -0.041537 -0.028680
v -0.029758 -0.037298 -0.032849
v -0.028983 -0.040409 -0.035209
v -0.029758 -0.037298 -0.032849
v -0.028475 -0.035465 -0.040082
v -0.028475 -0.035465 -0.040082
v -0.029758 -0.037298 -0.032849
v -0.028915 -0.032702 -0.037523
v -0.028475 -0.035465 -0.040082
v -0.028915 -0.032702 -0.037523
v -0.027950 -0.030046 -0.045603
v -0.027950 -0.030046 -0.045603
v -0.028915 -0.032702 -0.037523
v -0.027896 -0.027769 -0.042825
v -0.027950 -0.030046 -0.045603
v -0.027896 -0.027769 -0.042825
v -0.027552 -0.024149 -0.051434
v -0.027552 -0.024149 -0.051434
v -0.027896 -0.027769 -0.042825
v -0.026878 -0.022466 -0.048507
v -0.027552 -0.024149 -0.051434
v -0.026878 -0.022466 -0.048507
v -0.027399 -0.019625 -0.055671
v -0.027399 -0.019625 -0.055671
v -0.026878 -0.022466 -0.048507
v -0.026028 -0.016780 -0.054242
v -0.027399 -0.019625 -0.055671
v -0.026028 -0.016780 -0.054242
v -0.027282 -0.018945 -0.055890
v -0.027282 -0.018945 -0.055890
v -0.026028 -0.016780 -0.054242
v -0.026989 -0.017514 -0.056350
v -0.023070 -0.008147 -0.059362
v -0.024480 -0.010531 -0.058596
v -0.023255 -0.010439 -0.056888
v -0.023255 -0.010439 -0.056888
v -0.024480 -0.010531 -0.058596
v -0.025588 -0.012965 -0.057813
v -0.023255 -0.010439 -0.056888
v -0.025588 -0.012965 -0.057813
v -0.023874 -0.013161 -0.054203
v -0.023874 -0.013161 -0.054203
v -0.025588 -0.012965 -0.057813
v -0.025672 -0.013804 -0.057037
v -0.023874 -0.013161 -0.054203
v -0.025672 -0.013804 -0.057037
v -0.024527 -0.015799 -0.051441
v -0.024527 -0.015799 -0.051441
v -0.025672 -0.013804 -0.057037
v -0.026028 -0.016780 -0.054242
v -0.024527 -0.015799 -0.051441
v -0.026028 -0.016780 -0.054242
v -0.025218 -0.018347 -0.048634
v -0.025218 -0.018347 -0.048634
v -0.026028 -0.016780 -0.054242
v -0.026878 -0.022466 -0.048507
v -0.025218 -0.018347 -0.048634
v -0.026878 -0.022466 -0.048507
v -0.025950 -0.020806 -0.045817
v -0.025950 -0.020806 -0.045817
v -0.026878 -0.022466 -0.048507
v -0.027473 -0.025484 -0.040313
v -0.025950 -0.020806 -0.045817
v -0.027473 -0.025484 -0.040313
v -0.026782 -0.023148 -0.038029
v -0.026782 -0.023148 -0.038029
v -0.027473 -0.025484 -0.040313
v -0.028589 -0.027025 -0.033137
v -0.026782 -0.023148 -0.038029
v -0.028589 -0.027025 -0.033137
v -0.028083 -0.024030 -0.031237
v -0.028083 -0.024030 -0.031237
v -0.028589 -0.027025 -0.033137
v -0.030053 -0.030801 -0.028745
v -0.028083 -0.024030 -0.031237
v -0.030053 -0.030801 -0.028745
v -0.029846 -0.027383 -0.026962
v -0.029846 -0.027383 -0.026962
v -0.030053 -0.030801 -0.028745
v -0.031161 -0.034466 -0.024731
v -0.029846 -0.027383 -0.026962
v -0.031161 -0.034466 -0.024731
v -0.031180 -0.030751 -0.022995
v -0.031180 -0.030751 -0.022995
v -0.031161 -0.034466 -0.024731
v -0.032157 -0.034092 -0.019143
v -0.031180 -0.030751 -0.022995
v -0.032157 -0.034092 -0.019143
v -0.032231 -0.025952 -0.016084
v -0.032231 -0.025952 -0.016084
v -0.032157 -0.034092 -0.019143
v -0.033087 -0.029152 -0.012126
v -0.032231 -0.025952 -0.016084
v -0.033087 -0.029152 -0.012126
v -0.033253 -0.020548 -0.009400
v -0.033253 -0.020548 -0.009400
v -0.033087 -0.029152 -0.012126
v -0.033792 -0.024038 -0.005215
v -0.033253 -0.020548 -0.009400
v -0.033792 -0.024038 -0.005215
v -0.033933 -0.015384 -0.002606
v -0.033933 -0.015384 -0.002606
v -0.033792 -0.024038 -0.005215
v -0.034000 -0.023944 0.000000
v -0.033933 -0.015384 -0.002606
v -0.034000 -0.023944 0.000000
v -0.034000 -0.018134 0.000000
v -0.000535 -0.000465 -0.034714
v -0.003910 0.001053 -0.034156
v -0.000095 0.001529 -0.034183
v -0.000095 0.001529 -0.034183
v -0.003910 0.001053 -0.034156
v -0.003574 0.003182 -0.033880
v -0.000095 0.001529 -0.034183
v -0.003574 0.003182 -0.033880
v 0.000000 0.002010 -0.034108
v 0.000000 0.002010 -0.034108
v -0.003574 0.003182 -0.033880
v 0.000000 0.003776 -0.034000
v -0.005546 -0.004351 -0.036592
v -0.004888 -0.002735 -0.035544
v -0.002544 -0.005329 -0.037904
v -0.002544 -0.005329 -0.037904
v -0.004888 -0.002735 -0.035544
v -0.001752 -0.003902 -0.036609
v -0.002544 -0.005329 -0.037904
v -0.001752 -0.003902 -0.036609
v -0.000000 -0.003913 -0.036656
v 0.000000 -0.006636 -0.053603
v -0.001928 -0.007092 -0.052590
v 0.000000 -0.007574 -0.051296
v 0.000000 -0.007574 -0.051296
v -0.001928 -0.007092 -0.052590
v -0.000090 -0.007738 -0.050755
v 0.000000 -0.007574 -0.051296
v -0.000090 -0.007738 -0.050755
v 0.000000 -0.008189 -0.048669
v 0.000000 -0.008189 -0.048669
v -0.000090 -0.007738 -0.050755
v -0.002307 -0.008191 -0.048758
v 0.000000 -0.008189 -0.048669
v -0.002307 -0.008191 -0.048758
v -0.000718 -0.008368 -0.046842
v -0.000718 -0.008368 -0.046842
v -0.002307 -0.008191 -0.048758
v -0.003155 -0.008370 -0.044779
v -0.000718 -0.008368 -0.046842
v -0.003155 -0.008370 -0.044779
v 0.000000 -0.008383 -0.045981
v 0.000000 -0.008383 -0.045981
v -0.003155 -0.008370 -0.044779
v 0.000000 -0.008217 -0.044004
v -0.003840 -0.006281 -0.054241
v -0.001960 -0.005123 -0.056110
v -0.004069 -0.003936 -0.057608
v -0.004069 -0.003936 -0.057608
v -0.001960 -0.005123 -0.056110
v -0.002345 -0.002413 -0.059280
v -0.004069 -0.003936 -0.057608
v -0.002345 -0.002413 -0.059280
v -0.006914 0.000521 -0.061972
v -0.006914 0.000521 -0.061972
v -0.002345 -0.002413 -0.059280
v -0.003334 0.001075 -0.062327
v -0.006914 0.000521 -0.061972
v -0.003334 0.001075 -0.062327
v -0.006608 0.000902 -0.062272
v -0.003953 0.004436 -0.033788
v 0.000000 0.003776 -0.034000
v -0.003574 0.003182 -0.033880
v -0.003953 0.004436 -0.033788
v -0.003574 0.003182 -0.033880
v -0.007622 0.004436 -0.033232
v -0.007622 0.004436 -0.033232
v -0.003574 0.003182 -0.033880
v -0.003910 0.001053 -0.034156
v -0.007622 0.004436 -0.033232
v -0.003910 0.001053 -0.034156
v -0.007203 0.002324 -0.033528
v -0.007203 0.002324 -0.033528
v -0.003910 0.001053 -0.034156
v -0.007543 0.000225 -0.033910
v -0.007203 0.002324 -0.033528
v -0.007543 0.000225 -0.033910
v -0.010369 0.003310 -0.032673
v -0.010369 0.003310 -0.032673
v -0.007543 0.000225 -0.033910
v -0.010982 -0.000931 -0.033414
v -0.027419 0.004436 -0.020406
v -0.026505 0.004436 -0.021603
v -0.025370 0.003704 -0.023019
v -0.025370 0.003704 -0.023019
v -0.026505 0.004436 -0.021603
v -0.024214 0.004436 -0.024202
v -0.025370 0.003704 -0.023019
v -0.024214 0.004436 -0.024202
v -0.023441 0.004214 -0.024989
v -0.023441 0.004214 -0.024989
v -0.024214 0.004436 -0.024202
v -0.021706 0.004436 -0.026522
v -0.023441 0.004214 -0.024989
v -0.021706 0.004436 -0.026522
v -0.021420 -0.000180 -0.027377
v -0.021420 -0.000180 -0.027377
v -0.021706 0.004436 -0.026522
v -0.018986 0.004436 -0.028556
v -0.021420 -0.000180 -0.027377
v -0.018986 0.004436 -0.028556
v -0.019098 -0.000018 -0.029125
v -0.019098 -0.000018 -0.029125
v -0.018986 0.004436 -0.028556
v -0.017998 0.004436 -0.029190
v -0.019098 -0.000018 -0.029125
v -0.017998 0.004436 -0.029190
v -0.016569 -0.000081 -0.030728
v -0.016569 -0.000081 -0.030728
v -0.017998 0.004436 -0.029190
v -0.015753 0.003802 -0.030512
v -0.016569 -0.000081 -0.030728
v -0.015753 0.003802 -0.030512
v -0.013854 -0.000383 -0.032160
v -0.013854 -0.000383 -0.032160
v -0.015753 0.003802 -0.030512
v -0.013380 0.004009 -0.031565
v -0.000000 -0.000047 -0.034573
v -0.000000 -0.002075 -0.035436
v -0.000535 -0.000465 -0.034714
v -0.000535 -0.000465 -0.034714
v -0.000000 -0.002075 -0.035436
v -0.001084 -0.002280 -0.035538
v -0.000535 -0.000465 -0.034714
v -0.001084 -0.002280 -0.035538
v -0.003910 0.001053 -0.034156
v -0.003910 0.001053 -0.034156
v -0.001084 -0.002280 -0.035538
v -0.004345 -0.000929 -0.034721
v -0.003910 0.001053 -0.034156
v -0.004345 -0.000929 -0.034721
v -0.007543 0.000225 -0.033910
v -0.007543 0.000225 -0.033910
v -0.004345 -0.000929 -0.034721
v -0.007981 -0.001723 -0.034517
v -0.007543 0.000225 -0.033910
v -0.007981 -0.001723 -0.034517
v -0.010982 -0.000931 -0.033414
v -0.010982 -0.000931 -0.033414
v -0.007981 -0.001723 -0.034517
v -0.011421 -0.002838 -0.034048
v -0.000639 -0.007319 -0.041053
v -0.001836 -0.007996 -0.042905
v -0.003461 -0.006535 -0.039390
v -0.003461 -0.006535 -0.039390
v -0.001836 -0.007996 -0.042905
v -0.004503 -0.007489 -0.041011
v -0.003461 -0.006535 -0.039390
v -0.004503 -0.007489 -0.041011
v -0.006321 -0.005764 -0.037826
v -0.006321 -0.005764 -0.037826
v -0.004503 -0.007489 -0.041011
v -0.007213 -0.006954 -0.039201
v -0.006321 -0.005764 -0.037826
v -0.007213 -0.006954 -0.039201
v -0.009920 -0.006487 -0.037471
v -0.009920 -0.006487 -0.037471
v -0.007213 -0.006954 -0.039201
v -0.010774 -0.007679 -0.038710
v -0.009920 -0.006487 -0.037471
v -0.010774 -0.007679 -0.038710
v -0.013296 -0.007542 -0.036822
v -0.013296 -0.007542 -0.036822
v -0.010774 -0.007679 -0.038710
v -0.014096 -0.008760 -0.037937
v -0.000000 -0.002075 -0.035436
v -0.000000 -0.003913 -0.036656
v -0.001084 -0.002280 -0.035538
v -0.001084 -0.002280 -0.035538
v -0.000000 -0.003913 -0.036656
v -0.001752 -0.003902 -0.036609
v -0.001084 -0.002280 -0.035538
v -0.001752 -0.003902 -0.036609
v -0.004345 -0.000929 -0.034721
v -0.004345 -0.000929 -0.034721
v -0.001752 -0.003902 -0.036609
v -0.004888 -0.002735 -0.035544
v -0.004345 -0.000929 -0.034721
v -0.004888 -0.002735 -0.035544
v -0.007981 -0.001723 -0.034517
v -0.007981 -0.001723 -0.034517
v -0.004888 -0.002735 -0.035544
v -0.005546 -0.004351 -0.036592
v -0.007981 -0.001723 -0.034517
v -0.005546 -0.004351 -0.036592
v -0.011421 -0.002838 -0.034048
v -0.011421 -0.002838 -0.034048
v -0.005546 -0.004351 -0.036592
v -0.009168 -0.005093 -0.036331
v -0.011421 -0.002838 -0.034048
v -0.009168 -0.005093 -0.036331
v -0.011954 -0.004581 -0.034845
v -0.011954 -0.004581 -0.034845
v -0.009168 -0.005093 -0.036331
v -0.012580 -0.006150 -0.035780
v 0.000000 -0.005382 -0.038061
v 0.000000 -0.006213 -0.039117
v -0.002544 -0.005329 -0.037904
v -0.002544 -0.005329 -0.037904
v 0.000000 -0.006213 -0.039117
v -0.003461 -0.006535 -0.039390
v -0.002544 -0.005329 -0.037904
v -0.003461 -0.006535 -0.039390
v -0.005546 -0.004351 -0.036592
v -0.005546 -0.004351 -0.036592
v -0.003461 -0.006535 -0.039390
v -0.006321 -0.005764 -0.037826
v -0.005546 -0.004351 -0.036592
v -0.006321 -0.005764 -0.037826
v -0.009168 -0.005093 -0.036331
v -0.009168 -0.005093 -0.036331
v -0.006321 -0.005764 -0.037826
v -0.009920 -0.006487 -0.037471
v -0.009168 -0.005093 -0.036331
v -0.009920 -0.006487 -0.037471
v -0.012580 -0.006150 -0.035780
v -0.012580 -0.006150 -0.035780
v -0.009920 -0.006487 -0.037471
v -0.013296 -0.007542 -0.036822
v -0.001928 -0.007092 -0.052590
v -0.003992 -0.007823 -0.050531
v -0.002307 -0.008191 -0.048758
v -0.002307 -0.008191 -0.048758
v -0.003992 -0.007823 -0.050531
v -0.004585 -0.008488 -0.046589
v -0.002307 -0.008191 -0.048758
v -0.004585 -0.008488 -0.046589
v -0.003155 -0.008370 -0.044779
v -0.003155 -0.008370 -0.044779
v -0.004585 -0.008488 -0.046589
v -0.006928 -0.008614 -0.044349
v -0.003155 -0.008370 -0.044779
v -0.006928 -0.008614 -0.044349
v -0.005662 -0.008175 -0.042687
v -0.005662 -0.008175 -0.042687
v -0.006928 -0.008614 -0.044349
v -0.009317 -0.008645 -0.042141
v -0.005662 -0.008175 -0.042687
v -0.009317 -0.008645 -0.042141
v -0.008215 -0.007911 -0.040658
v -0.008215 -0.007911 -0.040658
v -0.009317 -0.008645 -0.042141
v -0.011719 -0.008672 -0.040005
v -0.014968 -0.009814 -0.039098
v -0.011719 -0.008672 -0.040005
v -0.012745 -0.009484 -0.041320
v -0.012745 -0.009484 -0.041320
v -0.011719 -0.008672 -0.040005
v -0.009317 -0.008645 -0.042141
v -0.012745 -0.009484 -0.041320
v -0.009317 -0.008645 -0.042141
v -0.010506 -0.009181 -0.043607
v -0.010506 -0.009181 -0.043607
v -0.009317 -0.008645 -0.042141
v -0.006928 -0.008614 -0.044349
v -0.010506 -0.009181 -0.043607
v -0.006928 -0.008614 -0.044349
v -0.008285 -0.008845 -0.045948
v -0.008285 -0.008845 -0.045948
v -0.006928 -0.008614 -0.044349
v -0.004585 -0.008488 -0.046589
v -0.008285 -0.008845 -0.045948
v -0.004585 -0.008488 -0.046589
v -0.006110 -0.008407 -0.048288
v -0.006110 -0.008407 -0.048288
v -0.004585 -0.008488 -0.046589
v -0.003992 -0.007823 -0.050531
v -0.002525 0.001090 -0.062332
v -0.003334 0.001075 -0.062327
v -0.000626 -0.000813 -0.060776
v -0.000626 -0.000813 -0.060776
v -0.003334 0.001075 -0.062327
v -0.002345 -0.002413 -0.059280
v -0.000626 -0.000813 -0.060776
v -0.002345 -0.002413 -0.059280
v -0.000000 -0.003622 -0.058016
v -0.000000 -0.003622 -0.058016
v -0.002345 -0.002413 -0.059280
v -0.000098 -0.003844 -0.057761
v -0.000000 -0.003622 -0.058016
v -0.000098 -0.003844 -0.057761
v 0.000000 -0.005294 -0.055882
v 0.000000 -0.005294 -0.055882
v -0.000098 -0.003844 -0.057761
v -0.001960 -0.005123 -0.056110
v 0.000000 -0.005294 -0.055882
v -0.001960 -0.005123 -0.056110
v 0.000000 -0.006636 -0.053603
v 0.000000 -0.006636 -0.053603
v -0.001960 -0.005123 -0.056110
v -0.003840 -0.006281 -0.054241
v 0.000000 -0.006636 -0.053603
v -0.003840 -0.006281 -0.054241
v -0.001928 -0.007092 -0.052590
v -0.001928 -0.007092 -0.052590
v -0.003840 -0.006281 -0.054241
v -0.005751 -0.007294 -0.052146
v -0.001928 -0.007092 -0.052590
v -0.005751 -0.007294 -0.052146
v -0.003992 -0.007823 -0.050531
v -0.003992 -0.007823 -0.050531
v -0.005751 -0.007294 -0.052146
v -0.007707 -0.008167 -0.049861
v -0.003992 -0.007823 -0.050531
v -0.007707 -0.008167 -0.049861
v -0.006110 -0.008407 -0.048288
v -0.006110 -0.008407 -0.048288
v -0.007707 -0.008167 -0.049861
v -0.009715 -0.008910 -0.047461
v -0.006110 -0.008407 -0.048288
v -0.009715 -0.008910 -0.047461
v -0.008285 -0.008845 -0.045948
v -0.008285 -0.008845 -0.045948
v -0.009715 -0.008910 -0.047461
v -0.011764 -0.009550 -0.045031
v -0.008285 -0.008845 -0.045948
v -0.011764 -0.009550 -0.045031
v -0.010506 -0.009181 -0.043607
v -0.010506 -0.009181 -0.043607
v -0.011764 -0.009550 -0.045031
v -0.013836 -0.010137 -0.042630
v -0.010506 -0.009181 -0.043607
v -0.013836 -0.010137 -0.042630
v -0.012745 -0.009484 -0.041320
v -0.012745 -0.009484 -0.041320
v -0.013836 -0.010137 -0.042630
v -0.015900 -0.010723 -0.040282
v -0.012745 -0.009484 -0.041320
v -0.015900 -0.010723 -0.040282
v -0.014968 -0.009814 -0.039098
v 0.000000 -0.006704 -0.039877
v 0.000000 -0.007646 -0.041860
v -0.000639 -0.007319 -0.041053
v -0.000639 -0.007319 -0.041053
v 0.000000 -0.007646 -0.041860
v 0.000000 -0.008217 -0.044004
v -0.000639 -0.007319 -0.041053
v 0.000000 -0.008217 -0.044004
v -0.001836 -0.007996 -0.042905
v -0.001836 -0.007996 -0.042905
v 0.000000 -0.008217 -0.044004
v -0.003155 -0.008370 -0.044779
v -0.001836 -0.007996 -0.042905
v -0.003155 -0.008370 -0.044779
v -0.004503 -0.007489 -0.041011
v -0.004503 -0.007489 -0.041011
v -0.003155 -0.008370 -0.044779
v -0.005662 -0.008175 -0.042687
v -0.004503 -0.007489 -0.041011
v -0.005662 -0.008175 -0.042687
v -0.007213 -0.006954 -0.039201
v -0.007213 -0.006954 -0.039201
v -0.005662 -0.008175 -0.042687
v -0.008215 -0.007911 -0.040658
v -0.007213 -0.006954 -0.039201
v -0.008215 -0.007911 -0.040658
v -0.010774 -0.007679 -0.038710
v -0.010774 -0.007679 -0.038710
v -0.008215 -0.007911 -0.040658
v -0.011719 -0.008672 -0.040005
v -0.010774 -0.007679 -0.038710
v -0.011719 -0.008672 -0.040005
v -0.014096 -0.008760 -0.037937
v -0.014096 -0.008760 -0.037937
v -0.011719 -0.008672 -0.040005
v -0.014968 -0.009814 -0.039098
v -0.013854 -0.000383 -0.032160
v -0.014638 -0.004260 -0.033311
v -0.016569 -0.000081 -0.030728
v -0.016569 -0.000081 -0.030728
v -0.014638 -0.004260 -0.033311
v -0.017185 -0.004145 -0.031689
v -0.016569 -0.000081 -0.030728
v -0.017185 -0.004145 -0.031689
v -0.019098 -0.000018 -0.029125
v -0.019098 -0.000018 -0.029125
v -0.017185 -0.004145 -0.031689
v -0.021768 -0.004528 -0.028165
v -0.019098 -0.000018 -0.029125
v -0.021768 -0.004528 -0.028165
v -0.021420 -0.000180 -0.027377
v -0.021420 -0.000180 -0.027377
v -0.021768 -0.004528 -0.028165
v -0.025562 -0.005665 -0.024365
v -0.021420 -0.000180 -0.027377
v -0.025562 -0.005665 -0.024365
v -0.025398 -0.001119 -0.023593
v -0.025398 -0.001119 -0.023593
v -0.025562 -0.005665 -0.024365
v -0.028512 -0.002796 -0.019612
v -0.025398 -0.001119 -0.023593
v -0.028512 -0.002796 -0.019612
v -0.028566 0.002094 -0.018931
v -0.028566 0.002094 -0.018931
v -0.028512 -0.002796 -0.019612
v -0.030973 -0.000266 -0.014655
v -0.028566 0.002094 -0.018931
v -0.030973 -0.000266 -0.014655
v -0.029356 0.004436 -0.017456
v -0.029356 0.004436 -0.017456
v -0.030973 -0.000266 -0.014655
v -0.030951 0.004436 -0.014362
v -0.015744 -0.007539 -0.034956
v -0.019234 -0.010709 -0.034802
v -0.018082 -0.007690 -0.033081
v -0.018082 -0.007690 -0.033081
v -0.019234 -0.010709 -0.034802
v -0.023070 -0.012040 -0.030627
v -0.018082 -0.007690 -0.033081
v -0.023070 -0.012040 -0.030627
v -0.022323 -0.008485 -0.029258
v -0.022323 -0.008485 -0.029258
v -0.023070 -0.012040 -0.030627
v -0.026318 -0.013845 -0.026547
v -0.022323 -0.008485 -0.029258
v -0.026318 -0.013845 -0.026547
v -0.025871 -0.009909 -0.025351
v -0.025871 -0.009909 -0.025351
v -0.026318 -0.013845 -0.026547
v -0.028681 -0.011899 -0.021418
v -0.025871 -0.009909 -0.025351
v -0.028681 -0.011899 -0.021418
v -0.028548 -0.007466 -0.020436
v -0.028548 -0.007466 -0.020436
v -0.028681 -0.011899 -0.021418
v -0.030790 -0.009860 -0.016420
v -0.028548 -0.007466 -0.020436
v -0.030790 -0.009860 -0.016420
v -0.030851 -0.005149 -0.015486
v -0.030851 -0.005149 -0.015486
v -0.030790 -0.009860 -0.016420
v -0.032480 -0.008102 -0.011245
v -0.033816 0.004436 -0.003609
v -0.033273 0.004436 -0.007145
v -0.033717 -0.002197 -0.004657
v -0.033717 -0.002197 -0.004657
v -0.033273 0.004436 -0.007145
v -0.032798 0.001610 -0.009280
v -0.033717 -0.002197 -0.004657
v -0.032798 0.001610 -0.009280
v -0.032480 -0.008102 -0.011245
v -0.032480 -0.008102 -0.011245
v -0.032798 0.001610 -0.009280
v -0.030973 -0.000266 -0.014655
v -0.032480 -0.008102 -0.011245
v -0.030973 -0.000266 -0.014655
v -0.030851 -0.005149 -0.015486
v -0.030851 -0.005149 -0.015486
v -0.030973 -0.000266 -0.014655
v -0.028512 -0.002796 -0.019612
v -0.030851 -0.005149 -0.015486
v -0.028512 -0.002796 -0.019612
v -0.028548 -0.007466 -0.020436
v -0.028548 -0.007466 -0.020436
v -0.028512 -0.002796 -0.019612
v -0.025562 -0.005665 -0.024365
v -0.028548 -0.007466 -0.020436
v -0.025562 -0.005665 -0.024365
v -0.025871 -0.009909 -0.025351
v -0.025871 -0.009909 -0.025351
v -0.025562 -0.005665 -0.024365
v -0.021768 -0.004528 -0.028165
v -0.025871 -0.009909 -0.025351
v -0.021768 -0.004528 -0.028165
v -0.022323 -0.008485 -0.029258
v -0.022323 -0.008485 -0.029258
v -0.021768 -0.004528 -0.028165
v -0.017185 -0.004145 -0.031689
v -0.022323 -0.008485 -0.029258
v -0.017185 -0.004145 -0.031689
v -0.018082 -0.007690 -0.033081
v -0.018082 -0.007690 -0.033081
v -0.017185 -0.004145 -0.031689
v -0.014638 -0.004260 -0.033311
v -0.018082 -0.007690 -0.033081
v -0.014638 -0.004260 -0.033311
v -0.015151 -0.005977 -0.034081
v -0.015744 -0.007539 -0.034956
v -0.016410 -0.008949 -0.035913
v -0.019234 -0.010709 -0.034802
v -0.019234 -0.010709 -0.034802
v -0.016410 -0.008949 -0.035913
v -0.017141 -0.010214 -0.036930
v -0.019234 -0.010709 -0.034802
v -0.017141 -0.010214 -0.036930
v -0.018754 -0.012363 -0.039080
v -0.006914 0.000521 -0.061972
v -0.008360 -0.001464 -0.060268
v -0.004069 -0.003936 -0.057608
v -0.004069 -0.003936 -0.057608
v -0.008360 -0.001464 -0.060268
v -0.005804 -0.005353 -0.055723
v -0.004069 -0.003936 -0.057608
v -0.005804 -0.005353 -0.055723
v -0.003840 -0.006281 -0.054241
v -0.003840 -0.006281 -0.054241
v -0.005804 -0.005353 -0.055723
v -0.007562 -0.006645 -0.053616
v -0.003840 -0.006281 -0.054241
v -0.007562 -0.006645 -0.053616
v -0.005751 -0.007294 -0.052146
v -0.005751 -0.007294 -0.052146
v -0.007562 -0.006645 -0.053616
v -0.009357 -0.007808 -0.051317
v -0.005751 -0.007294 -0.052146
v -0.009357 -0.007808 -0.051317
v -0.007707 -0.008167 -0.049861
v -0.007707 -0.008167 -0.049861
v -0.009357 -0.007808 -0.051317
v -0.011195 -0.008849 -0.048888
v -0.007707 -0.008167 -0.049861
v -0.011195 -0.008849 -0.048888
v -0.009715 -0.008910 -0.047461
v -0.009715 -0.008910 -0.047461
v -0.011195 -0.008849 -0.048888
v -0.013073 -0.009788 -0.046403
v -0.009715 -0.008910 -0.047461
v -0.013073 -0.009788 -0.046403
v -0.011764 -0.009550 -0.045031
v -0.011764 -0.009550 -0.045031
v -0.013073 -0.009788 -0.046403
v -0.014975 -0.010661 -0.043921
v -0.011764 -0.009550 -0.045031
v -0.014975 -0.010661 -0.043921
v -0.013836 -0.010137 -0.042630
v -0.013836 -0.010137 -0.042630
v -0.014975 -0.010661 -0.043921
v -0.016877 -0.011507 -0.041476
v -0.013836 -0.010137 -0.042630
v -0.016877 -0.011507 -0.041476
v -0.015900 -0.010723 -0.040282
v -0.015900 -0.010723 -0.040282
v -0.016877 -0.011507 -0.041476
v -0.018754 -0.012363 -0.039080
v -0.015900 -0.010723 -0.040282
v -0.018754 -0.012363 -0.039080
v -0.014968 -0.009814 -0.039098
v -0.014968 -0.009814 -0.039098
v -0.018754 -0.012363 -0.039080
v -0.017141 -0.010214 -0.036930
v -0.014968 -0.009814 -0.039098
v -0.017141 -0.010214 -0.036930
v -0.014096 -0.008760 -0.037937
v -0.014096 -0.008760 -0.037937
v -0.017141 -0.010214 -0.036930
v -0.016410 -0.008949 -0.035913
v -0.014096 -0.008760 -0.037937
v -0.016410 -0.008949 -0.035913
v -0.013296 -0.007542 -0.036822
v -0.013296 -0.007542 -0.036822
v -0.016410 -0.008949 -0.035913
v -0.015744 -0.007539 -0.034956
v -0.013296 -0.007542 -0.036822
v -0.015744 -0.007539 -0.034956
v -0.012580 -0.006150 -0.035780
v -0.012580 -0.006150 -0.035780
v -0.015744 -0.007539 -0.034956
v -0.015151 -0.005977 -0.034081
v -0.012580 -0.006150 -0.035780
v -0.015151 -0.005977 -0.034081
v -0.011954 -0.004581 -0.034845
v -0.011954 -0.004581 -0.034845
v -0.015151 -0.005977 -0.034081
v -0.014638 -0.004260 -0.033311
v -0.011954 -0.004581 -0.034845
v -0.014638 -0.004260 -0.033311
v -0.011421 -0.002838 -0.034048
v -0.011421 -0.002838 -0.034048
v -0.014638 -0.004260 -0.033311
v -0.013854 -0.000383 -0.032160
v -0.011421 -0.002838 -0.034048
v -0.013854 -0.000383 -0.032160
v -0.010982 -0.000931 -0.033414
v -0.010982 -0.000931 -0.033414
v -0.013854 -0.000383 -0.032160
v -0.013380 0.004009 -0.031565
v -0.010982 -0.000931 -0.033414
v -0.013380 0.004009 -0.031565
v -0.010369 0.003310 -0.032673
v -0.010369 0.003310 -0.032673
v -0.013380 0.004009 -0.031565
v -0.011893 0.004436 -0.032078
v -0.010369 0.003310 -0.032673
v -0.011893 0.004436 -0.032078
v -0.007203 0.002324 -0.033528
v -0.007203 0.002324 -0.033528
v -0.011893 0.004436 -0.032078
v -0.008580 0.004436 -0.033024
v -0.007203 0.002324 -0.033528
v -0.008580 0.004436 -0.033024
v -0.007622 0.004436 -0.033232
v -0.034000 -0.006932 0.000000
v -0.034000 -0.004948 0.000000
v -0.034000 -0.006487 -0.000113
v -0.034000 -0.006487 -0.000113
v -0.034000 -0.004948 0.000000
v -0.033717 -0.002197 -0.004657
v -0.034000 -0.006487 -0.000113
v -0.033717 -0.002197 -0.004657
v -0.033473 -0.011557 -0.006937
v -0.033473 -0.011557 -0.006937
v -0.033717 -0.002197 -0.004657
v -0.032480 -0.008102 -0.011245
v -0.033473 -0.011557 -0.006937
v -0.032480 -0.008102 -0.011245
v -0.032287 -0.017299 -0.013477
v -0.032287 -0.017299 -0.013477
v -0.032480 -0.008102 -0.011245
v -0.030790 -0.009860 -0.016420
v -0.032287 -0.017299 -0.013477
v -0.030790 -0.009860 -0.016420
v -0.030795 -0.014388 -0.017471
v -0.030795 -0.014388 -0.017471
v -0.030790 -0.009860 -0.016420
v -0.028681 -0.011899 -0.021418
v -0.030795 -0.014388 -0.017471
v -0.028681 -0.011899 -0.021418
v -0.028908 -0.016094 -0.022565
v -0.028908 -0.016094 -0.022565
v -0.028681 -0.011899 -0.021418
v -0.026318 -0.013845 -0.026547
v -0.028908 -0.016094 -0.022565
v -0.026318 -0.013845 -0.026547
v -0.026872 -0.017486 -0.027938
v -0.026872 -0.017486 -0.027938
v -0.026318 -0.013845 -0.026547
v -0.023070 -0.012040 -0.030627
v -0.026872 -0.017486 -0.027938
v -0.023070 -0.012040 -0.030627
v -0.023965 -0.015221 -0.032222
v -0.023965 -0.015221 -0.032222
v -0.023070 -0.012040 -0.030627
v -0.019234 -0.010709 -0.034802
v -0.023965 -0.015221 -0.032222
v -0.019234 -0.010709 -0.034802
v -0.020577 -0.013255 -0.036737
v -0.020577 -0.013255 -0.036737
v -0.019234 -0.010709 -0.034802
v -0.018754 -0.012363 -0.039080
v -0.020577 -0.013255 -0.036737
v -0.018754 -0.012363 -0.039080
v -0.020476 -0.014121 -0.041319
v -0.020476 -0.014121 -0.041319
v -0.018754 -0.012363 -0.039080
v -0.018904 -0.012797 -0.043871
v -0.020476 -0.014121 -0.041319
v -0.018904 -0.012797 -0.043871
v -0.020922 -0.013861 -0.046295
v -0.020922 -0.013861 -0.046295
v -0.018904 -0.012797 -0.043871
v -0.019664 -0.012024 -0.048951
v -0.020922 -0.013861 -0.046295
v -0.019664 -0.012024 -0.048951
v -0.021871 -0.012574 -0.051515
v -0.021871 -0.012574 -0.051515
v -0.019664 -0.012024 -0.048951
v -0.018429 -0.010106 -0.051568
v -0.021871 -0.012574 -0.051515
v -0.018429 -0.010106 -0.051568
v -0.019713 -0.010156 -0.052855
v -0.019713 -0.010156 -0.052855
v -0.018429 -0.010106 -0.051568
v -0.017224 -0.008099 -0.054109
v -0.019713 -0.010156 -0.052855
v -0.017224 -0.008099 -0.054109
v -0.017653 -0.005612 -0.057833
v -0.017653 -0.005612 -0.057833
v -0.017224 -0.008099 -0.054109
v -0.016049 -0.006000 -0.056535
v -0.017653 -0.005612 -0.057833
v -0.016049 -0.006000 -0.056535
v -0.016052 -0.001695 -0.061437
v -0.016052 -0.001695 -0.061437
v -0.016049 -0.006000 -0.056535
v -0.014897 -0.003811 -0.058813
v -0.016052 -0.001695 -0.061437
v -0.014897 -0.003811 -0.058813
v -0.014814 -0.001085 -0.061633
v -0.014814 -0.001085 -0.061633
v -0.014897 -0.003811 -0.058813
v -0.013755 -0.001539 -0.060917
v -0.014814 -0.001085 -0.061633
v -0.013755 -0.001539 -0.060917
v -0.013702 -0.000624 -0.061781
v -0.013702 -0.000624 -0.061781
v -0.013755 -0.001539 -0.060917
v -0.008360 -0.001464 -0.060268
v -0.013702 -0.000624 -0.061781
v -0.008360 -0.001464 -0.060268
v -0.009035 0.000602 -0.062175
v -0.009035 0.000602 -0.062175
v -0.008360 -0.001464 -0.060268
v -0.006914 0.000521 -0.061972
v -0.009035 0.000602 -0.062175
v -0.006914 0.000521 -0.061972
v -0.007439 0.000819 -0.062245
v -0.007439 0.000819 -0.062245
v -0.006914 0.000521 -0.061972
v -0.006608 0.000902 -0.062272
v 0.013430 -0.050321 -0.045800
v 0.010818 -0.051094 -0.045552
v 0.010514 -0.044263 -0.057762
v 0.000000 0.029668 -0.081358
v 0.000000 0.028154 -0.079867
v 0.003619 0.028082 -0.080003
v 0.018607 -0.003347 -0.060905
v 0.019851 -0.004390 -0.060570
v 0.020916 -0.000311 -0.064962
v 0.003593 -0.034815 -0.093961
v 0.006825 -0.034328 -0.093961
v 0.006348 -0.034742 -0.087816
v 0.029679 -0.018552 -0.093961
v 0.031426 -0.015408 -0.093961
v 0.029684 -0.018793 -0.089106
v 0.000000 0.034986 -0.093276
v 0.003527 0.034627 -0.091335
v 0.000000 0.035000 -0.093961
v 0.000000 0.035000 -0.093961
v 0.003527 0.034627 -0.091335
v 0.003677 0.034806 -0.093961
v 0.003677 0.034806 -0.093961
v 0.003527 0.034627 -0.091335
v 0.004739 0.034678 -0.093961
v 0.004739 0.034678 -0.093961
v 0.003527 0.034627 -0.091335
v 0.007018 0.034100 -0.091398
v 0.004739 0.034678 -0.093961
v 0.007018 0.034100 -0.091398
v 0.008245 0.034015 -0.093961
v 0.008245 0.034015 -0.093961
v 0.007018 0.034100 -0.091398
v 0.010434 0.033225 -0.091465
v 0.008245 0.034015 -0.093961
v 0.010434 0.033225 -0.091465
v 0.011665 0.032999 -0.093961
v 0.011665 0.032999 -0.093961
v 0.010434 0.033225 -0.091465
v 0.013739 0.032010 -0.091533
v 0.011665 0.032999 -0.093961
v 0.013739 0.032010 -0.091533
v 0.014991 0.031627 -0.093961
v 0.014991 0.031627 -0.093961
v 0.013739 0.032010 -0.091533
v 0.015950 0.031154 -0.093961
v 0.015950 0.031154 -0.093961
v 0.013739 0.032010 -0.091533
v 0.016901 0.030471 -0.091598
v 0.015950 0.031154 -0.093961
v 0.016901 0.030471 -0.091598
v 0.019039 0.029369 -0.093961
v 0.019039 0.029369 -0.093961
v 0.016901 0.030471 -0.091598
v 0.019888 0.028624 -0.091658
v 0.019039 0.029369 -0.093961
v 0.019888 0.028624 -0.091658
v 0.021930 0.027277 -0.093961
v 0.025363 0.024118 -0.093961
v 0.025533 0.023199 -0.089544
v 0.027810 0.020484 -0.089607
v 0.029797 0.017554 -0.089656
v 0.027687 0.021411 -0.093961
v 0.027810 0.020484 -0.089607
v 0.027810 0.020484 -0.089607
v 0.027687 0.021411 -0.093961
v 0.027065 0.022192 -0.093961
v 0.027810 0.020484 -0.089607
v 0.027065 0.022192 -0.093961
v 0.025363 0.024118 -0.093961
v 0.031474 0.014439 -0.089690
v 0.029723 0.018481 -0.093961
v 0.029797 0.017554 -0.089656
v 0.029797 0.017554 -0.089656
v 0.029723 0.018481 -0.093961
v 0.029111 0.019431 -0.093961
v 0.029797 0.017554 -0.089656
v 0.029111 0.019431 -0.093961
v 0.027687 0.021411 -0.093961
v 0.031917 0.014363 -0.093961
v 0.031463 0.015332 -0.093961
v 0.031474 0.014439 -0.089690
v 0.031474 0.014439 -0.089690
v 0.031463 0.015332 -0.093961
v 0.030876 0.016483 -0.093961
v 0.031474 0.014439 -0.089690
v 0.030876 0.016483 -0.093961
v 0.029723 0.018481 -0.093961
v 0.031474 0.014439 -0.089690
v 0.032825 0.011173 -0.089708
v 0.031917 0.014363 -0.093961
v 0.031917 0.014363 -0.093961
v 0.032825 0.011173 -0.089708
v 0.033837 0.007794 -0.089712
v 0.031917 0.014363 -0.093961
v 0.033837 0.007794 -0.089712
v 0.033213 0.011040 -0.093961
v 0.033213 0.011040 -0.093961
v 0.033837 0.007794 -0.089712
v 0.034503 0.004337 -0.089699
v 0.033213 0.011040 -0.093961
v 0.034503 0.004337 -0.089699
v 0.034165 0.007600 -0.093961
v 0.034165 0.007600 -0.093961
v 0.034503 0.004337 -0.089699
v 0.034765 0.004053 -0.093961
v 0.034765 0.004053 -0.093961
v 0.034503 0.004337 -0.089699
v 0.034817 0.000843 -0.089670
v 0.034765 0.004053 -0.093961
v 0.034817 0.000843 -0.089670
v 0.034872 0.002989 -0.093961
v 0.034872 0.002989 -0.093961
v 0.034817 0.000843 -0.089670
v 0.034780 -0.002651 -0.089623
v 0.034872 0.002989 -0.093961
v 0.034780 -0.002651 -0.089623
v 0.034995 -0.000577 -0.093961
v 0.034995 -0.000577 -0.093961
v 0.034780 -0.002651 -0.089623
v 0.034398 -0.006103 -0.089557
v 0.034995 -0.000577 -0.093961
v 0.034398 -0.006103 -0.089557
v 0.034755 -0.004137 -0.093961
v 0.034755 -0.004137 -0.093961
v 0.034398 -0.006103 -0.089557
v 0.033681 -0.009476 -0.089471
v 0.034755 -0.004137 -0.093961
v 0.033681 -0.009476 -0.089471
v 0.034146 -0.007683 -0.093961
v 0.034146 -0.007683 -0.093961
v 0.033681 -0.009476 -0.089471
v 0.032643 -0.012736 -0.089366
v 0.034146 -0.007683 -0.093961
v 0.032643 -0.012736 -0.089366
v 0.033896 -0.008723 -0.093961
v 0.033896 -0.008723 -0.093961
v 0.032643 -0.012736 -0.089366
v 0.031304 -0.015851 -0.089244
v 0.033896 -0.008723 -0.093961
v 0.031304 -0.015851 -0.089244
v 0.032832 -0.012128 -0.093961
v 0.019436 -0.029108 -0.093961
v 0.021019 -0.027986 -0.093961
v 0.023381 -0.026362 -0.088641
v 0.023381 -0.026362 -0.088641
v 0.021019 -0.027986 -0.093961
v 0.021865 -0.027330 -0.093961
v 0.023381 -0.026362 -0.088641
v 0.021865 -0.027330 -0.093961
v 0.024555 -0.024941 -0.093961
v 0.014915 -0.031663 -0.093961
v 0.018061 -0.029980 -0.093961
v 0.018214 -0.030213 -0.088329
v 0.007119 -0.034268 -0.093961
v 0.010570 -0.033366 -0.093961
v 0.012481 -0.033023 -0.088050
v 0.012481 -0.033023 -0.088050
v 0.010570 -0.033366 -0.093961
v 0.011586 -0.033027 -0.093961
v 0.012481 -0.033023 -0.088050
v 0.011586 -0.033027 -0.093961
v 0.013387 -0.032339 -0.093961
v 0.000000 -0.051945 -0.045278
v 0.000000 -0.044391 -0.059430
v 0.002075 -0.051939 -0.045280
v 0.002075 -0.051939 -0.045280
v 0.000000 -0.044391 -0.059430
v 0.005390 -0.045230 -0.057356
v 0.002075 -0.051939 -0.045280
v 0.005390 -0.045230 -0.057356
v 0.005530 -0.051827 -0.045316
v 0.005530 -0.051827 -0.045316
v 0.005390 -0.045230 -0.057356
v 0.008727 -0.051494 -0.045423
v 0.027398 -0.019618 -0.055673
v 0.027736 -0.022388 -0.054783
v 0.028484 -0.022429 -0.059387
v 0.027398 -0.019618 -0.055673
v 0.028484 -0.022429 -0.059387
v 0.027340 -0.019270 -0.055785
v 0.022653 -0.007549 -0.059555
v 0.022718 -0.007639 -0.059525
v 0.024369 -0.004775 -0.063938
v 0.024369 -0.004775 -0.063938
v 0.022718 -0.007639 -0.059525
v 0.023269 -0.008447 -0.059265
v 0.024369 -0.004775 -0.063938
v 0.023269 -0.008447 -0.059265
v 0.025726 -0.007367 -0.063311
v 0.025726 -0.007367 -0.063311
v 0.023269 -0.008447 -0.059265
v 0.024522 -0.010612 -0.058570
v 0.025726 -0.007367 -0.063311
v 0.024522 -0.010612 -0.058570
v 0.026823 -0.010156 -0.062617
v 0.026823 -0.010156 -0.062617
v 0.024522 -0.010612 -0.058570
v 0.024729 -0.011024 -0.058437
v 0.025793 -0.013498 -0.057642
v 0.026686 -0.016290 -0.056743
v 0.028206 -0.016161 -0.061072
v 0.028206 -0.016161 -0.061072
v 0.026686 -0.016290 -0.056743
v 0.026989 -0.017514 -0.056350
v 0.029483 -0.019095 -0.064772
v 0.029596 -0.015876 -0.065466
v 0.028206 -0.016161 -0.061072
v 0.029596 -0.015876 -0.065466
v 0.029411 -0.012650 -0.066130
v 0.028206 -0.016161 -0.061072
v 0.028206 -0.016161 -0.061072
v 0.029411 -0.012650 -0.066130
v 0.026823 -0.010156 -0.062617
v 0.028206 -0.016161 -0.061072
v 0.026823 -0.010156 -0.062617
v 0.025793 -0.013498 -0.057642
v 0.025793 -0.013498 -0.057642
v 0.026823 -0.010156 -0.062617
v 0.024729 -0.011024 -0.058437
v 0.024059 0.001916 -0.068730
v 0.022762 -0.002413 -0.064491
v 0.025700 -0.000644 -0.068330
v 0.025700 -0.000644 -0.068330
v 0.022762 -0.002413 -0.064491
v 0.024369 -0.004775 -0.063938
v 0.025700 -0.000644 -0.068330
v 0.024369 -0.004775 -0.063938
v 0.027064 -0.003421 -0.067863
v 0.027064 -0.003421 -0.067863
v 0.024369 -0.004775 -0.063938
v 0.025726 -0.007367 -0.063311
v 0.027064 -0.003421 -0.067863
v 0.025726 -0.007367 -0.063311
v 0.028141 -0.006375 -0.067336
v 0.028141 -0.006375 -0.067336
v 0.025726 -0.007367 -0.063311
v 0.026823 -0.010156 -0.062617
v 0.028141 -0.006375 -0.067336
v 0.026823 -0.010156 -0.062617
v 0.028925 -0.009467 -0.066756
v 0.028925 -0.009467 -0.066756
v 0.026823 -0.010156 -0.062617
v 0.029411 -0.012650 -0.066130
v 0.022653 -0.007549 -0.059555
v 0.024369 -0.004775 -0.063938
v 0.022030 -0.006726 -0.059819
v 0.022030 -0.006726 -0.059819
v 0.024369 -0.004775 -0.063938
v 0.022762 -0.002413 -0.064491
v 0.022030 -0.006726 -0.059819
v 0.022762 -0.002413 -0.064491
v 0.019851 -0.004390 -0.060570
v 0.009308 0.011380 -0.069569
v 0.005875 0.006207 -0.066017
v 0.011486 0.005189 -0.065973
v 0.020916 -0.000311 -0.064962
v 0.022153 0.004228 -0.069057
v 0.018845 0.001510 -0.065346
v 0.018845 0.001510 -0.065346
v 0.022153 0.004228 -0.069057
v 0.019996 0.006267 -0.069307
v 0.018845 0.001510 -0.065346
v 0.019996 0.006267 -0.069307
v 0.016568 0.003037 -0.065641
v 0.016568 0.003037 -0.065641
v 0.019996 0.006267 -0.069307
v 0.017608 0.008012 -0.069479
v 0.016568 0.003037 -0.065641
v 0.017608 0.008012 -0.069479
v 0.014107 0.004262 -0.065849
v 0.014107 0.004262 -0.065849
v 0.017608 0.008012 -0.069479
v 0.015012 0.009450 -0.069576
v 0.014107 0.004262 -0.065849
v 0.015012 0.009450 -0.069576
v 0.011486 0.005189 -0.065973
v 0.011486 0.005189 -0.065973
v 0.015012 0.009450 -0.069576
v 0.012235 0.010572 -0.069602
v 0.011486 0.005189 -0.065973
v 0.012235 0.010572 -0.069602
v 0.009308 0.011380 -0.069569
v 0.009308 0.011380 -0.069569
v 0.006265 0.011882 -0.069490
v 0.005875 0.006207 -0.066017
v 0.005875 0.006207 -0.066017
v 0.006265 0.011882 -0.069490
v 0.000000 0.008113 -0.066993
v 0.005875 0.006207 -0.066017
v 0.000000 0.008113 -0.066993
v 0.000000 0.001101 -0.062336
v 0.000000 0.001101 -0.062336
v 0.005094 0.001009 -0.062306
v 0.005875 0.006207 -0.066017
v 0.005875 0.006207 -0.066017
v 0.005094 0.001009 -0.062306
v 0.005530 0.000984 -0.062298
v 0.005875 0.006207 -0.066017
v 0.005530 0.000984 -0.062298
v 0.011486 0.005189 -0.065973
v 0.011486 0.005189 -0.065973
v 0.005530 0.000984 -0.062298
v 0.010325 0.000360 -0.062098
v 0.011486 0.005189 -0.065973
v 0.010325 0.000360 -0.062098
v 0.014107 0.004262 -0.065849
v 0.014107 0.004262 -0.065849
v 0.010325 0.000360 -0.062098
v 0.014787 -0.001073 -0.061637
v 0.014107 0.004262 -0.065849
v 0.014787 -0.001073 -0.061637
v 0.016568 0.003037 -0.065641
v 0.016568 0.003037 -0.065641
v 0.014787 -0.001073 -0.061637
v 0.014816 -0.001086 -0.061633
v 0.016568 0.003037 -0.065641
v 0.014816 -0.001086 -0.061633
v 0.018845 0.001510 -0.065346
v 0.018845 0.001510 -0.065346
v 0.014816 -0.001086 -0.061633
v 0.017892 -0.002825 -0.061073
v 0.018845 0.001510 -0.065346
v 0.017892 -0.002825 -0.061073
v 0.020916 -0.000311 -0.064962
v 0.020916 -0.000311 -0.064962
v 0.017892 -0.002825 -0.061073
v 0.018563 -0.003314 -0.060916
v 0.020916 -0.000311 -0.064962
v 0.018563 -0.003314 -0.060916
v 0.018607 -0.003347 -0.060905
v 0.019851 -0.004390 -0.060570
v 0.022762 -0.002413 -0.064491
v 0.020916 -0.000311 -0.064962
v 0.020916 -0.000311 -0.064962
v 0.022762 -0.002413 -0.064491
v 0.024059 0.001916 -0.068730
v 0.020916 -0.000311 -0.064962
v 0.024059 0.001916 -0.068730
v 0.022153 0.004228 -0.069057
v 0.022153 0.004228 -0.069057
v 0.024059 0.001916 -0.068730
v 0.023406 0.008901 -0.073010
v 0.022153 0.004228 -0.069057
v 0.023406 0.008901 -0.073010
v 0.019996 0.006267 -0.069307
v 0.019996 0.006267 -0.069307
v 0.023406 0.008901 -0.073010
v 0.021149 0.011136 -0.073134
v 0.019996 0.006267 -0.069307
v 0.021149 0.011136 -0.073134
v 0.017608 0.008012 -0.069479
v 0.017608 0.008012 -0.069479
v 0.021149 0.011136 -0.073134
v 0.018640 0.013079 -0.073193
v 0.017608 0.008012 -0.069479
v 0.018640 0.013079 -0.073193
v 0.015012 0.009450 -0.069576
v 0.015012 0.009450 -0.069576
v 0.018640 0.013079 -0.073193
v 0.015906 0.014709 -0.073190
v 0.015012 0.009450 -0.069576
v 0.015906 0.014709 -0.073190
v 0.012235 0.010572 -0.069602
v 0.012235 0.010572 -0.069602
v 0.015906 0.014709 -0.073190
v 0.012973 0.016012 -0.073132
v 0.012235 0.010572 -0.069602
v 0.012973 0.016012 -0.073132
v 0.009308 0.011380 -0.069569
v 0.009308 0.011380 -0.069569
v 0.012973 0.016012 -0.073132
v 0.009875 0.016977 -0.073028
v 0.009308 0.011380 -0.069569
v 0.009875 0.016977 -0.073028
v 0.006265 0.011882 -0.069490
v 0.006265 0.011882 -0.069490
v 0.009875 0.016977 -0.073028
v 0.006649 0.017604 -0.072896
v 0.006265 0.011882 -0.069490
v 0.006649 0.017604 -0.072896
v 0.000000 0.008113 -0.066993
v 0.000000 0.008113 -0.066993
v 0.006649 0.017604 -0.072896
v 0.003340 0.017902 -0.072758
v 0.000000 0.008113 -0.066993
v 0.003340 0.017902 -0.072758
v 0.000000 0.018609 -0.073069
v 0.000000 0.032563 -0.085132
v 0.000000 0.031852 -0.084033
v 0.003638 0.033065 -0.086421
v 0.003638 0.033065 -0.086421
v 0.000000 0.031852 -0.084033
v 0.003655 0.031731 -0.084162
v 0.003638 0.033065 -0.086421
v 0.003655 0.031731 -0.084162
v 0.007236 0.032539 -0.086563
v 0.007236 0.032539 -0.086563
v 0.003655 0.031731 -0.084162
v 0.007269 0.031223 -0.084324
v 0.007236 0.032539 -0.086563
v 0.007269 0.031223 -0.084324
v 0.010747 0.031638 -0.086717
v 0.010747 0.031638 -0.086717
v 0.007269 0.031223 -0.084324
v 0.010793 0.030332 -0.084500
v 0.010747 0.031638 -0.086717
v 0.010793 0.030332 -0.084500
v 0.014130 0.030375 -0.086871
v 0.014130 0.030375 -0.086871
v 0.010793 0.030332 -0.084500
v 0.014183 0.029073 -0.084675
v 0.014130 0.030375 -0.086871
v 0.014183 0.029073 -0.084675
v 0.017348 0.028765 -0.087017
v 0.017348 0.028765 -0.087017
v 0.014183 0.029073 -0.084675
v 0.017401 0.027461 -0.084840
v 0.017348 0.028765 -0.087017
v 0.017401 0.027461 -0.084840
v 0.020366 0.026830 -0.087149
v 0.020366 0.026830 -0.087149
v 0.017401 0.027461 -0.084840
v 0.020413 0.025517 -0.084985
v 0.020366 0.026830 -0.087149
v 0.020413 0.025517 -0.084985
v 0.023188 0.023267 -0.085107
v 0.000000 0.034986 -0.093276
v 0.000000 0.034294 -0.089034
v 0.003527 0.034627 -0.091335
v 0.003527 0.034627 -0.091335
v 0.000000 0.034294 -0.089034
v 0.003596 0.034035 -0.088811
v 0.003527 0.034627 -0.091335
v 0.003596 0.034035 -0.088811
v 0.007018 0.034100 -0.091398
v 0.007018 0.034100 -0.091398
v 0.003596 0.034035 -0.088811
v 0.007153 0.033503 -0.088920
v 0.007018 0.034100 -0.091398
v 0.007153 0.033503 -0.088920
v 0.010434 0.033225 -0.091465
v 0.010434 0.033225 -0.091465
v 0.007153 0.033503 -0.088920
v 0.010629 0.032606 -0.089038
v 0.010434 0.033225 -0.091465
v 0.010629 0.032606 -0.089038
v 0.013739 0.032010 -0.091533
v 0.013739 0.032010 -0.091533
v 0.010629 0.032606 -0.089038
v 0.013984 0.031357 -0.089156
v 0.013739 0.032010 -0.091533
v 0.013984 0.031357 -0.089156
v 0.016901 0.030471 -0.091598
v 0.016901 0.030471 -0.091598
v 0.013984 0.031357 -0.089156
v 0.017183 0.029771 -0.089270
v 0.016901 0.030471 -0.091598
v 0.017183 0.029771 -0.089270
v 0.019888 0.028624 -0.091658
v 0.019888 0.028624 -0.091658
v 0.017183 0.029771 -0.089270
v 0.020193 0.027867 -0.089374
v 0.019888 0.028624 -0.091658
v 0.020193 0.027867 -0.089374
v 0.021930 0.027277 -0.093961
v 0.021930 0.027277 -0.093961
v 0.020193 0.027867 -0.089374
v 0.022986 0.025668 -0.089466
v 0.021930 0.027277 -0.093961
v 0.022986 0.025668 -0.089466
v 0.022213 0.027048 -0.093961
v 0.022213 0.027048 -0.093961
v 0.022986 0.025668 -0.089466
v 0.025533 0.023199 -0.089544
v 0.022213 0.027048 -0.093961
v 0.025533 0.023199 -0.089544
v 0.024615 0.024882 -0.093961
v 0.024615 0.024882 -0.093961
v 0.025533 0.023199 -0.089544
v 0.025363 0.024118 -0.093961
v 0.000000 0.028154 -0.079867
v 0.000000 0.025356 -0.077542
v 0.003619 0.028082 -0.080003
v 0.003619 0.028082 -0.080003
v 0.000000 0.025356 -0.077542
v 0.003506 0.023357 -0.076244
v 0.003619 0.028082 -0.080003
v 0.003506 0.023357 -0.076244
v 0.007199 0.027628 -0.080177
v 0.007199 0.027628 -0.080177
v 0.003506 0.023357 -0.076244
v 0.006977 0.022978 -0.076407
v 0.007199 0.027628 -0.080177
v 0.006977 0.022978 -0.076407
v 0.010686 0.026795 -0.080366
v 0.010686 0.026795 -0.080366
v 0.006977 0.022978 -0.076407
v 0.010359 0.022236 -0.076577
v 0.010686 0.026795 -0.080366
v 0.010359 0.022236 -0.076577
v 0.014035 0.025590 -0.080549
v 0.014035 0.025590 -0.080549
v 0.010359 0.022236 -0.076577
v 0.013604 0.021134 -0.076733
v 0.014035 0.025590 -0.080549
v 0.013604 0.021134 -0.076733
v 0.017205 0.024028 -0.080713
v 0.017205 0.024028 -0.080713
v 0.013604 0.021134 -0.076733
v 0.016674 0.019681 -0.076858
v 0.017205 0.024028 -0.080713
v 0.016674 0.019681 -0.076858
v 0.020163 0.022128 -0.080848
v 0.020163 0.022128 -0.080848
v 0.016674 0.019681 -0.076858
v 0.019535 0.017892 -0.076941
v 0.020163 0.022128 -0.080848
v 0.019535 0.017892 -0.076941
v 0.022878 0.019916 -0.080948
v 0.022878 0.019916 -0.080948
v 0.019535 0.017892 -0.076941
v 0.022157 0.015788 -0.076977
v 0.022878 0.019916 -0.080948
v 0.022157 0.015788 -0.076977
v 0.025324 0.017417 -0.081009
v 0.025324 0.017417 -0.081009
v 0.022157 0.015788 -0.076977
v 0.024514 0.013393 -0.076961
v 0.025324 0.017417 -0.081009
v 0.024514 0.013393 -0.076961
v 0.027477 0.014660 -0.081030
v 0.027477 0.014660 -0.081030
v 0.024514 0.013393 -0.076961
v 0.026583 0.010736 -0.076893
v 0.027477 0.014660 -0.081030
v 0.026583 0.010736 -0.076893
v 0.029319 0.011677 -0.081011
v 0.029319 0.011677 -0.081011
v 0.026583 0.010736 -0.076893
v 0.028349 0.007846 -0.076773
v 0.029319 0.011677 -0.081011
v 0.028349 0.007846 -0.076773
v 0.030833 0.008506 -0.080954
v 0.030833 0.008506 -0.080954
v 0.028349 0.007846 -0.076773
v 0.029797 0.004760 -0.076605
v 0.030833 0.008506 -0.080954
v 0.029797 0.004760 -0.076605
v 0.032007 0.005184 -0.080860
v 0.032007 0.005184 -0.080860
v 0.029797 0.004760 -0.076605
v 0.030915 0.001519 -0.076392
v 0.032007 0.005184 -0.080860
v 0.030915 0.001519 -0.076392
v 0.032832 0.001757 -0.080729
v 0.032832 0.001757 -0.080729
v 0.030915 0.001519 -0.076392
v 0.031695 -0.001833 -0.076134
v 0.032832 0.001757 -0.080729
v 0.031695 -0.001833 -0.076134
v 0.033302 -0.001732 -0.080563
v 0.033302 -0.001732 -0.080563
v 0.031695 -0.001833 -0.076134
v 0.032133 -0.005250 -0.075836
v 0.033302 -0.001732 -0.080563
v 0.032133 -0.005250 -0.075836
v 0.033416 -0.005234 -0.080361
v 0.033416 -0.005234 -0.080361
v 0.032133 -0.005250 -0.075836
v 0.032228 -0.008683 -0.075498
v 0.033416 -0.005234 -0.080361
v 0.032228 -0.008683 -0.075498
v 0.033180 -0.008703 -0.080123
v 0.033180 -0.008703 -0.080123
v 0.032228 -0.008683 -0.075498
v 0.031986 -0.012082 -0.075123
v 0.033180 -0.008703 -0.080123
v 0.031986 -0.012082 -0.075123
v 0.032606 -0.012090 -0.079849
v 0.032606 -0.012090 -0.079849
v 0.031986 -0.012082 -0.075123
v 0.031418 -0.015399 -0.074712
v 0.032606 -0.012090 -0.079849
v 0.031418 -0.015399 -0.074712
v 0.031712 -0.015353 -0.079540
v 0.006825 -0.034328 -0.093961
v 0.007119 -0.034268 -0.093961
v 0.006348 -0.034742 -0.087816
v 0.006348 -0.034742 -0.087816
v 0.007119 -0.034268 -0.093961
v 0.012481 -0.033023 -0.088050
v 0.006348 -0.034742 -0.087816
v 0.012481 -0.033023 -0.088050
v 0.011744 -0.034267 -0.082036
v 0.011744 -0.034267 -0.082036
v 0.012481 -0.033023 -0.088050
v 0.017188 -0.031788 -0.082508
v 0.011744 -0.034267 -0.082036
v 0.017188 -0.031788 -0.082508
v 0.016373 -0.033840 -0.076575
v 0.016373 -0.033840 -0.076575
v 0.017188 -0.031788 -0.082508
v 0.021177 -0.030672 -0.077286
v 0.016373 -0.033840 -0.076575
v 0.021177 -0.030672 -0.077286
v 0.020382 -0.033380 -0.071392
v 0.020382 -0.033380 -0.071392
v 0.021177 -0.030672 -0.077286
v 0.024510 -0.029410 -0.072333
v 0.024555 -0.024941 -0.093961
v 0.026966 -0.022312 -0.093961
v 0.023381 -0.026362 -0.088641
v 0.023381 -0.026362 -0.088641
v 0.026966 -0.022312 -0.093961
v 0.025699 -0.024066 -0.088801
v 0.023381 -0.026362 -0.088641
v 0.025699 -0.024066 -0.088801
v 0.026588 -0.023883 -0.083625
v 0.030198 -0.018497 -0.084167
v 0.027808 -0.021538 -0.088957
v 0.029684 -0.018793 -0.089106
v 0.029684 -0.018793 -0.089106
v 0.027808 -0.021538 -0.088957
v 0.029098 -0.019451 -0.093961
v 0.029684 -0.018793 -0.089106
v 0.029098 -0.019451 -0.093961
v 0.029679 -0.018552 -0.093961
v 0.000000 0.034294 -0.089034
v 0.000000 0.032563 -0.085132
v 0.003596 0.034035 -0.088811
v 0.003596 0.034035 -0.088811
v 0.000000 0.032563 -0.085132
v 0.003638 0.033065 -0.086421
v 0.003596 0.034035 -0.088811
v 0.003638 0.033065 -0.086421
v 0.007153 0.033503 -0.088920
v 0.007153 0.033503 -0.088920
v 0.003638 0.033065 -0.086421
v 0.007236 0.032539 -0.086563
v 0.007153 0.033503 -0.088920
v 0.007236 0.032539 -0.086563
v 0.010629 0.032606 -0.089038
v 0.010629 0.032606 -0.089038
v 0.007236 0.032539 -0.086563
v 0.010747 0.031638 -0.086717
v 0.010629 0.032606 -0.089038
v 0.010747 0.031638 -0.086717
v 0.013984 0.031357 -0.089156
v 0.013984 0.031357 -0.089156
v 0.010747 0.031638 -0.086717
v 0.014130 0.030375 -0.086871
v 0.013984 0.031357 -0.089156
v 0.014130 0.030375 -0.086871
v 0.017183 0.029771 -0.089270
v 0.017183 0.029771 -0.089270
v 0.014130 0.030375 -0.086871
v 0.017348 0.028765 -0.087017
v 0.017183 0.029771 -0.089270
v 0.017348 0.028765 -0.087017
v 0.020193 0.027867 -0.089374
v 0.020193 0.027867 -0.089374
v 0.017348 0.028765 -0.087017
v 0.020366 0.026830 -0.087149
v 0.020193 0.027867 -0.089374
v 0.020366 0.026830 -0.087149
v 0.022986 0.025668 -0.089466
v 0.022986 0.025668 -0.089466
v 0.020366 0.026830 -0.087149
v 0.023188 0.023267 -0.085107
v 0.022986 0.025668 -0.089466
v 0.023188 0.023267 -0.085107
v 0.025533 0.023199 -0.089544
v 0.025533 0.023199 -0.089544
v 0.023188 0.023267 -0.085107
v 0.025700 0.020737 -0.085203
v 0.025533 0.023199 -0.089544
v 0.025700 0.020737 -0.085203
v 0.027810 0.020484 -0.089607
v 0.027810 0.020484 -0.089607
v 0.025700 0.020737 -0.085203
v 0.027925 0.017955 -0.085271
v 0.027810 0.020484 -0.089607
v 0.027925 0.017955 -0.085271
v 0.029797 0.017554 -0.089656
v 0.029797 0.017554 -0.089656
v 0.027925 0.017955 -0.085271
v 0.029842 0.014954 -0.085312
v 0.029797 0.017554 -0.089656
v 0.029842 0.014954 -0.085312
v 0.031474 0.014439 -0.089690
v 0.031474 0.014439 -0.089690
v 0.029842 0.014954 -0.085312
v 0.031434 0.011767 -0.085325
v 0.031474 0.014439 -0.089690
v 0.031434 0.011767 -0.085325
v 0.032825 0.011173 -0.089708
v 0.032825 0.011173 -0.089708
v 0.031434 0.011767 -0.085325
v 0.032687 0.008432 -0.085310
v 0.032825 0.011173 -0.089708
v 0.032687 0.008432 -0.085310
v 0.033837 0.007794 -0.089712
v 0.033837 0.007794 -0.089712
v 0.032687 0.008432 -0.085310
v 0.033589 0.004991 -0.085269
v 0.033837 0.007794 -0.089712
v 0.033589 0.004991 -0.085269
v 0.034503 0.004337 -0.089699
v 0.034503 0.004337 -0.089699
v 0.033589 0.004991 -0.085269
v 0.034133 0.001485 -0.085199
v 0.034503 0.004337 -0.089699
v 0.034133 0.001485 -0.085199
v 0.034817 0.000843 -0.089670
v 0.034817 0.000843 -0.089670
v 0.034133 0.001485 -0.085199
v 0.034319 -0.002043 -0.085102
v 0.034817 0.000843 -0.089670
v 0.034319 -0.002043 -0.085102
v 0.034780 -0.002651 -0.089623
v 0.034780 -0.002651 -0.089623
v 0.034319 -0.002043 -0.085102
v 0.034149 -0.005546 -0.084975
v 0.034780 -0.002651 -0.089623
v 0.034149 -0.005546 -0.084975
v 0.034398 -0.006103 -0.089557
v 0.034398 -0.006103 -0.089557
v 0.034149 -0.005546 -0.084975
v 0.033633 -0.008982 -0.084817
v 0.034398 -0.006103 -0.089557
v 0.033633 -0.008982 -0.084817
v 0.033681 -0.009476 -0.089471
v 0.033681 -0.009476 -0.089471
v 0.033633 -0.008982 -0.084817
v 0.032788 -0.012310 -0.084628
v 0.033681 -0.009476 -0.089471
v 0.032788 -0.012310 -0.084628
v 0.032643 -0.012736 -0.089366
v 0.032643 -0.012736 -0.089366
v 0.032788 -0.012310 -0.084628
v 0.031635 -0.015491 -0.084410
v 0.032643 -0.012736 -0.089366
v 0.031635 -0.015491 -0.084410
v 0.031304 -0.015851 -0.089244
v 0.000000 0.031852 -0.084033
v 0.000000 0.029668 -0.081358
v 0.003655 0.031731 -0.084162
v 0.003655 0.031731 -0.084162
v 0.000000 0.029668 -0.081358
v 0.003619 0.028082 -0.080003
v 0.003655 0.031731 -0.084162
v 0.003619 0.028082 -0.080003
v 0.007269 0.031223 -0.084324
v 0.007269 0.031223 -0.084324
v 0.003619 0.028082 -0.080003
v 0.007199 0.027628 -0.080177
v 0.007269 0.031223 -0.084324
v 0.007199 0.027628 -0.080177
v 0.010793 0.030332 -0.084500
v 0.010793 0.030332 -0.084500
v 0.007199 0.027628 -0.080177
v 0.010686 0.026795 -0.080366
v 0.010793 0.030332 -0.084500
v 0.010686 0.026795 -0.080366
v 0.014183 0.029073 -0.084675
v 0.014183 0.029073 -0.084675
v 0.010686 0.026795 -0.080366
v 0.014035 0.025590 -0.080549
v 0.014183 0.029073 -0.084675
v 0.014035 0.025590 -0.080549
v 0.017401 0.027461 -0.084840
v 0.017401 0.027461 -0.084840
v 0.014035 0.025590 -0.080549
v 0.017205 0.024028 -0.080713
v 0.017401 0.027461 -0.084840
v 0.017205 0.024028 -0.080713
v 0.020413 0.025517 -0.084985
v 0.020413 0.025517 -0.084985
v 0.017205 0.024028 -0.080713
v 0.020163 0.022128 -0.080848
v 0.020413 0.025517 -0.084985
v 0.020163 0.022128 -0.080848
v 0.023188 0.023267 -0.085107
v 0.023188 0.023267 -0.085107
v 0.020163 0.022128 -0.080848
v 0.022878 0.019916 -0.080948
v 0.023188 0.023267 -0.085107
v 0.022878 0.019916 -0.080948
v 0.025700 0.020737 -0.085203
v 0.025700 0.020737 -0.085203
v 0.022878 0.019916 -0.080948
v 0.025324 0.017417 -0.081009
v 0.025700 0.020737 -0.085203
v 0.025324 0.017417 -0.081009
v 0.027925 0.017955 -0.085271
v 0.027925 0.017955 -0.085271
v 0.025324 0.017417 -0.081009
v 0.027477 0.014660 -0.081030
v 0.027925 0.017955 -0.085271
v 0.027477 0.014660 -0.081030
v 0.029842 0.014954 -0.085312
v 0.029842 0.014954 -0.085312
v 0.027477 0.014660 -0.081030
v 0.029319 0.011677 -0.081011
v 0.029842 0.014954 -0.085312
v 0.029319 0.011677 -0.081011
v 0.031434 0.011767 -0.085325
v 0.031434 0.011767 -0.085325
v 0.029319 0.011677 -0.081011
v 0.030833 0.008506 -0.080954
v 0.031434 0.011767 -0.085325
v 0.030833 0.008506 -0.080954
v 0.032687 0.008432 -0.085310
v 0.032687 0.008432 -0.085310
v 0.030833 0.008506 -0.080954
v 0.032007 0.005184 -0.080860
v 0.032687 0.008432 -0.085310
v 0.032007 0.005184 -0.080860
v 0.033589 0.004991 -0.085269
v 0.033589 0.004991 -0.085269
v 0.032007 0.005184 -0.080860
v 0.032832 0.001757 -0.080729
v 0.033589 0.004991 -0.085269
v 0.032832 0.001757 -0.080729
v 0.034133 0.001485 -0.085199
v 0.034133 0.001485 -0.085199
v 0.032832 0.001757 -0.080729
v 0.033302 -0.001732 -0.080563
v 0.034133 0.001485 -0.085199
v 0.033302 -0.001732 -0.080563
v 0.034319 -0.002043 -0.085102
v 0.034319 -0.002043 -0.085102
v 0.033302 -0.001732 -0.080563
v 0.033416 -0.005234 -0.080361
v 0.034319 -0.002043 -0.085102
v 0.033416 -0.005234 -0.080361
v 0.034149 -0.005546 -0.084975
v 0.034149 -0.005546 -0.084975
v 0.033416 -0.005234 -0.080361
v 0.033180 -0.008703 -0.080123
v 0.034149 -0.005546 -0.084975
v 0.033180 -0.008703 -0.080123
v 0.033633 -0.008982 -0.084817
v 0.033633 -0.008982 -0.084817
v 0.033180 -0.008703 -0.080123
v 0.032606 -0.012090 -0.079849
v 0.033633 -0.008982 -0.084817
v 0.032606 -0.012090 -0.079849
v 0.032788 -0.012310 -0.084628
v 0.032788 -0.012310 -0.084628
v 0.032606 -0.012090 -0.079849
v 0.031712 -0.015353 -0.079540
v 0.032788 -0.012310 -0.084628
v 0.031712 -0.015353 -0.079540
v 0.031635 -0.015491 -0.084410
v 0.031635 -0.015491 -0.084410
v 0.031712 -0.015353 -0.079540
v 0.030198 -0.018497 -0.084167
v 0.031635 -0.015491 -0.084410
v 0.030198 -0.018497 -0.084167
v 0.031304 -0.015851 -0.089244
v 0.031304 -0.015851 -0.089244
v 0.030198 -0.018497 -0.084167
v 0.029684 -0.018793 -0.089106
v 0.031304 -0.015851 -0.089244
v 0.029684 -0.018793 -0.089106
v 0.032832 -0.012128 -0.093961
v 0.032832 -0.012128 -0.093961
v 0.029684 -0.018793 -0.089106
v 0.031426 -0.015408 -0.093961
v 0.010818 -0.051094 -0.045552
v 0.008727 -0.051494 -0.045423
v 0.010514 -0.044263 -0.057762
v 0.010514 -0.044263 -0.057762
v 0.008727 -0.051494 -0.045423
v 0.005390 -0.045230 -0.057356
v 0.010514 -0.044263 -0.057762
v 0.005390 -0.045230 -0.057356
v 0.005411 -0.042230 -0.063383
v 0.005411 -0.042230 -0.063383
v 0.005390 -0.045230 -0.057356
v 0.000000 -0.044391 -0.059430
v 0.005411 -0.042230 -0.063383
v 0.000000 -0.044391 -0.059430
v 0.000000 -0.040266 -0.068555
v 0.017635 -0.048195 -0.046484
v 0.013430 -0.050321 -0.045800
v 0.015256 -0.042452 -0.058421
v 0.015256 -0.042452 -0.058421
v 0.013430 -0.050321 -0.045800
v 0.010514 -0.044263 -0.057762
v 0.015256 -0.042452 -0.058421
v 0.010514 -0.044263 -0.057762
v 0.010577 -0.041147 -0.063839
v 0.010577 -0.041147 -0.063839
v 0.010514 -0.044263 -0.057762
v 0.005411 -0.042230 -0.063383
v 0.010577 -0.041147 -0.063839
v 0.005411 -0.042230 -0.063383
v 0.005508 -0.039590 -0.069436
v 0.005508 -0.039590 -0.069436
v 0.005411 -0.042230 -0.063383
v 0.000000 -0.040266 -0.068555
v 0.005508 -0.039590 -0.069436
v 0.000000 -0.040266 -0.068555
v 0.000000 -0.037373 -0.077042
v 0.019534 -0.043046 -0.053234
v 0.017635 -0.048195 -0.046484
v 0.017459 -0.041184 -0.058854
v 0.017459 -0.041184 -0.058854
v 0.017635 -0.048195 -0.046484
v 0.015256 -0.042452 -0.058421
v 0.017459 -0.041184 -0.058854
v 0.015256 -0.042452 -0.058421
v 0.015403 -0.039244 -0.064513
v 0.015403 -0.039244 -0.064513
v 0.015256 -0.042452 -0.058421
v 0.010577 -0.041147 -0.063839
v 0.015403 -0.039244 -0.064513
v 0.010577 -0.041147 -0.063839
v 0.010797 -0.038383 -0.069913
v 0.010797 -0.038383 -0.069913
v 0.010577 -0.041147 -0.063839
v 0.005508 -0.039590 -0.069436
v 0.010797 -0.038383 -0.069913
v 0.005508 -0.039590 -0.069436
v 0.005692 -0.037412 -0.075527
v 0.005692 -0.037412 -0.075527
v 0.005508 -0.039590 -0.069436
v 0.000000 -0.037373 -0.077042
v 0.005692 -0.037412 -0.075527
v 0.000000 -0.037373 -0.077042
v 0.000000 -0.036325 -0.081337
v 0.021338 -0.044942 -0.047530
v 0.020452 -0.045882 -0.047228
v 0.019534 -0.043046 -0.053234
v 0.019534 -0.043046 -0.053234
v 0.020452 -0.045882 -0.047228
v 0.019851 -0.046454 -0.047044
v 0.019534 -0.043046 -0.053234
v 0.019851 -0.046454 -0.047044
v 0.017635 -0.048195 -0.046484
v 0.023063 -0.042708 -0.048248
v 0.021393 -0.041226 -0.053824
v 0.023073 -0.039140 -0.054486
v 0.023073 -0.039140 -0.054486
v 0.021393 -0.041226 -0.053824
v 0.019535 -0.039659 -0.059354
v 0.025793 -0.037346 -0.049973
v 0.025032 -0.039179 -0.049383
v 0.023073 -0.039140 -0.054486
v 0.023073 -0.039140 -0.054486
v 0.025032 -0.039179 -0.049383
v 0.024144 -0.040940 -0.048817
v 0.023073 -0.039140 -0.054486
v 0.024144 -0.040940 -0.048817
v 0.023063 -0.042708 -0.048248
v 0.027340 -0.031574 -0.051829
v 0.026402 -0.035549 -0.050551
v 0.025827 -0.034245 -0.055988
v 0.027861 -0.025422 -0.053807
v 0.027690 -0.028963 -0.052668
v 0.027667 -0.028576 -0.057657
v 0.026402 -0.035549 -0.050551
v 0.025793 -0.037346 -0.049973
v 0.025827 -0.034245 -0.055988
v 0.025827 -0.034245 -0.055988
v 0.025793 -0.037346 -0.049973
v 0.023073 -0.039140 -0.054486
v 0.025827 -0.034245 -0.055988
v 0.023073 -0.039140 -0.054486
v 0.023252 -0.035817 -0.060528
v 0.023252 -0.035817 -0.060528
v 0.023073 -0.039140 -0.054486
v 0.019535 -0.039659 -0.059354
v 0.023252 -0.035817 -0.060528
v 0.019535 -0.039659 -0.059354
v 0.019826 -0.036403 -0.065408
v 0.000000 -0.035000 -0.093961
v 0.003593 -0.034815 -0.093961
v 0.000000 -0.035608 -0.085409
v 0.000000 -0.035608 -0.085409
v 0.003593 -0.034815 -0.093961
v 0.006348 -0.034742 -0.087816
v 0.000000 -0.035608 -0.085409
v 0.006348 -0.034742 -0.087816
v 0.005970 -0.035778 -0.081656
v 0.005970 -0.035778 -0.081656
v 0.006348 -0.034742 -0.087816
v 0.011744 -0.034267 -0.082036
v 0.005970 -0.035778 -0.081656
v 0.011744 -0.034267 -0.082036
v 0.011184 -0.036067 -0.075983
v 0.011184 -0.036067 -0.075983
v 0.011744 -0.034267 -0.082036
v 0.016373 -0.033840 -0.076575
v 0.011184 -0.036067 -0.075983
v 0.016373 -0.033840 -0.076575
v 0.015776 -0.036344 -0.070567
v 0.015776 -0.036344 -0.070567
v 0.016373 -0.033840 -0.076575
v 0.020382 -0.033380 -0.071392
v 0.015776 -0.036344 -0.070567
v 0.020382 -0.033380 -0.071392
v 0.019826 -0.036403 -0.065408
v 0.019826 -0.036403 -0.065408
v 0.020382 -0.033380 -0.071392
v 0.024510 -0.029410 -0.072333
v 0.019826 -0.036403 -0.065408
v 0.024510 -0.029410 -0.072333
v 0.023252 -0.035817 -0.060528
v 0.023252 -0.035817 -0.060528
v 0.024510 -0.029410 -0.072333
v 0.026263 -0.030981 -0.061880
v 0.023252 -0.035817 -0.060528
v 0.026263 -0.030981 -0.061880
v 0.025827 -0.034245 -0.055988
v 0.025827 -0.034245 -0.055988
v 0.026263 -0.030981 -0.061880
v 0.027667 -0.028576 -0.057657
v 0.025827 -0.034245 -0.055988
v 0.027667 -0.028576 -0.057657
v 0.027340 -0.031574 -0.051829
v 0.027340 -0.031574 -0.051829
v 0.027667 -0.028576 -0.057657
v 0.027690 -0.028963 -0.052668
v 0.013387 -0.032339 -0.093961
v 0.014915 -0.031663 -0.093961
v 0.012481 -0.033023 -0.088050
v 0.012481 -0.033023 -0.088050
v 0.014915 -0.031663 -0.093961
v 0.018214 -0.030213 -0.088329
v 0.012481 -0.033023 -0.088050
v 0.018214 -0.030213 -0.088329
v 0.017188 -0.031788 -0.082508
v 0.017188 -0.031788 -0.082508
v 0.018214 -0.030213 -0.088329
v 0.022185 -0.028329 -0.083053
v 0.017188 -0.031788 -0.082508
v 0.022185 -0.028329 -0.083053
v 0.021177 -0.030672 -0.077286
v 0.021177 -0.030672 -0.077286
v 0.022185 -0.028329 -0.083053
v 0.025473 -0.026509 -0.078064
v 0.021177 -0.030672 -0.077286
v 0.025473 -0.026509 -0.078064
v 0.024510 -0.029410 -0.072333
v 0.024510 -0.029410 -0.072333
v 0.025473 -0.026509 -0.078064
v 0.027975 -0.024440 -0.073318
v 0.024510 -0.029410 -0.072333
v 0.027975 -0.024440 -0.073318
v 0.026263 -0.030981 -0.061880
v 0.026263 -0.030981 -0.061880
v 0.027975 -0.024440 -0.073318
v 0.028395 -0.025320 -0.063326
v 0.026263 -0.030981 -0.061880
v 0.028395 -0.025320 -0.063326
v 0.027667 -0.028576 -0.057657
v 0.027667 -0.028576 -0.057657
v 0.028395 -0.025320 -0.063326
v 0.028484 -0.022429 -0.059387
v 0.027667 -0.028576 -0.057657
v 0.028484 -0.022429 -0.059387
v 0.027861 -0.025422 -0.053807
v 0.027861 -0.025422 -0.053807
v 0.028484 -0.022429 -0.059387
v 0.027736 -0.022388 -0.054783
v 0.023063 -0.042708 -0.048248
v 0.021338 -0.044942 -0.047530
v 0.021393 -0.041226 -0.053824
v 0.021393 -0.041226 -0.053824
v 0.021338 -0.044942 -0.047530
v 0.019534 -0.043046 -0.053234
v 0.021393 -0.041226 -0.053824
v 0.019534 -0.043046 -0.053234
v 0.019535 -0.039659 -0.059354
v 0.019535 -0.039659 -0.059354
v 0.019534 -0.043046 -0.053234
v 0.017459 -0.041184 -0.058854
v 0.019535 -0.039659 -0.059354
v 0.017459 -0.041184 -0.058854
v 0.019826 -0.036403 -0.065408
v 0.019826 -0.036403 -0.065408
v 0.017459 -0.041184 -0.058854
v 0.015403 -0.039244 -0.064513
v 0.019826 -0.036403 -0.065408
v 0.015403 -0.039244 -0.064513
v 0.015776 -0.036344 -0.070567
v 0.015776 -0.036344 -0.070567
v 0.015403 -0.039244 -0.064513
v 0.010797 -0.038383 -0.069913
v 0.015776 -0.036344 -0.070567
v 0.010797 -0.038383 -0.069913
v 0.011184 -0.036067 -0.075983
v 0.011184 -0.036067 -0.075983
v 0.010797 -0.038383 -0.069913
v 0.005692 -0.037412 -0.075527
v 0.011184 -0.036067 -0.075983
v 0.005692 -0.037412 -0.075527
v 0.005970 -0.035778 -0.081656
v 0.005970 -0.035778 -0.081656
v 0.005692 -0.037412 -0.075527
v 0.000000 -0.036325 -0.081337
v 0.005970 -0.035778 -0.081656
v 0.000000 -0.036325 -0.081337
v 0.000000 -0.035608 -0.085409
v 0.018061 -0.029980 -0.093961
v 0.019436 -0.029108 -0.093961
v 0.018214 -0.030213 -0.088329
v 0.018214 -0.030213 -0.088329
v 0.019436 -0.029108 -0.093961
v 0.023381 -0.026362 -0.088641
v 0.018214 -0.030213 -0.088329
v 0.023381 -0.026362 -0.088641
v 0.022185 -0.028329 -0.083053
v 0.022185 -0.028329 -0.083053
v 0.023381 -0.026362 -0.088641
v 0.026588 -0.023883 -0.083625
v 0.022185 -0.028329 -0.083053
v 0.026588 -0.023883 -0.083625
v 0.025473 -0.026509 -0.078064
v 0.025473 -0.026509 -0.078064
v 0.026588 -0.023883 -0.083625
v 0.029065 -0.021363 -0.078837
v 0.025473 -0.026509 -0.078064
v 0.029065 -0.021363 -0.078837
v 0.027975 -0.024440 -0.073318
v 0.027975 -0.024440 -0.073318
v 0.029065 -0.021363 -0.078837
v 0.030544 -0.018588 -0.074270
v 0.027975 -0.024440 -0.073318
v 0.030544 -0.018588 -0.074270
v 0.028395 -0.025320 -0.063326
v 0.028395 -0.025320 -0.063326
v 0.030544 -0.018588 -0.074270
v 0.029483 -0.019095 -0.064772
v 0.028395 -0.025320 -0.063326
v 0.029483 -0.019095 -0.064772
v 0.028484 -0.022429 -0.059387
v 0.028484 -0.022429 -0.059387
v 0.029483 -0.019095 -0.064772
v 0.028206 -0.016161 -0.061072
v 0.028484 -0.022429 -0.059387
v 0.028206 -0.016161 -0.061072
v 0.027340 -0.019270 -0.055785
v 0.027340 -0.019270 -0.055785
v 0.028206 -0.016161 -0.061072
v 0.026989 -0.017514 -0.056350
v 0.000000 0.025356 -0.077542
v 0.000000 0.018609 -0.073069
v 0.003506 0.023357 -0.076244
v 0.003506 0.023357 -0.076244
v 0.000000 0.018609 -0.073069
v 0.003340 0.017902 -0.072758
v 0.003506 0.023357 -0.076244
v 0.003340 0.017902 -0.072758
v 0.006977 0.022978 -0.076407
v 0.006977 0.022978 -0.076407
v 0.003340 0.017902 -0.072758
v 0.006649 0.017604 -0.072896
v 0.006977 0.022978 -0.076407
v 0.006649 0.017604 -0.072896
v 0.010359 0.022236 -0.076577
v 0.010359 0.022236 -0.076577
v 0.006649 0.017604 -0.072896
v 0.009875 0.016977 -0.073028
v 0.010359 0.022236 -0.076577
v 0.009875 0.016977 -0.073028
v 0.013604 0.021134 -0.076733
v 0.013604 0.021134 -0.076733
v 0.009875 0.016977 -0.073028
v 0.012973 0.016012 -0.073132
v 0.013604 0.021134 -0.076733
v 0.012973 0.016012 -0.073132
v 0.016674 0.019681 -0.076858
v 0.016674 0.019681 -0.076858
v 0.012973 0.016012 -0.073132
v 0.015906 0.014709 -0.073190
v 0.016674 0.019681 -0.076858
v 0.015906 0.014709 -0.073190
v 0.019535 0.017892 -0.076941
v 0.019535 0.017892 -0.076941
v 0.015906 0.014709 -0.073190
v 0.018640 0.013079 -0.073193
v 0.019535 0.017892 -0.076941
v 0.018640 0.013079 -0.073193
v 0.022157 0.015788 -0.076977
v 0.022157 0.015788 -0.076977
v 0.018640 0.013079 -0.073193
v 0.021149 0.011136 -0.073134
v 0.022157 0.015788 -0.076977
v 0.021149 0.011136 -0.073134
v 0.024514 0.013393 -0.076961
v 0.024514 0.013393 -0.076961
v 0.021149 0.011136 -0.073134
v 0.023406 0.008901 -0.073010
v 0.024514 0.013393 -0.076961
v 0.023406 0.008901 -0.073010
v 0.026583 0.010736 -0.076893
v 0.026583 0.010736 -0.076893
v 0.023406 0.008901 -0.073010
v 0.024059 0.001916 -0.068730
v 0.026583 0.010736 -0.076893
v 0.024059 0.001916 -0.068730
v 0.028349 0.007846 -0.076773
v 0.028349 0.007846 -0.076773
v 0.024059 0.001916 -0.068730
v 0.025700 -0.000644 -0.068330
v 0.028349 0.007846 -0.076773
v 0.025700 -0.000644 -0.068330
v 0.029797 0.004760 -0.076605
v 0.029797 0.004760 -0.076605
v 0.025700 -0.000644 -0.068330
v 0.027064 -0.003421 -0.067863
v 0.029797 0.004760 -0.076605
v 0.027064 -0.003421 -0.067863
v 0.030915 0.001519 -0.076392
v 0.030915 0.001519 -0.076392
v 0.027064 -0.003421 -0.067863
v 0.028141 -0.006375 -0.067336
v 0.030915 0.001519 -0.076392
v 0.028141 -0.006375 -0.067336
v 0.031695 -0.001833 -0.076134
v 0.031695 -0.001833 -0.076134
v 0.028141 -0.006375 -0.067336
v 0.028925 -0.009467 -0.066756
v 0.031695 -0.001833 -0.076134
v 0.028925 -0.009467 -0.066756
v 0.032133 -0.005250 -0.075836
v 0.032133 -0.005250 -0.075836
v 0.028925 -0.009467 -0.066756
v 0.029411 -0.012650 -0.066130
v 0.032133 -0.005250 -0.075836
v 0.029411 -0.012650 -0.066130
v 0.032228 -0.008683 -0.075498
v 0.032228 -0.008683 -0.075498
v 0.029411 -0.012650 -0.066130
v 0.029596 -0.015876 -0.065466
v 0.032228 -0.008683 -0.075498
v 0.029596 -0.015876 -0.065466
v 0.031986 -0.012082 -0.075123
v 0.031986 -0.012082 -0.075123
v 0.029596 -0.015876 -0.065466
v 0.029483 -0.019095 -0.064772
v 0.031986 -0.012082 -0.075123
v 0.029483 -0.019095 -0.064772
v 0.031418 -0.015399 -0.074712
v 0.031418 -0.015399 -0.074712
v 0.029483 -0.019095 -0.064772
v 0.030544 -0.018588 -0.074270
v 0.031418 -0.015399 -0.074712
v 0.030544 -0.018588 -0.074270
v 0.031712 -0.015353 -0.079540
v 0.031712 -0.015353 -0.079540
v 0.030544 -0.018588 -0.074270
v 0.029065 -0.021363 -0.078837
v 0.031712 -0.015353 -0.079540
v 0.029065 -0.021363 -0.078837
v 0.030198 -0.018497 -0.084167
v 0.030198 -0.018497 -0.084167
v 0.029065 -0.021363 -0.078837
v 0.026588 -0.023883 -0.083625
v 0.030198 -0.018497 -0.084167
v 0.026588 -0.023883 -0.083625
v 0.027808 -0.021538 -0.088957
v 0.027808 -0.021538 -0.088957
v 0.026588 -0.023883 -0.083625
v 0.025699 -0.024066 -0.088801
v 0.027808 -0.021538 -0.088957
v 0.025699 -0.024066 -0.088801
v 0.029098 -0.019451 -0.093961
v 0.029098 -0.019451 -0.093961
v 0.025699 -0.024066 -0.088801
v 0.026966 -0.022312 -0.093961
v -0.019926 -0.036322 -0.065432
v -0.019631 -0.039579 -0.059380
v -0.023353 -0.035686 -0.060566
v -0.019631 -0.039579 -0.059380
v -0.019926 -0.036322 -0.065432
v -0.017548 -0.041126 -0.058874
v -0.018227 -0.034921 -0.070979
v -0.015862 -0.036299 -0.070581
v -0.015486 -0.039202 -0.064527
v -0.013333 -0.050356 -0.045789
v -0.015084 -0.049635 -0.046021
v -0.015338 -0.042411 -0.058435
v -0.026686 -0.016289 -0.056744
v -0.025668 -0.013171 -0.057747
v -0.026705 -0.009812 -0.062704
v -0.022266 0.026826 -0.091705
v -0.024868 0.024448 -0.091753
v -0.025182 0.023570 -0.089534
v -0.030661 0.008914 -0.080964
v -0.031885 0.005589 -0.080873
v -0.030798 0.001915 -0.076420
v -0.032735 -0.012487 -0.089375
v -0.031410 -0.015632 -0.089253
v -0.030310 -0.018287 -0.084185
v -0.031410 -0.015632 -0.089253
v -0.032735 -0.012487 -0.089375
v -0.031918 -0.014362 -0.093961
v -0.004741 -0.034677 -0.093961
v -0.003679 -0.034806 -0.093961
v -0.003207 -0.035179 -0.087714
v -0.003207 -0.035179 -0.087714
v -0.003679 -0.034806 -0.093961
v 0.000000 -0.035000 -0.093961
v -0.015952 -0.031154 -0.093961
v -0.018312 -0.030152 -0.088334
v -0.019040 -0.029368 -0.093961
v -0.019040 -0.029368 -0.093961
v -0.018312 -0.030152 -0.088334
v -0.020987 -0.028333 -0.088489
v -0.019040 -0.029368 -0.093961
v -0.020987 -0.028333 -0.088489
v -0.021932 -0.027276 -0.093961
v -0.021932 -0.027276 -0.093961
v -0.020987 -0.028333 -0.088489
v -0.023497 -0.026257 -0.088649
v -0.021932 -0.027276 -0.093961
v -0.023497 -0.026257 -0.088649
v -0.024616 -0.024881 -0.093961
v -0.024616 -0.024881 -0.093961
v -0.023497 -0.026257 -0.088649
v -0.025365 -0.024117 -0.093961
v -0.025365 -0.024117 -0.093961
v -0.023497 -0.026257 -0.088649
v -0.025818 -0.023935 -0.088809
v -0.025365 -0.024117 -0.093961
v -0.025818 -0.023935 -0.088809
v -0.027688 -0.021410 -0.093961
v -0.027688 -0.021410 -0.093961
v -0.025818 -0.023935 -0.088809
v -0.027927 -0.021379 -0.088967
v -0.027688 -0.021410 -0.093961
v -0.027927 -0.021379 -0.088967
v -0.029724 -0.018479 -0.093961
v -0.034448 0.004713 -0.089701
v -0.034754 0.004138 -0.093961
v -0.034801 0.001200 -0.089674
v -0.034801 0.001200 -0.089674
v -0.034754 0.004138 -0.093961
v -0.034995 0.000578 -0.093961
v -0.034801 0.001200 -0.089674
v -0.034995 0.000578 -0.093961
v -0.034799 -0.002316 -0.089628
v -0.034799 -0.002316 -0.089628
v -0.034995 0.000578 -0.093961
v -0.034872 -0.002987 -0.093961
v -0.034799 -0.002316 -0.089628
v -0.034872 -0.002987 -0.093961
v -0.034447 -0.005795 -0.089564
v -0.034447 -0.005795 -0.089564
v -0.034872 -0.002987 -0.093961
v -0.034765 -0.004052 -0.093961
v -0.034447 -0.005795 -0.089564
v -0.034765 -0.004052 -0.093961
v -0.033754 -0.009197 -0.089479
v -0.033754 -0.009197 -0.089479
v -0.034765 -0.004052 -0.093961
v -0.034165 -0.007599 -0.093961
v -0.033754 -0.009197 -0.089479
v -0.034165 -0.007599 -0.093961
v -0.033214 -0.011038 -0.093961
v -0.033739 0.008184 -0.089712
v -0.033895 0.008724 -0.093961
v -0.034448 0.004713 -0.089701
v -0.034448 0.004713 -0.089701
v -0.033895 0.008724 -0.093961
v -0.034146 0.007684 -0.093961
v -0.034448 0.004713 -0.089701
v -0.034146 0.007684 -0.093961
v -0.034754 0.004138 -0.093961
v -0.032680 0.011572 -0.089707
v -0.032831 0.012129 -0.093961
v -0.033739 0.008184 -0.089712
v -0.033739 0.008184 -0.089712
v -0.032831 0.012129 -0.093961
v -0.033383 0.010514 -0.093961
v -0.033739 0.008184 -0.089712
v -0.033383 0.010514 -0.093961
v -0.033895 0.008724 -0.093961
v -0.031280 0.014840 -0.089686
v -0.031426 0.015409 -0.093961
v -0.032680 0.011572 -0.089707
v -0.032680 0.011572 -0.089707
v -0.031426 0.015409 -0.093961
v -0.032183 0.013756 -0.093961
v -0.032680 0.011572 -0.089707
v -0.032183 0.013756 -0.093961
v -0.032831 0.012129 -0.093961
v -0.025182 0.023570 -0.089534
v -0.024868 0.024448 -0.091753
v -0.027513 0.020872 -0.089599
v -0.022266 0.026826 -0.091705
v -0.024553 0.024943 -0.093961
v -0.024868 0.024448 -0.091753
v -0.024868 0.024448 -0.091753
v -0.024553 0.024943 -0.093961
v -0.026965 0.022313 -0.093961
v -0.024868 0.024448 -0.091753
v -0.026965 0.022313 -0.093961
v -0.027513 0.020872 -0.089599
v -0.027513 0.020872 -0.089599
v -0.026965 0.022313 -0.093961
v -0.029097 0.019452 -0.093961
v -0.027513 0.020872 -0.089599
v -0.029097 0.019452 -0.093961
v -0.029552 0.017952 -0.089650
v -0.029552 0.017952 -0.089650
v -0.029097 0.019452 -0.093961
v -0.029678 0.018553 -0.093961
v -0.029552 0.017952 -0.089650
v -0.029678 0.018553 -0.093961
v -0.031280 0.014840 -0.089686
v -0.031280 0.014840 -0.089686
v -0.029678 0.018553 -0.093961
v -0.030669 0.016864 -0.093961
v -0.031280 0.014840 -0.089686
v -0.030669 0.016864 -0.093961
v -0.031426 0.015409 -0.093961
v -0.018061 0.029980 -0.093961
v -0.021019 0.027986 -0.093961
v -0.022266 0.026826 -0.091705
v -0.022266 0.026826 -0.091705
v -0.021019 0.027986 -0.093961
v -0.021863 0.027331 -0.093961
v -0.022266 0.026826 -0.091705
v -0.021863 0.027331 -0.093961
v -0.024553 0.024943 -0.093961
v -0.002976 0.031783 -0.084135
v 0.000000 0.031852 -0.084033
v 0.000000 0.032563 -0.085132
v -0.002947 0.028124 -0.079974
v 0.000000 0.028154 -0.079867
v 0.000000 0.029668 -0.081358
v -0.006608 0.000902 -0.062272
v -0.003334 0.001075 -0.062327
v -0.002403 0.006366 -0.065959
v -0.003334 0.001075 -0.062327
v -0.002525 0.001090 -0.062332
v -0.002403 0.006366 -0.065959
v -0.002403 0.006366 -0.065959
v -0.002525 0.001090 -0.062332
v 0.000000 0.001101 -0.062336
v -0.002403 0.006366 -0.065959
v 0.000000 0.001101 -0.062336
v 0.000000 0.008113 -0.066993
v -0.016463 -0.033791 -0.076586
v -0.015862 -0.036299 -0.070581
v -0.018930 -0.032311 -0.076933
v -0.018930 -0.032311 -0.076933
v -0.015862 -0.036299 -0.070581
v -0.018227 -0.034921 -0.070979
v -0.018930 -0.032311 -0.076933
v -0.018227 -0.034921 -0.070979
v -0.021287 -0.030584 -0.077305
v -0.006006 -0.035772 -0.081658
v -0.006386 -0.034735 -0.087818
v -0.003207 -0.035179 -0.087714
v -0.011812 -0.034243 -0.082041
v -0.012552 -0.032995 -0.088053
v -0.009509 -0.034006 -0.087930
v -0.009509 -0.034006 -0.087930
v -0.012552 -0.032995 -0.088053
v -0.011667 -0.032998 -0.093961
v -0.009509 -0.034006 -0.087930
v -0.011667 -0.032998 -0.093961
v -0.008246 -0.034015 -0.093961
v -0.017282 -0.031734 -0.082517
v -0.016463 -0.033791 -0.076586
v -0.019855 -0.030109 -0.082785
v -0.019855 -0.030109 -0.082785
v -0.016463 -0.033791 -0.076586
v -0.018930 -0.032311 -0.076933
v -0.019855 -0.030109 -0.082785
v -0.018930 -0.032311 -0.076933
v -0.022298 -0.028233 -0.083066
v -0.022298 -0.028233 -0.083066
v -0.018930 -0.032311 -0.076933
v -0.021287 -0.030584 -0.077305
v -0.022298 -0.028233 -0.083066
v -0.021287 -0.030584 -0.077305
v -0.026709 -0.023734 -0.083642
v -0.020488 -0.033297 -0.071414
v -0.024624 -0.029275 -0.072363
v -0.025593 -0.026369 -0.078087
v -0.025593 -0.026369 -0.078087
v -0.024624 -0.029275 -0.072363
v -0.029178 -0.021161 -0.078864
v -0.025593 -0.026369 -0.078087
v -0.029178 -0.021161 -0.078864
v -0.030310 -0.018287 -0.084185
v -0.031464 -0.015331 -0.093961
v -0.029724 -0.018479 -0.093961
v -0.029799 -0.018604 -0.089116
v -0.029799 -0.018604 -0.089116
v -0.029724 -0.018479 -0.093961
v -0.027927 -0.021379 -0.088967
v -0.029799 -0.018604 -0.089116
v -0.027927 -0.021379 -0.088967
v -0.026709 -0.023734 -0.083642
v -0.026709 -0.023734 -0.083642
v -0.027927 -0.021379 -0.088967
v -0.025818 -0.023935 -0.088809
v -0.026709 -0.023734 -0.083642
v -0.025818 -0.023935 -0.088809
v -0.022298 -0.028233 -0.083066
v -0.022298 -0.028233 -0.083066
v -0.025818 -0.023935 -0.088809
v -0.023497 -0.026257 -0.088649
v -0.022298 -0.028233 -0.083066
v -0.023497 -0.026257 -0.088649
v -0.019855 -0.030109 -0.082785
v -0.019855 -0.030109 -0.082785
v -0.023497 -0.026257 -0.088649
v -0.020987 -0.028333 -0.088489
v -0.019855 -0.030109 -0.082785
v -0.020987 -0.028333 -0.088489
v -0.017282 -0.031734 -0.082517
v -0.017282 -0.031734 -0.082517
v -0.020987 -0.028333 -0.088489
v -0.018312 -0.030152 -0.088334
v -0.017282 -0.031734 -0.082517
v -0.018312 -0.030152 -0.088334
v -0.015494 -0.031709 -0.088188
v -0.015494 -0.031709 -0.088188
v -0.018312 -0.030152 -0.088334
v -0.015952 -0.031154 -0.093961
v -0.015494 -0.031709 -0.088188
v -0.015952 -0.031154 -0.093961
v -0.014992 -0.031626 -0.093961
v -0.032871 -0.012035 -0.084645
v -0.030628 -0.018326 -0.074308
v -0.033693 -0.008677 -0.084832
v -0.033693 -0.008677 -0.084832
v -0.030628 -0.018326 -0.074308
v -0.031482 -0.015105 -0.074751
v -0.033693 -0.008677 -0.084832
v -0.031482 -0.015105 -0.074751
v -0.032024 -0.011759 -0.075161
v -0.030798 0.001915 -0.076420
v -0.031885 0.005589 -0.080873
v -0.031623 -0.001447 -0.076166
v -0.031623 -0.001447 -0.076166
v -0.031885 0.005589 -0.080873
v -0.032756 0.002152 -0.080746
v -0.031623 -0.001447 -0.076166
v -0.032756 0.002152 -0.080746
v -0.032102 -0.004879 -0.075870
v -0.032102 -0.004879 -0.075870
v -0.032756 0.002152 -0.080746
v -0.033268 -0.001353 -0.080582
v -0.032102 -0.004879 -0.075870
v -0.033268 -0.001353 -0.080582
v -0.032234 -0.008333 -0.075534
v -0.032234 -0.008333 -0.075534
v -0.033268 -0.001353 -0.080582
v -0.033421 -0.004878 -0.080383
v -0.032234 -0.008333 -0.075534
v -0.033421 -0.004878 -0.080383
v -0.032024 -0.011759 -0.075161
v -0.032024 -0.011759 -0.075161
v -0.033421 -0.004878 -0.080383
v -0.033218 -0.008373 -0.080147
v -0.032024 -0.011759 -0.075161
v -0.033218 -0.008373 -0.080147
v -0.033693 -0.008677 -0.084832
v -0.029607 0.015361 -0.085308
v -0.031252 0.012177 -0.085324
v -0.030661 0.008914 -0.080964
v -0.030661 0.008914 -0.080964
v -0.031252 0.012177 -0.085324
v -0.031885 0.005589 -0.080873
v -0.031885 0.005589 -0.080873
v -0.031252 0.012177 -0.085324
v -0.032555 0.008839 -0.085313
v -0.031885 0.005589 -0.080873
v -0.032555 0.008839 -0.085313
v -0.032756 0.002152 -0.080746
v -0.032756 0.002152 -0.080746
v -0.032555 0.008839 -0.085313
v -0.033504 0.005387 -0.085275
v -0.032756 0.002152 -0.080746
v -0.033504 0.005387 -0.085275
v -0.033268 -0.001353 -0.080582
v -0.033268 -0.001353 -0.080582
v -0.033504 0.005387 -0.085275
v -0.034092 0.001865 -0.085208
v -0.033268 -0.001353 -0.080582
v -0.034092 0.001865 -0.085208
v -0.033421 -0.004878 -0.080383
v -0.033421 -0.004878 -0.080383
v -0.034092 0.001865 -0.085208
v -0.034316 -0.001683 -0.085113
v -0.033421 -0.004878 -0.080383
v -0.034316 -0.001683 -0.085113
v -0.033218 -0.008373 -0.080147
v -0.033218 -0.008373 -0.080147
v -0.034316 -0.001683 -0.085113
v -0.034180 -0.005212 -0.084988
v -0.033218 -0.008373 -0.080147
v -0.034180 -0.005212 -0.084988
v -0.033693 -0.008677 -0.084832
v 0.000000 0.025356 -0.077542
v 0.000000 0.028154 -0.079867
v -0.002855 0.023389 -0.076217
v -0.002855 0.023389 -0.076217
v 0.000000 0.028154 -0.079867
v -0.002947 0.028124 -0.079974
v -0.002855 0.023389 -0.076217
v -0.002947 0.028124 -0.079974
v -0.006358 0.023073 -0.076377
v -0.009779 0.022391 -0.076548
v -0.006358 0.023073 -0.076377
v -0.006560 0.027738 -0.080144
v -0.006560 0.027738 -0.080144
v -0.006358 0.023073 -0.076377
v -0.002947 0.028124 -0.079974
v -0.006560 0.027738 -0.080144
v -0.002947 0.028124 -0.079974
v -0.002976 0.031783 -0.084135
v -0.002976 0.031783 -0.084135
v -0.002947 0.028124 -0.079974
v 0.000000 0.029668 -0.081358
v -0.002976 0.031783 -0.084135
v 0.000000 0.029668 -0.081358
v 0.000000 0.031852 -0.084033
v -0.033754 -0.009197 -0.089479
v -0.032871 -0.012035 -0.084645
v -0.034447 -0.005795 -0.089564
v -0.034447 -0.005795 -0.089564
v -0.032871 -0.012035 -0.084645
v -0.033693 -0.008677 -0.084832
v -0.034447 -0.005795 -0.089564
v -0.033693 -0.008677 -0.084832
v -0.034799 -0.002316 -0.089628
v -0.034799 -0.002316 -0.089628
v -0.033693 -0.008677 -0.084832
v -0.034180 -0.005212 -0.084988
v -0.034799 -0.002316 -0.089628
v -0.034180 -0.005212 -0.084988
v -0.034801 0.001200 -0.089674
v -0.034801 0.001200 -0.089674
v -0.034180 -0.005212 -0.084988
v -0.034316 -0.001683 -0.085113
v -0.034801 0.001200 -0.089674
v -0.034316 -0.001683 -0.085113
v -0.034448 0.004713 -0.089701
v -0.034448 0.004713 -0.089701
v -0.034316 -0.001683 -0.085113
v -0.034092 0.001865 -0.085208
v -0.034448 0.004713 -0.089701
v -0.034092 0.001865 -0.085208
v -0.033739 0.008184 -0.089712
v -0.033739 0.008184 -0.089712
v -0.034092 0.001865 -0.085208
v -0.033504 0.005387 -0.085275
v -0.033739 0.008184 -0.089712
v -0.033504 0.005387 -0.085275
v -0.032680 0.011572 -0.089707
v -0.032680 0.011572 -0.089707
v -0.033504 0.005387 -0.085275
v -0.032555 0.008839 -0.085313
v -0.032680 0.011572 -0.089707
v -0.032555 0.008839 -0.085313
v -0.031280 0.014840 -0.089686
v -0.031280 0.014840 -0.089686
v -0.032555 0.008839 -0.085313
v -0.031252 0.012177 -0.085324
v -0.031280 0.014840 -0.089686
v -0.031252 0.012177 -0.085324
v -0.029552 0.017952 -0.089650
v -0.029552 0.017952 -0.089650
v -0.031252 0.012177 -0.085324
v -0.029607 0.015361 -0.085308
v -0.029552 0.017952 -0.089650
v -0.029607 0.015361 -0.085308
v -0.027513 0.020872 -0.089599
v -0.029632 0.005159 -0.076629
v -0.028134 0.008239 -0.076792
v -0.029094 0.012083 -0.081016
v -0.029094 0.012083 -0.081016
v -0.028134 0.008239 -0.076792
v -0.027198 0.015054 -0.081029
v -0.029094 0.012083 -0.081016
v -0.027198 0.015054 -0.081029
v -0.027636 0.018353 -0.085264
v -0.027636 0.018353 -0.085264
v -0.027198 0.015054 -0.081029
v -0.025356 0.021117 -0.085191
v -0.027636 0.018353 -0.085264
v -0.025356 0.021117 -0.085191
v -0.025342 0.022459 -0.087345
v -0.025342 0.022459 -0.087345
v -0.025356 0.021117 -0.085191
v -0.022753 0.024947 -0.087247
v -0.025342 0.022459 -0.087345
v -0.022753 0.024947 -0.087247
v -0.022582 0.026016 -0.089453
v -0.022582 0.026016 -0.089453
v -0.022753 0.024947 -0.087247
v -0.019737 0.028184 -0.089358
v -0.022582 0.026016 -0.089453
v -0.019737 0.028184 -0.089358
v -0.019434 0.028931 -0.091649
v -0.019434 0.028931 -0.091649
v -0.019737 0.028184 -0.089358
v -0.016400 0.030742 -0.091587
v -0.013070 0.021344 -0.076708
v -0.009779 0.022391 -0.076548
v -0.010088 0.026967 -0.080333
v -0.010088 0.026967 -0.080333
v -0.009779 0.022391 -0.076548
v -0.006560 0.027738 -0.080144
v -0.010088 0.026967 -0.080333
v -0.006560 0.027738 -0.080144
v -0.006624 0.031343 -0.084294
v -0.006624 0.031343 -0.084294
v -0.006560 0.027738 -0.080144
v -0.002976 0.031783 -0.084135
v -0.006624 0.031343 -0.084294
v -0.002976 0.031783 -0.084135
v -0.002963 0.033120 -0.086397
v -0.002963 0.033120 -0.086397
v -0.002976 0.031783 -0.084135
v 0.000000 0.032563 -0.085132
v -0.002963 0.033120 -0.086397
v 0.000000 0.032563 -0.085132
v 0.000000 0.034294 -0.089034
v -0.016190 0.019940 -0.076840
v -0.013070 0.021344 -0.076708
v -0.013484 0.025818 -0.080519
v -0.013484 0.025818 -0.080519
v -0.013070 0.021344 -0.076708
v -0.010088 0.026967 -0.080333
v -0.013484 0.025818 -0.080519
v -0.010088 0.026967 -0.080333
v -0.010188 0.030514 -0.084469
v -0.010188 0.030514 -0.084469
v -0.010088 0.026967 -0.080333
v -0.006624 0.031343 -0.084294
v -0.010188 0.030514 -0.084469
v -0.006624 0.031343 -0.084294
v -0.006593 0.032662 -0.086537
v -0.006593 0.032662 -0.086537
v -0.006624 0.031343 -0.084294
v -0.002963 0.033120 -0.086397
v -0.006593 0.032662 -0.086537
v -0.002963 0.033120 -0.086397
v -0.002929 0.034094 -0.088792
v -0.002929 0.034094 -0.088792
v -0.002963 0.033120 -0.086397
v 0.000000 0.034294 -0.089034
v -0.002929 0.034094 -0.088792
v 0.000000 0.034294 -0.089034
v 0.000000 0.034986 -0.093276
v -0.021780 0.016123 -0.076975
v -0.019103 0.018192 -0.076931
v -0.019717 0.022446 -0.080829
v -0.019717 0.022446 -0.080829
v -0.019103 0.018192 -0.076931
v -0.016705 0.024304 -0.080688
v -0.019717 0.022446 -0.080829
v -0.016705 0.024304 -0.080688
v -0.016893 0.027745 -0.084814
v -0.016893 0.027745 -0.084814
v -0.016705 0.024304 -0.080688
v -0.013625 0.029310 -0.084646
v -0.016893 0.027745 -0.084814
v -0.013625 0.029310 -0.084646
v -0.013572 0.030612 -0.086845
v -0.013572 0.030612 -0.086845
v -0.013625 0.029310 -0.084646
v -0.010144 0.031822 -0.086690
v -0.013572 0.030612 -0.086845
v -0.010144 0.031822 -0.086690
v -0.010031 0.032788 -0.089017
v -0.010031 0.032788 -0.089017
v -0.010144 0.031822 -0.086690
v -0.006517 0.033626 -0.088899
v -0.010031 0.032788 -0.089017
v -0.006517 0.033626 -0.088899
v -0.006394 0.034221 -0.091386
v -0.006394 0.034221 -0.091386
v -0.006517 0.033626 -0.088899
v -0.002873 0.034686 -0.091324
v -0.006394 0.034221 -0.091386
v -0.002873 0.034686 -0.091324
v -0.007119 0.034268 -0.093961
v -0.007119 0.034268 -0.093961
v -0.002873 0.034686 -0.091324
v -0.003593 0.034815 -0.093961
v -0.030798 0.001915 -0.076420
v -0.029632 0.005159 -0.076629
v -0.030661 0.008914 -0.080964
v -0.030661 0.008914 -0.080964
v -0.029632 0.005159 -0.076629
v -0.029094 0.012083 -0.081016
v -0.030661 0.008914 -0.080964
v -0.029094 0.012083 -0.081016
v -0.029607 0.015361 -0.085308
v -0.029607 0.015361 -0.085308
v -0.029094 0.012083 -0.081016
v -0.027636 0.018353 -0.085264
v -0.029607 0.015361 -0.085308
v -0.027636 0.018353 -0.085264
v -0.027513 0.020872 -0.089599
v -0.027513 0.020872 -0.089599
v -0.027636 0.018353 -0.085264
v -0.025342 0.022459 -0.087345
v -0.027513 0.020872 -0.089599
v -0.025342 0.022459 -0.087345
v -0.025182 0.023570 -0.089534
v -0.025182 0.023570 -0.089534
v -0.025342 0.022459 -0.087345
v -0.022582 0.026016 -0.089453
v -0.025182 0.023570 -0.089534
v -0.022582 0.026016 -0.089453
v -0.022266 0.026826 -0.091705
v -0.022266 0.026826 -0.091705
v -0.022582 0.026016 -0.089453
v -0.019434 0.028931 -0.091649
v -0.022266 0.026826 -0.091705
v -0.019434 0.028931 -0.091649
v -0.018061 0.029980 -0.093961
v -0.018061 0.029980 -0.093961
v -0.019434 0.028931 -0.091649
v -0.016400 0.030742 -0.091587
v -0.018061 0.029980 -0.093961
v -0.016400 0.030742 -0.091587
v -0.014914 0.031663 -0.093961
v -0.028134 0.008239 -0.076792
v -0.026316 0.011117 -0.076905
v -0.027198 0.015054 -0.081029
v -0.027198 0.015054 -0.081029
v -0.026316 0.011117 -0.076905
v -0.024990 0.017793 -0.081003
v -0.027198 0.015054 -0.081029
v -0.024990 0.017793 -0.081003
v -0.025356 0.021117 -0.085191
v -0.025356 0.021117 -0.085191
v -0.024990 0.017793 -0.081003
v -0.022788 0.023623 -0.085091
v -0.025356 0.021117 -0.085191
v -0.022788 0.023623 -0.085091
v -0.022753 0.024947 -0.087247
v -0.022753 0.024947 -0.087247
v -0.022788 0.023623 -0.085091
v -0.019910 0.027152 -0.087129
v -0.022753 0.024947 -0.087247
v -0.019910 0.027152 -0.087129
v -0.019737 0.028184 -0.089358
v -0.019737 0.028184 -0.089358
v -0.019910 0.027152 -0.087129
v -0.016677 0.030050 -0.089252
v -0.019737 0.028184 -0.089358
v -0.016677 0.030050 -0.089252
v -0.016400 0.030742 -0.091587
v -0.016400 0.030742 -0.091587
v -0.016677 0.030050 -0.089252
v -0.013193 0.032238 -0.091521
v -0.016400 0.030742 -0.091587
v -0.013193 0.032238 -0.091521
v -0.014914 0.031663 -0.093961
v -0.014914 0.031663 -0.093961
v -0.013193 0.032238 -0.091521
v -0.011585 0.033027 -0.093961
v 0.000000 0.035000 -0.093961
v -0.003593 0.034815 -0.093961
v 0.000000 0.034986 -0.093276
v 0.000000 0.034986 -0.093276
v -0.003593 0.034815 -0.093961
v -0.002873 0.034686 -0.091324
v 0.000000 0.034986 -0.093276
v -0.002873 0.034686 -0.091324
v -0.002929 0.034094 -0.088792
v -0.002929 0.034094 -0.088792
v -0.002873 0.034686 -0.091324
v -0.006517 0.033626 -0.088899
v -0.002929 0.034094 -0.088792
v -0.006517 0.033626 -0.088899
v -0.006593 0.032662 -0.086537
v -0.006593 0.032662 -0.086537
v -0.006517 0.033626 -0.088899
v -0.010144 0.031822 -0.086690
v -0.006593 0.032662 -0.086537
v -0.010144 0.031822 -0.086690
v -0.010188 0.030514 -0.084469
v -0.010188 0.030514 -0.084469
v -0.010144 0.031822 -0.086690
v -0.013625 0.029310 -0.084646
v -0.010188 0.030514 -0.084469
v -0.013625 0.029310 -0.084646
v -0.013484 0.025818 -0.080519
v -0.013484 0.025818 -0.080519
v -0.013625 0.029310 -0.084646
v -0.016705 0.024304 -0.080688
v -0.013484 0.025818 -0.080519
v -0.016705 0.024304 -0.080688
v -0.016190 0.019940 -0.076840
v -0.016190 0.019940 -0.076840
v -0.016705 0.024304 -0.080688
v -0.019103 0.018192 -0.076931
v -0.024192 0.013755 -0.076966
v -0.021780 0.016123 -0.076975
v -0.022488 0.020267 -0.080935
v -0.022488 0.020267 -0.080935
v -0.021780 0.016123 -0.076975
v -0.019717 0.022446 -0.080829
v -0.022488 0.020267 -0.080935
v -0.019717 0.022446 -0.080829
v -0.019958 0.025841 -0.084964
v -0.019958 0.025841 -0.084964
v -0.019717 0.022446 -0.080829
v -0.016893 0.027745 -0.084814
v -0.019958 0.025841 -0.084964
v -0.016893 0.027745 -0.084814
v -0.016839 0.029048 -0.086994
v -0.016839 0.029048 -0.086994
v -0.016893 0.027745 -0.084814
v -0.013572 0.030612 -0.086845
v -0.016839 0.029048 -0.086994
v -0.013572 0.030612 -0.086845
v -0.013430 0.031591 -0.089137
v -0.013430 0.031591 -0.089137
v -0.013572 0.030612 -0.086845
v -0.010031 0.032788 -0.089017
v -0.013430 0.031591 -0.089137
v -0.010031 0.032788 -0.089017
v -0.009846 0.033402 -0.091453
v -0.009846 0.033402 -0.091453
v -0.010031 0.032788 -0.089017
v -0.006394 0.034221 -0.091386
v -0.009846 0.033402 -0.091453
v -0.006394 0.034221 -0.091386
v -0.010570 0.033366 -0.093961
v -0.010570 0.033366 -0.093961
v -0.006394 0.034221 -0.091386
v -0.007119 0.034268 -0.093961
v -0.028496 -0.022128 -0.059470
v -0.027767 -0.022793 -0.054652
v -0.027399 -0.019625 -0.055671
v -0.028496 -0.022128 -0.059470
v -0.027399 -0.019625 -0.055671
v -0.028160 -0.015826 -0.061160
v -0.028160 -0.015826 -0.061160
v -0.027399 -0.019625 -0.055671
v -0.027282 -0.018945 -0.055890
v -0.028160 -0.015826 -0.061160
v -0.027282 -0.018945 -0.055890
v -0.026989 -0.017514 -0.056350
v -0.025668 -0.013171 -0.057747
v -0.025588 -0.012965 -0.057813
v -0.026705 -0.009812 -0.062704
v -0.026705 -0.009812 -0.062704
v -0.025588 -0.012965 -0.057813
v -0.024480 -0.010531 -0.058596
v -0.026705 -0.009812 -0.062704
v -0.024480 -0.010531 -0.058596
v -0.025569 -0.007029 -0.063394
v -0.025569 -0.007029 -0.063394
v -0.024480 -0.010531 -0.058596
v -0.023070 -0.008147 -0.059362
v -0.025569 -0.007029 -0.063394
v -0.023070 -0.008147 -0.059362
v -0.024171 -0.004449 -0.064016
v -0.022521 -0.002107 -0.064561
v -0.023812 0.002250 -0.068779
v -0.024171 -0.004449 -0.064016
v -0.024171 -0.004449 -0.064016
v -0.023812 0.002250 -0.068779
v -0.025499 -0.000293 -0.068387
v -0.024171 -0.004449 -0.064016
v -0.025499 -0.000293 -0.068387
v -0.025569 -0.007029 -0.063394
v -0.025569 -0.007029 -0.063394
v -0.025499 -0.000293 -0.068387
v -0.026907 -0.003060 -0.067926
v -0.025569 -0.007029 -0.063394
v -0.026907 -0.003060 -0.067926
v -0.026705 -0.009812 -0.062704
v -0.026705 -0.009812 -0.062704
v -0.026907 -0.003060 -0.067926
v -0.028027 -0.006013 -0.067402
v -0.020763 -0.005278 -0.060285
v -0.020518 -0.005029 -0.060365
v -0.022521 -0.002107 -0.064561
v -0.023070 -0.008147 -0.059362
v -0.022718 -0.007639 -0.059525
v -0.024171 -0.004449 -0.064016
v -0.024171 -0.004449 -0.064016
v -0.022718 -0.007639 -0.059525
v -0.022654 -0.007550 -0.059554
v -0.024171 -0.004449 -0.064016
v -0.022654 -0.007550 -0.059554
v -0.022521 -0.002107 -0.064561
v -0.022521 -0.002107 -0.064561
v -0.022654 -0.007550 -0.059554
v -0.021549 -0.006144 -0.060006
v -0.022521 -0.002107 -0.064561
v -0.021549 -0.006144 -0.060006
v -0.020763 -0.005278 -0.060285
v -0.028027 -0.006013 -0.067402
v -0.028851 -0.009109 -0.066824
v -0.026705 -0.009812 -0.062704
v -0.026705 -0.009812 -0.062704
v -0.028851 -0.009109 -0.066824
v -0.028160 -0.015826 -0.061160
v -0.026705 -0.009812 -0.062704
v -0.028160 -0.015826 -0.061160
v -0.026686 -0.016289 -0.056744
v -0.026686 -0.016289 -0.056744
v -0.028160 -0.015826 -0.061160
v -0.026989 -0.017514 -0.056350
v -0.020518 -0.005029 -0.060365
v -0.019573 -0.004141 -0.060650
v -0.020631 -0.000031 -0.065023
v -0.020631 -0.000031 -0.065023
v -0.019573 -0.004141 -0.060650
v -0.018564 -0.003315 -0.060916
v -0.020631 -0.000031 -0.065023
v -0.018564 -0.003315 -0.060916
v -0.018516 0.001758 -0.065396
v -0.018564 -0.003315 -0.060916
v -0.017873 -0.002811 -0.061078
v -0.018516 0.001758 -0.065396
v -0.018516 0.001758 -0.065396
v -0.017873 -0.002811 -0.061078
v -0.016052 -0.001695 -0.061437
v -0.018516 0.001758 -0.065396
v -0.016052 -0.001695 -0.061437
v -0.016196 0.003248 -0.065679
v -0.016196 0.003248 -0.065679
v -0.016052 -0.001695 -0.061437
v -0.014814 -0.001085 -0.061633
v -0.016196 0.003248 -0.065679
v -0.014814 -0.001085 -0.061633
v -0.013692 0.004433 -0.065874
v -0.013692 0.004433 -0.065874
v -0.014814 -0.001085 -0.061633
v -0.013702 -0.000624 -0.061781
v -0.013692 0.004433 -0.065874
v -0.013702 -0.000624 -0.061781
v -0.011031 0.005316 -0.065987
v -0.011031 0.005316 -0.065987
v -0.013702 -0.000624 -0.061781
v -0.009035 0.000602 -0.062175
v -0.011031 0.005316 -0.065987
v -0.009035 0.000602 -0.062175
v -0.005352 0.006250 -0.066011
v -0.005352 0.006250 -0.066011
v -0.009035 0.000602 -0.062175
v -0.007439 0.000819 -0.062245
v 0.000000 0.008113 -0.066993
v -0.002561 0.012112 -0.069370
v -0.002403 0.006366 -0.065959
v -0.002403 0.006366 -0.065959
v -0.002561 0.012112 -0.069370
v -0.005352 0.006250 -0.066011
v -0.002403 0.006366 -0.065959
v -0.005352 0.006250 -0.066011
v -0.006608 0.000902 -0.062272
v -0.006608 0.000902 -0.062272
v -0.005352 0.006250 -0.066011
v -0.007439 0.000819 -0.062245
v -0.002561 0.012112 -0.069370
v -0.005707 0.011942 -0.069473
v -0.005352 0.006250 -0.066011
v -0.005352 0.006250 -0.066011
v -0.005707 0.011942 -0.069473
v -0.008786 0.011489 -0.069558
v -0.005352 0.006250 -0.066011
v -0.008786 0.011489 -0.069558
v -0.011031 0.005316 -0.065987
v -0.011031 0.005316 -0.065987
v -0.008786 0.011489 -0.069558
v -0.011753 0.010730 -0.069601
v -0.011031 0.005316 -0.065987
v -0.011753 0.010730 -0.069601
v -0.013692 0.004433 -0.065874
v -0.013692 0.004433 -0.065874
v -0.011753 0.010730 -0.069601
v -0.014574 0.009653 -0.069585
v -0.013692 0.004433 -0.065874
v -0.014574 0.009653 -0.069585
v -0.016196 0.003248 -0.065679
v -0.016196 0.003248 -0.065679
v -0.014574 0.009653 -0.069585
v -0.017216 0.008257 -0.069499
v -0.016196 0.003248 -0.065679
v -0.017216 0.008257 -0.069499
v -0.018516 0.001758 -0.065396
v -0.018516 0.001758 -0.065396
v -0.017216 0.008257 -0.069499
v -0.019652 0.006548 -0.069338
v -0.018516 0.001758 -0.065396
v -0.019652 0.006548 -0.069338
v -0.020631 -0.000031 -0.065023
v -0.020631 -0.000031 -0.065023
v -0.019652 0.006548 -0.069338
v -0.021858 0.004539 -0.069097
v 0.000000 0.018609 -0.073069
v 0.000000 0.025356 -0.077542
v -0.002719 0.017922 -0.072733
v -0.002719 0.017922 -0.072733
v 0.000000 0.025356 -0.077542
v -0.002855 0.023389 -0.076217
v -0.002719 0.017922 -0.072733
v -0.002855 0.023389 -0.076217
v -0.006058 0.017682 -0.072871
v -0.006058 0.017682 -0.072871
v -0.002855 0.023389 -0.076217
v -0.006358 0.023073 -0.076377
v -0.006058 0.017682 -0.072871
v -0.006358 0.023073 -0.076377
v -0.009322 0.017110 -0.073007
v -0.009322 0.017110 -0.073007
v -0.006358 0.023073 -0.076377
v -0.009779 0.022391 -0.076548
v -0.009322 0.017110 -0.073007
v -0.009779 0.022391 -0.076548
v -0.012463 0.016197 -0.073117
v -0.012463 0.016197 -0.073117
v -0.009779 0.022391 -0.076548
v -0.013070 0.021344 -0.076708
v -0.012463 0.016197 -0.073117
v -0.013070 0.021344 -0.076708
v -0.015443 0.014943 -0.073184
v -0.015443 0.014943 -0.073184
v -0.013070 0.021344 -0.076708
v -0.016190 0.019940 -0.076840
v -0.015443 0.014943 -0.073184
v -0.016190 0.019940 -0.076840
v -0.018228 0.013355 -0.073196
v -0.018228 0.013355 -0.073196
v -0.016190 0.019940 -0.076840
v -0.019103 0.018192 -0.076931
v -0.018228 0.013355 -0.073196
v -0.019103 0.018192 -0.076931
v -0.020788 0.011447 -0.073147
v -0.020788 0.011447 -0.073147
v -0.019103 0.018192 -0.076931
v -0.021780 0.016123 -0.076975
v -0.020788 0.011447 -0.073147
v -0.021780 0.016123 -0.076975
v -0.023097 0.009240 -0.073032
v -0.023097 0.009240 -0.073032
v -0.021780 0.016123 -0.076975
v -0.024192 0.013755 -0.076966
v -0.010570 0.033366 -0.093961
v -0.011585 0.033027 -0.093961
v -0.009846 0.033402 -0.091453
v -0.009846 0.033402 -0.091453
v -0.011585 0.033027 -0.093961
v -0.013193 0.032238 -0.091521
v -0.009846 0.033402 -0.091453
v -0.013193 0.032238 -0.091521
v -0.013430 0.031591 -0.089137
v -0.013430 0.031591 -0.089137
v -0.013193 0.032238 -0.091521
v -0.016677 0.030050 -0.089252
v -0.013430 0.031591 -0.089137
v -0.016677 0.030050 -0.089252
v -0.016839 0.029048 -0.086994
v -0.016839 0.029048 -0.086994
v -0.016677 0.030050 -0.089252
v -0.019910 0.027152 -0.087129
v -0.016839 0.029048 -0.086994
v -0.019910 0.027152 -0.087129
v -0.019958 0.025841 -0.084964
v -0.019958 0.025841 -0.084964
v -0.019910 0.027152 -0.087129
v -0.022788 0.023623 -0.085091
v -0.019958 0.025841 -0.084964
v -0.022788 0.023623 -0.085091
v -0.022488 0.020267 -0.080935
v -0.022488 0.020267 -0.080935
v -0.022788 0.023623 -0.085091
v -0.024990 0.017793 -0.081003
v -0.022488 0.020267 -0.080935
v -0.024990 0.017793 -0.081003
v -0.024192 0.013755 -0.076966
v -0.024192 0.013755 -0.076966
v -0.024990 0.017793 -0.081003
v -0.026316 0.011117 -0.076905
v -0.024192 0.013755 -0.076966
v -0.026316 0.011117 -0.076905
v -0.023097 0.009240 -0.073032
v -0.023097 0.009240 -0.073032
v -0.026316 0.011117 -0.076905
v -0.021858 0.004539 -0.069097
v -0.023097 0.009240 -0.073032
v -0.021858 0.004539 -0.069097
v -0.020788 0.011447 -0.073147
v -0.020788 0.011447 -0.073147
v -0.021858 0.004539 -0.069097
v -0.019652 0.006548 -0.069338
v -0.020788 0.011447 -0.073147
v -0.019652 0.006548 -0.069338
v -0.018228 0.013355 -0.073196
v -0.018228 0.013355 -0.073196
v -0.019652 0.006548 -0.069338
v -0.017216 0.008257 -0.069499
v -0.018228 0.013355 -0.073196
v -0.017216 0.008257 -0.069499
v -0.015443 0.014943 -0.073184
v -0.015443 0.014943 -0.073184
v -0.017216 0.008257 -0.069499
v -0.014574 0.009653 -0.069585
v -0.015443 0.014943 -0.073184
v -0.014574 0.009653 -0.069585
v -0.012463 0.016197 -0.073117
v -0.012463 0.016197 -0.073117
v -0.014574 0.009653 -0.069585
v -0.011753 0.010730 -0.069601
v -0.012463 0.016197 -0.073117
v -0.011753 0.010730 -0.069601
v -0.009322 0.017110 -0.073007
v -0.009322 0.017110 -0.073007
v -0.011753 0.010730 -0.069601
v -0.008786 0.011489 -0.069558
v -0.009322 0.017110 -0.073007
v -0.008786 0.011489 -0.069558
v -0.006058 0.017682 -0.072871
v -0.006058 0.017682 -0.072871
v -0.008786 0.011489 -0.069558
v -0.005707 0.011942 -0.069473
v -0.006058 0.017682 -0.072871
v -0.005707 0.011942 -0.069473
v -0.002719 0.017922 -0.072733
v -0.002719 0.017922 -0.072733
v -0.005707 0.011942 -0.069473
v -0.002561 0.012112 -0.069370
v -0.002719 0.017922 -0.072733
v -0.002561 0.012112 -0.069370
v 0.000000 0.018609 -0.073069
v 0.000000 0.018609 -0.073069
v -0.002561 0.012112 -0.069370
v 0.000000 0.008113 -0.066993
v 0.000000 -0.044391 -0.059430
v 0.000000 -0.051945 -0.045278
v -0.005422 -0.045226 -0.057358
v -0.005422 -0.045226 -0.057358
v 0.000000 -0.051945 -0.045278
v -0.005502 -0.051829 -0.045315
v -0.005422 -0.045226 -0.057358
v -0.005502 -0.051829 -0.045315
v -0.010675 -0.051127 -0.045541
v -0.021758 -0.044452 -0.047688
v -0.021489 -0.041120 -0.053858
v -0.020505 -0.045829 -0.047245
v -0.020505 -0.045829 -0.047245
v -0.021489 -0.041120 -0.053858
v -0.019627 -0.042965 -0.053261
v -0.020505 -0.045829 -0.047245
v -0.019627 -0.042965 -0.053261
v -0.019075 -0.047125 -0.046828
v -0.021758 -0.044452 -0.047688
v -0.022407 -0.043631 -0.047952
v -0.021489 -0.041120 -0.053858
v -0.021489 -0.041120 -0.053858
v -0.022407 -0.043631 -0.047952
v -0.023090 -0.042667 -0.048262
v -0.021489 -0.041120 -0.053858
v -0.023090 -0.042667 -0.048262
v -0.023167 -0.039007 -0.054527
v -0.025910 -0.034053 -0.056046
v -0.026402 -0.035549 -0.050551
v -0.027723 -0.028325 -0.057729
v -0.027723 -0.028325 -0.057729
v -0.026402 -0.035549 -0.050551
v -0.027382 -0.031321 -0.051910
v -0.027723 -0.028325 -0.057729
v -0.027382 -0.031321 -0.051910
v -0.028245 -0.025264 -0.058599
v -0.023090 -0.042667 -0.048262
v -0.023359 -0.042258 -0.048393
v -0.023167 -0.039007 -0.054527
v -0.023167 -0.039007 -0.054527
v -0.023359 -0.042258 -0.048393
v -0.025029 -0.039186 -0.049381
v -0.023167 -0.039007 -0.054527
v -0.025029 -0.039186 -0.049381
v -0.025910 -0.034053 -0.056046
v -0.025910 -0.034053 -0.056046
v -0.025029 -0.039186 -0.049381
v -0.025866 -0.037149 -0.050036
v -0.025910 -0.034053 -0.056046
v -0.025866 -0.037149 -0.050036
v -0.026402 -0.035549 -0.050551
v -0.027382 -0.031321 -0.051910
v -0.027653 -0.029328 -0.052551
v -0.028245 -0.025264 -0.058599
v -0.028245 -0.025264 -0.058599
v -0.027653 -0.029328 -0.052551
v -0.027861 -0.025458 -0.053796
v -0.028245 -0.025264 -0.058599
v -0.027861 -0.025458 -0.053796
v -0.028496 -0.022128 -0.059470
v -0.028496 -0.022128 -0.059470
v -0.027861 -0.025458 -0.053796
v -0.027860 -0.025124 -0.053903
v -0.028496 -0.022128 -0.059470
v -0.027860 -0.025124 -0.053903
v -0.027767 -0.022793 -0.054652
v -0.005422 -0.045226 -0.057358
v -0.005443 -0.042226 -0.063385
v 0.000000 -0.044391 -0.059430
v 0.000000 -0.044391 -0.059430
v -0.005443 -0.042226 -0.063385
v -0.005540 -0.039585 -0.069439
v 0.000000 -0.044391 -0.059430
v -0.005540 -0.039585 -0.069439
v 0.000000 -0.040266 -0.068555
v 0.000000 -0.040266 -0.068555
v -0.005540 -0.039585 -0.069439
v -0.005725 -0.037406 -0.075529
v 0.000000 -0.040266 -0.068555
v -0.005725 -0.037406 -0.075529
v 0.000000 -0.037373 -0.077042
v 0.000000 -0.037373 -0.077042
v -0.005725 -0.037406 -0.075529
v -0.006006 -0.035772 -0.081658
v 0.000000 -0.037373 -0.077042
v -0.006006 -0.035772 -0.081658
v 0.000000 -0.036325 -0.081337
v 0.000000 -0.036325 -0.081337
v -0.006006 -0.035772 -0.081658
v -0.003207 -0.035179 -0.087714
v 0.000000 -0.036325 -0.081337
v -0.003207 -0.035179 -0.087714
v 0.000000 -0.035608 -0.085409
v 0.000000 -0.035608 -0.085409
v -0.003207 -0.035179 -0.087714
v 0.000000 -0.035000 -0.093961
v -0.010574 -0.044247 -0.057768
v -0.015486 -0.039202 -0.064527
v -0.010637 -0.041130 -0.063846
v -0.010637 -0.041130 -0.063846
v -0.015486 -0.039202 -0.064527
v -0.015862 -0.036299 -0.070581
v -0.010637 -0.041130 -0.063846
v -0.015862 -0.036299 -0.070581
v -0.010858 -0.038364 -0.069920
v -0.010858 -0.038364 -0.069920
v -0.015862 -0.036299 -0.070581
v -0.016463 -0.033791 -0.076586
v -0.010858 -0.038364 -0.069920
v -0.016463 -0.033791 -0.076586
v -0.011248 -0.036046 -0.075989
v -0.011248 -0.036046 -0.075989
v -0.016463 -0.033791 -0.076586
v -0.017282 -0.031734 -0.082517
v -0.011248 -0.036046 -0.075989
v -0.017282 -0.031734 -0.082517
v -0.011812 -0.034243 -0.082041
v -0.011812 -0.034243 -0.082041
v -0.017282 -0.031734 -0.082517
v -0.015494 -0.031709 -0.088188
v -0.011812 -0.034243 -0.082041
v -0.015494 -0.031709 -0.088188
v -0.012552 -0.032995 -0.088053
v -0.012552 -0.032995 -0.088053
v -0.015494 -0.031709 -0.088188
v -0.014992 -0.031626 -0.093961
v -0.012552 -0.032995 -0.088053
v -0.014992 -0.031626 -0.093961
v -0.011667 -0.032998 -0.093961
v -0.004741 -0.034677 -0.093961
v -0.003207 -0.035179 -0.087714
v -0.008246 -0.034015 -0.093961
v -0.008246 -0.034015 -0.093961
v -0.003207 -0.035179 -0.087714
v -0.006386 -0.034735 -0.087818
v -0.008246 -0.034015 -0.093961
v -0.006386 -0.034735 -0.087818
v -0.009509 -0.034006 -0.087930
v -0.009509 -0.034006 -0.087930
v -0.006386 -0.034735 -0.087818
v -0.006006 -0.035772 -0.081658
v -0.009509 -0.034006 -0.087930
v -0.006006 -0.035772 -0.081658
v -0.011812 -0.034243 -0.082041
v -0.011812 -0.034243 -0.082041
v -0.006006 -0.035772 -0.081658
v -0.005725 -0.037406 -0.075529
v -0.011812 -0.034243 -0.082041
v -0.005725 -0.037406 -0.075529
v -0.011248 -0.036046 -0.075989
v -0.011248 -0.036046 -0.075989
v -0.005725 -0.037406 -0.075529
v -0.005540 -0.039585 -0.069439
v -0.011248 -0.036046 -0.075989
v -0.005540 -0.039585 -0.069439
v -0.010858 -0.038364 -0.069920
v -0.010858 -0.038364 -0.069920
v -0.005540 -0.039585 -0.069439
v -0.005443 -0.042226 -0.063385
v -0.010858 -0.038364 -0.069920
v -0.005443 -0.042226 -0.063385
v -0.010637 -0.041130 -0.063846
v -0.010637 -0.041130 -0.063846
v -0.005443 -0.042226 -0.063385
v -0.005422 -0.045226 -0.057358
v -0.010637 -0.041130 -0.063846
v -0.005422 -0.045226 -0.057358
v -0.010574 -0.044247 -0.057768
v -0.010574 -0.044247 -0.057768
v -0.005422 -0.045226 -0.057358
v -0.010675 -0.051127 -0.045541
v -0.010574 -0.044247 -0.057768
v -0.010675 -0.051127 -0.045541
v -0.010879 -0.051079 -0.045557
v -0.028462 -0.025068 -0.063387
v -0.029486 -0.021383 -0.073840
v -0.026356 -0.030791 -0.061931
v -0.026356 -0.030791 -0.061931
v -0.029486 -0.021383 -0.073840
v -0.028084 -0.024243 -0.073353
v -0.026356 -0.030791 -0.061931
v -0.028084 -0.024243 -0.073353
v -0.023353 -0.035686 -0.060566
v -0.015084 -0.049635 -0.046021
v -0.017211 -0.048471 -0.046395
v -0.015338 -0.042411 -0.058435
v -0.015338 -0.042411 -0.058435
v -0.017211 -0.048471 -0.046395
v -0.017548 -0.041126 -0.058874
v -0.015338 -0.042411 -0.058435
v -0.017548 -0.041126 -0.058874
v -0.017762 -0.037887 -0.064954
v -0.017762 -0.037887 -0.064954
v -0.017548 -0.041126 -0.058874
v -0.019926 -0.036322 -0.065432
v -0.017762 -0.037887 -0.064954
v -0.019926 -0.036322 -0.065432
v -0.020488 -0.033297 -0.071414
v -0.020488 -0.033297 -0.071414
v -0.019926 -0.036322 -0.065432
v -0.023353 -0.035686 -0.060566
v -0.020488 -0.033297 -0.071414
v -0.023353 -0.035686 -0.060566
v -0.024624 -0.029275 -0.072363
v -0.024624 -0.029275 -0.072363
v -0.023353 -0.035686 -0.060566
v -0.028084 -0.024243 -0.073353
v -0.024624 -0.029275 -0.072363
v -0.028084 -0.024243 -0.073353
v -0.029178 -0.021161 -0.078864
v -0.029178 -0.021161 -0.078864
v -0.028084 -0.024243 -0.073353
v -0.029486 -0.021383 -0.073840
v -0.029178 -0.021161 -0.078864
v -0.029486 -0.021383 -0.073840
v -0.030310 -0.018287 -0.084185
v -0.030310 -0.018287 -0.084185
v -0.029486 -0.021383 -0.073840
v -0.031735 -0.015249 -0.084428
v -0.030310 -0.018287 -0.084185
v -0.031735 -0.015249 -0.084428
v -0.032735 -0.012487 -0.089375
v -0.010879 -0.051079 -0.045557
v -0.013333 -0.050356 -0.045789
v -0.010574 -0.044247 -0.057768
v -0.010574 -0.044247 -0.057768
v -0.013333 -0.050356 -0.045789
v -0.015338 -0.042411 -0.058435
v -0.010574 -0.044247 -0.057768
v -0.015338 -0.042411 -0.058435
v -0.015486 -0.039202 -0.064527
v -0.015486 -0.039202 -0.064527
v -0.015338 -0.042411 -0.058435
v -0.017762 -0.037887 -0.064954
v -0.015486 -0.039202 -0.064527
v -0.017762 -0.037887 -0.064954
v -0.018227 -0.034921 -0.070979
v -0.018227 -0.034921 -0.070979
v -0.017762 -0.037887 -0.064954
v -0.020488 -0.033297 -0.071414
v -0.018227 -0.034921 -0.070979
v -0.020488 -0.033297 -0.071414
v -0.021287 -0.030584 -0.077305
v -0.021287 -0.030584 -0.077305
v -0.020488 -0.033297 -0.071414
v -0.025593 -0.026369 -0.078087
v -0.021287 -0.030584 -0.077305
v -0.025593 -0.026369 -0.078087
v -0.026709 -0.023734 -0.083642
v -0.026709 -0.023734 -0.083642
v -0.025593 -0.026369 -0.078087
v -0.030310 -0.018287 -0.084185
v -0.026709 -0.023734 -0.083642
v -0.030310 -0.018287 -0.084185
v -0.029799 -0.018604 -0.089116
v -0.029799 -0.018604 -0.089116
v -0.030310 -0.018287 -0.084185
v -0.031410 -0.015632 -0.089253
v -0.029799 -0.018604 -0.089116
v -0.031410 -0.015632 -0.089253
v -0.031464 -0.015331 -0.093961
v -0.031464 -0.015331 -0.093961
v -0.031410 -0.015632 -0.089253
v -0.031918 -0.014362 -0.093961
v -0.028851 -0.009109 -0.066824
v -0.029373 -0.012303 -0.066199
v -0.028160 -0.015826 -0.061160
v -0.028160 -0.015826 -0.061160
v -0.029373 -0.012303 -0.066199
v -0.029590 -0.015546 -0.065535
v -0.028160 -0.015826 -0.061160
v -0.029590 -0.015546 -0.065535
v -0.028496 -0.022128 -0.059470
v -0.028496 -0.022128 -0.059470
v -0.029590 -0.015546 -0.065535
v -0.029506 -0.018788 -0.064839
v -0.028496 -0.022128 -0.059470
v -0.029506 -0.018788 -0.064839
v -0.028245 -0.025264 -0.058599
v -0.028245 -0.025264 -0.058599
v -0.029506 -0.018788 -0.064839
v -0.029126 -0.021977 -0.064120
v -0.028245 -0.025264 -0.058599
v -0.029126 -0.021977 -0.064120
v -0.027723 -0.028325 -0.057729
v -0.027723 -0.028325 -0.057729
v -0.029126 -0.021977 -0.064120
v -0.028462 -0.025068 -0.063387
v -0.027723 -0.028325 -0.057729
v -0.028462 -0.025068 -0.063387
v -0.025910 -0.034053 -0.056046
v -0.025910 -0.034053 -0.056046
v -0.028462 -0.025068 -0.063387
v -0.026356 -0.030791 -0.061931
v -0.025910 -0.034053 -0.056046
v -0.026356 -0.030791 -0.061931
v -0.023167 -0.039007 -0.054527
v -0.023167 -0.039007 -0.054527
v -0.026356 -0.030791 -0.061931
v -0.023353 -0.035686 -0.060566
v -0.023167 -0.039007 -0.054527
v -0.023353 -0.035686 -0.060566
v -0.021489 -0.041120 -0.053858
v -0.021489 -0.041120 -0.053858
v -0.023353 -0.035686 -0.060566
v -0.019631 -0.039579 -0.059380
v -0.021489 -0.041120 -0.053858
v -0.019631 -0.039579 -0.059380
v -0.019627 -0.042965 -0.053261
v -0.019627 -0.042965 -0.053261
v -0.019631 -0.039579 -0.059380
v -0.017548 -0.041126 -0.058874
v -0.019627 -0.042965 -0.053261
v -0.017548 -0.041126 -0.058874
v -0.019075 -0.047125 -0.046828
v -0.019075 -0.047125 -0.046828
v -0.017548 -0.041126 -0.058874
v -0.017211 -0.048471 -0.046395
v -0.020518 -0.005029 -0.060365
v -0.020631 -0.000031 -0.065023
v -0.022521 -0.002107 -0.064561
v -0.022521 -0.002107 -0.064561
v -0.020631 -0.000031 -0.065023
v -0.021858 0.004539 -0.069097
v -0.022521 -0.002107 -0.064561
v -0.021858 0.004539 -0.069097
v -0.023812 0.002250 -0.068779
v -0.023812 0.002250 -0.068779
v -0.021858 0.004539 -0.069097
v -0.026316 0.011117 -0.076905
v -0.023812 0.002250 -0.068779
v -0.026316 0.011117 -0.076905
v -0.025499 -0.000293 -0.068387
v -0.025499 -0.000293 -0.068387
v -0.026316 0.011117 -0.076905
v -0.028134 0.008239 -0.076792
v -0.025499 -0.000293 -0.068387
v -0.028134 0.008239 -0.076792
v -0.026907 -0.003060 -0.067926
v -0.026907 -0.003060 -0.067926
v -0.028134 0.008239 -0.076792
v -0.029632 0.005159 -0.076629
v -0.026907 -0.003060 -0.067926
v -0.029632 0.005159 -0.076629
v -0.028027 -0.006013 -0.067402
v -0.028027 -0.006013 -0.067402
v -0.029632 0.005159 -0.076629
v -0.030798 0.001915 -0.076420
v -0.028027 -0.006013 -0.067402
v -0.030798 0.001915 -0.076420
v -0.028851 -0.009109 -0.066824
v -0.028851 -0.009109 -0.066824
v -0.030798 0.001915 -0.076420
v -0.031623 -0.001447 -0.076166
v -0.028851 -0.009109 -0.066824
v -0.031623 -0.001447 -0.076166
v -0.029373 -0.012303 -0.066199
v -0.029373 -0.012303 -0.066199
v -0.031623 -0.001447 -0.076166
v -0.032102 -0.004879 -0.075870
v -0.029373 -0.012303 -0.066199
v -0.032102 -0.004879 -0.075870
v -0.029590 -0.015546 -0.065535
v -0.029590 -0.015546 -0.065535
v -0.032102 -0.004879 -0.075870
v -0.032234 -0.008333 -0.075534
v -0.029590 -0.015546 -0.065535
v -0.032234 -0.008333 -0.075534
v -0.029506 -0.018788 -0.064839
v -0.029506 -0.018788 -0.064839
v -0.032234 -0.008333 -0.075534
v -0.032024 -0.011759 -0.075161
v -0.029506 -0.018788 -0.064839
v -0.032024 -0.011759 -0.075161
v -0.029126 -0.021977 -0.064120
v -0.029126 -0.021977 -0.064120
v -0.032024 -0.011759 -0.075161
v -0.031482 -0.015105 -0.074751
v -0.029126 -0.021977 -0.064120
v -0.031482 -0.015105 -0.074751
v -0.028462 -0.025068 -0.063387
v -0.028462 -0.025068 -0.063387
v -0.031482 -0.015105 -0.074751
v -0.030628 -0.018326 -0.074308
v -0.028462 -0.025068 -0.063387
v -0.030628 -0.018326 -0.074308
v -0.029486 -0.021383 -0.073840
v -0.029486 -0.021383 -0.073840
v -0.030628 -0.018326 -0.074308
v -0.032871 -0.012035 -0.084645
v -0.029486 -0.021383 -0.073840
v -0.032871 -0.012035 -0.084645
v -0.031735 -0.015249 -0.084428
v -0.031735 -0.015249 -0.084428
v -0.032871 -0.012035 -0.084645
v -0.033754 -0.009197 -0.089479
v -0.031735 -0.015249 -0.084428
v -0.033754 -0.009197 -0.089479
v -0.032735 -0.012487 -0.089375
v -0.032735 -0.012487 -0.089375
v -0.033754 -0.009197 -0.089479
v -0.033214 -0.011038 -0.093961
v -0.032735 -0.012487 -0.089375
v -0.033214 -0.011038 -0.093961
v -0.031918 -0.014362 -0.093961
vn 0.000000 1.000000 0.000000
vn 0.000000 1.000000 -0.000000
vn 0.000000 1.000000 0.000000
vn 0.000000 1.000000 0.000000
vn 0.000000 1.000000 0.000000
vn 0.000000 1.000000 0.000000
vn 0.000000 1.000000 0.000000
vn 0.000000 1.000000 0.000000
vn 0.000000 1.000000 0.000000
vn 0.000000 1.000000 0.000000
vn 0.000000 1.000000 0.000000
vn 0.000000 1.000000 0.000000
vn 0.000000 1.000000 0.000000
vn 0.000000 1.000000 0.000000
vn -0.000000 1.000000 0.000000
vn 0.000000 1.000000 0.000000
vn 0.000000 1.000000 0.000000
vn -0.000000 1.000000 0.000000
vn 0.000000 1.000000 0.000000
vn 0.000000 1.000000 0.000000
vn 0.000000 1.000000 -0.000000
vn 0.000000 1.000000 0.000000
vn 0.000000 1.000000 0.000000
vn 0.000000 1.000000 -0.000000
vn 0.000000 1.000000 0.000000
vn 0.000000 1.000000 0.000000
vn 0.000000 -0.000000 -1.000000
vn 0.000000 0.000000 -1.000000
vn 0.000000 0.000000 -1.000000
vn 0.000000 -0.000000 -1.000000
vn 0.000000 0.000000 -1.000000
vn 0.000000 0.000000 -1.000000
vn 0.000000 0.000000 -1.000000
vn 0.000000 0.000000 -1.000000
vn 0.000000 0.000000 -1.000000
vn 0.000000 0.000000 -1.000000
vn 0.000000 0.000000 -1.000000
vn 0.000000 0.000000 -1.000000
vn 0.000000 0.000000 -1.000000
vn 0.000000 0.000000 -1.000000
vn 0.000000 0.000000 -1.000000
vn 0.000000 0.000000 -1.000000
vn 0.000000 0.000000 -1.000000
vn 0.000000 0.000000 -1.000000
vn 0.000000 0.000000 -1.000000
vn 0.000000 0.000000 -1.000000
vn 0.000000 0.000000 -1.000000
vn -0.000000 0.000000 -1.000000
vn 0.000000 0.000000 -1.000000
vn 0.000000 -0.000000 -1.000000
vn -0.000000 0.000000 -1.000000
vn 0.000000 0.000000 -1.000000
vn 0.000000 0.000000 -1.000000
vn -1.000000 0.000000 0.000000
vn -1.000000 0.000000 0.000000
vn -1.000000 0.000000 0.000000
vn 0.120537 0.000000 0.992709
vn 0.120537 -0.000000 0.992709
vn 0.354605 -0.000000 0.935016
vn 0.354605 -0.000000 0.935016
vn 0.568064 -0.000000 0.822984
vn 0.568064 -0.000000 0.822984
vn 0.748511 -0.000000 0.663122
vn 0.748511 -0.000000 0.663122
vn 0.885456 -0.000000 0.464723
vn 0.885456 -0.000000 0.464723
vn 0.970942 -0.000000 0.239316
vn 0.970942 -0.000000 0.239316
vn 1.000000 0.000000 0.000000
vn 1.000000 -0.000000 0.000000
vn 0.970942 0.000000 -0.239316
vn 0.970942 0.000000 -0.239316
vn 0.885456 0.000000 -0.464724
vn 0.885456 0.000000 -0.464724
vn 0.748511 0.000000 -0.663122
vn 0.748511 0.000000 -0.663122
vn 0.568064 0.000000 -0.822984
vn 0.568064 0.000000 -0.822984
vn 0.354606 0.000000 -0.935016
vn 0.354606 0.000000 -0.935016
vn 0.120537 0.000000 -0.992709
vn 0.120537 0.000000 -0.992709
vn -0.120537 -0.000000 -0.992709
vn -0.120537 0.000000 -0.992709
vn -0.354606 0.000000 -0.935016
vn -0.354606 0.000000 -0.935016
vn -0.568064 0.000000 -0.822984
vn -0.568064 0.000000 -0.822984
vn -0.748511 0.000000 -0.663122
vn -0.748511 0.000000 -0.663122
vn -0.885456 0.000000 -0.464724
vn -0.885456 0.000000 -0.464724
vn -0.970942 0.000000 -0.239315
vn -0.970942 0.000000 -0.239315
vn -1.000000 0.000000 0.000000
vn -1.000000 0.000000 0.000000
vn -0.970942 0.000000 0.239315
vn -0.970942 0.000000 0.239315
vn -0.885456 0.000000 0.464723
vn -0.885456 0.000000 0.464723
vn -0.748511 0.000000 0.663122
vn -0.748511 0.000000 0.663122
vn -0.568064 0.000000 0.822984
vn -0.568064 0.000000 0.822984
vn -0.354605 0.000000 0.935016
vn -0.354605 0.000000 0.935016
vn -0.120537 0.000000 0.992709
vn -0.120537 -0.000000 0.992709
vn -0.993238 0.116092 0.000000
vn -0.993238 0.116092 0.000000
vn -0.939692 0.342021 0.000000
vn -0.939692 0.342021 0.000000
vn -0.835488 0.549508 0.000000
vn -0.835488 0.549508 0.000000
vn -0.686241 0.727374 0.000000
vn -0.686241 0.727374 0.000000
vn -0.500000 0.866025 0.000000
vn -0.500000 0.866025 0.000000
vn -0.286803 0.957990 0.000000
vn -0.286803 0.957990 0.000000
vn -0.058145 0.998308 0.000000
vn -0.058145 0.998308 0.000000
vn 0.173648 0.984808 0.000000
vn 0.173648 0.984808 0.000000
vn 0.396080 0.918216 0.000000
vn 0.396080 0.918216 0.000000
vn 0.597159 0.802123 0.000000
vn 0.597159 0.802123 0.000000
vn 0.766044 0.642788 0.000000
vn 0.766044 0.642788 0.000000
vn 0.893633 0.448799 0.000000
vn 0.893633 0.448799 0.000000
vn 0.973045 0.230616 0.000000
vn 0.973045 0.230616 0.000000
vn 1.000000 -0.000000 0.000000
vn 1.000000 0.000000 0.000000
vn 0.973045 -0.230616 0.000000
vn 0.973045 -0.230616 0.000000
vn 0.893633 -0.448799 0.000000
vn 0.893633 -0.448799 0.000000
vn 0.766045 -0.642787 0.000000
vn 0.766045 -0.642787 0.000000
vn 0.597158 -0.802123 0.000000
vn 0.597158 -0.802123 0.000000
vn 0.396079 -0.918216 0.000000
vn 0.396079 -0.918216 0.000000
vn 0.173648 -0.984808 0.000000
vn 0.173648 -0.984808 0.000000
vn -0.058145 -0.998308 -0.000000
vn -0.058145 -0.998308 -0.000000
vn -0.286803 -0.957990 -0.000000
vn -0.286803 -0.957990 -0.000000
vn -0.499999 -0.866026 -0.000000
vn -0.499999 -0.866026 -0.000000
vn -0.686242 -0.727373 -0.000000
vn -0.686242 -0.727373 -0.000000
vn -0.835488 -0.549509 -0.000000
vn -0.835488 -0.549509 -0.000000
vn -0.939692 -0.342021 -0.000000
vn -0.939692 -0.342021 -0.000000
vn -0.993238 -0.116092 -0.000000
vn -0.993238 -0.116092 -0.000000
vn -1.000000 -0.000000 -0.000000
vn -1.000000 0.000000 -0.000000
vn -1.000000 -0.000000 0.000000
vn 0.000000 0.000000 1.000000
vn 0.000000 0.000000 1.000000
vn 0.000000 1.000000 -0.000000
vn 0.000000 1.000000 0.000000
vn 0.000000 1.000000 0.000000
vn 0.000000 1.000000 0.000000
vn -0.000000 1.000000 0.000000
vn 0.000000 1.000000 0.000000
vn -0.000000 1.000000 0.000000
vn 0.000000 1.000000 0.000000
vn -0.000000 1.000000 0.000000
vn 0.000000 1.000000 0.000000
vn -0.000000 1.000000 0.000000
vn 0.000000 1.000000 0.000000
vn -0.000000 1.000000 0.000000
vn 0.000000 1.000000 0.000000
vn -0.000000 1.000000 0.000000
vn 0.000000 1.000000 0.000000
vn 0.000000 1.000000 0.000000
vn 0.000000 1.000000 0.000000
vn 0.000000 1.000000 0.000000
vn 0.000000 1.000000 0.000000
vn 0.000000 1.000000 0.000000
vn 0.000000 1.000000 0.000000
vn 0.000000 1.000000 0.000000
vn 0.000000 1.000000 0.000000
vn 0.000000 1.000000 0.000000
vn 0.000000 1.000000 0.000000
vn 0.000000 1.000000 0.000000
vn 0.000000 1.000000 0.000000
vn 0.000000 1.000000 0.000000
vn 0.000000 1.000000 0.000000
vn 0.000000 1.000000 0.000000
vn 0.000000 1.000000 0.000000
vn 0.000000 1.000000 -0.000000
vn 0.000000 1.000000 0.000000
vn 0.000000 1.000000 -0.000000
vn 0.000000 1.000000 0.000000
vn 0.000000 1.000000 -0.000000
vn 0.000000 1.000000 0.000000
vn 0.000000 1.000000 -0.000000
vn 0.000000 1.000000 -0.000000
vn 0.000000 1.000000 0.000000
vn 0.000000 1.000000 -0.000000
vn -0.000000 1.000000 0.000000
vn 0.000000 1.000000 -0.000000
vn -0.000000 1.000000 0.000000
vn 0.000000 1.000000 -0.000000
vn -0.000000 1.000000 0.000000
vn 0.000000 1.000000 -0.000000
vn -0.000000 1.000000 0.000000
vn 0.000000 1.000000 -0.000000
vn -0.000000 1.000000 0.000000
vn 0.000000 1.000000 -0.000000
vn -0.000000 1.000000 0.000000
vn 0.000000 1.000000 0.000000
vn -0.000000 1.000000 0.000000
vn 0.000000 1.000000 0.000000
vn -0.000000 1.000000 0.000000
vn 0.000000 0.000000 -1.000000
vn -0.000000 0.000000 -1.000000
vn 0.000000 1.000000 -0.000000
vn 0.000000 1.000000 0.000000
vn 0.000000 0.000000 -1.000000
vn 0.000000 0.000000 -1.000000
vn 0.000000 0.000000 -1.000000
vn 0.000000 0.000000 -1.000000
vn 0.000000 0.000000 -1.000000
vn 0.000000 0.000000 -1.000000
vn 0.000000 0.000000 -1.000000
vn 0.000000 0.000000 -1.000000
vn -0.000000 0.000000 -1.000000
vn 0.000000 0.000000 -1.000000
vn 0.000000 0.000000 -1.000000
vn 0.000000 0.000000 -1.000000
vn -0.000000 0.000000 -1.000000
vn 0.000000 0.000000 -1.000000
vn -0.000000 0.000000 -1.000000
vn 0.000000 0.000000 -1.000000
vn 0.000000 0.000000 -1.000000
vn 0.000000 0.000000 -1.000000
vn 0.000000 0.000000 -1.000000
vn 0.000000 0.000000 -1.000000
vn 0.000000 0.000000 -1.000000
vn 0.000000 0.000000 -1.000000
vn 0.000000 0.000000 -1.000000
vn 0.000000 0.000000 -1.000000
vn 0.000000 0.000000 -1.000000
vn 0.000000 0.000000 -1.000000
vn 0.000000 0.000000 -1.000000
vn 0.000000 0.000000 -1.000000
vn 0.000000 0.000000 -1.000000
vn 0.000000 0.000000 -1.000000
vn 0.000000 0.000000 -1.000000
vn 0.000000 0.000000 -1.000000
vn 0.000000 0.000000 -1.000000
vn 0.000000 0.000000 -1.000000
vn 0.000000 0.000000 -1.000000
vn 0.000000 -0.000000 -1.000000
vn 0.000000 0.000000 -1.000000
vn 0.000000 -0.000000 -1.000000
vn 0.000000 0.000000 -1.000000
vn 0.000000 -0.000000 -1.000000
vn 0.000000 0.000000 -1.000000
vn 0.000000 -0.000000 -1.000000
vn 0.000000 0.000000 -1.000000
vn 0.000000 -0.000000 -1.000000
vn 0.000000 0.000000 -1.000000
vn 0.000000 -0.000000 -1.000000
vn 0.000000 0.000000 -1.000000
vn 0.000000 -0.000000 -1.000000
vn 0.000000 0.000000 -1.000000
vn -0.000000 -0.000000 -1.000000
vn 0.000000 0.000000 -1.000000
vn -0.000000 -0.000000 -1.000000
vn 0.000000 0.000000 -1.000000
vn -0.000000 -0.000000 -1.000000
vn 0.000000 0.000000 -1.000000
vn -0.000000 -0.000000 -1.000000
vn 0.000000 -0.000000 -1.000000
vn -0.000000 0.000000 -1.000000
vn -0.000000 -1.000000 -0.000000
vn 0.000000 -1.000000 0.000000
vn -0.990137 0.000000 0.140103
vn -0.990137 0.000000 0.140103
vn -0.934884 0.000000 0.354953
vn -0.934884 0.000000 0.354953
vn -0.833623 0.000000 0.552335
vn -0.833623 0.000000 0.552335
vn -0.691336 0.000000 0.722533
vn -0.691336 0.000000 0.722533
vn -0.515026 0.000000 0.857175
vn -0.515026 0.000000 0.857175
vn -0.313370 0.000000 0.949631
vn -0.313370 0.000000 0.949631
vn -0.096291 0.000000 0.995353
vn -0.096291 0.000000 0.995353
vn 0.125524 0.000000 0.992091
vn 0.125524 0.000000 0.992091
vn 0.341165 0.000000 0.940003
vn 0.341165 0.000000 0.940003
vn 0.540015 0.000000 0.841656
vn 0.540015 0.000000 0.841656
vn 0.712287 0.000000 0.701888
vn 0.712287 0.000000 0.701888
vn 0.849507 0.000000 0.527577
vn 0.849507 0.000000 0.527577
vn 0.944919 0.000000 0.327303
vn 0.944919 0.000000 0.327303
vn 0.993829 0.000000 0.110920
vn 0.993829 0.000000 0.110920
vn 0.993829 0.000000 -0.110920
vn 0.993829 0.000000 -0.110920
vn 0.944919 0.000000 -0.327303
vn 0.944919 0.000000 -0.327303
vn 0.849508 0.000000 -0.527576
vn 0.849508 0.000000 -0.527576
vn 0.712288 0.000000 -0.701887
vn 0.712288 0.000000 -0.701887
vn 0.540013 0.000000 -0.841656
vn 0.540013 0.000000 -0.841656
vn 0.341165 0.000000 -0.940004
vn 0.341165 0.000000 -0.940004
vn 0.125525 0.000000 -0.992090
vn 0.125525 0.000000 -0.992090
vn -0.096291 -0.000000 -0.995353
vn -0.096291 0.000000 -0.995353
vn -0.313370 -0.000000 -0.949631
vn -0.313370 0.000000 -0.949631
vn -0.515026 -0.000000 -0.857175
vn -0.515026 0.000000 -0.857175
vn -0.691336 -0.000000 -0.722533
vn -0.691336 0.000000 -0.722533
vn -0.833623 -0.000000 -0.552335
vn -0.833623 0.000000 -0.552335
vn -0.934884 -0.000000 -0.354953
vn -0.934884 0.000000 -0.354953
vn -0.990137 -0.000000 -0.140103
vn -0.990137 0.000000 -0.140103
vn -0.990250 -0.139300 -0.000000
vn -0.990250 -0.139300 0.000000
vn -0.935151 -0.354251 -0.000000
vn -0.935151 -0.354251 0.000000
vn -0.834004 -0.551759 -0.000000
vn -0.834004 -0.551759 0.000000
vn -0.691791 -0.722098 -0.000000
vn -0.691791 -0.722098 0.000000
vn -0.515515 -0.856881 -0.000000
vn -0.515515 -0.856881 0.000000
vn -0.313854 -0.949471 -0.000000
vn -0.313854 -0.949471 0.000000
vn -0.096740 -0.995310 -0.000000
vn -0.096740 -0.995310 0.000000
vn 0.125138 -0.992139 0.000000
vn 0.125138 -0.992139 0.000000
vn 0.340854 -0.940116 0.000000
vn 0.340854 -0.940116 0.000000
vn 0.539787 -0.841802 0.000000
vn 0.539787 -0.841802 0.000000
vn 0.712140 -0.702037 0.000000
vn 0.712140 -0.702037 0.000000
vn 0.849428 -0.527705 0.000000
vn 0.849428 -0.527705 0.000000
vn 0.944890 -0.327387 0.000000
vn 0.944890 -0.327387 0.000000
vn 0.993826 -0.110950 0.000000
vn 0.993826 -0.110950 0.000000
vn 0.993826 0.110950 -0.000000
vn 0.993826 0.110950 0.000000
vn 0.944890 0.327387 0.000000
vn 0.944890 0.327387 0.000000
vn 0.849428 0.527705 0.000000
vn 0.849428 0.527705 0.000000
vn 0.712141 0.702037 0.000000
vn 0.712141 0.702037 0.000000
vn 0.539787 0.841802 0.000000
vn 0.539787 0.841802 0.000000
vn 0.340854 0.940116 0.000000
vn 0.340854 0.940116 0.000000
vn 0.125138 0.992139 0.000000
vn 0.125138 0.992139 0.000000
vn -0.096740 0.995310 0.000000
vn -0.096740 0.995310 0.000000
vn -0.313855 0.949471 0.000000
vn -0.313855 0.949471 0.000000
vn -0.515515 0.856881 0.000000
vn -0.515515 0.856881 0.000000
vn -0.691791 0.722098 0.000000
vn -0.691791 0.722098 0.000000
vn -0.834004 0.551759 0.000000
vn -0.834004 0.551759 0.000000
vn -0.935151 0.354251 0.000000
vn -0.935151 0.354251 0.000000
vn -0.990250 0.139300 0.000000
vn -0.990250 0.139300 0.000000
vn 0.000000 -1.000000 0.000000
vn 0.000000 -1.000000 0.000000
vn 0.000000 -1.000000 0.000000
vn -0.000000 -1.000000 0.000000
vn 0.000000 -1.000000 0.000000
vn -0.000000 -1.000000 0.000000
vn 0.000000 -1.000000 0.000000
vn -0.000000 -1.000000 0.000000
vn 0.000000 -1.000000 0.000000
vn -0.000000 -1.000000 -0.000000
vn -0.000000 -1.000000 0.000000
vn 0.000000 -1.000000 -0.000000
vn -0.000000 -1.000000 -0.000000
vn 0.000000 -1.000000 0.000000
vn -0.000000 -1.000000 -0.000000
vn 0.000000 -1.000000 0.000000
vn -0.000000 -1.000000 -0.000000
vn 0.000000 -1.000000 0.000000
vn -0.000000 -1.000000 -0.000000
vn 0.000000 -1.000000 0.000000
vn -0.000000 -1.000000 -0.000000
vn 0.000000 -1.000000 0.000000
vn -0.000000 -1.000000 -0.000000
vn 0.000000 -1.000000 0.000000
vn 0.000000 -1.000000 -0.000000
vn 0.000000 -1.000000 0.000000
vn 0.000000 -1.000000 -0.000000
vn 0.000000 -1.000000 0.000000
vn 0.000000 -1.000000 -0.000000
vn 0.000000 -1.000000 0.000000
vn 0.000000 -1.000000 -0.000000
vn 0.000000 -1.000000 0.000000
vn 0.000000 -1.000000 -0.000000
vn 0.000000 -1.000000 0.000000
vn 0.000000 -1.000000 -0.000000
vn 0.000000 -1.000000 0.000000
vn 0.000000 -1.000000 -0.000000
vn 0.000000 -1.000000 0.000000
vn 0.000000 -1.000000 0.000000
vn 0.000000 -1.000000 0.000000
vn 0.000000 -1.000000 0.000000
vn 0.000000 -1.000000 0.000000
vn 0.000000 -1.000000 0.000000
vn 0.000000 -1.000000 0.000000
vn 0.000000 -1.000000 0.000000
vn 0.000000 -1.000000 0.000000
vn 0.000000 -1.000000 0.000000
vn 0.000000 -1.000000 0.000000
vn 0.000000 -1.000000 0.000000
vn 0.000000 -1.000000 0.000000
vn 0.000000 -1.000000 0.000000
vn -0.000000 -1.000000 0.000000
vn 0.000000 -1.000000 0.000000
vn -0.000000 -1.000000 0.000000
vn 0.000000 -1.000000 0.000000
vn -0.000000 -1.000000 0.000000
vn 0.000000 -1.000000 0.000000
vn -0.000000 -1.000000 0.000000
vn -0.000000 0.000000 1.000000
vn 0.000000 0.000000 1.000000
vn 0.000000 0.000000 1.000000
vn 0.000000 -0.000000 1.000000
vn 0.000000 0.000000 1.000000
vn 0.000000 -0.000000 1.000000
vn 0.000000 0.000000 1.000000
vn 0.000000 0.000000 1.000000
vn 0.000000 0.000000 1.000000
vn 0.000000 0.000000 1.000000
vn 0.000000 0.000000 1.000000
vn 0.000000 0.000000 1.000000
vn 0.000000 0.000000 1.000000
vn 0.000000 0.000000 1.000000
vn 0.000000 0.000000 1.000000
vn 0.000000 0.000000 1.000000
vn 0.000000 0.000000 1.000000
vn 0.000000 0.000000 1.000000
vn 0.000000 0.000000 1.000000
vn 0.000000 0.000000 1.000000
vn 0.000000 0.000000 1.000000
vn 0.000000 0.000000 1.000000
vn 0.000000 0.000000 1.000000
vn -0.000000 0.000000 1.000000
vn 0.000000 0.000000 1.000000
vn -0.000000 0.000000 1.000000
vn 0.000000 0.000000 1.000000
vn -0.000000 0.000000 1.000000
vn 0.000000 0.000000 1.000000
vn -0.000000 0.000000 1.000000
vn 0.000000 0.000000 1.000000
vn -0.000000 0.000000 1.000000
vn 0.000000 0.000000 1.000000
vn -0.000000 0.000000 1.000000
vn -0.000000 0.000000 1.000000
vn 0.000000 0.000000 1.000000
vn -0.000000 0.000000 1.000000
vn 0.000000 -0.000000 1.000000
vn 0.000000 0.000000 1.000000
vn -0.000000 -0.000000 1.000000
vn -0.000000 0.000000 1.000000
vn 0.000000 -0.000000 1.000000
vn -0.000000 0.000000 1.000000
vn 0.000000 -0.000000 1.000000
vn -0.000000 0.000000 1.000000
vn 0.000000 -0.000000 1.000000
vn -0.000000 0.000000 1.000000
vn 0.000000 -0.000000 1.000000
vn -0.000000 0.000000 1.000000
vn 0.000000 -0.000000 1.000000
vn -0.000000 0.000000 1.000000
vn 0.000000 -0.000000 1.000000
vn 0.000000 0.000000 1.000000
vn 0.000000 -0.000000 1.000000
vn 0.000000 0.000000 1.000000
vn 0.000000 -0.000000 1.000000
vn 0.000000 0.000000 1.000000
vn 0.000000 -0.000000 1.000000
vn -0.111966 0.000000 0.993712
vn -0.330278 0.000000 0.943884
vn -0.330278 0.000000 0.943884
vn -0.532033 0.000000 0.846724
vn -0.532033 0.000000 0.846724
vn -0.707106 0.000000 0.707107
vn -0.707106 0.000000 0.707107
vn -0.846724 0.000000 0.532032
vn -0.846724 0.000000 0.532032
vn -0.943883 0.000000 0.330279
vn -0.943883 0.000000 0.330279
vn -0.993712 0.000000 0.111965
vn -0.993712 0.000000 0.111965
vn -0.993712 0.000000 -0.111964
vn -0.993712 0.000000 -0.111964
vn -0.943883 0.000000 -0.330279
vn -0.943883 0.000000 -0.330279
vn -0.846724 0.000000 -0.532032
vn -0.846724 0.000000 -0.532032
vn -0.707107 0.000000 -0.707106
vn -0.707107 0.000000 -0.707106
vn -0.532032 0.000000 -0.846724
vn -0.532032 0.000000 -0.846724
vn -0.330279 0.000000 -0.943883
vn -0.330279 0.000000 -0.943883
vn -0.111965 0.000000 -0.993712
vn -0.111965 0.000000 -0.993712
vn 0.111965 0.000000 -0.993712
vn 0.111965 0.000000 -0.993712
vn 0.330279 0.000000 -0.943883
vn 0.330279 0.000000 -0.943883
vn 0.532031 0.000000 -0.846725
vn 0.532031 0.000000 -0.846725
vn 0.707107 0.000000 -0.707106
vn 0.707107 0.000000 -0.707106
vn 0.846724 0.000000 -0.532032
vn 0.846724 0.000000 -0.532032
vn 0.943884 0.000000 -0.330278
vn 0.943884 0.000000 -0.330278
vn 0.993712 0.000000 -0.111965
vn 0.993712 0.000000 -0.111965
vn 0.993712 -0.000000 0.111965
vn 0.993712 0.000000 0.111965
vn 0.943884 -0.000000 0.330278
vn 0.943884 0.000000 0.330278
vn 0.846724 -0.000000 0.532032
vn 0.846724 0.000000 0.532032
vn 0.707106 -0.000000 0.707107
vn 0.707106 0.000000 0.707107
vn 0.532033 -0.000000 0.846724
vn 0.532033 0.000000 0.846724
vn 0.330278 -0.000000 0.943884
vn 0.330278 0.000000 0.943884
vn 0.111966 -0.000000 0.993712
vn 0.111966 0.000000 0.993712
vn -0.111966 -0.000000 0.993712
vn 0.985799 0.000000 0.167930
vn 0.997639 -0.000001 0.068670
vn 0.079142 -0.000000 0.996863
vn 0.068668 0.000695 0.997639
vn 0.010601 0.000001 0.999944
vn 0.999746 0.000012 0.022545
vn 0.998854 0.005278 0.047568
vn 0.997640 0.000000 0.068668
vn 0.997639 0.000000 0.068668
vn 0.991800 0.035008 0.122909
vn 0.996748 0.012793 0.079562
vn 0.997639 -0.000000 0.068668
vn 0.997640 0.000000 0.068668
vn 0.997640 -0.000000 0.068668
vn 0.997640 0.000000 0.068668
vn 0.997640 0.000000 0.068668
vn 0.931417 0.000000 0.363953
vn 0.943436 0.000000 0.331554
vn 0.970030 0.001625 0.242979
vn 0.963506 0.004304 0.267653
vn 0.978086 0.001457 0.208194
vn 0.856651 0.000000 0.515897
vn 0.895418 0.002505 0.445220
vn 0.892681 0.003064 0.450679
vn 0.918715 0.000726 0.394921
vn 0.806166 -0.000000 0.591690
vn 0.779197 0.003203 0.626771
vn 0.737696 0.000000 0.675133
vn 0.674347 -0.000000 0.738414
vn 0.626771 0.003226 0.779197
vn 0.604884 0.001248 0.796313
vn 0.350519 0.000000 0.936556
vn 0.380852 0.000174 0.924636
vn 0.449006 0.002946 0.893524
vn 0.445220 0.002563 0.895418
vn 0.515057 0.000000 0.857156
vn 0.553820 0.000000 0.832636
vn 0.155424 -0.000000 0.987848
vn 0.195205 0.000855 0.980762
vn 0.242979 0.003101 0.970027
vn 0.266344 0.001248 0.963877
vn 0.330830 0.000000 0.943690
vn 0.146977 -0.985891 0.080102
vn 0.203614 -0.979039 -0.004946
vn 0.032350 -0.135900 0.990194
vn -0.003233 -0.345863 0.938279
vn 0.053298 -0.956065 0.288269
vn -0.014427 -0.913907 0.405668
vn 0.017204 -0.851949 0.523342
vn 0.020245 -0.897197 0.441166
vn 0.065019 -0.912181 0.404596
vn 0.001586 -0.950541 0.310594
vn 0.043048 -0.971322 0.233838
vn -0.022925 -0.723491 0.689954
vn 0.000415 -0.552693 0.833385
vn 0.010577 -0.067178 0.997685
vn 0.195142 -0.025432 0.980445
vn 0.290571 -0.026415 0.956489
vn 0.265581 -0.075677 0.961114
vn 0.380753 -0.022693 0.924398
vn 0.458011 -0.022990 0.888649
vn 0.448427 -0.050812 0.892374
vn 0.514373 -0.051528 0.856017
vn 0.532212 -0.088661 0.841956
vn 0.552392 -0.071766 0.830489
vn 0.608934 -0.072219 0.789926
vn 0.602752 -0.083891 0.793506
vn 0.673440 -0.084102 0.734442
vn 0.671774 -0.087283 0.735596
vn 0.918594 -0.016267 0.394868
vn 0.892559 -0.016807 0.450618
vn 0.890234 -0.046961 0.453076
vn 0.855652 -0.048277 0.515295
vn 0.977956 -0.016367 0.208167
vn 0.963373 -0.017133 0.267617
vn 0.959448 -0.071252 0.272732
vn 0.940858 -0.073886 0.330647
vn 0.918442 -0.112118 0.379332
vn 0.999167 -0.034025 0.022531
vn 0.998856 -0.004807 0.047569
vn 0.996817 -0.005066 0.079568
vn 0.939052 -0.325484 0.110644
vn 0.422622 -0.906125 -0.018110
vn 0.320943 -0.946560 0.031917
vn 0.265349 -0.954938 0.132979
vn 0.311164 -0.950216 0.016345
vn 0.233609 -0.972039 0.023815
vn 0.002594 -0.998333 0.057658
vn 0.036996 -0.999189 0.015888
vn 0.013815 -0.999627 0.023570
vn 0.019338 -0.999652 0.017952
vn 0.923641 -0.128949 0.360914
vn 0.926074 -0.131600 0.353650
vn 0.872765 -0.138681 0.468026
vn 0.888011 -0.200040 0.414029
vn 0.977622 -0.128534 0.166537
vn 0.981374 -0.133726 0.137919
vn 0.939200 -0.150384 0.308689
vn 0.945651 -0.252816 0.204520
vn 0.884737 -0.278059 0.374062
vn 0.887300 -0.352860 0.296966
vn 0.821681 -0.374073 0.430011
vn 0.822895 -0.426573 0.375338
vn 0.942251 -0.303964 0.140602
vn 0.972396 -0.169588 0.160270
vn 0.976677 -0.109346 0.184787
vn 0.892963 -0.434051 0.119237
vn 0.915123 -0.375517 0.146756
vn 0.874827 -0.404651 0.266335
vn 0.859400 -0.481047 0.173278
vn 0.794542 -0.518634 0.315786
vn 0.783014 -0.570517 0.247788
vn 0.718297 -0.596708 0.357755
vn 0.710816 -0.631391 0.309978
vn 0.521266 -0.844304 0.124227
vn 0.458381 -0.865431 0.202276
vn 0.420930 -0.887148 0.189172
vn 0.841500 -0.088481 0.532963
vn 0.831028 -0.250931 0.496413
vn 0.820737 -0.208677 0.531831
vn 0.758508 -0.476161 0.444900
vn 0.757545 -0.441728 0.480627
vn 0.645644 -0.670287 0.365868
vn 0.649802 -0.648309 0.396803
vn 0.521126 -0.806541 0.279139
vn 0.493316 -0.854250 0.164002
vn 0.568815 -0.767117 0.296615
vn 0.649270 -0.737795 0.184682
vn 0.663587 -0.709641 0.236775
vn 0.729503 -0.672403 0.125296
vn 0.720501 -0.686603 0.097238
vn 0.686021 -0.727452 0.013761
vn 0.615110 -0.777469 0.131081
vn 0.384646 -0.922711 -0.025550
vn 0.478813 -0.871257 0.107933
vn 0.565605 -0.824628 -0.008872
vn 0.594934 -0.801369 0.062140
vn 0.238520 -0.956990 0.165162
vn 0.286990 -0.951041 0.114707
vn 0.360671 -0.922186 0.139604
vn 0.416350 -0.906033 0.075868
vn 0.532904 -0.830323 0.163023
vn 0.595505 -0.799757 0.075919
vn 0.751678 -0.629452 0.196902
vn 0.798492 -0.593940 0.098214
vn 0.832475 -0.545604 0.096440
vn 0.879192 -0.470549 -0.074873
vn 0.920851 -0.389814 -0.008917
vn 0.989421 -0.099744 0.105347
vn 0.965280 -0.258058 -0.040507
vn 0.984617 -0.174452 0.009778
vn 0.987806 -0.151996 0.033716
vn 0.995514 -0.046219 0.082557
vn 0.991263 -0.048042 0.122843
vn 0.181004 -0.982425 0.045591
vn 0.212208 -0.976137 0.046092
vn 0.279669 -0.954761 0.101082
vn 0.339311 -0.939977 0.036206
vn 0.403608 -0.913345 0.053857
vn 0.441683 -0.897134 0.008163
vn 0.528731 -0.848597 0.018059
vn 0.544045 -0.802454 -0.245119
vn 0.609624 -0.791690 0.039808
vn 0.703065 -0.710799 -0.021542
vn 0.752979 -0.657319 0.030901
vn 0.797875 -0.602645 0.014609
vn 0.861678 -0.507051 0.020248
vn 0.003823 -0.981439 0.191735
vn 0.020840 -0.993208 0.114471
vn 0.020300 -0.993180 0.114807
vn 0.024299 -0.995148 0.095344
vn 0.052635 -0.996338 0.067386
vn 0.052582 -0.996570 0.063904
vn 0.080946 -0.996078 0.035718
vn 0.054357 -0.998465 0.010614
vn 0.062344 -0.998054 -0.001293
vn 0.024534 -0.020064 0.999498
vn 0.018881 -0.145062 0.989242
vn 0.046229 -0.148565 0.987821
vn 0.153865 -0.487270 0.859589
vn 0.058067 -0.557162 0.828371
vn 0.211435 -0.610741 0.763080
vn 0.138844 -0.657124 0.740885
vn 0.256373 -0.693223 0.673584
vn 0.200079 -0.725786 0.658181
vn 0.078965 0.066799 0.994637
vn 0.096217 -0.036079 0.994706
vn 0.154903 -0.081804 0.984537
vn 0.180663 -0.127384 0.975261
vn 0.140118 -0.146516 0.979234
vn 0.304288 -0.161464 0.938796
vn 0.209179 -0.256565 0.943620
vn 0.373562 -0.278728 0.884739
vn 0.301130 -0.350572 0.886803
vn 0.433571 -0.369401 0.821924
vn 0.379906 -0.422331 0.822987
vn 0.486723 -0.435761 0.757108
vn 0.449747 -0.472429 0.757984
vn 0.552670 -0.514032 0.655993
vn 0.534477 -0.604326 0.590868
vn 0.523829 -0.479596 0.703983
vn 0.735109 -0.083675 0.672766
vn 0.732843 -0.088495 0.674618
vn 0.708415 -0.292632 0.642273
vn 0.642768 -0.293186 0.707736
vn 0.648968 -0.284499 0.705621
vn 0.572253 -0.282518 0.769877
vn 0.591620 -0.257456 0.764004
vn 0.497200 -0.252782 0.829996
vn 0.531159 -0.211455 0.820461
vn 0.415024 -0.204453 0.886540
vn 0.465527 -0.146022 0.872905
vn 0.347233 -0.139842 0.927294
vn 0.377709 -0.118174 0.918352
vn 0.349043 -0.091656 0.932613
vn 0.329823 -0.077968 0.940818
vn 0.271661 -0.744521 0.609827
vn 0.269648 -0.814088 0.514344
vn 0.295489 -0.801407 0.520032
vn 0.378753 -0.810356 0.447067
vn 0.357199 -0.825585 0.436829
vn 0.036315 -0.639571 0.767874
vn 0.108424 -0.669629 0.734739
vn 0.026239 -0.713046 0.700626
vn 0.150544 -0.762797 0.628870
vn 0.092296 -0.788557 0.607996
vn 0.186960 -0.819350 0.541952
vn 0.143093 -0.836682 0.528665
vn 0.240280 -0.859535 0.451071
vn 0.197026 -0.882831 0.426368
vn 0.290119 -0.893745 0.342126
vn 0.272243 -0.902592 0.333484
vn 0.162978 -0.967788 0.191895
vn 0.097475 -0.962105 0.254662
vn 0.124613 -0.954962 0.269293
vn 0.065669 -0.404304 0.912264
vn -0.004149 -0.432945 0.901411
vn 0.089234 -0.230930 0.968870
vn 0.199323 -0.249402 0.947665
vn 0.085748 -0.352753 0.931779
vn 0.269959 -0.396109 0.877621
vn 0.181714 -0.470980 0.863225
vn 0.325200 -0.505421 0.799246
vn 0.257259 -0.559456 0.787926
vn 0.371142 -0.583952 0.721979
vn 0.320838 -0.622128 0.714157
vn 0.412157 -0.637837 0.650608
vn 0.376810 -0.664040 0.645806
vn 0.476970 -0.674498 0.563517
vn 0.453538 -0.698351 0.553723
vn 0.072145 -0.945561 0.317347
vn 0.015115 -0.970915 0.238948
vn 0.062626 -0.979001 0.193996
vn 0.062184 -0.984408 0.164542
vn 0.101087 -0.986797 0.126543
vn 0.100654 -0.987949 0.117579
vn 0.138661 -0.987125 0.079733
vn 0.091591 -0.995151 0.035869
vn 0.126812 -0.991927 0.000532
vn 0.128373 -0.991564 0.017894
vn 0.124393 -0.991888 0.026148
vn 0.805723 -0.033113 0.591365
vn 0.788732 -0.082655 0.609155
vn 0.774854 -0.256340 0.577834
vn 0.720592 -0.346913 0.600332
vn 0.676928 -0.487174 0.551752
vn 0.660988 -0.512911 0.547738
vn 0.571094 -0.682120 0.456688
vn 0.556606 -0.697507 0.451302
vn 0.455761 -0.816830 0.353654
vn 0.445064 -0.824577 0.349273
vn 0.353728 -0.897693 0.262725
vn 0.346254 -0.901492 0.259653
vn 0.237561 -0.958418 0.158110
vn 0.175586 -0.959586 0.219917
vn 0.247060 -0.941550 0.229007
vn 0.140837 -0.933428 0.329965
vn 0.174772 -0.920657 0.349064
vn 0.095030 -0.903413 0.418107
vn 0.072751 -0.908540 0.411415
vn 0.026696 -0.893232 0.448804
vn 0.186191 -0.879275 0.438416
vn 0.001396 -0.816922 0.576746
vn 0.071033 -0.792046 0.606314
vn 0.045049 -0.781188 0.622669
vn -0.093314 -0.837107 0.539022
vn -0.993712 -0.111964 0.000000
vn -0.943883 -0.330279 -0.000000
vn -0.943883 -0.330279 0.000000
vn -0.846724 -0.532032 -0.000000
vn -0.846724 -0.532032 0.000000
vn -0.707107 -0.707107 -0.000000
vn -0.707107 -0.707107 0.000000
vn -0.532032 -0.846724 -0.000000
vn -0.532032 -0.846724 0.000000
vn -0.330279 -0.943883 -0.000000
vn -0.330279 -0.943883 0.000000
vn -0.111964 -0.993712 -0.000000
vn -0.111964 -0.993712 0.000000
vn 0.111964 -0.993712 0.000000
vn 0.111964 -0.993712 0.000000
vn 0.330279 -0.943883 0.000000
vn 0.330279 -0.943883 0.000000
vn 0.532032 -0.846724 0.000000
vn 0.532032 -0.846724 0.000000
vn 0.707107 -0.707107 0.000000
vn 0.707107 -0.707107 0.000000
vn 0.846724 -0.532032 0.000000
vn 0.846724 -0.532032 0.000000
vn 0.943883 -0.330279 0.000000
vn 0.943883 -0.330279 0.000000
vn 0.993712 -0.111965 0.000000
vn 0.993712 -0.111965 0.000000
vn 0.993712 0.111965 0.000000
vn 0.993712 0.111965 0.000000
vn 0.943884 0.330279 0.000000
vn 0.943884 0.330279 0.000000
vn 0.846724 0.532032 0.000000
vn 0.846724 0.532032 0.000000
vn 0.707107 0.707107 0.000000
vn 0.707107 0.707107 0.000000
vn 0.532032 0.846724 0.000000
vn 0.532032 0.846724 0.000000
vn 0.330280 0.943883 0.000000
vn 0.330280 0.943883 0.000000
vn 0.111964 0.993712 0.000000
vn 0.111964 0.993712 0.000000
vn -0.111964 0.993712 -0.000000
vn -0.111964 0.993712 0.000000
vn -0.330279 0.943883 0.000000
vn -0.330279 0.943883 0.000000
vn -0.532032 0.846724 0.000000
vn -0.532032 0.846724 0.000000
vn -0.707107 0.707106 0.000000
vn -0.707107 0.707106 0.000000
vn -0.846724 0.532033 0.000000
vn -0.846724 0.532033 0.000000
vn -0.943883 0.330279 0.000000
vn -0.943883 0.330279 0.000000
vn -0.993712 0.111964 0.000000
vn -0.993712 0.111964 0.000000
vn -0.993712 -0.111964 -0.000000
vn -0.388415 -0.918704 0.071523
vn -0.795327 -0.600855 0.080174
vn -0.521056 -0.822621 -0.227586
vn -0.039907 -0.999199 -0.002987
vn -0.002587 -0.998333 0.057658
vn -0.003789 -0.981439 0.191735
vn 0.014534 -0.913905 0.405668
vn -0.991262 -0.048044 0.122843
vn -0.998856 -0.004807 0.047567
vn -0.994216 -0.105031 0.022422
vn -0.977953 -0.016382 0.208182
vn -0.956613 -0.017435 0.290839
vn -0.961076 -0.070994 0.267007
vn -0.918586 -0.016297 0.394884
vn -0.888053 -0.016918 0.459429
vn -0.891680 -0.046904 0.450229
vn -0.851765 -0.106513 0.512982
vn -0.607564 -0.083916 0.789825
vn -0.671926 -0.084095 0.735829
vn -0.673148 -0.087254 0.734342
vn -0.734771 -0.088585 0.672506
vn -0.512166 -0.104885 0.852458
vn -0.552351 -0.071748 0.830518
vn -0.603230 -0.072170 0.794295
vn -0.329758 -0.077901 0.940846
vn -0.187916 -0.107998 0.976229
vn -0.153895 -0.139868 0.978138
vn -0.010598 -0.020080 0.999742
vn -0.061815 -0.106095 0.992433
vn 0.027333 -0.263314 0.964323
vn -0.087370 -0.135396 0.986932
vn -0.020880 -0.993207 0.114470
vn -0.020281 -0.993177 0.114843
vn -0.024291 -0.995147 0.095358
vn -0.128748 -0.991427 0.022273
vn -0.068821 -0.997626 -0.002619
vn -0.022521 -0.998372 0.052407
vn -0.053540 -0.956052 0.288267
vn -0.026143 -0.953523 0.300185
vn -0.032523 -0.974359 0.222635
vn -0.062603 -0.978992 0.194048
vn -0.062160 -0.984404 0.164576
vn -0.138649 -0.987125 0.079749
vn -0.146956 -0.985893 0.080117
vn -0.787091 -0.007398 0.616793
vn -0.770651 -0.281630 0.571648
vn -0.706352 -0.284808 0.648037
vn -0.820703 -0.208711 0.531871
vn -0.887985 -0.200074 0.414070
vn -0.872741 -0.138715 0.468060
vn -0.926058 -0.131633 0.353679
vn -0.918318 -0.123372 0.376126
vn -0.926886 -0.098526 0.362180
vn -0.940849 -0.073902 0.330667
vn -0.981629 -0.091879 0.167220
vn -0.975881 -0.126449 0.177950
vn -0.981366 -0.133755 0.137953
vn -0.939188 -0.150413 0.308710
vn -0.945636 -0.252850 0.204545
vn -0.884715 -0.278095 0.374089
vn -0.887275 -0.352898 0.296996
vn -0.821651 -0.374110 0.430037
vn -0.822863 -0.426606 0.375373
vn -0.757508 -0.441759 0.480656
vn -0.758470 -0.476182 0.444943
vn -0.991799 -0.117781 -0.049633
vn -0.990521 -0.130145 0.043936
vn -0.994861 -0.005241 0.101112
vn -0.995770 -0.046079 0.079495
vn -0.880117 -0.471397 0.056370
vn -0.851402 -0.503510 0.146946
vn -0.818342 -0.572783 0.047279
vn -0.751657 -0.629473 0.196917
vn -0.729479 -0.672426 0.125312
vn -0.663559 -0.709661 0.236791
vn -0.691183 -0.722024 -0.030794
vn -0.604433 -0.795222 0.047778
vn -0.594922 -0.801377 0.062146
vn -0.514331 -0.857546 0.008845
vn -0.435676 -0.899970 0.015495
vn -0.399408 -0.916540 -0.020691
vn -0.332958 -0.942408 0.031718
vn -0.290595 -0.956703 0.016566
vn -0.232957 -0.972179 0.024488
vn -0.200651 -0.979656 -0.003663
vn -0.127399 -0.991540 0.024865
vn -0.080936 -0.996079 0.035728
vn -0.091576 -0.995151 0.035880
vn -0.126799 -0.991928 0.000541
vn -0.180989 -0.982427 0.045600
vn -0.212189 -0.976141 0.046103
vn -0.279650 -0.954765 0.101095
vn -0.354132 -0.934991 0.019558
vn -0.414912 -0.204378 0.886610
vn -0.531090 -0.211383 0.820524
vn -0.449672 -0.472381 0.758057
vn -0.557237 -0.481531 0.676472
vn -0.840484 -0.048747 0.539639
vn -0.830991 -0.250959 0.496462
vn -0.764581 -0.257032 0.591059
vn -0.704540 -0.484611 0.518436
vn -0.591833 -0.610028 0.526877
vn -0.660950 -0.512911 0.547785
vn -0.552613 -0.514027 0.656046
vn -0.380687 -0.022664 0.924426
vn -0.448783 -0.022932 0.893346
vn -0.452341 -0.050828 0.890395
vn -0.537882 -0.051683 0.841434
vn -0.497107 -0.252740 0.830064
vn -0.578196 -0.256945 0.774383
vn -0.601877 -0.347138 0.719194
vn -0.642703 -0.293187 0.707795
vn -0.708361 -0.292636 0.642331
vn -0.732985 -0.083706 0.675075
vn -0.803414 -0.082252 0.589713
vn -0.070986 -0.791904 0.606506
vn 0.036963 -0.741512 0.669921
vn -0.091761 -0.550356 0.829872
vn -0.128522 -0.864851 0.485299
vn -0.001301 -0.816811 0.576904
vn -0.108353 -0.669427 0.734933
vn 0.026940 -0.609349 0.792444
vn -0.089767 -0.344499 0.934485
vn 0.009852 -0.430543 0.902516
vn -0.153764 -0.487019 0.859749
vn -0.026118 -0.712891 0.700788
vn -0.150486 -0.762682 0.629023
vn 0.014619 -0.923575 0.383139
vn -0.320130 -0.754063 0.573503
vn -0.200001 -0.725711 0.658288
vn -0.325134 -0.505286 0.799358
vn -0.181581 -0.470827 0.863337
vn -0.304172 -0.161260 0.938869
vn -0.140045 -0.146332 0.979272
vn -0.195064 -0.025329 0.980463
vn -0.266102 -0.026079 0.963592
vn -0.274376 -0.075945 0.958619
vn -0.209028 -0.256405 0.943697
vn -0.373476 -0.278571 0.884824
vn -0.257159 -0.559357 0.788029
vn -0.371086 -0.583867 0.722076
vn -0.176124 -0.853362 0.490666
vn -0.349063 -0.091719 0.932600
vn -0.377558 -0.118191 0.918412
vn -0.301013 -0.350452 0.886890
vn -0.433503 -0.369290 0.822010
vn -0.320762 -0.622064 0.714247
vn -0.412112 -0.637783 0.650689
vn -0.295437 -0.801381 0.520102
vn -0.372321 -0.809995 0.453084
vn -0.363485 -0.825923 0.430963
vn -0.447908 -0.824319 0.346232
vn -0.452840 -0.817095 0.356781
vn -0.521095 -0.806551 0.279167
vn -0.514687 -0.820215 0.249689
vn -0.602206 -0.757280 0.252736
vn -0.649242 -0.737814 0.184705
vn -0.686003 -0.727469 0.013769
vn -0.615088 -0.777484 0.131090
vn -0.595482 -0.799772 0.075932
vn -0.532878 -0.830337 0.163038
vn -0.521238 -0.844319 0.124242
vn -0.449261 -0.867654 0.212934
vn -0.429889 -0.884992 0.178841
vn -0.351699 -0.897869 0.264836
vn -0.348218 -0.901322 0.257609
vn -0.277338 -0.902826 0.328617
vn -0.284900 -0.893493 0.347135
vn -0.210192 -0.885183 0.415055
vn -0.226580 -0.857070 0.462701
vn -0.143030 -0.836628 0.528768
vn -0.256317 -0.693128 0.673702
vn -0.138731 -0.657004 0.741012
vn -0.269863 -0.395911 0.877740
vn -0.347180 -0.139747 0.927328
vn -0.465435 -0.145922 0.872970
vn -0.379806 -0.422256 0.823072
vn -0.486664 -0.435695 0.757184
vn -0.376748 -0.664000 0.645883
vn -0.469331 -0.674057 0.570416
vn -0.461039 -0.698767 0.546962
vn -0.560808 -0.697134 0.446652
vn -0.566802 -0.682504 0.461436
vn -0.645606 -0.670307 0.365899
vn -0.649764 -0.648332 0.396828
vn -0.710781 -0.631417 0.310005
vn -0.718263 -0.596736 0.357777
vn -0.782984 -0.570547 0.247814
vn -0.794514 -0.518664 0.315808
vn -0.859379 -0.481078 0.173298
vn -0.874809 -0.404679 0.266352
vn -0.931157 -0.356216 0.077829
vn -0.948148 -0.244208 0.203415
vn -0.970195 -0.224319 0.091666
vn -0.924875 -0.379794 0.019047
vn -0.021356 -0.999646 0.015896
vn -0.022896 -0.999191 0.033051
vn -0.052566 -0.996570 0.063920
vn -0.052620 -0.996337 0.067408
vn -0.100635 -0.987949 0.117600
vn -0.101069 -0.986795 0.126571
vn -0.162962 -0.967784 0.191930
vn -0.105898 -0.963271 0.246770
vn -0.115893 -0.953724 0.277453
vn -0.051196 -0.940462 0.336021
vn -0.068827 -0.913267 0.401504
vn -0.020252 -0.897155 0.441251
vn -0.017131 -0.851861 0.523487
vn 0.094489 -0.837018 0.538954
vn -0.166039 -0.713644 0.680547
vn -0.991666 -0.121700 0.042281
vn -0.942394 -0.334248 -0.013102
vn -0.920728 -0.387866 0.042654
vn -0.861724 -0.507111 -0.016433
vn -0.839132 -0.543615 0.018461
vn -0.761979 -0.647516 0.010518
vn -0.720487 -0.686616 0.097247
vn -0.565590 -0.824639 -0.008864
vn -0.515924 -0.854523 0.060111
vn -0.411496 -0.909471 0.059440
vn -0.416328 -0.906042 0.075884
vn -0.322040 -0.929159 0.181534
vn -0.305328 -0.947490 0.095068
vn -0.238497 -0.956993 0.165181
vn -0.237539 -0.958420 0.158135
vn -0.191279 -0.959985 0.204553
vn -0.214216 -0.941181 0.261324
vn -0.151180 -0.935076 0.320589
vn -0.164035 -0.918908 0.358749
vn -0.094981 -0.903376 0.418198
vn -0.186922 -0.819281 0.542069
vn -0.092212 -0.788463 0.608131
vn -0.211360 -0.610584 0.763226
vn -0.057915 -0.556972 0.828510
vn -0.149038 -0.368936 0.917428
vn -0.142370 -0.303150 0.942248
vn -0.158674 -0.182120 0.970389
vn -0.013523 -0.162419 0.986629
vn -0.079123 -0.022484 0.996611
vn -0.997640 -0.000000 0.068669
vn -0.997640 0.000000 0.068668
vn -0.997640 0.000000 0.068668
vn -0.997640 0.000000 0.068668
vn -0.999746 0.000012 0.022547
vn -0.998854 0.005277 0.047566
vn -0.997639 -0.000000 0.068668
vn -0.997640 0.000000 0.068668
vn -0.991800 0.035009 0.122910
vn -0.996747 0.012797 0.079573
vn -0.010600 0.000001 0.999944
vn -0.068668 0.000695 0.997639
vn -0.079143 0.000000 0.996863
vn -0.155422 0.000000 0.987848
vn -0.985799 0.000000 0.167930
vn -0.997640 0.000000 0.068668
vn -0.997640 0.000000 0.068668
vn -0.978083 0.001458 0.208210
vn -0.963498 0.004306 0.267680
vn -0.970030 0.001624 0.242980
vn -0.943429 0.000000 0.331574
vn -0.931418 0.000000 0.363950
vn -0.918708 0.000726 0.394936
vn -0.892659 0.003067 0.450723
vn -0.895418 0.002503 0.445219
vn -0.737671 0.000000 0.675160
vn -0.779197 0.003202 0.626771
vn -0.806145 0.000000 0.591718
vn -0.856638 0.000000 0.515917
vn -0.674314 0.000000 0.738445
vn -0.604801 0.004660 0.796363
vn -0.626773 0.001796 0.779200
vn -0.553779 0.000000 0.832664
vn -0.515007 0.000000 0.857186
vn -0.445220 0.002566 0.895418
vn -0.448899 0.002938 0.893578
vn -0.380785 0.000174 0.924664
vn -0.350540 0.000000 0.936548
vn -0.330763 0.000000 0.943714
vn -0.242980 0.001699 0.970030
vn -0.266190 0.004195 0.963911
vn -0.195127 0.000853 0.980778
vn 0.000000 1.000000 0.000000
vn 0.000000 1.000000 -0.000000
vn 0.000000 1.000000 0.000000
vn -0.000000 1.000000 0.000000
vn 0.000000 1.000000 -0.000000
vn -0.000000 1.000000 0.000000
vn 0.000000 1.000000 0.000000
vn 0.000000 1.000000 0.000000
vn 0.000000 1.000000 0.000000
vn -0.000000 1.000000 0.000000
vn 0.000000 1.000000 0.000000
vn 0.000000 1.000000 0.000000
vn 0.000000 1.000000 -0.000000
vn 0.000000 1.000000 0.000000
vn 0.000000 1.000000 -0.000000
vn 0.000000 1.000000 0.000000
vn 0.000000 1.000000 -0.000000
vn 0.000000 1.000000 0.000000
vn 0.000000 1.000000 -0.000000
vn 0.000000 1.000000 0.000000
vn 0.000000 1.000000 -0.000000
vn 0.000000 1.000000 0.000000
vn 0.000000 1.000000 -0.000000
vn 0.000000 1.000000 0.000000
vn 0.000000 1.000000 0.000000
vn 0.000000 1.000000 -0.000000
vn 0.000000 1.000000 0.000000
vn 0.000000 1.000000 0.000000
vn 0.000000 1.000000 0.000000
vn 0.000000 1.000000 0.000000
vn 0.000000 1.000000 0.000000
vn 0.000000 1.000000 0.000000
vn 0.000000 1.000000 0.000000
vn 0.000000 1.000000 0.000000
vn 0.000000 1.000000 0.000000
vn 0.000000 1.000000 0.000000
vn 0.000000 1.000000 0.000000
vn -0.000000 1.000000 0.000000
vn 0.000000 1.000000 0.000000
vn -0.000000 1.000000 -0.000000
vn 0.000000 1.000000 0.000000
vn -0.000000 1.000000 -0.000000
vn 0.000000 1.000000 0.000000
vn -0.000000 1.000000 -0.000000
vn 0.000000 1.000000 0.000000
vn -0.000000 1.000000 -0.000000
vn 0.000000 1.000000 0.000000
vn -0.000000 1.000000 -0.000000
vn 0.000000 1.000000 0.000000
vn -0.000000 1.000000 -0.000000
vn 0.000000 1.000000 0.000000
vn 0.000000 1.000000 -0.000000
vn -0.000000 1.000000 0.000000
vn 0.000000 1.000000 -0.000000
vn 0.000000 1.000000 0.000000
vn 0.000000 1.000000 0.000000
vn 0.000000 1.000000 0.000000
vn 0.000000 1.000000 -0.000000
vn -0.000000 1.000000 0.000000
vn -0.000000 1.000000 -0.000000
vn 0.000000 1.000000 0.000000
vn 0.000000 1.000000 0.000000
vn 0.000000 1.000000 0.000000
vn 0.000000 1.000000 0.000000
vn 0.000000 1.000000 -0.000000
vn 0.000000 1.000000 -0.000000
vn 0.000000 1.000000 0.000000
vn 0.000000 1.000000 0.000000
vn -0.000000 1.000000 0.000000
vn 0.000000 1.000000 0.000000
vn 0.000000 1.000000 0.000000
vn 0.000000 1.000000 0.000000
vn -0.000000 1.000000 0.000000
vn -0.000000 1.000000 -0.000000
vn 0.000000 1.000000 0.000000
vn 0.000000 1.000000 -0.000000
vn 0.000000 1.000000 0.000000
vn 0.000000 1.000000 0.000000
vn 0.000000 1.000000 0.000000
vn 0.000000 1.000000 0.000000
vn -0.000000 1.000000 -0.000000
vn 0.000000 1.000000 0.000000
vn 0.000000 1.000000 0.000000
vn 0.000000 1.000000 0.000000
vn 0.000000 1.000000 0.000000
vn 0.146413 0.792996 -0.591372
vn 0.945921 0.272027 -0.176735
vn 0.177694 0.098645 -0.979129
vn 0.998291 0.004111 -0.058301
vn 0.963701 -0.181321 -0.195969
vn 0.947038 -0.220083 -0.233841
vn 0.976452 0.164112 0.140032
vn 0.157351 0.712346 0.683962
vn 0.197191 0.669649 0.716021
vn 0.157424 0.710751 0.685602
vn -0.020065 0.671347 0.740871
vn 0.064942 0.995285 0.072044
vn 0.327485 0.208213 -0.921629
vn 0.019076 -0.000361 -0.999818
vn 0.029725 -0.022607 -0.999302
vn -0.064935 0.243295 -0.967776
vn 0.106587 0.437491 -0.892883
vn -0.012557 0.391423 -0.920125
vn 0.027732 0.558910 -0.828764
vn 0.018924 0.553115 -0.832890
vn 0.015134 0.691081 -0.722618
vn 0.030921 0.681124 -0.731515
vn 0.021721 0.785568 -0.618395
vn 0.079957 0.900252 -0.427964
vn -0.026026 0.933520 -0.357579
vn 0.037508 0.965743 -0.256777
vn -0.069402 0.994058 -0.083860
vn 0.055906 0.985914 -0.157631
vn -0.008369 0.999905 0.010962
vn -0.016072 0.861552 0.507414
vn 0.002065 0.791589 0.611051
vn 0.172403 0.775411 0.607466
vn 0.006981 0.632971 0.774144
vn 0.034120 0.637931 0.769337
vn -0.017587 0.672819 0.739598
vn 0.244185 0.757941 0.604896
vn 0.310365 0.649120 0.694491
vn 0.272457 0.695751 0.664603
vn 0.403158 0.678540 0.614042
vn 0.508546 0.682502 0.524949
vn 0.449491 0.563664 0.692994
vn 0.467638 0.634170 0.615745
vn 0.600372 0.584718 0.545581
vn 0.628303 0.594364 0.501963
vn 0.686747 0.583675 0.433245
vn 0.710484 0.511778 0.483008
vn 0.692792 0.550608 0.465694
vn 0.846163 0.388041 0.365283
vn 0.868758 0.390146 0.305034
vn 0.912627 0.349851 0.211460
vn 0.906150 0.282214 0.315034
vn 0.899322 0.318967 0.299132
vn 0.998668 -0.050865 -0.008639
vn 0.934866 0.142993 0.324927
vn 0.999931 -0.009973 -0.006137
vn 0.960587 0.220752 0.168944
vn 0.976546 0.176787 0.122902
vn 0.978257 0.158405 0.133867
vn 0.965314 0.210972 0.153818
vn 0.957662 -0.263404 -0.116199
vn 0.948265 -0.256165 -0.187543
vn 0.956809 -0.219105 -0.191075
vn 0.992825 -0.098743 -0.067437
vn 0.947125 -0.148592 -0.284383
vn 0.947644 -0.151844 -0.280918
vn 0.943843 -0.164884 -0.286312
vn 0.948485 -0.162972 -0.271693
vn 0.965406 -0.092413 -0.243825
vn 0.971072 -0.075123 -0.226664
vn 0.976776 -0.062284 -0.205011
vn 0.985389 -0.037408 -0.166161
vn 0.988838 -0.032059 -0.145506
vn 0.996709 -0.040206 -0.070385
vn 0.994106 0.054006 -0.094003
vn 0.994326 -0.037588 -0.099517
vn 0.990880 -0.023697 -0.132649
vn 0.999954 0.000012 -0.009540
vn 0.999984 0.000000 -0.005580
vn 0.999162 0.008528 -0.040038
vn 0.999204 0.000000 -0.039885
vn 0.999239 -0.000001 -0.038995
vn 0.997838 -0.007714 -0.065260
vn 0.991781 0.010349 -0.127529
vn 0.935253 -0.029353 -0.352761
vn 0.961174 0.015917 -0.275482
vn 0.980858 0.000149 -0.194725
vn 0.973745 -0.020486 -0.226719
vn 0.981294 -0.006258 -0.192415
vn 0.853862 0.041274 -0.518860
vn 0.892597 -0.024083 -0.450212
vn 0.875183 0.057133 -0.480407
vn 0.598965 0.188984 -0.778156
vn 0.602738 0.105592 -0.790922
vn 0.660714 0.100357 -0.743899
vn 0.652302 -0.067920 -0.754910
vn 0.701760 0.193363 -0.685670
vn 0.488209 0.145849 -0.860453
vn 0.392696 0.172338 -0.903377
vn 0.311301 0.094395 -0.945611
vn 0.477155 0.876191 -0.067912
vn 0.468883 0.866605 0.170718
vn 0.416794 0.902163 0.111286
vn 0.334079 0.896067 0.292328
vn 0.351960 0.882520 0.311901
vn 0.367504 0.683034 0.631194
vn 0.369006 0.682884 0.630479
vn 0.346775 0.711154 0.611562
vn 0.373571 0.783352 0.496794
vn 0.422560 0.725576 0.543122
vn 0.457461 0.790444 0.407343
vn 0.511833 0.723561 0.463126
vn 0.551334 0.775323 0.308068
vn 0.607497 0.701730 0.372185
vn 0.645871 0.735881 0.203299
vn 0.700094 0.659310 0.274187
vn 0.731243 0.674779 0.099785
vn 0.812128 0.561985 0.156911
vn 0.779839 0.547006 0.304361
vn 0.743512 0.618233 0.254909
vn 0.704228 0.589122 0.396229
vn 0.665278 0.658365 0.352080
vn 0.624307 0.616001 0.480399
vn 0.585468 0.679262 0.442527
vn 0.547373 0.626395 0.554988
vn 0.555608 0.612688 0.562061
vn 0.592473 0.598633 0.539086
vn 0.926965 0.372134 -0.047464
vn 0.791219 0.467311 0.394452
vn 0.790444 0.467636 0.395619
vn 0.790881 0.466430 0.396169
vn 0.828165 0.489949 0.272200
vn 0.848878 0.432929 0.303280
vn 0.920308 0.374458 0.113199
vn 0.922999 0.374746 0.087402
vn 0.844393 0.492566 0.210665
vn 0.866160 0.495525 0.064979
vn 0.781033 0.599216 0.175859
vn 0.800796 0.598914 0.005244
vn 0.939660 -0.245146 -0.238625
vn 0.991009 -0.098010 -0.091077
vn 0.962141 -0.143116 -0.231955
vn 0.997456 0.063354 -0.032684
vn 0.983647 0.009867 -0.179837
vn 0.981270 0.192403 -0.009539
vn 0.978190 0.134214 -0.158524
vn 0.951163 0.186649 -0.245866
vn 0.929227 0.296753 -0.220168
vn 0.929237 0.296687 -0.220219
vn 0.883539 0.342417 -0.319546
vn 0.983205 0.036851 -0.178743
vn 0.983443 0.036217 -0.177564
vn 0.988616 0.044964 -0.143586
vn 0.982992 0.041945 -0.178793
vn 0.993133 0.017990 -0.115595
vn 0.992994 0.017873 -0.116807
vn 0.996669 0.004483 -0.081427
vn 0.997975 0.006665 -0.063265
vn 0.999124 -0.001370 -0.041827
vn 0.999831 0.002178 -0.018246
vn 0.999954 0.000000 -0.009548
vn 0.999773 -0.002743 -0.021108
vn 0.999033 0.001214 -0.043959
vn 0.999162 -0.000030 -0.040934
vn 0.996690 -0.006084 -0.081068
vn 0.996194 -0.003511 -0.087094
vn 0.992500 -0.007285 -0.122024
vn 0.991296 -0.003041 -0.131614
vn 0.989239 -0.004062 -0.146254
vn 0.984822 0.008383 -0.173366
vn 0.988215 0.009254 -0.152793
vn 0.985774 0.016157 -0.167299
vn 0.963417 -0.087706 -0.253248
vn 0.963052 -0.086568 -0.255023
vn 0.961810 -0.101595 -0.254165
vn 0.962686 -0.103089 -0.250218
vn 0.961294 -0.097827 -0.257572
vn 0.974516 -0.085380 -0.207435
vn 0.988137 0.009048 -0.153307
vn 0.974762 -0.010554 -0.222998
vn 0.981391 -0.031362 -0.189442
vn 0.975337 -0.038827 -0.217280
vn 0.977968 -0.046753 -0.203450
vn 0.979224 -0.045048 -0.197715
vn 0.979847 -0.046962 -0.194151
vn 0.984361 -0.039058 -0.171780
vn 0.982665 -0.033688 -0.182305
vn 0.983303 -0.035636 -0.178453
vn 0.799746 0.075560 -0.595565
vn 0.800415 0.073899 -0.594874
vn 0.806576 0.126998 -0.577327
vn 0.889501 0.077811 -0.450260
vn 0.895750 0.121731 -0.427567
vn 0.837926 0.142019 -0.526983
vn 0.843155 0.241780 -0.480243
vn 0.943896 0.052478 -0.326046
vn 0.939526 0.078338 -0.333398
vn 0.901838 0.098566 -0.420683
vn 0.908315 0.155262 -0.388403
vn 0.867544 0.174224 -0.465848
vn 0.869016 0.286412 -0.403461
vn 0.955444 0.294894 -0.012838
vn 0.957994 0.229471 -0.172019
vn 0.967434 0.209154 -0.142570
vn 0.969519 0.156866 -0.188215
vn 0.968689 0.158376 -0.191205
vn 0.968687 0.163352 -0.186980
vn 0.937426 0.147024 -0.315621
vn 0.935738 0.128075 -0.328619
vn 0.948449 0.117616 -0.294298
vn 0.821403 0.185182 -0.539449
vn 0.814569 0.106867 -0.570137
vn 0.887094 0.086813 -0.453353
vn 0.880527 0.048437 -0.471515
vn 0.939494 0.027964 -0.341422
vn 0.946880 0.033676 -0.319821
vn 0.976381 0.011656 -0.215740
vn 0.983447 0.018329 -0.180268
vn 0.994404 -0.000137 -0.105647
vn 0.998467 0.007839 -0.054793
vn 0.999879 -0.003271 -0.015184
vn 0.999997 0.000000 -0.002309
vn 0.999667 0.000000 -0.025786
vn 0.999448 -0.006453 -0.032589
vn 0.995427 0.012347 -0.094724
vn 0.992659 0.008702 -0.120631
vn 0.979130 0.031003 -0.200858
vn 0.977748 0.029912 -0.207640
vn 0.947980 0.056192 -0.313332
vn 0.952951 0.092641 -0.288620
vn 0.917997 0.116632 -0.379050
vn 0.923448 0.181242 -0.338222
vn 0.898813 0.196992 -0.391573
vn 0.895880 0.309644 -0.318621
vn 0.896806 0.308925 -0.316707
vn 0.861817 0.466385 -0.199390
vn 0.889481 0.434309 -0.142126
vn 0.888385 0.437369 -0.139575
vn 0.845138 0.527782 0.084786
vn 0.931918 0.353709 -0.080118
vn 0.893532 0.432557 0.120395
vn 0.967707 0.244930 -0.059605
vn 0.939456 0.317757 0.128269
vn 0.991015 0.112184 -0.072833
vn 0.978940 0.177202 0.101371
vn 0.992842 -0.037207 -0.113492
vn 0.999040 -0.041407 0.014300
vn 0.986626 -0.137520 -0.087506
vn 0.989367 -0.142374 -0.029707
vn 0.999984 0.000000 -0.005580
vn 0.999780 -0.001293 -0.020917
vn 0.999092 0.005993 -0.042185
vn 0.997803 0.002882 -0.066188
vn 0.993465 0.018396 -0.112647
vn 0.992995 0.017897 -0.116789
vn 0.979409 0.043615 -0.197118
vn 0.983421 0.046372 -0.175306
vn 0.963706 0.071197 -0.257297
vn 0.965214 0.084241 -0.247517
vn 0.981282 0.091649 -0.169370
vn 0.980484 0.079255 -0.179916
vn 0.977641 0.085060 -0.192310
vn 0.979089 0.105870 -0.173711
vn 0.982119 0.098134 -0.160659
vn 0.977153 0.046418 -0.207405
vn 0.991791 0.083555 -0.096796
vn 0.969693 -0.062326 -0.236244
vn 0.990224 -0.031973 -0.135776
vn 0.948083 -0.168392 -0.269782
vn 0.955385 -0.161045 -0.247596
vn 0.336651 0.041361 -0.940721
vn 0.307981 0.160232 -0.937802
vn 0.357192 0.210560 -0.909988
vn 0.228833 0.101269 -0.968184
vn 0.230582 0.098565 -0.968048
vn 0.194635 0.206137 -0.958970
vn 0.204517 0.197028 -0.958829
vn 0.244705 0.338005 -0.908775
vn -0.033511 0.839702 -0.542012
vn 0.047530 0.789713 -0.611632
vn 0.020581 0.890260 -0.454988
vn 0.043513 0.872999 -0.485777
vn 0.044917 0.947426 -0.316808
vn 0.063391 0.938168 -0.340328
vn 0.055236 0.985878 -0.158095
vn 0.014236 0.709183 0.704880
vn -0.029131 0.748727 0.662238
vn -0.009175 0.734589 0.678451
vn -0.005548 0.787416 0.616397
vn 0.105208 0.992978 -0.054090
vn 0.075666 0.990481 0.114991
vn 0.045669 0.995047 0.088299
vn 0.027200 0.973374 0.227603
vn 0.009224 0.977367 0.211351
vn 0.001456 0.942692 0.333661
vn -0.003250 0.899048 0.437837
vn 0.012480 0.946043 0.323799
vn 0.026335 0.941046 0.337253
vn 0.053827 0.977581 0.203563
vn 0.082167 0.969454 0.231102
vn 0.121445 0.989959 0.072329
vn 0.138378 0.972916 0.185164
vn 0.090043 0.938244 0.334050
vn 0.064450 0.949277 0.307765
vn 0.028674 0.900819 0.433247
vn 0.017741 0.906328 0.422203
vn -0.005051 0.850712 0.525607
vn 0.085252 0.977434 -0.193272
vn 0.065982 0.997739 -0.012796
vn 0.033508 0.998696 -0.038525
vn 0.023551 0.993506 0.111314
vn 0.004593 0.995393 0.095767
vn 0.009074 0.977334 0.211510
vn 0.373675 0.903196 0.211197
vn -0.040622 0.954429 0.295659
vn 0.020826 0.926131 0.376626
vn -0.012313 0.903071 0.429314
vn 0.007487 0.853529 0.520991
vn -0.002365 0.849131 0.528177
vn -0.013871 0.792981 0.609088
vn 0.331890 0.474383 -0.815358
vn 0.129239 0.691917 -0.710316
vn 0.189513 0.586994 -0.787097
vn 0.163282 0.872215 -0.461064
vn 0.374174 0.580254 -0.723394
vn 0.384433 0.580847 -0.717515
vn 0.423247 0.480655 -0.768005
vn 0.067322 0.043478 -0.996784
vn 0.133081 0.042603 -0.990189
vn 0.092426 0.142376 -0.985488
vn 0.151971 0.092855 -0.984014
vn 0.071258 0.287649 -0.955081
vn 0.171049 0.203247 -0.964071
vn 0.072102 0.431780 -0.899092
vn 0.197949 0.331743 -0.922368
vn 0.218423 0.281378 -0.934408
vn 0.238264 0.355485 -0.903803
vn 0.422551 0.372201 -0.826388
vn 0.358845 0.203886 -0.910857
vn 0.425789 0.269029 -0.863902
vn 0.445392 0.167187 -0.879588
vn 0.411379 0.136239 -0.901225
vn 0.413973 0.068774 -0.907688
vn 0.494032 0.114939 -0.861813
vn 0.555770 0.459539 -0.692780
vn 0.542551 0.460159 -0.702774
vn 0.670817 0.283494 -0.685300
vn 0.178986 0.928121 -0.326429
vn 0.414333 0.672226 -0.613548
vn 0.403698 0.672115 -0.620716
vn 0.513416 0.385231 -0.766812
vn 0.583075 0.383161 -0.716387
vn 0.601215 0.269243 -0.752362
vn 0.528184 0.134254 -0.838449
vn 0.529544 0.118450 -0.839972
vn 0.583478 0.121696 -0.802959
vn 0.193666 0.961696 -0.193995
vn 0.480823 0.797871 -0.363609
vn 0.208183 0.975661 -0.068882
vn 0.507051 0.828752 -0.236791
vn 0.463223 0.865748 -0.189485
vn 0.294348 0.950452 0.100000
vn 0.290272 0.950399 0.111735
vn 0.247730 0.957631 0.146873
vn 0.324394 0.917858 0.228702
vn 0.170848 0.925922 0.336868
vn 0.250083 0.871842 0.421130
vn 0.669014 0.620899 -0.408540
vn 0.461008 0.841202 -0.282580
vn 0.634959 0.580688 -0.509537
vn 0.442681 0.803722 -0.397574
vn 0.685742 0.726580 -0.042891
vn 0.672304 0.693429 -0.259159
vn 0.697388 0.679692 -0.227308
vn 0.801477 0.432462 -0.413050
vn 0.450160 0.745571 -0.491407
vn 0.423545 0.747160 -0.512212
vn 0.596912 0.526003 -0.605819
vn 0.622745 0.522620 -0.582286
vn 0.581273 0.589797 -0.560589
vn 0.739564 0.371555 -0.561242
vn 0.665152 0.622137 -0.412939
vn 0.628885 0.672408 -0.390347
vn 0.644335 0.667400 -0.373376
vn 0.522777 0.848345 -0.083758
vn 0.531244 0.839195 -0.116327
vn 0.583609 0.793228 -0.173755
vn 0.584868 0.808946 0.059463
vn 0.021111 0.616777 0.786855
vn 0.033728 0.646772 0.761938
vn 0.019335 0.659538 0.751423
vn -0.005184 0.736671 0.676231
vn 0.022592 0.713903 0.699880
vn 0.000980 0.799664 0.600446
vn 0.040354 0.769500 0.637370
vn 0.024584 0.861357 0.507404
vn 0.080677 0.821937 0.563836
vn 0.073828 0.911939 0.403631
vn 0.100605 0.896185 0.432123
vn 0.161614 0.945419 0.282954
vn 0.137693 0.956430 0.257453
vn 0.178963 0.957399 0.226626
vn 0.235906 0.970135 0.056445
vn 0.167598 0.978961 0.116390
vn 0.214122 0.974748 -0.063397
vn 0.158075 0.987391 -0.008403
vn 0.192658 0.961731 -0.194824
vn 0.147671 0.978213 -0.145917
vn 0.169162 0.927480 -0.333415
vn 0.135633 0.946233 -0.293678
vn 0.143891 0.869457 -0.472588
vn 0.121424 0.887609 -0.444304
vn 0.118363 0.787518 -0.604819
vn 0.104535 0.802771 -0.587052
vn 0.093637 0.683922 -0.723521
vn 0.085621 0.695269 -0.713632
vn 0.070402 0.562349 -0.823897
vn 0.066538 0.568906 -0.819706
vn 0.049409 0.426741 -0.903023
vn 0.050157 0.425315 -0.903654
vn 0.032413 0.280338 -0.959354
vn 0.039866 0.265241 -0.963358
vn 0.023424 0.132206 -0.990945
vn 0.011721 0.156231 -0.987651
vn 0.043552 0.061048 -0.997184
vn 0.058962 0.686330 0.724896
vn 0.058814 0.674775 0.735677
vn 0.099761 0.649145 0.754094
vn 0.090901 0.736314 0.670507
vn 0.121809 0.706602 0.697048
vn 0.120599 0.790658 0.600263
vn 0.162956 0.751262 0.639571
vn 0.170867 0.838167 0.517958
vn 0.226212 0.788191 0.572349
vn 0.244252 0.871771 0.424684
vn 0.311359 0.812005 0.493664
vn 0.338095 0.884493 0.321503
vn 0.413704 0.816334 0.403048
vn 0.444954 0.870402 0.210751
vn 0.524410 0.795962 0.302389
vn 0.553875 0.826848 0.097697
vn 0.632161 0.749421 0.196827
vn 0.653381 0.756967 -0.009704
vn 0.726605 0.680546 0.094356
vn 0.735525 0.669562 -0.103386
vn 0.745991 0.660088 -0.088215
vn 0.850670 0.453824 -0.265337
vn 0.824907 0.472717 -0.309947
vn 0.840098 0.412721 -0.351988
vn 0.805560 0.314466 -0.502180
vn 0.801708 0.353962 -0.481639
vn 0.759908 0.266570 -0.592858
vn 0.759767 0.270054 -0.591460
vn 0.722606 0.205944 -0.659869
vn 0.722483 0.178866 -0.667851
vn 0.699564 0.143952 -0.699920
vn 0.695924 0.068376 -0.714853
vn 0.722770 0.085844 -0.685736
vn 0.721061 0.062851 -0.690015
vn 0.795627 0.045833 -0.604051
vn 0.783025 -0.001624 -0.621989
vn 0.826140 0.046974 -0.561504
vn 0.633827 -0.625010 -0.455659
vn -0.044023 -0.925168 -0.376996
vn 0.002291 -0.884268 -0.466974
vn 0.896048 -0.378148 -0.232598
vn 0.919086 -0.262940 -0.293501
vn 0.860964 -0.506630 -0.045468
vn 0.702390 -0.710116 -0.048821
vn 0.203337 -0.977703 -0.052450
vn 0.267562 -0.962905 -0.034979
vn 0.320841 -0.946260 -0.040651
vn 0.366643 -0.927046 -0.078474
vn 0.422399 -0.905647 -0.037185
vn 0.944583 -0.327381 -0.024175
vn 0.994635 -0.100284 -0.025400
vn 0.989239 -0.138806 -0.046249
vn 0.986479 -0.140390 -0.084556
vn 0.966268 -0.157432 -0.203817
vn 0.970980 -0.157298 -0.180150
vn 0.969851 -0.181983 -0.162083
vn 0.978682 -0.151122 -0.139084
vn 0.986340 -0.141880 -0.083684
vn 0.933994 -0.193095 -0.300616
vn 0.939083 -0.191468 -0.285419
vn 0.943259 -0.172272 -0.283874
vn 0.954249 -0.171070 -0.245241
vn 0.952627 -0.186355 -0.240361
vn 0.955832 -0.179194 -0.232967
vn 0.959474 -0.170730 -0.224188
vn 0.909149 -0.267168 -0.319483
vn 0.914684 -0.242874 -0.323056
vn 0.925536 -0.208184 -0.316295
vn 0.931551 -0.195856 -0.306353
vn 0.932495 -0.193970 -0.304680
vn 0.871594 -0.434644 -0.226736
vn -0.015501 -0.952772 -0.303289
vn 0.022682 -0.971177 -0.237280
vn 0.010836 -0.975060 -0.221678
vn 0.011239 -0.991956 -0.126085
vn 0.031894 -0.986722 -0.159254
vn 0.560600 -0.826881 -0.044658
vn 0.549232 -0.833997 -0.052862
vn 0.544506 -0.828208 -0.132609
vn 0.364225 -0.922838 -0.125341
vn 0.369898 -0.921622 -0.117428
vn 0.170950 -0.979899 -0.102835
vn 0.227657 -0.971907 -0.059738
vn 0.124205 -0.990414 -0.060439
vn 0.139222 -0.989125 -0.047423
vn 0.062249 -0.996521 -0.055422
vn 0.079874 -0.996233 -0.033762
vn 0.019303 -0.997925 -0.061428
vn 0.019772 -0.997960 -0.060704
vn 0.580925 -0.773771 -0.252596
vn 0.354790 -0.842276 -0.405827
vn 0.383609 -0.831021 -0.402800
vn 0.396912 -0.849364 -0.347912
vn 0.420169 -0.838771 -0.346296
vn 0.638772 -0.627183 -0.445659
vn 0.628822 -0.633153 -0.451332
vn 0.572560 -0.687954 -0.445975
vn 0.451407 -0.756903 -0.472578
vn 0.898770 -0.432584 -0.071299
vn 0.894947 -0.430657 -0.116634
vn 0.893710 -0.433813 -0.114409
vn 0.879419 -0.427145 -0.210164
vn 0.881950 -0.421230 -0.211495
vn 0.857631 -0.412420 -0.307212
vn 0.863138 -0.399652 -0.308661
vn 0.842142 -0.394478 -0.367673
vn 0.847788 -0.381910 -0.367968
vn 0.837146 -0.380656 -0.392795
vn 0.838641 -0.378017 -0.392153
vn 0.716947 -0.684562 -0.131764
vn 0.701220 -0.670864 -0.241312
vn 0.714428 -0.654659 -0.247011
vn 0.687657 -0.634765 -0.352421
vn 0.712260 -0.602750 -0.359692
vn 0.690259 -0.589789 -0.419155
vn 0.719197 -0.550564 -0.423833
vn 0.708245 -0.545986 -0.447536
vn 0.762898 -0.478709 -0.434540
vn 0.783725 -0.508537 -0.356603
vn 0.894300 -0.341044 -0.289685
vn 0.873219 -0.390582 -0.291433
vn 0.794433 -0.507783 -0.333215
vn 0.753579 -0.567527 -0.331712
vn 0.333000 -0.812567 -0.478379
vn 0.478749 -0.754007 -0.449748
vn 0.492968 -0.748408 -0.443697
vn 0.544784 -0.713547 -0.440523
vn 0.647274 -0.639594 -0.414677
vn 0.606573 -0.695800 -0.384618
vn 0.658000 -0.637167 -0.401316
vn 0.037237 -0.925427 -0.377092
vn 0.116891 -0.917781 -0.379493
vn 0.043318 -0.923302 -0.381625
vn 0.041349 -0.904236 -0.425027
vn 0.007372 -0.904990 -0.425370
vn -0.007738 -0.885946 -0.463724
vn 0.138034 -0.871916 -0.469797
vn 0.023518 -0.882070 -0.470530
vn 0.046887 -0.882254 -0.468434
vn 0.049042 -0.901239 -0.430539
vn 0.135370 -0.893851 -0.427441
vn 0.139108 -0.907651 -0.396003
vn 0.227678 -0.892161 -0.390142
vn 0.075509 -0.876627 -0.475208
vn 0.150226 -0.867819 -0.473627
vn 0.155110 -0.883744 -0.441516
vn 0.266212 -0.861520 -0.432336
vn 0.268830 -0.866633 -0.420329
vn 0.423993 -0.812782 -0.399518
vn 0.340455 -0.820593 -0.459039
vn 0.445769 -0.777303 -0.443948
vn 0.453160 -0.785414 -0.421629
vn 0.459269 -0.782328 -0.420756
vn 0.475262 -0.800439 -0.365273
vn 0.371831 -0.895034 -0.246283
vn 0.252653 -0.935738 -0.246092
vn 0.248209 -0.926210 -0.283773
vn 0.152638 -0.946231 -0.285217
vn 0.196926 -0.947256 -0.252837
vn 0.084340 -0.963604 -0.253679
vn 0.103878 -0.965443 -0.239019
vn 0.797186 -0.602127 -0.044026
vn 0.723263 -0.687497 -0.065107
vn 0.718226 -0.682938 -0.133219
vn 0.545746 -0.827197 -0.133817
vn 0.537292 -0.817095 -0.208981
vn 0.361902 -0.908578 -0.208600
vn 0.379347 -0.906573 -0.184990
vn 0.221329 -0.958577 -0.179288
vn 0.218743 -0.958505 -0.182811
vn 0.134610 -0.974469 -0.179694
vn 0.161586 -0.973752 -0.160300
vn 0.077515 -0.984505 -0.157293
vn 0.088493 -0.984846 -0.149153
vn 0.036867 -0.988367 -0.147551
vn 0.035264 -0.970426 -0.238808
vn 0.037188 -0.970716 -0.237335
vn 0.206854 -0.853021 -0.479131
vn 0.295075 -0.831851 -0.470058
vn 0.299074 -0.838501 -0.455490
vn 0.468537 -0.772954 -0.427803
vn 0.398800 -0.783052 -0.477271
vn 0.575546 -0.689766 -0.439283
vn 0.536291 -0.707278 -0.460598
vn 0.512168 -0.721455 -0.466033
vn 0.523525 -0.731538 -0.436777
vn 0.899883 -0.333640 -0.280883
vn 0.914171 -0.271371 -0.301082
vn 0.845228 -0.399186 -0.355302
vn 0.856889 -0.375079 -0.353634
vn 0.757946 -0.508665 -0.408384
vn 0.771300 -0.479346 -0.418716
vn 0.712995 -0.561775 -0.419579
vn 0.696252 -0.557466 -0.452178
vn 0.598337 -0.651678 -0.466163
vn 0.609183 -0.658916 -0.441278
vn 0.558428 -0.709278 -0.430212
vn 0.577616 -0.726131 -0.372952
vn 0.534362 -0.765305 -0.358839
vn 0.553512 -0.785949 -0.275517
vn 0.432893 -0.856323 -0.281629
vn 0.354229 -0.911175 -0.210432
vn 0.336763 -0.883162 -0.326521
vn 0.301465 -0.895296 -0.327969
vn 0.295664 -0.884852 -0.360028
vn 0.183881 -0.911850 -0.367039
vn 0.237468 -0.914318 -0.328072
vn 0.097927 -0.937395 -0.334218
vn 0.122447 -0.940824 -0.316002
vn 0.035086 -0.947574 -0.317604
vn 0.039449 -0.948498 -0.314319
vn 0.000710 -0.949279 -0.314433
vn 0.008702 -0.917113 -0.398532
vn -0.000000 -0.000000 -1.000000
vn -0.000000 -0.000000 -1.000000
vn 0.000000 0.000000 -1.000000
vn 0.000000 -0.000000 -1.000000
vn 0.000000 0.000000 -1.000000
vn 0.000000 0.000000 -1.000000
vn 0.000000 0.000000 -1.000000
vn 0.000000 0.000000 -1.000000
vn 0.000000 0.000000 -1.000000
vn 0.000000 -0.000000 -1.000000
vn 0.000000 0.000000 -1.000000
vn -0.000000 0.000000 -1.000000
vn 0.000000 0.000000 -1.000000
vn 0.000000 0.000000 -1.000000
vn -0.000000 0.000000 -1.000000
vn 0.000000 0.000000 -1.000000
vn -0.000000 0.000000 -1.000000
vn -0.000000 0.000000 -1.000000
vn 0.000000 -0.000000 -1.000000
vn 0.000000 0.000000 -1.000000
vn 0.000000 0.000000 -1.000000
vn 0.000000 0.000000 -1.000000
vn -0.000000 -0.000000 -1.000000
vn 0.000000 0.000000 -1.000000
vn 0.000000 0.000000 -1.000000
vn 0.000000 0.000000 -1.000000
vn 0.000000 0.000000 -1.000000
vn 0.000000 0.000000 -1.000000
vn -0.000000 0.000000 -1.000000
vn 0.000000 0.000000 -1.000000
vn 0.000000 0.000000 -1.000000
vn 0.000000 0.000000 -1.000000
vn 0.000000 0.000000 -1.000000
vn 0.000000 0.000000 -1.000000
vn 0.000000 0.000000 -1.000000
vn -0.000000 -0.000000 -1.000000
vn 0.000000 0.000000 -1.000000
vn 0.000000 0.000000 -1.000000
vn 0.000000 0.000000 -1.000000
vn 0.000000 0.000000 -1.000000
vn -0.000000 -0.000000 -1.000000
vn 0.000000 0.000000 -1.000000
vn 0.000000 0.000000 -1.000000
vn 0.000000 0.000000 -1.000000
vn 0.000000 0.000000 -1.000000
vn -0.000000 0.000000 -1.000000
vn -0.000000 -0.000000 -1.000000
vn 0.000000 0.000000 -1.000000
vn 0.000000 0.000000 -1.000000
vn 0.000000 0.000000 -1.000000
vn 0.000000 0.000000 -1.000000
vn 0.000000 0.000000 -1.000000
vn 0.000000 0.000000 -1.000000
vn 0.000000 0.000000 -1.000000
vn 0.000000 0.000000 -1.000000
vn 0.000000 0.000000 -1.000000
vn 0.000000 -0.000000 -1.000000
vn -0.000000 0.000000 -1.000000
vn 0.000000 0.000000 -1.000000
vn -0.000000 0.000000 -1.000000
vn 0.000000 0.000000 -1.000000
vn 0.000000 0.000000 -1.000000
vn 0.000000 0.000000 -1.000000
vn 0.000000 -0.000000 -1.000000
vn 0.000000 0.000000 -1.000000
vn 0.000000 0.000000 -1.000000
vn 0.000000 -0.000000 -1.000000
vn 0.000000 0.000000 -1.000000
vn 0.000000 0.000000 -1.000000
vn 0.000000 0.000000 -1.000000
vn -0.000000 0.000000 -1.000000
vn 0.000000 0.000000 -1.000000
vn 0.000000 -0.000000 -1.000000
vn 0.000000 -0.000000 -1.000000
vn 0.000000 0.000000 -1.000000
vn 0.000000 -0.000000 -1.000000
vn 0.000000 0.000000 -1.000000
vn 0.000000 -0.000000 -1.000000
vn 0.000000 0.000000 -1.000000
vn 0.000000 0.000000 -1.000000
vn 0.000000 0.000000 -1.000000
vn 0.000000 0.000000 -1.000000
vn 0.000000 0.000000 -1.000000
vn 0.000000 0.000000 -1.000000
vn 0.000000 0.000000 -1.000000
vn 0.000000 0.000000 -1.000000
vn 0.000000 0.000000 -1.000000
vn 0.000000 0.000000 -1.000000
vn -0.000000 0.000000 -1.000000
vn 0.000000 0.000000 -1.000000
vn 0.000000 0.000000 -1.000000
vn 0.000000 0.000000 -1.000000
vn 0.000000 0.000000 -1.000000
vn -0.000000 0.000000 -1.000000
vn 0.000000 0.000000 -1.000000
vn 0.000000 0.000000 -1.000000
vn 0.000000 0.000000 -1.000000
vn -0.000000 0.000000 -1.000000
vn 0.000000 0.000000 -1.000000
vn 0.000000 0.000000 -1.000000
vn 0.000000 0.000000 -1.000000
vn 0.000000 -0.000000 -1.000000
vn -0.000000 0.000000 -1.000000
vn 0.000000 0.000000 -1.000000
vn 0.000000 0.000000 -1.000000
vn 0.000000 0.000000 -1.000000
vn 0.000000 -0.000000 -1.000000
vn 0.000000 0.000000 -1.000000
vn 0.000000 0.000000 -1.000000
vn 0.000000 0.000000 -1.000000
vn -0.000000 -0.000000 -1.000000
vn 0.000000 0.000000 -1.000000
vn -0.230926 -0.891104 -0.390648
vn -0.971307 -0.156446 -0.179129
vn -0.901352 -0.288558 -0.322953
vn -0.097416 -0.871678 -0.480299
vn -0.299793 -0.831190 -0.468239
vn -0.281234 -0.835200 -0.472598
vn -0.206250 -0.853381 -0.478750
vn -0.445699 -0.766068 -0.463133
vn -0.496625 -0.748497 -0.439450
vn -0.527471 -0.724421 -0.443834
vn -0.595078 -0.679636 -0.428926
vn -0.897740 -0.374831 -0.231440
vn -0.927032 -0.293335 -0.233592
vn -0.847913 -0.442327 -0.292216
vn -0.873527 -0.389884 -0.291446
vn -0.775651 -0.531314 -0.340690
vn -0.788442 -0.507060 -0.348210
vn -0.710032 -0.589438 -0.385250
vn -0.685334 -0.612968 -0.393177
vn -0.917297 -0.235050 -0.321431
vn -0.938185 -0.195566 -0.285591
vn -0.934627 -0.192284 -0.299164
vn -0.932691 -0.193429 -0.304421
vn -0.950525 -0.203935 -0.234335
vn -0.968038 -0.202558 -0.147894
vn -0.994158 -0.105028 -0.024878
vn -0.942147 -0.334158 -0.026422
vn -0.900110 -0.429895 -0.070655
vn -0.399001 -0.915608 -0.049605
vn -0.534688 -0.844148 -0.039014
vn -0.552455 -0.831856 -0.052993
vn -0.690953 -0.721783 -0.040168
vn -0.725992 -0.684514 -0.066148
vn -0.797123 -0.602217 -0.043925
vn -0.860954 -0.506657 -0.045341
vn -0.200296 -0.977919 -0.059630
vn -0.140782 -0.988157 -0.061034
vn -0.127272 -0.990566 -0.050806
vn -0.081213 -0.995285 -0.053035
vn -0.068755 -0.996668 -0.043872
vn -0.039551 -0.925336 -0.377081
vn 0.041628 -0.925255 -0.377054
vn 0.006827 -0.885952 -0.463727
vn -0.007658 -0.904942 -0.425465
vn -0.044075 -0.904084 -0.425077
vn -0.046128 -0.923030 -0.381954
vn -0.120107 -0.917267 -0.379731
vn -0.142952 -0.906800 -0.396584
vn -0.139174 -0.893189 -0.427602
vn -0.052168 -0.900920 -0.430839
vn -0.049908 -0.881970 -0.468656
vn -0.015387 -0.881914 -0.471159
vn -0.447913 -0.775759 -0.444491
vn -0.410973 -0.792508 -0.450591
vn -0.931562 -0.195704 -0.306420
vn -0.925773 -0.207598 -0.315986
vn -0.838115 -0.378873 -0.392453
vn -0.839519 -0.376973 -0.391279
vn -0.704249 -0.541543 -0.459091
vn -0.771903 -0.477981 -0.419165
vn -0.591636 -0.644012 -0.484991
vn -0.709658 -0.559080 -0.428736
vn -0.505062 -0.711578 -0.488436
vn -0.356381 -0.804345 -0.475417
vn -0.342732 -0.812513 -0.471549
vn -0.494295 -0.746813 -0.444909
vn -0.454712 -0.755084 -0.472319
vn -0.574948 -0.686135 -0.445706
vn -0.630953 -0.631409 -0.450800
vn -0.657902 -0.640419 -0.396268
vn -0.654544 -0.644177 -0.395738
vn -0.954023 -0.195111 -0.227534
vn -0.848811 -0.393633 -0.352948
vn -0.861349 -0.373279 -0.344589
vn -0.841295 -0.399570 -0.364096
vn -0.783376 -0.478595 -0.396571
vn -0.753093 -0.507271 -0.418960
vn -0.714423 -0.560235 -0.419209
vn -0.640683 -0.625524 -0.445248
vn -0.648416 -0.628790 -0.429161
vn -0.571931 -0.684303 -0.452354
vn -0.511622 -0.727917 -0.456486
vn -0.456401 -0.756686 -0.468107
vn -0.414708 -0.796897 -0.439286
vn -0.303252 -0.836846 -0.455771
vn -0.326703 -0.941638 -0.081137
vn -0.365075 -0.927559 -0.079720
vn -0.418806 -0.898994 -0.128108
vn -0.547708 -0.826071 -0.132750
vn -0.548889 -0.825102 -0.133894
vn -0.721002 -0.680024 -0.133133
vn -0.719699 -0.681690 -0.131655
vn -0.896267 -0.427971 -0.116389
vn -0.895038 -0.431124 -0.114183
vn -0.954428 -0.170483 -0.244956
vn -0.943440 -0.171690 -0.283627
vn -0.841612 -0.391911 -0.371612
vn -0.850931 -0.380323 -0.362313
vn -0.686027 -0.583621 -0.434457
vn -0.728499 -0.551543 -0.406311
vn -0.552291 -0.699687 -0.453226
vn -0.621387 -0.663666 -0.416444
vn -0.453046 -0.770798 -0.447906
vn -0.535982 -0.738777 -0.408573
vn -0.378368 -0.819033 -0.431303
vn -0.464531 -0.793612 -0.392926
vn -0.357431 -0.840809 -0.406551
vn -0.356238 -0.839062 -0.411181
vn -0.272594 -0.865146 -0.420968
vn -0.270032 -0.860216 -0.432564
vn -0.159366 -0.882799 -0.441891
vn -0.154735 -0.868095 -0.471666
vn -0.166040 -0.867140 -0.469572
vn -0.022509 -0.997902 -0.060697
vn -0.020137 -0.998105 -0.058145
vn -0.032321 -0.986709 -0.159249
vn -0.989413 -0.138287 -0.044030
vn -0.987007 -0.138341 -0.081719
vn -0.986168 -0.142430 -0.084773
vn -0.976327 -0.150810 -0.155052
vn -0.880329 -0.424313 -0.212084
vn -0.883731 -0.418884 -0.208698
vn -0.702521 -0.666797 -0.248688
vn -0.718537 -0.653071 -0.239172
vn -0.533522 -0.806330 -0.255318
vn -0.562775 -0.790382 -0.242034
vn -0.406377 -0.879885 -0.246294
vn -0.444020 -0.865592 -0.231509
vn -0.314818 -0.920605 -0.231034
vn -0.356079 -0.909135 -0.216059
vn -0.258477 -0.941973 -0.214188
vn -0.250433 -0.925330 -0.284689
vn -0.154743 -0.945601 -0.286171
vn -0.199705 -0.946498 -0.253496
vn -0.086286 -0.963245 -0.254390
vn -0.106557 -0.965086 -0.239280
vn -0.030275 -0.970546 -0.239004
vn -0.024125 -0.974833 -0.221626
vn -0.024963 -0.988787 -0.147233
vn -0.090552 -0.984629 -0.149353
vn -0.079087 -0.984300 -0.157792
vn -0.163848 -0.973287 -0.160828
vn -0.136446 -0.974084 -0.180397
vn -0.223279 -0.957310 -0.183584
vn -0.229205 -0.970275 -0.077661
vn -0.289962 -0.954622 -0.067966
vn -0.966571 -0.156590 -0.203029
vn -0.954877 -0.178242 -0.237572
vn -0.857494 -0.409457 -0.311527
vn -0.866010 -0.397842 -0.302901
vn -0.685918 -0.628942 -0.365990
vn -0.719314 -0.603093 -0.344770
vn -0.531750 -0.757310 -0.379110
vn -0.586436 -0.729524 -0.351975
vn -0.417552 -0.829796 -0.370256
vn -0.484038 -0.805743 -0.341299
vn -0.334661 -0.874214 -0.351784
vn -0.404818 -0.855353 -0.323257
vn -0.303912 -0.894173 -0.328773
vn -0.298044 -0.883689 -0.360920
vn -0.186443 -0.910943 -0.367998
vn -0.240836 -0.913226 -0.328660
vn -0.100437 -0.936862 -0.334966
vn -0.125793 -0.940301 -0.316245
vn -0.007264 -0.948083 -0.317941
vn -0.043025 -0.958986 -0.280169
vn -0.000255 -0.952887 -0.303325
vn -0.008832 -0.917112 -0.398532
vn -0.540899 0.557758 -0.629551
vn 0.057012 0.958143 0.280554
vn 0.048880 0.762099 0.645613
vn -0.862708 0.502271 0.058801
vn -0.848360 0.521463 0.091438
vn -0.639967 0.608515 0.469203
vn -0.480656 0.874565 -0.064074
vn -0.589059 0.805482 0.064875
vn -0.993624 0.007358 -0.112507
vn -0.998434 -0.018068 -0.052942
vn -0.975337 -0.038826 -0.217278
vn -0.967633 0.113036 -0.225629
vn -0.966901 0.114032 -0.228254
vn -0.974443 0.005940 -0.224557
vn -0.851744 0.041730 -0.522293
vn -0.326684 0.208358 -0.921881
vn 0.064958 0.243289 -0.967776
vn -0.020578 0.890262 -0.454983
vn -0.064930 0.995286 0.072035
vn -0.988638 -0.115413 -0.096304
vn -0.935627 -0.257838 -0.241084
vn -0.951979 -0.201664 -0.230362
vn -0.948252 -0.155337 -0.276927
vn -0.963055 -0.086554 -0.255017
vn -0.996801 -0.040159 -0.069103
vn -0.998703 -0.000000 -0.050907
vn -0.997963 -0.004898 -0.063604
vn -0.999667 0.000000 -0.025786
vn -0.999802 0.000000 -0.019922
vn -0.989712 -0.020565 -0.141592
vn -0.990182 -0.029780 -0.136573
vn -0.985473 -0.037314 -0.165681
vn -0.983356 -0.035837 -0.178121
vn -0.938130 -0.282185 -0.200707
vn -0.991327 -0.130915 0.011463
vn -0.992883 0.070327 0.096110
vn -0.979014 0.155905 0.131244
vn -0.938633 -0.282742 -0.197549
vn -0.972470 -0.200146 -0.119346
vn -0.972530 -0.199626 -0.119728
vn -0.986800 -0.143220 -0.075596
vn -0.996265 -0.069818 -0.050800
vn -0.995553 0.066967 0.066252
vn -0.995817 0.031160 0.085890
vn -0.899319 0.318978 0.299129
vn -0.868746 0.390160 0.305051
vn -0.855318 0.389058 0.342147
vn -0.807390 0.442613 0.390146
vn -0.624449 0.595518 0.505392
vn -0.608395 0.602726 0.516311
vn -0.654288 0.581731 0.483214
vn -0.591090 0.627720 0.506538
vn -0.407398 0.716155 0.566699
vn -0.394275 0.680051 0.618125
vn -0.434646 0.659949 0.612821
vn -0.448575 0.639932 0.623913
vn -0.309938 0.709256 0.633162
vn 0.074111 0.707305 0.703013
vn -0.034138 0.637934 0.769334
vn -0.001773 0.631962 0.774997
vn -0.035289 0.839651 -0.541979
vn -0.030148 0.690841 -0.722378
vn -0.053491 -0.000361 -0.998568
vn -0.369578 0.195795 -0.908337
vn -0.408699 0.051044 -0.911241
vn -0.471764 0.143431 -0.869981
vn -0.823433 0.047501 -0.565422
vn -0.787315 -0.002402 -0.616547
vn -0.799746 0.075559 -0.595565
vn -0.722770 0.085843 -0.685737
vn -0.695924 0.068376 -0.714853
vn -0.943908 0.024818 -0.329274
vn -0.961826 0.015473 -0.273223
vn -0.951989 -0.001586 -0.306129
vn -0.931571 -0.040780 -0.361266
vn -0.961783 -0.101675 -0.254237
vn -0.981391 -0.031362 -0.189441
vn -0.980984 -0.029928 -0.191766
vn -0.982334 0.030620 -0.184612
vn -0.986548 0.015529 -0.162734
vn -0.982775 0.119685 -0.140816
vn -0.990234 0.090883 -0.105722
vn -0.999932 -0.004800 -0.010676
vn -0.998172 0.011847 -0.059259
vn -0.997639 -0.000335 -0.068672
vn -0.993102 0.017543 -0.115936
vn -0.990675 -0.008769 -0.135962
vn -0.987274 0.001788 -0.159018
vn -0.979224 -0.045048 -0.197716
vn -0.977969 -0.046752 -0.203449
vn -0.966697 -0.090700 -0.239311
vn -0.963554 -0.088116 -0.252586
vn -0.999792 0.000012 -0.020381
vn -0.999919 -0.003959 -0.012092
vn -0.999033 0.001206 -0.043942
vn -0.997447 0.012080 -0.070384
vn -0.996839 -0.003218 -0.079384
vn -0.993213 -0.031302 -0.112020
vn -0.999954 -0.000000 -0.009548
vn -0.999831 0.002178 -0.018246
vn -0.999124 -0.001371 -0.041828
vn -0.997011 0.011586 -0.076383
vn -0.995076 -0.018133 -0.097440
vn -0.989852 0.001606 -0.142096
vn -0.984359 -0.039067 -0.171788
vn -0.979848 -0.046966 -0.194144
vn -0.976821 -0.062082 -0.204859
vn -0.967799 -0.081788 -0.238067
vn 0.048346 0.833132 0.550957
vn -0.119622 0.790438 0.600748
vn 0.017772 0.886555 0.462282
vn -0.523800 0.719762 0.455605
vn -0.518034 0.727569 0.449760
vn -0.353134 0.723594 0.593050
vn -0.382843 0.686361 0.618337
vn -0.348698 0.684744 0.639950
vn -0.161615 0.945420 0.282953
vn -0.196521 0.926848 0.319894
vn -0.261805 0.951466 0.161773
vn -0.247730 0.957631 0.146873
vn -0.179894 0.839320 0.513011
vn -0.147024 0.864792 0.480124
vn -0.149609 0.937606 0.313866
vn -0.224653 0.891070 0.394368
vn -0.295505 0.921964 0.250319
vn -0.334079 0.896067 0.292328
vn -0.416795 0.902163 0.111286
vn -0.356535 0.933167 0.045641
vn -0.082511 0.733791 0.674345
vn -0.090901 0.736313 0.670507
vn -0.050070 0.772395 0.633165
vn -0.195958 0.717432 0.668500
vn -0.082544 0.822359 0.562950
vn -0.255311 0.758399 0.599706
vn -0.138402 0.863660 0.484703
vn -0.335666 0.786723 0.518068
vn -0.218741 0.890970 0.397901
vn -0.432557 0.795951 0.423505
vn -0.319925 0.898019 0.302010
vn -0.537731 0.780679 0.318411
vn -0.433962 0.878786 0.198526
vn -0.952951 0.092641 -0.288620
vn -0.917997 0.116633 -0.379050
vn -0.923448 0.181242 -0.338223
vn -0.898813 0.196992 -0.391572
vn -0.895880 0.309644 -0.318620
vn -0.851970 0.338986 -0.399044
vn -0.871825 0.435504 -0.224181
vn -0.783993 0.497131 -0.371773
vn -0.769893 0.626564 -0.121175
vn -0.760300 0.635022 -0.136715
vn -0.654506 0.756012 -0.008249
vn -0.730518 0.675447 0.100577
vn -0.637031 0.746415 0.192499
vn -0.709590 0.643231 0.287639
vn -0.651931 0.678962 0.337634
vn -0.665279 0.658365 0.352079
vn -0.616787 0.608278 0.499572
vn -0.606119 0.627410 0.488853
vn -0.529793 0.654526 0.539366
vn -0.802197 0.597013 0.007494
vn -0.923449 0.379404 -0.057402
vn -0.898936 0.422070 -0.117347
vn -0.898478 0.418669 0.132112
vn -0.805681 0.573753 0.147262
vn -0.850701 0.476173 0.222637
vn -0.999879 -0.003271 -0.015184
vn -0.995783 0.017727 -0.090009
vn -0.994743 0.003643 -0.102343
vn -0.978068 0.032371 -0.205757
vn -0.980202 0.051199 -0.191264
vn -0.955014 0.079786 -0.285627
vn -0.966670 0.099704 -0.235814
vn -0.935738 0.128074 -0.328619
vn -0.939501 0.199402 -0.278525
vn -0.925300 0.213017 -0.313758
vn -0.945561 0.274728 -0.174469
vn -0.893807 0.333534 -0.299772
vn -0.899449 0.420622 -0.118610
vn -0.839357 0.487870 -0.239714
vn -0.803312 0.595528 0.005975
vn -0.802021 0.597285 0.003588
vn -0.727016 0.680168 0.093910
vn -0.787177 0.587887 0.186389
vn -0.733731 0.634652 0.242602
vn -0.788385 0.527142 0.317130
vn -0.982652 0.185435 -0.002968
vn -0.967708 0.244926 -0.059602
vn -0.975884 0.187614 -0.111583
vn -0.980725 0.173040 -0.090749
vn -0.968721 0.128670 -0.212187
vn -0.987387 0.082868 -0.134906
vn -0.974542 0.057362 -0.216743
vn -0.987044 0.025889 -0.158346
vn -0.984062 0.020607 -0.176630
vn -0.985803 0.016079 -0.167135
vn -0.987567 0.032461 -0.153811
vn -0.993027 0.018317 -0.116458
vn -0.993105 0.019388 -0.115612
vn -0.998770 -0.002673 -0.049517
vn -0.999162 0.008527 -0.040038
vn -0.999984 -0.000000 -0.005584
vn -0.989545 0.123316 0.074790
vn -0.991450 0.092038 0.092493
vn -0.996141 -0.017697 -0.085962
vn -0.996030 -0.080570 -0.037860
vn -0.962141 -0.143116 -0.231955
vn -0.963531 -0.170640 -0.206132
vn -0.951646 -0.160370 -0.262014
vn -0.952786 -0.153918 -0.261742
vn -0.941921 -0.168281 -0.290631
vn -0.947094 -0.148575 -0.284498
vn -0.962787 -0.103487 -0.249662
vn -0.965212 -0.113521 -0.235541
vn -0.971037 -0.068153 -0.229001
vn -0.975931 -0.093709 -0.196918
vn -0.984786 0.004027 -0.173725
vn -0.990761 -0.036954 -0.130489
vn -0.989683 0.119577 -0.078917
vn -0.998659 0.047789 -0.019901
vn -0.962681 0.261097 0.071227
vn -0.978261 0.158360 0.133892
vn -0.918072 0.341101 0.201976
vn -0.902626 0.264530 0.339543
vn -0.905501 0.286112 0.313382
vn -0.688744 0.556621 0.464548
vn -0.721848 0.486642 0.492053
vn -0.744223 0.547195 0.383026
vn -0.795714 0.452724 0.402344
vn -0.753401 0.555253 0.352251
vn -0.858204 0.402082 0.319087
vn -0.819815 0.509809 0.260765
vn -0.899411 0.369740 0.233137
vn -0.922998 0.374746 0.087403
vn -0.917962 0.389170 0.076758
vn -0.955301 0.295334 -0.013331
vn -0.935489 0.346098 -0.071253
vn -0.954941 0.256338 -0.149594
vn -0.964310 0.237403 -0.117244
vn -0.951160 0.186064 -0.246324
vn -0.979832 0.135784 -0.146603
vn -0.966169 0.105270 -0.235447
vn -0.980484 0.079254 -0.179916
vn -0.979113 0.063659 -0.193094
vn -0.984129 0.054511 -0.168877
vn -0.982645 0.038583 -0.181437
vn -0.993355 0.016954 -0.113836
vn -0.993428 0.017905 -0.113052
vn -0.999198 -0.004272 -0.039807
vn -0.999668 0.000000 -0.025786
vn -0.039866 0.265241 -0.963358
vn -0.023424 0.132206 -0.990945
vn -0.011717 0.156240 -0.987650
vn -0.043551 0.061039 -0.997185
vn -0.159370 0.581600 -0.797711
vn -0.001011 0.672392 -0.740195
vn -0.015586 0.676735 -0.736062
vn -0.020824 0.926132 0.376625
vn 0.040619 0.954429 0.295662
vn -0.373249 0.903352 0.211285
vn -0.009073 0.977333 0.211512
vn -0.004593 0.995393 0.095767
vn 0.045293 0.997481 0.054592
vn 0.008369 0.999905 0.010962
vn -0.027831 0.996074 -0.084035
vn 0.059016 0.821062 0.567779
vn -0.036624 0.757366 0.651962
vn 0.046813 0.714034 0.698544
vn -0.026151 0.653533 0.756446
vn -0.019848 0.627080 0.778702
vn -0.043364 0.059902 -0.997262
vn -0.149985 0.026996 -0.988320
vn -0.112520 0.145219 -0.982981
vn -0.145598 0.109021 -0.983319
vn -0.110587 0.195352 -0.974478
vn -0.194636 0.206137 -0.958971
vn -0.204517 0.197028 -0.958829
vn -0.793383 -0.056804 -0.606066
vn -0.745277 0.115661 -0.656646
vn -0.713762 -0.004768 -0.700372
vn -0.660868 0.229531 -0.714541
vn -0.666029 0.095666 -0.739765
vn -0.595301 0.110429 -0.795879
vn -0.602508 0.115816 -0.789665
vn -0.536133 0.120009 -0.835559
vn -0.529554 0.118320 -0.839984
vn -0.470692 0.147145 -0.869941
vn -0.449240 0.143301 -0.881844
vn -0.411943 0.165798 -0.895999
vn -0.063299 0.390671 -0.918351
vn 0.007988 0.411281 -0.911474
vn 0.031314 0.405228 -0.913679
vn -0.115197 0.295393 -0.948405
vn -0.132026 0.298211 -0.945325
vn -0.122611 0.320138 -0.939403
vn -0.244706 0.338006 -0.908775
vn -0.238264 0.355486 -0.903803
vn 0.042343 0.929405 -0.366624
vn -0.139279 0.889974 -0.434220
vn -0.033587 0.870642 -0.490769
vn -0.213168 0.802916 -0.556673
vn -0.216331 0.803275 -0.554933
vn -0.238604 0.776885 -0.582681
vn -0.344230 0.783912 -0.516708
vn -0.371352 0.747820 -0.550329
vn -0.026253 0.553023 -0.832752
vn -0.018849 0.556490 -0.830640
vn 0.016592 0.546355 -0.837389
vn -0.135169 0.444563 -0.885490
vn -0.147072 0.446772 -0.882476
vn -0.087068 0.566328 -0.819568
vn -0.259361 0.438893 -0.860293
vn -0.179778 0.605245 -0.775473
vn -0.344222 0.475507 -0.809571
vn -0.300672 0.573800 -0.761807
vn -0.021719 0.785566 -0.618396
vn -0.023787 0.783354 -0.621121
vn -0.018020 0.781728 -0.623359
vn -0.186105 0.702591 -0.686827
vn -0.193342 0.703761 -0.683622
vn -0.206617 0.683707 -0.699895
vn -0.319515 0.697129 -0.641810
vn -0.336424 0.668973 -0.662793
vn -0.072903 0.960552 0.268374
vn 0.034628 0.984629 0.171191
vn -0.109089 0.993799 0.021532
vn -0.065982 0.997739 -0.012796
vn -0.085252 0.977434 -0.193272
vn -0.147671 0.978213 -0.145917
vn -0.169162 0.927480 -0.333415
vn -0.252369 0.928583 -0.272110
vn -0.382563 0.889334 -0.250463
vn -0.297134 0.898610 -0.322818
vn -0.265480 0.954861 -0.133270
vn -0.192658 0.961731 -0.194823
vn -0.158075 0.987391 -0.008403
vn -0.105208 0.992978 -0.054090
vn -0.075666 0.990481 0.114991
vn -0.113466 0.982379 0.148516
vn -0.006963 0.628836 0.777507
vn 0.033874 0.663023 0.747833
vn -0.026138 0.697671 0.715942
vn 0.029159 0.748746 0.662216
vn -0.173041 0.775305 0.607420
vn -0.002065 0.791589 0.611051
vn 0.016072 0.861553 0.507413
vn -0.007487 0.853529 0.520991
vn 0.012312 0.903071 0.429315
vn 0.003250 0.899048 0.437837
vn -0.012481 0.946044 0.323797
vn -0.026336 0.941046 0.337251
vn -0.053828 0.977581 0.203563
vn -0.082167 0.969454 0.231102
vn -0.121445 0.989959 0.072330
vn -0.167598 0.978961 0.116390
vn -0.214122 0.974747 -0.063397
vn -0.277213 0.960800 -0.004020
vn -0.322922 0.926488 -0.193241
vn -0.397482 0.909382 -0.122609
vn -0.433857 0.846654 -0.308132
vn -0.079929 0.900257 -0.427960
vn 0.167602 0.952754 -0.253316
vn -0.067277 0.950464 -0.303466
vn 0.000495 0.980551 -0.196265
vn 0.031364 0.975663 -0.217020
vn -0.158546 0.947324 -0.278281
vn -0.048642 0.935671 -0.349504
vn -0.238133 0.878661 -0.413822
vn -0.236199 0.878580 -0.415099
vn -0.269117 0.848957 -0.454806
vn -0.365254 0.848051 -0.383926
vn -0.403900 0.807412 -0.430058
vn -0.410270 0.334691 -0.848328
vn -0.508064 0.270579 -0.817715
vn -0.510625 0.270588 -0.816115
vn -0.608082 0.196281 -0.769227
vn -0.598965 0.188984 -0.778156
vn -0.722483 0.178866 -0.667851
vn -0.699564 0.143951 -0.699920
vn -0.806576 0.126998 -0.577327
vn -0.800414 0.073899 -0.594875
vn -0.882879 0.055092 -0.466357
vn -0.874074 0.011130 -0.485666
vn -0.888379 0.032558 -0.457955
vn -0.538937 0.562852 -0.626693
vn -0.699740 0.536127 -0.472157
vn -0.656247 0.387289 -0.647570
vn -0.801708 0.353962 -0.481639
vn -0.759908 0.266570 -0.592858
vn -0.843155 0.241780 -0.480242
vn -0.837926 0.142019 -0.526983
vn -0.895750 0.121730 -0.427566
vn -0.889501 0.077809 -0.450260
vn -0.943896 0.052477 -0.326046
vn -0.988376 0.009175 -0.151752
vn -0.979037 -0.010821 -0.203396
vn -0.981786 0.006249 -0.189886
vn -0.942297 0.036449 -0.332787
vn -0.940655 0.034014 -0.337656
vn -0.882231 0.057545 -0.467287
vn -0.887094 0.086813 -0.453353
vn -0.814569 0.106867 -0.570138
vn -0.821403 0.185182 -0.539449
vn -0.722607 0.205944 -0.659869
vn -0.759767 0.270054 -0.591460
vn -0.598564 0.290294 -0.746626
vn -0.650969 0.414243 -0.636115
vn -0.472749 0.422933 -0.773069
vn -0.519727 0.474282 -0.710591
vn -0.590539 0.625319 -0.510136
vn -0.593359 0.684141 -0.424119
vn -0.541704 0.761791 -0.355289
vn -0.064593 0.676894 0.733241
vn 0.054130 0.773493 0.631489
vn -0.046011 0.818268 0.572992
vn 0.005051 0.850712 0.525607
vn -0.017741 0.906327 0.422204
vn -0.028674 0.900819 0.433247
vn -0.064449 0.949277 0.307765
vn -0.090042 0.938245 0.334050
vn -0.138376 0.972916 0.185165
vn -0.178963 0.957399 0.226628
vn -0.235906 0.970135 0.056446
vn -0.290271 0.950399 0.111735
vn -0.348236 0.934663 -0.071670
vn -0.412384 0.910993 -0.005481
vn -0.462301 0.866035 -0.190425
vn -0.531243 0.839196 -0.116325
vn -0.548625 0.813616 -0.192458
vn -0.518201 0.767086 -0.378216
vn -0.495326 0.795023 -0.350130
vn -0.502078 0.699404 -0.508677
vn -0.473727 0.743405 -0.472156
vn -0.466879 0.636996 -0.613400
vn -0.448572 0.671815 -0.589447
vn -0.430342 0.559811 -0.708108
vn -0.420625 0.582297 -0.695705
vn -0.394577 0.471786 -0.788497
vn -0.391949 0.479053 -0.785420
vn -0.347444 0.330653 -0.877469
vn -0.313549 0.363939 -0.877061
vn -0.368388 0.163688 -0.915148
vn -0.295630 0.205666 -0.932901
vn -0.336535 0.041894 -0.940739
vn -0.172448 0.267810 -0.947913
vn -0.274202 0.050384 -0.960351
vn -0.210928 0.094630 -0.972910
vn -0.999997 0.000000 -0.002309
vn -0.998291 0.004111 -0.058302
vn -0.997477 -0.008796 -0.070437
vn -0.978295 0.024670 -0.205743
vn -0.978831 0.028678 -0.202652
vn -0.942713 0.059907 -0.328183
vn -0.950268 0.071327 -0.303155
vn -0.901838 0.098566 -0.420682
vn -0.908315 0.155262 -0.388403
vn -0.867544 0.174224 -0.465847
vn -0.869016 0.286411 -0.403460
vn -0.805560 0.314466 -0.502180
vn -0.840098 0.412720 -0.351990
vn -0.721581 0.461586 -0.516003
vn -0.738520 0.609224 -0.288849
vn -0.715411 0.620951 -0.320323
vn -0.593781 0.788160 -0.161953
vn -0.684737 0.727440 -0.044337
vn -0.549427 0.830414 0.092431
vn -0.640450 0.739243 0.208192
vn -0.537394 0.790895 0.292733
vn -0.551333 0.775323 0.308068
vn -0.507066 0.717232 0.477977
vn -0.446442 0.792981 0.414573
vn -0.351587 0.759282 0.547611
vn -0.259608 0.788990 0.556865
vn -0.332207 0.708582 0.622535
vn -0.121845 0.745711 0.655034
vn -0.239386 0.701578 0.671180
vn -0.157291 0.712337 0.683985
vn -0.187473 0.680407 0.708449
vn -0.096248 0.686619 0.720618
vn -0.108901 0.655001 0.747739
vn -0.045358 0.669731 0.741217
vn -0.050865 0.623395 0.780251
vn -0.038757 0.635974 0.770736
vn 0.206249 -0.851773 -0.481606
vn 0.040744 0.701021 0.711976
vn 0.353667 0.641061 0.681146
vn 0.148757 -0.987343 -0.054994
vn 0.873805 -0.485629 -0.025098
vn 0.090531 0.995695 0.019870
vn 0.052467 0.996091 0.071062
vn 0.119907 0.989987 0.074491
vn 0.150072 0.984723 0.088317
vn 0.185419 0.981059 0.056068
vn 0.248952 0.964597 0.087038
vn 0.284381 0.957210 0.053626
vn 0.345129 0.934639 0.085648
vn 0.380825 0.923266 0.050524
vn 0.440434 0.893664 0.085920
vn 0.437642 0.895330 0.082790
vn 0.499901 0.864702 0.048879
vn 0.525553 0.846956 0.080369
vn 0.585408 0.809423 0.046163
vn 0.763118 0.637899 0.103615
vn 0.824681 0.557503 0.095345
vn 0.777516 0.619200 0.109819
vn 0.743095 0.656379 0.130298
vn 0.877623 0.471485 0.086489
vn 0.836237 0.538854 0.101706
vn 0.805597 0.579294 0.124226
vn 0.902170 0.422685 0.086180
vn 0.886892 0.452625 0.092479
vn 0.860210 0.496309 0.117120
vn 0.920571 0.380337 0.088839
vn 0.957880 0.286964 0.010828
vn 0.922540 0.359822 0.139458
vn 0.981961 0.189081 0.000292
vn 0.956027 0.264482 0.126737
vn 0.984803 0.166497 0.049419
vn 0.994426 0.089889 0.055114
vn 0.992949 0.100410 0.063005
vn 0.999917 -0.010381 0.007675
vn 0.997234 0.034424 0.065870
vn 0.993920 -0.110057 -0.003375
vn 0.996448 -0.067334 0.050582
vn 0.977971 -0.208280 -0.013835
vn 0.985013 -0.168974 0.034595
vn 0.952433 -0.303903 -0.022691
vn 0.970385 -0.233967 0.060104
vn 0.912892 -0.396397 -0.097460
vn 0.951905 -0.297446 0.073511
vn 0.578128 -0.815910 -0.007636
vn 0.612409 -0.789942 -0.030786
vn 0.663074 -0.746668 -0.053105
vn 0.471120 -0.880699 -0.049154
vn 0.252950 -0.967140 -0.025634
vn 0.316195 -0.947519 -0.047213
vn 0.356385 -0.932817 -0.053310
vn 0.002280 -0.882171 -0.470924
vn 0.046163 -0.878545 -0.475424
vn 0.023237 -0.876609 -0.480642
vn 0.075090 -0.874115 -0.479879
vn 0.973093 0.169027 0.156589
vn 0.970396 0.203957 0.129360
vn 0.554813 0.587635 0.588954
vn 0.568684 0.576383 0.586840
vn 0.681774 0.488605 0.544471
vn 0.644016 0.545204 0.536652
vn 0.766992 0.421852 0.483492
vn 0.720783 0.511911 0.467354
vn 0.869201 0.379768 0.316649
vn 0.889549 0.323940 0.322126
vn 0.952388 0.031952 0.303211
vn 0.944686 0.117247 0.306304
vn 0.857199 0.304407 0.415386
vn 0.874103 0.299762 0.382213
vn 0.745015 0.472118 0.471229
vn 0.579615 0.474787 0.662286
vn 0.543079 0.523293 0.656681
vn 0.668090 0.430273 0.607059
vn 0.637451 0.479579 0.603042
vn 0.752892 0.371511 0.543262
vn 0.728351 0.420883 0.540705
vn 0.829785 0.298889 0.471298
vn 0.853676 0.222764 0.470758
vn 0.540108 0.599475 0.590689
vn 0.593427 0.542937 0.594192
vn 0.445019 0.622186 0.644083
vn 0.088370 0.523284 0.847564
vn 0.362377 0.567899 0.739036
vn 0.408233 0.523822 0.747634
vn 0.283828 0.572123 0.769491
vn 0.332241 0.531635 0.779089
vn 0.215748 0.567787 0.794400
vn 0.264664 0.531831 0.804431
vn 0.158419 0.557772 0.814736
vn 0.205333 0.527233 0.824538
vn 0.157641 0.536788 0.828859
vn 0.106735 0.513675 0.851320
vn 0.027047 0.520457 0.853459
vn 0.041063 0.552806 0.832297
vn 0.005794 0.580414 0.814301
vn 0.018397 0.579069 0.815071
vn 0.097636 0.572917 0.813777
vn 0.047606 0.618230 0.784554
vn 0.171522 0.591243 0.788043
vn 0.120862 0.624529 0.771593
vn 0.245745 0.619724 0.745353
vn 0.182109 0.644569 0.742541
vn 0.302557 0.595211 0.744435
vn 0.239465 0.654325 0.717297
vn 0.397248 0.598422 0.695762
vn 0.322610 0.660585 0.677902
vn 0.333374 0.653883 0.679189
vn 0.489608 0.576501 0.654163
vn 0.449924 0.552320 0.701792
vn 0.491689 0.505550 0.708986
vn 0.471801 0.492333 0.731445
vn 0.407887 0.523505 0.748044
vn 0.441436 0.487493 0.753315
vn 0.333032 0.532618 0.778080
vn 0.368437 0.499493 0.784067
vn 0.265917 0.533971 0.802598
vn 0.301663 0.504570 0.808955
vn 0.206482 0.530027 0.822458
vn 0.240792 0.505085 0.828799
vn 0.153954 0.523029 0.838295
vn 0.184858 0.503124 0.844212
vn 0.106922 0.514932 0.850537
vn 0.132301 0.500457 0.855593
vn 0.036213 0.509400 0.859767
vn 0.080153 0.485371 0.870627
vn 0.025311 0.500863 0.865157
vn 0.076123 0.837570 0.541001
vn 0.046504 0.860409 0.507478
vn 0.144344 0.852638 0.502168
vn 0.142622 0.854139 0.500105
vn 0.236664 0.839065 0.489857
vn 0.236423 0.839313 0.489548
vn 0.326857 0.817223 0.474669
vn 0.327829 0.816049 0.476017
vn 0.414511 0.787112 0.456765
vn 0.416435 0.784368 0.459727
vn 0.499044 0.748711 0.436333
vn 0.501634 0.744316 0.440860
vn 0.584846 0.698982 0.411556
vn 0.011911 0.986867 0.161094
vn 0.055832 0.972452 0.226317
vn 0.149277 0.963621 0.221699
vn 0.150989 0.962835 0.223944
vn 0.246467 0.945126 0.214457
vn 0.250688 0.942700 0.220164
vn 0.341151 0.917076 0.206365
vn 0.347441 0.912659 0.215263
vn 0.432433 0.879775 0.197476
vn 0.440302 0.873115 0.209296
vn 0.519463 0.833593 0.187830
vn 0.528376 0.824567 0.202259
vn 0.659553 0.735460 0.155204
vn 0.615873 0.776472 0.133385
vn 0.625384 0.769630 0.128703
vn 0.694256 0.712827 0.099432
vn 0.662853 0.735078 0.142429
vn 0.709102 0.695226 0.117624
vn 0.041610 0.638594 0.768418
vn 0.064316 0.620394 0.781649
vn 0.116001 0.616724 0.778585
vn 0.104633 0.623245 0.774995
vn 0.187917 0.613079 0.767347
vn 0.174736 0.621816 0.763421
vn 0.259249 0.606169 0.751897
vn 0.245228 0.616830 0.747920
vn 0.331098 0.595118 0.732262
vn 0.317114 0.607284 0.728453
vn 0.404034 0.578813 0.708330
vn 0.390829 0.591974 0.704855
vn 0.478125 0.556005 0.679893
vn 0.466280 0.569588 0.676869
vn 0.553002 0.525370 0.646665
vn 0.542943 0.538756 0.644170
vn 0.627771 0.485619 0.608340
vn 0.619734 0.498201 0.606404
vn 0.700526 0.436053 0.564908
vn 0.694419 0.447524 0.563476
vn 0.769143 0.376522 0.516382
vn 0.764707 0.386806 0.515369
vn 0.831564 0.307195 0.462745
vn 0.828501 0.316354 0.462066
vn 0.885725 0.228553 0.404049
vn 0.883771 0.236707 0.403631
vn 0.929541 0.141419 0.340520
vn 0.928486 0.148687 0.340303
vn 0.960945 0.047075 0.272705
vn 0.960631 0.053441 0.272638
vn 0.978047 -0.052706 0.201609
vn 0.978311 -0.047422 0.201641
vn 0.979388 -0.155638 0.128749
vn 0.979982 -0.151788 0.128820
vn 0.964261 -0.258933 0.056169
vn 0.198935 -0.978710 -0.050518
vn 0.268320 -0.962476 -0.040560
vn 0.260439 -0.951285 -0.165012
vn 0.400594 -0.905739 -0.138422
vn 0.382536 -0.888176 -0.254578
vn 0.514872 -0.829573 -0.216139
vn 0.491419 -0.814644 -0.307998
vn 0.641902 -0.725934 -0.246945
vn 0.736852 -0.675816 -0.017912
vn 0.699623 -0.711089 -0.069860
vn 0.697320 -0.710488 -0.094610
vn 0.823119 -0.565508 -0.051726
vn 0.824730 -0.565055 -0.023084
vn 0.839432 -0.542748 -0.027885
vn 0.040478 0.913304 0.405261
vn 0.005498 0.926467 0.376336
vn 0.148633 0.917069 0.369991
vn 0.148546 0.917127 0.369880
vn 0.244523 0.900464 0.359686
vn 0.246439 0.898904 0.362270
vn 0.337963 0.874663 0.347484
vn 0.341489 0.871258 0.352554
vn 0.428224 0.839878 0.333512
vn 0.432953 0.834474 0.340889
vn 0.514536 0.796360 0.317904
vn 0.520044 0.788903 0.327392
vn 0.596145 0.744424 0.300738
vn 0.623111 0.696909 0.355035
vn 0.660339 0.670284 0.338632
vn 0.672488 0.654624 0.345293
vn 0.730596 0.605663 0.315280
vn 0.743067 0.586462 0.322356
vn 0.794323 0.533687 0.290221
vn 0.806425 0.511073 0.297459
vn 0.850613 0.455026 0.263457
vn 0.861651 0.429347 0.270591
vn 0.898672 0.370439 0.234868
vn 0.908048 0.342113 0.241676
vn 0.937772 0.280747 0.204364
vn 0.944995 0.250194 0.210685
vn 0.967214 0.186866 0.171981
vn 0.971882 0.154466 0.177725
vn 0.986353 0.089857 0.137958
vn 0.988127 0.055915 0.143105
vn 0.994662 -0.009044 0.102792
vn 0.993231 -0.044272 0.107385
vn 0.991826 -0.108474 0.067198
vn 0.986892 -0.144757 0.071337
vn 0.977801 -0.207078 0.032010
vn 0.969082 -0.244121 0.035852
vn 0.952871 -0.303369 -0.001797
vn 0.940162 -0.340723 0.001954
vn 0.917675 -0.395932 -0.033317
vn 0.048034 0.773664 0.631773
vn 0.081990 0.748788 0.657719
vn 0.134068 0.744310 0.654239
vn 0.126483 0.748544 0.650910
vn 0.217818 0.735701 0.641327
vn 0.211299 0.739978 0.638581
vn 0.300175 0.720950 0.624600
vn 0.294921 0.724961 0.622457
vn 0.381362 0.699647 0.604200
vn 0.377555 0.703013 0.602681
vn 0.461232 0.671260 0.580237
vn 0.458983 0.673563 0.579351
vn 0.539366 0.635218 0.552796
vn 0.538668 0.636048 0.552522
vn 0.615116 0.590974 0.521903
vn 0.615863 0.589934 0.522198
vn 0.687594 0.538051 0.487561
vn 0.689568 0.534795 0.488354
vn 0.755370 0.476413 0.449942
vn 0.758128 0.470915 0.451088
vn 0.816948 0.406453 0.409135
vn 0.819994 0.398901 0.410472
vn 0.870993 0.328724 0.365118
vn 0.873871 0.319420 0.366498
vn 0.916212 0.243948 0.317876
vn 0.918549 0.233211 0.319186
vn 0.951317 0.153045 0.267533
vn 0.952830 0.141124 0.268699
vn 0.975054 0.057202 0.214471
vn 0.975510 0.044246 0.215460
vn 0.986314 -0.042049 0.159427
vn 0.985485 -0.056049 0.160243
vn 0.984311 -0.142891 0.103513
vn 0.981919 -0.158055 0.104185
vn 0.968747 -0.243340 0.048110
vn 0.964462 -0.259695 0.048697
vn 0.939994 -0.341152 -0.005209
vn 0.902154 -0.431409 -0.002052
vn 0.900902 -0.433025 -0.029412
vn 0.873108 -0.483591 -0.061826
vn 0.869640 -0.483462 -0.099954
vn 0.917769 -0.393278 0.055073
vn 0.135362 -0.863260 -0.486270
vn 0.124215 -0.863835 -0.488222
vn 0.132395 -0.887529 -0.441320
vn 0.032037 -0.894812 -0.445292
vn 0.062897 -0.909442 -0.411047
vn 0.339210 -0.819534 -0.461845
vn 0.252247 -0.837116 -0.485395
vn 0.267109 -0.858615 -0.437530
vn 0.144855 -0.881054 -0.450291
vn 0.155249 -0.906418 -0.392815
vn 0.048707 -0.915820 -0.398624
vn 0.064501 -0.944543 -0.321989
vn 0.498113 -0.751327 -0.432887
vn 0.372659 -0.805049 -0.461542
vn 0.388534 -0.819108 -0.422023
vn 0.274709 -0.853472 -0.442856
vn 0.290832 -0.874779 -0.387528
vn 0.168823 -0.899422 -0.403160
vn 0.182183 -0.927586 -0.326181
vn 0.082339 -0.939201 -0.333350
vn 0.056415 -0.969938 -0.236722
vn 0.590732 -0.691093 -0.416445
vn 0.553640 -0.717249 -0.423127
vn 0.482874 -0.756479 -0.441104
vn 0.662260 -0.650814 -0.371285
vn 0.647186 -0.648181 -0.401262
vn 0.832709 -0.449548 -0.323268
vn 0.803910 -0.505947 -0.312643
vn 0.757464 -0.567202 -0.323312
vn 0.946383 -0.276888 -0.166409
vn 0.998672 -0.050822 -0.008505
vn 0.911382 -0.367878 -0.184522
vn 0.801081 -0.533847 -0.270698
vn 0.801439 -0.533769 -0.269790
vn 0.609460 -0.702188 -0.368091
vn 0.617840 -0.704520 -0.349179
vn 0.051267 -0.996168 -0.070864
vn 0.119485 -0.991955 -0.041813
vn 0.073251 -0.984240 -0.160955
vn 0.241283 -0.959339 -0.146466
vn 0.228554 -0.938750 -0.257898
vn 0.360681 -0.902618 -0.234926
vn 0.339620 -0.879621 -0.333053
vn 0.478560 -0.826294 -0.297016
vn 0.455994 -0.810737 -0.367116
vn 0.622860 -0.720087 -0.305810
vn 0.597902 -0.729495 -0.332190
vn 0.799904 -0.559067 -0.218168
vn 0.788073 -0.561342 -0.252658
vn 0.933729 -0.337937 -0.118106
vn 0.932955 -0.338768 -0.121781
vn 0.990337 -0.137843 -0.015211
vn 0.404040 -0.913693 -0.043786
vn 0.438964 -0.898133 -0.025825
vn 0.427595 -0.888759 -0.165135
vn 0.555524 -0.822120 -0.124550
vn 0.535573 -0.810855 -0.235958
vn 0.668237 -0.722607 -0.176916
vn 0.649005 -0.717143 -0.253964
vn 0.793905 -0.585765 -0.163078
vn 0.779556 -0.586824 -0.218927
vn 0.927323 -0.367404 -0.071324
vn 0.923330 -0.372010 -0.095239
vn 0.991530 -0.114396 0.061495
vn 0.991836 -0.118448 0.047244
vn 0.983038 0.091588 0.158897
vn 0.673219 -0.639337 -0.371518
vn 0.565586 -0.712340 -0.415553
vn 0.575085 -0.715763 -0.396182
vn 0.465806 -0.774199 -0.428532
vn 0.479242 -0.782391 -0.397733
vn 0.425570 -0.797310 -0.428005
vn 0.450548 -0.815667 -0.362897
vn 0.302791 -0.866691 -0.396440
vn 0.322844 -0.890927 -0.319406
vn 0.197202 -0.920057 -0.338535
vn 0.211676 -0.946703 -0.242791
vn 0.074829 -0.964379 -0.253720
vn 0.080734 -0.981653 -0.172741
vn 0.535157 -0.843310 -0.049346
vn 0.596214 -0.802335 -0.028057
vn 0.584247 -0.796581 -0.155287
vn 0.700695 -0.706603 -0.098688
vn 0.684292 -0.702721 -0.194751
vn 0.806835 -0.580016 -0.112245
vn 0.796634 -0.581058 -0.166569
vn 0.911778 -0.407949 -0.047313
vn 0.908613 -0.410963 -0.074373
vn 0.983682 -0.148234 0.101967
vn 0.984470 -0.151423 0.088828
vn 0.963149 0.108771 0.245993
vn 0.970410 0.101825 0.218945
vn 0.906388 0.282080 0.314469
vn 0.006419 0.552498 0.833489
vn 0.035144 0.537384 0.842605
vn 0.097904 0.533771 0.839943
vn 0.083770 0.541456 0.836545
vn 0.158704 0.533227 0.830952
vn 0.139781 0.545002 0.826701
vn 0.219683 0.531734 0.817923
vn 0.197607 0.547357 0.813235
vn 0.282584 0.528129 0.800766
vn 0.258840 0.547206 0.795970
vn 0.348580 0.520947 0.779170
vn 0.324502 0.542944 0.774539
vn 0.418270 0.508481 0.752661
vn 0.395027 0.532739 0.748427
vn 0.491695 0.488818 0.720620
vn 0.470264 0.514588 0.716973
vn 0.568158 0.459990 0.682353
vn 0.561149 0.469987 0.681340
vn 0.638141 0.416604 0.647470
vn 0.581129 0.475473 0.660465
vn 0.715173 0.367860 0.594312
vn 0.665694 0.429615 0.610149
vn 0.787943 0.307089 0.533706
vn 0.746790 0.370856 0.552060
vn 0.853330 0.234389 0.465713
vn 0.820931 0.299444 0.486215
vn 0.908130 0.150483 0.390711
vn 0.884742 0.216130 0.412939
vn 0.949205 0.056748 0.309500
vn 0.935002 0.122171 0.332933
vn 0.973691 -0.044689 0.223446
vn 0.968728 0.019336 0.247369
vn 0.979338 -0.150967 0.134556
vn 0.963361 -0.251118 0.094204
vn 0.964831 -0.256790 0.056223
vn 0.912063 -0.407252 -0.047829
vn 0.913905 -0.405237 -0.023678
vn 0.817822 -0.561080 -0.127893
vn 0.826625 -0.559853 -0.057065
vn 0.760111 -0.640777 -0.107868
vn 0.763808 -0.641559 -0.070700
vn 0.801942 -0.597372 -0.006055
vn -0.622805 -0.701256 -0.346920
vn -0.483459 -0.780489 -0.396363
vn -0.420247 -0.828146 -0.370900
vn -0.279279 -0.832400 -0.478657
vn -0.801768 0.403369 0.440977
vn -0.664023 0.722637 0.192014
vn -0.827353 0.317203 0.463541
vn -0.921475 -0.388423 -0.003498
vn -0.921439 -0.388484 -0.005472
vn -0.120139 -0.991488 -0.050184
vn -0.052546 -0.997068 -0.055622
vn -0.499754 -0.864364 -0.055858
vn -0.560292 -0.827187 -0.042840
vn -0.585184 -0.809024 -0.055133
vn -0.635311 -0.771261 -0.039192
vn -0.664908 -0.745047 -0.052943
vn -0.713744 -0.699724 -0.030917
vn -0.705420 -0.707817 -0.037104
vn -0.758148 -0.650612 -0.043766
vn -0.769942 -0.637263 -0.032941
vn -0.820710 -0.570223 -0.035791
vn -0.993260 0.100344 0.058011
vn -0.997096 0.067421 0.035398
vn -0.998975 0.000001 0.045257
vn -0.999159 -0.034449 0.022248
vn -0.994448 -0.100140 0.032341
vn -0.994418 -0.100513 0.032100
vn -0.979818 -0.199720 -0.008287
vn -0.985539 -0.166576 0.031056
vn -0.963788 -0.266586 -0.006604
vn -0.977901 0.199854 0.061390
vn -0.967804 0.233384 0.094275
vn -0.984454 0.168922 0.048127
vn -0.951976 0.297402 0.072758
vn -0.941665 0.322020 0.097824
vn -0.959095 0.274253 0.070159
vn -0.916200 0.391960 0.083338
vn -0.903767 0.414376 0.107226
vn -0.926006 0.368680 0.081167
vn -0.750033 0.644414 0.148930
vn -0.673730 0.735772 0.068762
vn -0.736154 0.675230 0.046283
vn -0.764924 0.634052 0.113446
vn -0.798207 0.594644 0.096251
vn -0.815706 0.567639 0.111402
vn -0.835542 0.540289 0.099788
vn -0.870916 0.482595 0.092770
vn -0.856659 0.502757 0.115629
vn -0.883621 0.459239 0.091177
vn -0.555192 0.823531 0.116437
vn -0.611271 0.788544 0.067422
vn -0.663185 0.746862 0.048811
vn -0.038158 0.839395 0.542180
vn -0.032998 0.701221 0.712180
vn -0.015971 0.567726 0.823063
vn -0.005547 0.566544 0.824013
vn -0.001399 0.566487 0.824069
vn -0.043771 0.552743 0.832202
vn -0.458654 -0.835338 -0.303062
vn -0.437067 -0.841565 -0.317397
vn -0.536851 -0.794143 -0.284832
vn -0.131693 -0.978849 -0.156563
vn -0.305427 -0.939123 -0.157359
vn -0.313067 -0.948595 -0.046451
vn -0.284358 -0.956955 -0.058121
vn -0.504598 -0.834894 -0.219848
vn -0.473628 -0.846363 -0.243609
vn -0.581036 -0.787747 -0.204577
vn -0.551145 -0.801958 -0.230440
vn -0.693820 -0.701159 -0.164283
vn -0.642406 -0.721691 -0.257830
vn -0.802404 -0.575837 -0.156711
vn -0.805774 -0.575579 -0.139418
vn -0.874970 -0.483473 -0.026099
vn -0.827940 -0.560150 -0.027341
vn -0.826019 -0.560553 -0.058931
vn -0.763704 -0.636661 -0.106857
vn -0.704892 -0.703040 -0.094137
vn -0.700185 -0.706933 -0.099936
vn -0.590409 -0.792327 -0.153741
vn -0.628734 -0.769116 -0.114692
vn -0.515306 -0.841959 -0.159891
vn -0.553031 -0.823576 -0.126013
vn -0.471693 -0.868453 -0.152625
vn -0.481084 -0.875464 -0.046050
vn -0.441529 -0.895788 -0.051146
vn -0.969924 -0.233637 0.068275
vn -0.967029 -0.249022 0.053326
vn -0.981858 -0.143672 0.123748
vn -0.875075 0.246257 0.416654
vn -0.882329 0.238626 0.405652
vn -0.922037 0.159012 0.352934
vn -0.927109 0.151513 0.342802
vn -0.956466 0.064148 0.284705
vn -0.959585 0.057078 0.275568
vn -0.976402 -0.036747 0.212811
vn -0.977814 -0.042942 0.205026
vn -0.977163 -0.181207 0.110977
vn -0.807268 0.414797 0.419836
vn -0.870339 0.330357 0.365205
vn -0.862323 0.337738 0.377269
vn -0.916551 0.244008 0.316852
vn -0.908844 0.253581 0.331208
vn -0.952134 0.151560 0.265463
vn -0.945503 0.163156 0.281788
vn -0.975908 0.054146 0.211355
vn -0.970978 0.067569 0.229425
vn -0.986779 -0.046826 0.155162
vn -0.984069 -0.031700 0.174937
vn -0.985072 -0.133498 0.108681
vn -0.083151 0.636934 0.766421
vn -0.034744 0.620793 0.783205
vn -0.091444 0.617887 0.780931
vn -0.161311 0.615791 0.771220
vn -0.103005 0.622212 0.776043
vn -0.110600 0.745945 0.656760
vn -0.082777 0.748073 0.658434
vn -0.039725 0.773947 0.632004
vn -0.978276 -0.197644 0.062549
vn -0.971398 -0.237242 0.010107
vn -0.990335 -0.098509 0.097634
vn -0.989491 -0.136917 0.046500
vn -0.991132 0.001140 0.132878
vn -0.995877 -0.035388 0.083521
vn -0.980799 0.099953 0.167462
vn -0.990556 0.065879 0.120245
vn -0.959739 0.196581 0.200642
vn -0.973803 0.165502 0.155941
vn -0.928558 0.289838 0.231892
vn -0.946088 0.262241 0.190126
vn -0.887961 0.378735 0.260932
vn -0.907968 0.355039 0.222579
vn -0.838676 0.462439 0.287703
vn -0.860046 0.442925 0.253257
vn -0.781441 0.540208 0.312289
vn -0.751849 0.393572 0.528984
vn -0.695140 0.445999 0.563795
vn -0.750918 0.481086 0.452414
vn -0.676722 0.545247 0.494726
vn -0.723923 0.587675 0.361349
vn -0.642327 0.652417 0.402204
vn -0.670636 0.686637 0.280673
vn -0.581450 0.748941 0.317809
vn -0.600541 0.780209 0.174997
vn -0.504414 0.838364 0.206669
vn -0.231110 0.610744 0.757351
vn -0.176360 0.620225 0.764342
vn -0.195901 0.738817 0.644804
vn -0.118788 0.748690 0.652191
vn -0.125139 0.854436 0.504261
vn -0.054992 0.859717 0.507802
vn -0.001115 0.914053 0.405593
vn -0.302103 0.601803 0.739302
vn -0.249042 0.614565 0.748524
vn -0.279985 0.725377 0.628838
vn -0.203640 0.740750 0.640171
vn -0.219930 0.842171 0.492321
vn -0.127327 0.855716 0.501535
vn -0.130366 0.919149 0.371713
vn -0.032267 0.926084 0.375936
vn -0.054084 0.985493 0.160870
vn -0.449888 0.567208 0.689838
vn -0.396176 0.588583 0.704709
vn -0.445474 0.677552 0.585215
vn -0.368834 0.705569 0.605090
vn -0.402632 0.791779 0.459319
vn -0.311421 0.820881 0.478719
vn -0.325917 0.878603 0.349047
vn -0.227570 0.903163 0.364016
vn -0.233340 0.948240 0.215390
vn -0.131277 0.965564 0.224618
vn -0.131515 0.989779 0.055150
vn -0.152585 0.984186 0.089975
vn -0.817648 0.324716 0.475406
vn -0.764281 0.386471 0.516251
vn -0.814707 0.409658 0.410406
vn -0.744966 0.484133 0.458956
vn -0.802965 0.524975 0.282222
vn -0.751267 0.579710 0.315492
vn -0.732878 0.626763 0.264683
vn -0.658158 0.689629 0.302058
vn -0.678774 0.716148 0.162476
vn -0.587110 0.784446 0.199866
vn -0.596717 0.802396 0.009459
vn -0.511835 0.854989 0.083781
vn -0.471161 0.880792 0.047039
vn -0.679839 0.452285 0.577284
vn -0.621931 0.495623 0.606268
vn -0.680400 0.543906 0.491144
vn -0.603936 0.597762 0.527201
vn -0.651002 0.651509 0.389530
vn -0.565719 0.706742 0.424827
vn -0.592288 0.747652 0.300351
vn -0.499343 0.800305 0.331917
vn -0.516049 0.836001 0.186539
vn -0.416671 0.883874 0.212489
vn -0.422622 0.902239 0.085763
vn -0.378601 0.924234 0.049530
vn -0.051384 0.998480 0.019926
vn -0.059901 0.996070 0.065243
vn 0.053509 0.972080 0.228468
vn -0.132502 0.965799 0.222881
vn -0.130888 0.919363 0.371000
vn -0.229412 0.903727 0.361453
vn -0.220530 0.842452 0.491569
vn -0.312551 0.821283 0.477289
vn -0.286910 0.726503 0.624400
vn -0.363210 0.705163 0.608953
vn -0.322139 0.604374 0.728669
vn -0.374978 0.587755 0.716893
vn -0.526489 0.538663 0.657763
vn -0.471167 0.566010 0.676486
vn -0.526295 0.641885 0.557672
vn -0.449282 0.677464 0.582399
vn -0.489560 0.753632 0.438599
vn -0.399625 0.791043 0.463196
vn -0.419128 0.844015 0.334619
vn -0.321685 0.877743 0.355086
vn -0.331529 0.920503 0.206790
vn -0.229231 0.947844 0.221461
vn -0.231542 0.971390 0.052824
vn -0.252017 0.963658 0.088603
vn -0.971105 0.167460 0.170035
vn -0.971843 0.108009 0.209417
vn -0.917652 0.255738 0.304160
vn -0.902430 0.287806 0.320605
vn -0.763542 0.449133 0.463987
vn -0.729785 0.486491 0.480354
vn -0.759827 0.430811 0.486893
vn -0.633254 0.549641 0.544871
vn -0.669675 0.496135 0.552617
vn -0.506652 0.517492 0.689570
vn -0.588080 0.489411 0.643925
vn -0.601304 0.479872 0.638871
vn -0.677229 0.442720 0.587674
vn -0.694546 0.427007 0.579025
vn -0.761997 0.381742 0.523100
vn -0.431894 0.630390 0.645040
vn -0.560151 0.578944 0.592499
vn -0.550372 0.586221 0.594505
vn -0.591965 0.553462 0.585882
vn -0.496817 0.594123 0.632607
vn -0.452026 0.617471 0.643741
vn -0.821277 0.308073 0.480203
vn -0.816593 0.320706 0.479920
vn -0.894607 0.301117 0.330162
vn -0.886094 0.325593 0.329888
vn -0.381900 0.625498 0.680371
vn -0.344446 0.641019 0.685894
vn -0.395033 0.610214 0.686723
vn -0.294331 0.634191 0.714962
vn -0.253497 0.645305 0.720639
vn -0.306013 0.614902 0.726809
vn -0.194813 0.635541 0.747085
vn -0.236148 0.621928 0.746619
vn -0.155261 0.621698 0.767714
vn -0.173439 0.619813 0.765344
vn -0.091269 0.602418 0.792946
vn -0.095480 0.601064 0.793477
vn -0.043568 0.580527 0.813075
vn -0.001005 0.510367 0.859956
vn -0.035133 0.509356 0.859838
vn -0.037067 0.578443 0.814880
vn -0.031492 0.577677 0.815658
vn -0.056058 0.516299 0.854572
vn -0.098913 0.512612 0.852904
vn -0.082128 0.521262 0.849436
vn -0.148893 0.535183 0.831511
vn -0.142876 0.536237 0.831887
vn -0.203229 0.544214 0.813959
vn -0.194972 0.546131 0.814695
vn -0.265081 0.550024 0.791963
vn -0.257704 0.552219 0.792870
vn -0.335187 0.550065 0.764904
vn -0.331427 0.551472 0.765530
vn -0.413450 0.541633 0.731911
vn -0.036516 0.552141 0.832950
vn 0.020815 0.537624 0.842928
vn -0.073271 0.534636 0.841900
vn -0.086974 0.539672 0.837371
vn -0.128489 0.535593 0.834644
vn -0.149369 0.541746 0.827164
vn -0.184647 0.536295 0.823586
vn -0.212041 0.542298 0.812989
vn -0.243638 0.535521 0.808615
vn -0.276689 0.540158 0.794778
vn -0.306803 0.531720 0.789396
vn -0.344394 0.533870 0.772254
vn -0.374946 0.523049 0.765399
vn -0.415636 0.521761 0.744992
vn -0.448274 0.507413 0.735923
vn -0.490320 0.502009 0.712441
vn -0.315580 0.945733 0.077447
vn -0.328901 0.940302 0.087496
vn -0.324665 0.920503 0.217410
vn -0.426082 0.882943 0.197146
vn -0.412516 0.843356 0.344356
vn -0.508198 0.800243 0.318348
vn -0.484600 0.752977 0.445184
vn -0.572609 0.706858 0.415297
vn -0.527854 0.641689 0.556421
vn -0.604936 0.597525 0.526323
vn -0.546702 0.535424 0.643769
vn -0.603876 0.500621 0.620253
vn -0.557231 0.464647 0.688183
vn -0.584525 0.424553 0.691437
vn -0.444071 0.503294 0.741280
vn -0.381113 0.510754 0.770638
vn -0.369200 0.515543 0.773244
vn -0.309865 0.517093 0.797871
vn -0.300273 0.520194 0.799521
vn -0.246774 0.517077 0.819594
vn -0.237181 0.519527 0.820876
vn -0.191280 0.513243 0.836656
vn -0.179139 0.515612 0.837887
vn -0.142153 0.507805 0.849663
vn -0.124728 0.510247 0.850935
vn -0.097608 0.502611 0.858985
vn -0.071883 0.504892 0.860184
vn -0.055464 0.499166 0.864729
vn -0.019480 0.500575 0.865474
vn -0.020670 0.500916 0.865249
vn -0.044005 -0.881319 -0.470469
vn -0.015211 -0.876689 -0.480817
vn -0.097568 -0.872376 -0.478999
vn -0.611927 -0.684476 -0.396280
vn -0.567398 -0.708341 -0.419896
vn -0.536834 -0.728738 -0.425147
vn -0.663783 -0.645629 -0.377565
vn -0.697557 -0.613989 -0.369366
vn -0.667023 -0.646836 -0.369707
vn -0.922382 -0.343785 -0.176135
vn -0.966471 -0.246900 -0.070527
vn -0.983572 -0.177337 -0.033720
vn -0.734729 -0.589617 -0.335449
vn -0.792081 -0.528766 -0.304983
vn -0.790690 -0.531086 -0.304561
vn -0.877146 -0.429468 -0.214877
vn -0.913714 -0.363903 -0.180835
vn -0.991230 -0.131878 0.008428
vn -0.996507 -0.028220 0.078602
vn -0.995311 -0.058139 0.077298
vn -0.989116 0.048218 0.139011
vn -0.982726 0.090862 0.161225
vn -0.032329 -0.894776 -0.445343
vn -0.074792 -0.914468 -0.397687
vn -0.046340 -0.910267 -0.411420
vn -0.062322 -0.940351 -0.334448
vn -0.079506 -0.943518 -0.321640
vn -0.061674 -0.965077 -0.254603
vn -0.076611 -0.968630 -0.236402
vn -0.083732 -0.987271 -0.135223
vn -0.007144 -0.984843 -0.173303
vn -0.082115 -0.994111 -0.070718
vn -0.278895 -0.855637 -0.436007
vn -0.289772 -0.869941 -0.399044
vn -0.308094 -0.870023 -0.384887
vn -0.320530 -0.885025 -0.337625
vn -0.345932 -0.883678 -0.315347
vn -0.357641 -0.896498 -0.261505
vn -0.389270 -0.892109 -0.229371
vn -0.403854 -0.905337 -0.131401
vn -0.391292 -0.909459 -0.140625
vn -0.398408 -0.915968 -0.047689
vn -0.380737 -0.922949 -0.056607
vn -0.185662 -0.982048 -0.033337
vn -0.135629 -0.987932 -0.074798
vn -0.225634 -0.973135 -0.045802
vn -0.219840 -0.964144 -0.148651
vn -0.243922 -0.960469 -0.134166
vn -0.232128 -0.942416 -0.240768
vn -0.210419 -0.942147 -0.260927
vn -0.200736 -0.924336 -0.324512
vn -0.180953 -0.922560 -0.340791
vn -0.172090 -0.903934 -0.391521
vn -0.154264 -0.901321 -0.404750
vn -0.147781 -0.885575 -0.440361
vn -0.131751 -0.882568 -0.451348
vn -0.125399 -0.864193 -0.487285
vn -0.163080 -0.859272 -0.484827
vn -0.935221 -0.352554 -0.032672
vn -0.882024 -0.453858 -0.126677
vn -0.811388 -0.551591 -0.193384
vn -0.361129 -0.809184 -0.463474
vn -0.375225 -0.803212 -0.462662
vn -0.391769 -0.817699 -0.421764
vn -0.477413 -0.782383 -0.399942
vn -0.495173 -0.793100 -0.354678
vn -0.590905 -0.740872 -0.319281
vn -0.621079 -0.714771 -0.321502
vn -0.779576 -0.581711 -0.232108
vn -0.796859 -0.580716 -0.166685
vn -0.890385 -0.449074 -0.074473
vn -0.872737 -0.482416 -0.074869
vn -0.902193 -0.427664 -0.056137
vn -0.902173 -0.427674 -0.056387
vn -0.205520 -0.851870 -0.481746
vn -0.254445 -0.836559 -0.485207
vn -0.267388 -0.855184 -0.444032
vn -0.393106 -0.817415 -0.421070
vn -0.409025 -0.830808 -0.377435
vn -0.501059 -0.791128 -0.350793
vn -0.518402 -0.801289 -0.298655
vn -0.656462 -0.715088 -0.240222
vn -0.665043 -0.717629 -0.206705
vn -0.825673 -0.555642 -0.097601
vn -0.830782 -0.554312 -0.050393
vn -0.876457 -0.477720 -0.060052
vn -0.878626 -0.477070 -0.020517
vn -0.905427 -0.424169 -0.016826
vn -0.902243 0.219963 0.370909
vn -0.940229 0.127828 0.315643
vn -0.939219 0.134779 0.315757
vn -0.980732 0.016304 0.194679
vn -0.985753 -0.033048 0.164921
vn -0.990286 -0.095159 0.101377
vn -0.986484 -0.148657 0.068919
vn -0.978065 -0.208147 0.007977
vn -0.946611 -0.316972 -0.058794
vn -0.917781 -0.372696 -0.137023
vn -0.820404 -0.524186 -0.228397
vn -0.780569 -0.557549 -0.282581
vn -0.682959 -0.648735 -0.335724
vn -0.600402 -0.694783 -0.395974
vn -0.580094 -0.712823 -0.394176
vn -0.469967 -0.772411 -0.427214
vn -0.516331 -0.738668 -0.433327
vn -0.455231 -0.772632 -0.442499
vn -0.489412 0.588631 0.643420
vn -0.415317 0.540763 0.731497
vn -0.498781 0.522049 0.691869
vn -0.484888 0.512523 0.708663
vn -0.552995 0.472653 0.686146
vn -0.640226 0.429595 0.636835
vn -0.638175 0.431192 0.637813
vn -0.717815 0.379896 0.583456
vn -0.721207 0.376601 0.581406
vn -0.790885 0.318154 0.522760
vn -0.798407 0.308837 0.516880
vn -0.856372 0.244547 0.454779
vn -0.866157 0.228468 0.444494
vn -0.911134 0.159812 0.379861
vn -0.920997 0.136610 0.364833
vn -0.952065 0.065352 0.298832
vn -0.959685 0.034926 0.278899
vn -0.976336 -0.036710 0.213119
vn -0.979305 -0.074247 0.188278
vn -0.981746 -0.143525 0.124802
vn -0.977643 -0.187281 0.095606
vn -0.967200 -0.251358 0.036654
vn -0.934555 -0.354253 -0.033336
vn -0.936169 -0.351388 -0.010712
vn -0.942946 -0.332862 0.007438
vn -0.942009 -0.334689 -0.024539
vn -0.955142 -0.294771 0.028543
vn -0.955314 -0.295527 0.006307
vn -0.931516 -0.363275 -0.017578
f 1//1 2//1 3//1
f 4//2 5//2 6//2
f 7//3 8//3 9//3
f 10//4 11//4 12//4
f 13//5 14//5 15//5
f 16//6 17//6 18//6
f 19//7 20//7 21//7
f 22//8 23//8 24//8
f 25//9 26//9 27//9
f 28//10 29//10 30//10
f 31//11 32//11 33//11
f 34//12 35//12 36//12
f 37//13 38//13 39//13
f 40//14 41//14 42//14
f 43//15 44//15 45//15
f 46//16 47//16 48//16
f 49//17 50//17 51//17
f 52//18 53//18 54//18
f 55//19 56//19 57//19
f 58//20 59//20 60//20
f 61//21 62//21 63//21
f 64//22 65//22 66//22
f 67//23 68//23 69//23
f 70//24 71//24 72//24
f 73//25 74//25 75//25
f 76//26 77//26 78//26
f 79//27 80//27 81//27
f 82//28 83//28 84//28
f 85//29 86//29 87//29
f 88//30 89//30 90//30
f 91//31 92//31 93//31
f 94//32 95//32 96//32
f 97//33 98//33 99//33
f 100//34 101//34 102//34
f 103//35 104//35 105//35
f 106//36 107//36 108//36
f 109//37 110//37 111//37
f 112//38 113//38 114//38
f 115//39 116//39 117//39
f 118//40 119//40 120//40
f 121//41 122//41 123//41
f 124//42 125//42 126//42
f 127//43 128//43 129//43
f 130//44 131//44 132//44
f 133//45 134//45 135//45
f 136//46 137//46 138//46
f 139//47 140//47 141//47
f 142//48 143//48 144//48
f 145//49 146//49 147//49
f 148//50 149//50 150//50
f 151//51 152//51 153//51
f 154//52 155//52 156//52
f 157//53 158//53 159//53
f 160//54 161//54 162//54
f 163//55 164//55 165//55
f 166//56 167//56 168//56
f 169//57 170//57 171//57
f 172//58 173//58 174//58
f 175//59 176//59 177//59
f 178//60 179//60 180//60
f 181//61 182//61 183//61
f 184//62 185//62 186//62
f 187//63 188//63 189//63
f 190//64 191//64 192//64
f 193//65 194//65 195//65
f 196//66 197//66 198//66
f 199//67 200//67 201//67
f 202//68 203//68 204//68
f 205//69 206//69 207//69
f 208//70 209//70 210//70
f 211//71 212//71 213//71
f 214//72 215//72 216//72
f 217//73 218//73 219//73
f 220//74 221//74 222//74
f 223//75 224//75 225//75
f 226//76 227//76 228//76
f 229//77 230//77 231//77
f 232//78 233//78 234//78
f 235//79 236//79 237//79
f 238//80 239//80 240//80
f 241//81 242//81 243//81
f 244//82 245//82 246//82
f 247//83 248//83 249//83
f 250//84 251//84 252//84
f 253//85 254//85 255//85
f 256//86 257//86 258//86
f 259//87 260//87 261//87
f 262//88 263//88 264//88
f 265//89 266//89 267//89
f 268//90 269//90 270//90
f 271//91 272//91 273//91
f 274//92 275//92 276//92
f 277//93 278//93 279//93
f 280//94 281//94 282//94
f 283//95 284//95 285//95
f 286//96 287//96 288//96
f 289//97 290//97 291//97
f 292//98 293//98 294//98
f 295//99 296//99 297//99
f 298//100 299//100 300//100
f 301//101 302//101 303//101
f 304//102 305//102 306//102
f 307//103 308//103 309//103
f 310//104 311//104 312//104
f 313//105 314//105 315//105
f 316//106 317//106 318//106
f 319//107 320//107 321//107
f 322//108 323//108 324//108
f 325//109 326//109 327//109
f 328//110 329//110 330//110
f 331//111 332//111 333//111
f 334//112 335//112 336//112
f 337//113 338//113 339//113
f 340//114 341//114 342//114
f 343//115 344//115 345//115
f 346//116 347//116 348//116
f 349//117 350//117 351//117
f 352//118 353//118 354//118
f 355//119 356//119 357//119
f 358//120 359//120 360//120
f 361//121 362//121 363//121
f 364//122 365//122 366//122
f 367//123 368//123 369//123
f 370//124 371//124 372//124
f 373//125 374//125 375//125
f 376//126 377//126 378//126
f 379//127 380//127 381//127
f 382//128 383//128 384//128
f 385//129 386//129 387//129
f 388//130 389//130 390//130
f 391//131 392//131 393//131
f 394//132 395//132 396//132
f 397//133 398//133 399//133
f 400//134 401//134 402//134
f 403//135 404//135 405//135
f 406//136 407//136 408//136
f 409//137 410//137 411//137
f 412//138 413//138 414//138
f 415//139 416//139 417//139
f 418//140 419//140 420//140
f 421//141 422//141 423//141
f 424//142 425//142 426//142
f 427//143 428//143 429//143
f 430//144 431//144 432//144
f 433//145 434//145 435//145
f 436//146 437//146 438//146
f 439//147 440//147 441//147
f 442//148 443//148 444//148
f 445//149 446//149 447//149
f 448//150 449//150 450//150
f 451//151 452//151 453//151
f 454//152 455//152 456//152
f 457//153 458//153 459//153
f 460//154 461//154 462//154
f 463//155 464//155 465//155
f 466//156 467//156 468//156
f 469//157 470//157 471//157
f 472//158 473//158 474//158
f 475//159 476//159 477//159
f 478//160 479//160 480//160
f 481//161 482//161 483//161
f 484//162 485//162 486//162
f 487//163 488//163 489//163
f 490//164 491//164 492//164
f 493//165 494//165 495//165
f 496//166 497//166 498//166
f 499//167 500//167 501//167
f 502//168 503//168 504//168
f 505//169 506//169 507//169
f 508//170 509//170 510//170
f 511//171 512//171 513//171
f 514//172 515//172 516//172
f 517//173 518//173 519//173
f 520//174 521//174 522//174
f 523//175 524//175 525//175
f 526//176 527//176 528//176
f 529//177 530//177 531//177
f 532//178 533//178 534//178
f 535//179 536//179 537//179
f 538//180 539//180 540//180
f 541//181 542//181 543//181
f 544//182 545//182 546//182
f 547//183 548//183 549//183
f 550//184 551//184 552//184
f 553//185 554//185 555//185
f 556//186 557//186 558//186
f 559//187 560//187 561//187
f 562//188 563//188 564//188
f 565//189 566//189 567//189
f 568//190 569//190 570//190
f 571//191 572//191 573//191
f 574//192 575//192 576//192
f 577//193 578//193 579//193
f 580//194 581//194 582//194
f 583//195 584//195 585//195
f 586//196 587//196 588//196
f 589//197 590//197 591//197
f 592//198 593//198 594//198
f 595//199 596//199 597//199
f 598//200 599//200 600//200
f 601//201 602//201 603//201
f 604//202 605//202 606//202
f 607//203 608//203 609//203
f 610//204 611//204 612//204
f 613//205 614//205 615//205
f 616//206 617//206 618//206
f 619//207 620//207 621//207
f 622//208 623//208 624//208
f 625//209 626//209 627//209
f 628//210 629//210 630//210
f 631//211 632//211 633//211
f 634//212 635//212 636//212
f 637//213 638//213 639//213
f 640//214 641//214 642//214
f 643//215 644//215 645//215
f 646//216 647//216 648//216
f 649//217 650//217 651//217
f 652//218 653//218 654//218
f 655//219 656//219 657//219
f 658//220 659//220 660//220
f 661//221 662//221 663//221
f 664//222 665//222 666//222
f 667//223 668//223 669//223
f 670//224 671//224 672//224
f 673//225 674//225 675//225
f 676//226 677//226 678//226
f 679//227 680//227 681//227
f 682//228 683//228 684//228
f 685//229 686//229 687//229
f 688//230 689//230 690//230
f 691//231 692//231 693//231
f 694//232 695//232 696//232
f 697//233 698//233 699//233
f 700//234 701//234 702//234
f 703//235 704//235 705//235
f 706//236 707//236 708//236
f 709//237 710//237 711//237
f 712//238 713//238 714//238
f 715//239 716//239 717//239
f 718//240 719//240 720//240
f 721//241 722//241 723//241
f 724//242 725//242 726//242
f 727//243 728//243 729//243
f 730//244 731//244 732//244
f 733//245 734//245 735//245
f 736//246 737//246 738//246
f 739//247 740//247 741//247
f 742//248 743//248 744//248
f 745//249 746//249 747//249
f 748//250 749//250 750//250
f 751//251 752//251 753//251
f 754//252 755//252 756//252
f 757//253 758//253 759//253
f 760//254 761//254 762//254
f 763//255 764//255 765//255
f 766//256 767//256 768//256
f 769//257 770//257 771//257
f 772//258 773//258 774//258
f 775//259 776//259 777//259
f 778//260 779//260 780//260
f 781//261 782//261 783//261
f 784//262 785//262 786//262
f 787//263 788//263 789//263
f 790//264 791//264 792//264
f 793//265 794//265 795//265
f 796//266 797//266 798//266
f 799//267 800//267 801//267
f 802//268 803//268 804//268
f 805//269 806//269 807//269
f 808//270 809//270 810//270
f 811//271 812//271 813//271
f 814//272 815//272 816//272
f 817//273 818//273 819//273
f 820//274 821//274 822//274
f 823//275 824//275 825//275
f 826//276 827//276 828//276
f 829//277 830//277 831//277
f 832//278 833//278 834//278
f 835//279 836//279 837//279
f 838//280 839//280 840//280
f 841//281 842//281 843//281
f 844//282 845//282 846//282
f 847//283 848//283 849//283
f 850//284 851//284 852//284
f 853//285 854//285 855//285
f 856//286 857//286 858//286
f 859//287 860//287 861//287
f 862//288 863//288 864//288
f 865//289 866//289 867//289
f 868//290 869//290 870//290
f 871//291 872//291 873//291
f 874//292 875//292 876//292
f 877//293 878//293 879//293
f 880//294 881//294 882//294
f 883//295 884//295 885//295
f 886//296 887//296 888//296
f 889//297 890//297 891//297
f 892//298 893//298 894//298
f 895//299 896//299 897//299
f 898//300 899//300 900//300
f 901//301 902//301 903//301
f 904//302 905//302 906//302
f 907//303 908//303 909//303
f 910//304 911//304 912//304
f 913//305 914//305 915//305
f 916//306 917//306 918//306
f 919//307 920//307 921//307
f 922//308 923//308 924//308
f 925//309 926//309 927//309
f 928//310 929//310 930//310
f 931//311 932//311 933//311
f 934//312 935//312 936//312
f 937//313 938//313 939//313
f 940//314 941//314 942//314
f 943//315 944//315 945//315
f 946//316 947//316 948//316
f 949//317 950//317 951//317
f 952//318 953//318 954//318
f 955//319 956//319 957//319
f 958//320 959//320 960//320
f 961//321 962//321 963//321
f 964//322 965//322 966//322
f 967//323 968//323 969//323
f 970//324 971//324 972//324
f 973//325 974//325 975//325
f 976//326 977//326 978//326
f 979//327 980//327 981//327
f 982//328 983//328 984//328
f 985//329 986//329 987//329
f 988//330 989//330 990//330
f 991//331 992//331 993//331
f 994//332 995//332 996//332
f 997//333 998//333 999//333
f 1000//334 1001//334 1002//334
f 1003//335 1004//335 1005//335
f 1006//336 1007//336 1008//336
f 1009//337 1010//337 1011//337
f 1012//338 1013//338 1014//338
f 1015//339 1016//339 1017//339
f 1018//340 1019//340 1020//340
f 1021//341 1022//341 1023//341
f 1024//342 1025//342 1026//342
f 1027//343 1028//343 1029//343
f 1030//344 1031//344 1032//344
f 1033//345 1034//345 1035//345
f 1036//346 1037//346 1038//346
f 1039//347 1040//347 1041//347
f 1042//348 1043//348 1044//348
f 1045//349 1046//349 1047//349
f 1048//350 1049//350 1050//350
f 1051//351 1052//351 1053//351
f 1054//352 1055//352 1056//352
f 1057//353 1058//353 1059//353
f 1060//354 1061//354 1062//354
f 1063//355 1064//355 1065//355
f 1066//356 1067//356 1068//356
f 1069//357 1070//357 1071//357
f 1072//358 1073//358 1074//358
f 1075//359 1076//359 1077//359
f 1078//360 1079//360 1080//360
f 1081//361 1082//361 1083//361
f 1084//362 1085//362 1086//362
f 1087//363 1088//363 1089//363
f 1090//364 1091//364 1092//364
f 1093//365 1094//365 1095//365
f 1096//366 1097//366 1098//366
f 1099//367 1100//367 1101//367
f 1102//368 1103//368 1104//368
f 1105//369 1106//369 1107//369
f 1108//370 1109//370 1110//370
f 1111//371 1112//371 1113//371
f 1114//372 1115//372 1116//372
f 1117//373 1118//373 1119//373
f 1120//374 1121//374 1122//374
f 1123//375 1124//375 1125//375
f 1126//376 1127//376 1128//376
f 1129//377 1130//377 1131//377
f 1132//378 1133//378 1134//378
f 1135//379 1136//379 1137//379
f 1138//380 1139//380 1140//380
f 1141//381 1142//381 1143//381
f 1144//382 1145//382 1146//382
f 1147//383 1148//383 1149//383
f 1150//384 1151//384 1152//384
f 1153//385 1154//385 1155//385
f 1156//386 1157//386 1158//386
f 1159//387 1160//387 1161//387
f 1162//388 1163//388 1164//388
f 1165//389 1166//389 1167//389
f 1168//390 1169//390 1170//390
f 1171//391 1172//391 1173//391
f 1174//392 1175//392 1176//392
f 1177//393 1178//393 1179//393
f 1180//394 1181//394 1182//394
f 1183//395 1184//395 1185//395
f 1186//396 1187//396 1188//396
f 1189//397 1190//397 1191//397
f 1192//398 1193//398 1194//398
f 1195//399 1196//399 1197//399
f 1198//400 1199//400 1200//400
f 1201//401 1202//401 1203//401
f 1204//402 1205//402 1206//402
f 1207//403 1208//403 1209//403
f 1210//404 1211//404 1212//404
f 1213//405 1214//405 1215//405
f 1216//406 1217//406 1218//406
f 1219//407 1220//407 1221//407
f 1222//408 1223//408 1224//408
f 1225//409 1226//409 1227//409
f 1228//410 1229//410 1230//410
f 1231//411 1232//411 1233//411
f 1234//412 1235//412 1236//412
f 1237//413 1238//413 1239//413
f 1240//414 1241//414 1242//414
f 1243//415 1244//415 1245//415
f 1246//416 1247//416 1248//416
f 1249//417 1250//417 1251//417
f 1252//418 1253//418 1254//418
f 1255//419 1256//419 1257//419
f 1258//420 1259//420 1260//420
f 1261//421 1262//421 1263//421
f 1264//422 1265//422 1266//422
f 1267//423 1268//423 1269//423
f 1270//424 1271//424 1272//424
f 1273//425 1274//425 1275//425
f 1276//426 1277//426 1278//426
f 1279//427 1280//427 1281//427
f 1282//428 1283//428 1284//428
f 1285//429 1286//429 1287//429
f 1288//430 1289//430 1290//430
f 1291//431 1292//431 1293//431
f 1294//432 1295//432 1296//432
f 1297//433 1298//433 1299//433
f 1300//434 1301//434 1302//434
f 1303//435 1304//435 1305//435
f 1306//436 1307//436 1308//436
f 1309//437 1310//437 1311//437
f 1312//438 1313//438 1314//438
f 1315//439 1316//439 1317//439
f 1318//440 1319//440 1320//440
f 1321//441 1322//441 1323//441
f 1324//442 1325//442 1326//442
f 1327//443 1328//443 1329//443
f 1330//444 1331//444 1332//444
f 1333//445 1334//445 1335//445
f 1336//446 1337//446 1338//446
f 1339//447 1340//447 1341//447
f 1342//448 1343//448 1344//448
f 1345//449 1346//449 1347//449
f 1348//450 1349//450 1350//450
f 1351//451 1352//451 1353//451
f 1354//452 1355//452 1356//452
f 1357//453 1358//453 1359//453
f 1360//454 1361//454 1362//454
f 1363//455 1364//455 1365//455
f 1366//456 1367//456 1368//456
f 1369//457 1370//457 1371//457
f 1372//458 1373//458 1374//458
f 1375//459 1376//459 1377//459
f 1378//460 1379//460 1380//460
f 1381//461 1382//461 1383//461
f 1384//462 1385//462 1386//462
f 1387//463 1388//463 1389//463
f 1390//464 1391//464 1392//464
f 1393//465 1394//465 1395//465
f 1396//466 1397//466 1398//466
f 1399//467 1400//467 1401//467
f 1402//468 1403//468 1404//468
f 1405//469 1406//469 1407//469
f 1408//470 1409//470 1410//470
f 1411//471 1412//471 1413//471
f 1414//472 1415//472 1416//472
f 1417//473 1418//473 1419//473
f 1420//474 1421//474 1422//474
f 1423//475 1424//475 1425//475
f 1426//476 1427//476 1428//476
f 1429//477 1430//477 1431//477
f 1432//478 1433//478 1434//478
f 1435//479 1436//479 1437//479
f 1438//480 1439//480 1440//480
f 1441//481 1442//481 1443//481
f 1444//482 1445//482 1446//482
f 1447//483 1448//483 1449//483
f 1450//484 1451//484 1452//484
f 1453//485 1454//485 1455//485
f 1456//486 1457//486 1458//486
f 1459//487 1460//487 1461//487
f 1462//488 1463//488 1464//488
f 1465//489 1466//489 1467//489
f 1468//490 1469//490 1470//490
f 1471//491 1472//491 1473//491
f 1474//492 1475//492 1476//492
f 1477//493 1478//493 1479//493
f 1480//494 1481//494 1482//494
f 1483//495 1484//495 1485//495
f 1486//496 1487//496 1488//496
f 1489//497 1490//497 1491//497
f 1492//498 1493//498 1494//498
f 1495//499 1496//499 1497//499
f 1498//500 1499//500 1500//500
f 1501//501 1502//501 1503//501
f 1504//502 1505//502 1506//502
f 1507//503 1508//503 1509//503
f 1510//504 1511//504 1512//504
f 1513//505 1514//505 1515//505
f 1516//506 1517//506 1518//506
f 1519//507 1520//507 1521//507
f 1522//508 1523//508 1524//508
f 1525//509 1526//509 1527//509
f 1528//510 1529//510 1530//510
f 1531//511 1532//511 1533//511
f 1534//512 1535//512 1536//512
f 1537//513 1538//513 1539//513
f 1540//514 1541//514 1542//514
f 1543//515 1544//515 1545//515
f 1546//516 1547//516 1548//516
f 1549//517 1550//517 1551//517
f 1552//518 1553//518 1554//518
f 1555//519 1556//519 1557//519
f 1558//520 1559//520 1560//520
f 1561//521 1562//521 1563//521
f 1564//522 1565//522 1566//522
f 1567//523 1568//523 1569//523
f 1570//524 1571//524 1572//524
f 1573//525 1574//525 1575//525
f 1576//526 1577//526 1578//526
f 1579//527 1580//527 1581//527
f 1582//528 1583//528 1584//528
f 1585//529 1586//529 1587//529
f 1588//530 1589//530 1590//530
f 1591//531 1592//531 1593//531
f 1594//532 1595//532 1596//532
f 1597//533 1598//533 1599//533
f 1600//534 1601//534 1602//534
f 1603//535 1604//535 1605//535
f 1606//536 1607//536 1608//536
f 1609//537 1610//537 1611//537
f 1612//538 1613//538 1614//538
f 1615//539 1616//539 1617//539
f 1618//540 1619//540 1620//540
f 1621//541 1622//541 1623//541
f 1624//542 1625//542 1626//542
f 1627//543 1628//543 1629//543
f 1630//544 1631//544 1632//544
f 1633//545 1634//545 1635//545
f 1636//546 1637//546 1638//546
f 1639//547 1640//547 1641//547
f 1642//548 1643//548 1644//548
f 1645//549 1646//549 1647//549
f 1648//550 1649//550 1650//550
f 1651//551 1652//551 1653//551
f 1654//552 1655//552 1656//552
f 1657//553 1658//553 1659//553
f 1660//554 1661//554 1662//554
f 1663//555 1664//555 1665//555
f 1666//556 1667//556 1668//556
f 1669//557 1670//557 1671//557
f 1672//558 1673//558 1674//558
f 1675//559 1676//559 1677//559
f 1678//560 1679//560 1680//560
f 1681//561 1682//561 1683//561
f 1684//562 1685//562 1686//562
f 1687//563 1688//563 1689//563
f 1690//564 1691//564 1692//564
f 1693//565 1694//565 1695//565
f 1696//566 1697//566 1698//566
f 1699//567 1700//567 1701//567
f 1702//568 1703//568 1704//568
f 1705//569 1706//569 1707//569
f 1708//570 1709//570 1710//570
f 1711//571 1712//571 1713//571
f 1714//572 1715//572 1716//572
f 1717//573 1718//573 1719//573
f 1720//574 1721//574 1722//574
f 1723//575 1724//575 1725//575
f 1726//576 1727//576 1728//576
f 1729//577 1730//577 1731//577
f 1732//578 1733//578 1734//578
f 1735//579 1736//579 1737//579
f 1738//580 1739//580 1740//580
f 1741//581 1742//581 1743//581
f 1744//582 1745//582 1746//582
f 1747//583 1748//583 1749//583
f 1750//584 1751//584 1752//584
f 1753//585 1754//585 1755//585
f 1756//586 1757//586 1758//586
f 1759//587 1760//587 1761//587
f 1762//588 1763//588 1764//588
f 1765//589 1766//589 1767//589
f 1768//590 1769//590 1770//590
f 1771//591 1772//591 1773//591
f 1774//592 1775//592 1776//592
f 1777//593 1778//593 1779//593
f 1780//594 1781//594 1782//594
f 1783//595 1784//595 1785//595
f 1786//596 1787//596 1788//596
f 1789//597 1790//597 1791//597
f 1792//598 1793//598 1794//598
f 1795//599 1796//599 1797//599
f 1798//600 1799//600 1800//600
f 1801//601 1802//601 1803//601
f 1804//602 1805//602 1806//602
f 1807//603 1808//603 1809//603
f 1810//604 1811//604 1812//604
f 1813//605 1814//605 1815//605
f 1816//606 1817//606 1818//606
f 1819//607 1820//607 1821//607
f 1822//608 1823//608 1824//608
f 1825//609 1826//609 1827//609
f 1828//610 1829//610 1830//610
f 1831//611 1832//611 1833//611
f 1834//612 1835//612 1836//612
f 1837//613 1838//613 1839//613
f 1840//614 1841//614 1842//614
f 1843//615 1844//615 1845//615
f 1846//616 1847//616 1848//616
f 1849//617 1850//617 1851//617
f 1852//618 1853//618 1854//618
f 1855//619 1856//619 1857//619
f 1858//620 1859//620 1860//620
f 1861//621 1862//621 1863//621
f 1864//622 1865//622 1866//622
f 1867//623 1868//623 1869//623
f 1870//624 1871//624 1872//624
f 1873//625 1874//625 1875//625
f 1876//626 1877//626 1878//626
f 1879//627 1880//627 1881//627
f 1882//628 1883//628 1884//628
f 1885//629 1886//629 1887//629
f 1888//630 1889//630 1890//630
f 1891//631 1892//631 1893//631
f 1894//632 1895//632 1896//632
f 1897//633 1898//633 1899//633
f 1900//634 1901//634 1902//634
f 1903//635 1904//635 1905//635
f 1906//636 1907//636 1908//636
f 1909//637 1910//637 1911//637
f 1912//638 1913//638 1914//638
f 1915//639 1916//639 1917//639
f 1918//640 1919//640 1920//640
f 1921//641 1922//641 1923//641
f 1924//642 1925//642 1926//642
f 1927//643 1928//643 1929//643
f 1930//644 1931//644 1932//644
f 1933//645 1934//645 1935//645
f 1936//646 1937//646 1938//646
f 1939//647 1940//647 1941//647
f 1942//648 1943//648 1944//648
f 1945//649 1946//649 1947//649
f 1948//650 1949//650 1950//650
f 1951//651 1952//651 1953//651
f 1954//652 1955//652 1956//652
f 1957//653 1958//653 1959//653
f 1960//654 1961//654 1962//654
f 1963//655 1964//655 1965//655
f 1966//656 1967//656 1968//656
f 1969//657 1970//657 1971//657
f 1972//658 1973//658 1974//658
f 1975//659 1976//659 1977//659
f 1978//660 1979//660 1980//660
f 1981//661 1982//661 1983//661
f 1984//662 1985//662 1986//662
f 1987//663 1988//663 1989//663
f 1990//664 1991//664 1992//664
f 1993//665 1994//665 1995//665
f 1996//666 1997//666 1998//666
f 1999//667 2000//667 2001//667
f 2002//668 2003//668 2004//668
f 2005//669 2006//669 2007//669
f 2008//670 2009//670 2010//670
f 2011//671 2012//671 2013//671
f 2014//672 2015//672 2016//672
f 2017//673 2018//673 2019//673
f 2020//674 2021//674 2022//674
f 2023//675 2024//675 2025//675
f 2026//676 2027//676 2028//676
f 2029//677 2030//677 2031//677
f 2032//678 2033//678 2034//678
f 2035//679 2036//679 2037//679
f 2038//680 2039//680 2040//680
f 2041//681 2042//681 2043//681
f 2044//682 2045//682 2046//682
f 2047//683 2048//683 2049//683
f 2050//684 2051//684 2052//684
f 2053//685 2054//685 2055//685
f 2056//686 2057//686 2058//686
f 2059//687 2060//687 2061//687
f 2062//688 2063//688 2064//688
f 2065//689 2066//689 2067//689
f 2068//690 2069//690 2070//690
f 2071//691 2072//691 2073//691
f 2074//692 2075//692 2076//692
f 2077//693 2078//693 2079//693
f 2080//694 2081//694 2082//694
f 2083//695 2084//695 2085//695
f 2086//696 2087//696 2088//696
f 2089//697 2090//697 2091//697
f 2092//698 2093//698 2094//698
f 2095//699 2096//699 2097//699
f 2098//700 2099//700 2100//700
f 2101//701 2102//701 2103//701
f 2104//702 2105//702 2106//702
f 2107//703 2108//703 2109//703
f 2110//704 2111//704 2112//704
f 2113//705 2114//705 2115//705
f 2116//706 2117//706 2118//706
f 2119//707 2120//707 2121//707
f 2122//708 2123//708 2124//708
f 2125//709 2126//709 2127//709
f 2128//710 2129//710 2130//710
f 2131//711 2132//711 2133//711
f 2134//712 2135//712 2136//712
f 2137//713 2138//713 2139//713
f 2140//714 2141//714 2142//714
f 2143//715 2144//715 2145//715
f 2146//716 2147//716 2148//716
f 2149//717 2150//717 2151//717
f 2152//718 2153//718 2154//718
f 2155//719 2156//719 2157//719
f 2158//720 2159//720 2160//720
f 2161//721 2162//721 2163//721
f 2164//722 2165//722 2166//722
f 2167//723 2168//723 2169//723
f 2170//724 2171//724 2172//724
f 2173//725 2174//725 2175//725
f 2176//726 2177//726 2178//726
f 2179//727 2180//727 2181//727
f 2182//728 2183//728 2184//728
f 2185//729 2186//729 2187//729
f 2188//730 2189//730 2190//730
f 2191//731 2192//731 2193//731
f 2194//732 2195//732 2196//732
f 2197//733 2198//733 2199//733
f 2200//734 2201//734 2202//734
f 2203//735 2204//735 2205//735
f 2206//736 2207//736 2208//736
f 2209//737 2210//737 2211//737
f 2212//738 2213//738 2214//738
f 2215//739 2216//739 2217//739
f 2218//740 2219//740 2220//740
f 2221//741 2222//741 2223//741
f 2224//742 2225//742 2226//742
f 2227//743 2228//743 2229//743
f 2230//744 2231//744 2232//744
f 2233//745 2234//745 2235//745
f 2236//746 2237//746 2238//746
f 2239//747 2240//747 2241//747
f 2242//748 2243//748 2244//748
f 2245//749 2246//749 2247//749
f 2248//750 2249//750 2250//750
f 2251//751 2252//751 2253//751
f 2254//752 2255//752 2256//752
f 2257//753 2258//753 2259//753
f 2260//754 2261//754 2262//754
f 2263//755 2264//755 2265//755
f 2266//756 2267//756 2268//756
f 2269//757 2270//757 2271//757
f 2272//758 2273//758 2274//758
f 2275//759 2276//759 2277//759
f 2278//760 2279//760 2280//760
f 2281//761 2282//761 2283//761
f 2284//762 2285//762 2286//762
f 2287//763 2288//763 2289//763
f 2290//764 2291//764 2292//764
f 2293//765 2294//765 2295//765
f 2296//766 2297//766 2298//766
f 2299//767 2300//767 2301//767
f 2302//768 2303//768 2304//768
f 2305//769 2306//769 2307//769
f 2308//770 2309//770 2310//770
f 2311//771 2312//771 2313//771
f 2314//772 2315//772 2316//772
f 2317//773 2318//773 2319//773
f 2320//774 2321//774 2322//774
f 2323//775 2324//775 2325//775
f 2326//776 2327//776 2328//776
f 2329//777 2330//777 2331//777
f 2332//778 2333//778 2334//778
f 2335//779 2336//779 2337//779
f 2338//780 2339//780 2340//780
f 2341//781 2342//781 2343//781
f 2344//782 2345//782 2346//782
f 2347//783 2348//783 2349//783
f 2350//784 2351//784 2352//784
f 2353//785 2354//785 2355//785
f 2356//786 2357//786 2358//786
f 2359//787 2360//787 2361//787
f 2362//788 2363//788 2364//788
f 2365//789 2366//789 2367//789
f 2368//790 2369//790 2370//790
f 2371//791 2372//791 2373//791
f 2374//792 2375//792 2376//792
f 2377//793 2378//793 2379//793
f 2380//794 2381//794 2382//794
f 2383//795 2384//795 2385//795
f 2386//796 2387//796 2388//796
f 2389//797 2390//797 2391//797
f 2392//798 2393//798 2394//798
f 2395//799 2396//799 2397//799
f 2398//800 2399//800 2400//800
f 2401//801 2402//801 2403//801
f 2404//802 2405//802 2406//802
f 2407//803 2408//803 2409//803
f 2410//804 2411//804 2412//804
f 2413//805 2414//805 2415//805
f 2416//806 2417//806 2418//806
f 2419//807 2420//807 2421//807
f 2422//808 2423//808 2424//808
f 2425//809 2426//809 2427//809
f 2428//810 2429//810 2430//810
f 2431//811 2432//811 2433//811
f 2434//812 2435//812 2436//812
f 2437//813 2438//813 2439//813
f 2440//814 2441//814 2442//814
f 2443//815 2444//815 2445//815
f 2446//816 2447//816 2448//816
f 2449//817 2450//817 2451//817
f 2452//818 2453//818 2454//818
f 2455//819 2456//819 2457//819
f 2458//820 2459//820 2460//820
f 2461//821 2462//821 2463//821
f 2464//822 2465//822 2466//822
f 2467//823 2468//823 2469//823
f 2470//824 2471//824 2472//824
f 2473//825 2474//825 2475//825
f 2476//826 2477//826 2478//826
f 2479//827 2480//827 2481//827
f 2482//828 2483//828 2484//828
f 2485//829 2486//829 2487//829
f 2488//830 2489//830 2490//830
f 2491//831 2492//831 2493//831
f 2494//832 2495//832 2496//832
f 2497//833 2498//833 2499//833
f 2500//834 2501//834 2502//834
f 2503//835 2504//835 2505//835
f 2506//836 2507//836 2508//836
f 2509//837 2510//837 2511//837
f 2512//838 2513//838 2514//838
f 2515//839 2516//839 2517//839
f 2518//840 2519//840 2520//840
f 2521//841 2522//841 2523//841
f 2524//842 2525//842 2526//842
f 2527//843 2528//843 2529//843
f 2530//844 2531//844 2532//844
f 2533//845 2534//845 2535//845
f 2536//846 2537//846 2538//846
f 2539//847 2540//847 2541//847
f 2542//848 2543//848 2544//848
f 2545//849 2546//849 2547//849
f 2548//850 2549//850 2550//850
f 2551//851 2552//851 2553//851
f 2554//852 2555//852 2556//852
f 2557//853 2558//853 2559//853
f 2560//854 2561//854 2562//854
f 2563//855 2564//855 2565//855
f 2566//856 2567//856 2568//856
f 2569//857 2570//857 2571//857
f 2572//858 2573//858 2574//858
f 2575//859 2576//859 2577//859
f 2578//860 2579//860 2580//860
f 2581//861 2582//861 2583//861
f 2584//862 2585//862 2586//862
f 2587//863 2588//863 2589//863
f 2590//864 2591//864 2592//864
f 2593//865 2594//865 2595//865
f 2596//866 2597//866 2598//866
f 2599//867 2600//867 2601//867
f 2602//868 2603//868 2604//868
f 2605//869 2606//869 2607//869
f 2608//870 2609//870 2610//870
f 2611//871 2612//871 2613//871
f 2614//872 2615//872 2616//872
f 2617//873 2618//873 2619//873
f 2620//874 2621//874 2622//874
f 2623//875 2624//875 2625//875
f 2626//876 2627//876 2628//876
f 2629//877 2630//877 2631//877
f 2632//878 2633//878 2634//878
f 2635//879 2636//879 2637//879
f 2638//880 2639//880 2640//880
f 2641//881 2642//881 2643//881
f 2644//882 2645//882 2646//882
f 2647//883 2648//883 2649//883
f 2650//884 2651//884 2652//884
f 2653//885 2654//885 2655//885
f 2656//886 2657//886 2658//886
f 2659//887 2660//887 2661//887
f 2662//888 2663//888 2664//888
f 2665//889 2666//889 2667//889
f 2668//890 2669//890 2670//890
f 2671//891 2672//891 2673//891
f 2674//892 2675//892 2676//892
f 2677//893 2678//893 2679//893
f 2680//894 2681//894 2682//894
f 2683//895 2684//895 2685//895
f 2686//896 2687//896 2688//896
f 2689//897 2690//897 2691//897
f 2692//898 2693//898 2694//898
f 2695//899 2696//899 2697//899
f 2698//900 2699//900 2700//900
f 2701//901 2702//901 2703//901
f 2704//902 2705//902 2706//902
f 2707//903 2708//903 2709//903
f 2710//904 2711//904 2712//904
f 2713//905 2714//905 2715//905
f 2716//906 2717//906 2718//906
f 2719//907 2720//907 2721//907
f 2722//908 2723//908 2724//908
f 2725//909 2726//909 2727//909
f 2728//910 2729//910 2730//910
f 2731//911 2732//911 2733//911
f 2734//912 2735//912 2736//912
f 2737//913 2738//913 2739//913
f 2740//914 2741//914 2742//914
f 2743//915 2744//915 2745//915
f 2746//916 2747//916 2748//916
f 2749//917 2750//917 2751//917
f 2752//918 2753//918 2754//918
f 2755//919 2756//919 2757//919
f 2758//920 2759//920 2760//920
f 2761//921 2762//921 2763//921
f 2764//922 2765//922 2766//922
f 2767//923 2768//923 2769//923
f 2770//924 2771//924 2772//924
f 2773//925 2774//925 2775//925
f 2776//926 2777//926 2778//926
f 2779//927 2780//927 2781//927
f 2782//928 2783//928 2784//928
f 2785//929 2786//929 2787//929
f 2788//930 2789//930 2790//930
f 2791//931 2792//931 2793//931
f 2794//932 2795//932 2796//932
f 2797//933 2798//933 2799//933
f 2800//934 2801//934 2802//934
f 2803//935 2804//935 2805//935
f 2806//936 2807//936 2808//936
f 2809//937 2810//937 2811//937
f 2812//938 2813//938 2814//938
f 2815//939 2816//939 2817//939
f 2818//940 2819//940 2820//940
f 2821//941 2822//941 2823//941
f 2824//942 2825//942 2826//942
f 2827//943 2828//943 2829//943
f 2830//944 2831//944 2832//944
f 2833//945 2834//945 2835//945
f 2836//946 2837//946 2838//946
f 2839//947 2840//947 2841//947
f 2842//948 2843//948 2844//948
f 2845//949 2846//949 2847//949
f 2848//950 2849//950 2850//950
f 2851//951 2852//951 2853//951
f 2854//952 2855//952 2856//952
f 2857//953 2858//953 2859//953
f 2860//954 2861//954 2862//954
f 2863//955 2864//955 2865//955
f 2866//956 2867//956 2868//956
f 2869//957 2870//957 2871//957
f 2872//958 2873//958 2874//958
f 2875//959 2876//959 2877//959
f 2878//960 2879//960 2880//960
f 2881//961 2882//961 2883//961
f 2884//962 2885//962 2886//962
f 2887//963 2888//963 2889//963
f 2890//964 2891//964 2892//964
f 2893//965 2894//965 2895//965
f 2896//966 2897//966 2898//966
f 2899//967 2900//967 2901//967
f 2902//968 2903//968 2904//968
f 2905//969 2906//969 2907//969
f 2908//970 2909//970 2910//970
f 2911//971 2912//971 2913//971
f 2914//972 2915//972 2916//972
f 2917//973 2918//973 2919//973
f 2920//974 2921//974 2922//974
f 2923//975 2924//975 2925//975
f 2926//976 2927//976 2928//976
f 2929//977 2930//977 2931//977
f 2932//978 2933//978 2934//978
f 2935//979 2936//979 2937//979
f 2938//980 2939//980 2940//980
f 2941//981 2942//981 2943//981
f 2944//982 2945//982 2946//982
f 2947//983 2948//983 2949//983
f 2950//984 2951//984 2952//984
f 2953//985 2954//985 2955//985
f 2956//986 2957//986 2958//986
f 2959//987 2960//987 2961//987
f 2962//988 2963//988 2964//988
f 2965//989 2966//989 2967//989
f 2968//990 2969//990 2970//990
f 2971//991 2972//991 2973//991
f 2974//992 2975//992 2976//992
f 2977//993 2978//993 2979//993
f 2980//994 2981//994 2982//994
f 2983//995 2984//995 2985//995
f 2986//996 2987//996 2988//996
f 2989//997 2990//997 2991//997
f 2992//998 2993//998 2994//998
f 2995//999 2996//999 2997//999
f 2998//1000 2999//1000 3000//1000
f 3001//1001 3002//1001 3003//1001
f 3004//1002 3005//1002 3006//1002
f 3007//1003 3008//1003 3009//1003
f 3010//1004 3011//1004 3012//1004
f 3013//1005 3014//1005 3015//1005
f 3016//1006 3017//1006 3018//1006
f 3019//1007 3020//1007 3021//1007
f 3022//1008 3023//1008 3024//1008
f 3025//1009 3026//1009 3027//1009
f 3028//1010 3029//1010 3030//1010
f 3031//1011 3032//1011 3033//1011
f 3034//1012 3035//1012 3036//1012
f 3037//1013 3038//1013 3039//1013
f 3040//1014 3041//1014 3042//1014
f 3043//1015 3044//1015 3045//1015
f 3046//1016 3047//1016 3048//1016
f 3049//1017 3050//1017 3051//1017
f 3052//1018 3053//1018 3054//1018
f 3055//1019 3056//1019 3057//1019
f 3058//1020 3059//1020 3060//1020
f 3061//1021 3062//1021 3063//1021
f 3064//1022 3065//1022 3066//1022
f 3067//1023 3068//1023 3069//1023
f 3070//1024 3071//1024 3072//1024
f 3073//1025 3074//1025 3075//1025
f 3076//1026 3077//1026 3078//1026
f 3079//1027 3080//1027 3081//1027
f 3082//1028 3083//1028 3084//1028
f 3085//1029 3086//1029 3087//1029
f 3088//1030 3089//1030 3090//1030
f 3091//1031 3092//1031 3093//1031
f 3094//1032 3095//1032 3096//1032
f 3097//1033 3098//1033 3099//1033
f 3100//1034 3101//1034 3102//1034
f 3103//1035 3104//1035 3105//1035
f 3106//1036 3107//1036 3108//1036
f 3109//1037 3110//1037 3111//1037
f 3112//1038 3113//1038 3114//1038
f 3115//1039 3116//1039 3117//1039
f 3118//1040 3119//1040 3120//1040
f 3121//1041 3122//1041 3123//1041
f 3124//1042 3125//1042 3126//1042
f 3127//1043 3128//1043 3129//1043
f 3130//1044 3131//1044 3132//1044
f 3133//1045 3134//1045 3135//1045
f 3136//1046 3137//1046 3138//1046
f 3139//1047 3140//1047 3141//1047
f 3142//1048 3143//1048 3144//1048
f 3145//1049 3146//1049 3147//1049
f 3148//1050 3149//1050 3150//1050
f 3151//1051 3152//1051 3153//1051
f 3154//1052 3155//1052 3156//1052
f 3157//1053 3158//1053 3159//1053
f 3160//1054 3161//1054 3162//1054
f 3163//1055 3164//1055 3165//1055
f 3166//1056 3167//1056 3168//1056
f 3169//1057 3170//1057 3171//1057
f 3172//1058 3173//1058 3174//1058
f 3175//1059 3176//1059 3177//1059
f 3178//1060 3179//1060 3180//1060
f 3181//1061 3182//1061 3183//1061
f 3184//1062 3185//1062 3186//1062
f 3187//1063 3188//1063 3189//1063
f 3190//1064 3191//1064 3192//1064
f 3193//1065 3194//1065 3195//1065
f 3196//1066 3197//1066 3198//1066
f 3199//1067 3200//1067 3201//1067
f 3202//1068 3203//1068 3204//1068
f 3205//1069 3206//1069 3207//1069
f 3208//1070 3209//1070 3210//1070
f 3211//1071 3212//1071 3213//1071
f 3214//1072 3215//1072 3216//1072
f 3217//1073 3218//1073 3219//1073
f 3220//1074 3221//1074 3222//1074
f 3223//1075 3224//1075 3225//1075
f 3226//1076 3227//1076 3228//1076
f 3229//1077 3230//1077 3231//1077
f 3232//1078 3233//1078 3234//1078
f 3235//1079 3236//1079 3237//1079
f 3238//1080 3239//1080 3240//1080
f 3241//1081 3242//1081 3243//1081
f 3244//1082 3245//1082 3246//1082
f 3247//1083 3248//1083 3249//1083
f 3250//1084 3251//1084 3252//1084
f 3253//1085 3254//1085 3255//1085
f 3256//1086 3257//1086 3258//1086
f 3259//1087 3260//1087 3261//1087
f 3262//1088 3263//1088 3264//1088
f 3265//1089 3266//1089 3267//1089
f 3268//1090 3269//1090 3270//1090
f 3271//1091 3272//1091 3273//1091
f 3274//1092 3275//1092 3276//1092
f 3277//1093 3278//1093 3279//1093
f 3280//1094 3281//1094 3282//1094
f 3283//1095 3284//1095 3285//1095
f 3286//1096 3287//1096 3288//1096
f 3289//1097 3290//1097 3291//1097
f 3292//1098 3293//1098 3294//1098
f 3295//1099 3296//1099 3297//1099
f 3298//1100 3299//1100 3300//1100
f 3301//1101 3302//1101 3303//1101
f 3304//1102 3305//1102 3306//1102
f 3307//1103 3308//1103 3309//1103
f 3310//1104 3311//1104 3312//1104
f 3313//1105 3314//1105 3315//1105
f 3316//1106 3317//1106 3318//1106
f 3319//1107 3320//1107 3321//1107
f 3322//1108 3323//1108 3324//1108
f 3325//1109 3326//1109 3327//1109
f 3328//1110 3329//1110 3330//1110
f 3331//1111 3332//1111 3333//1111
f 3334//1112 3335//1112 3336//1112
f 3337//1113 3338//1113 3339//1113
f 3340//1114 3341//1114 3342//1114
f 3343//1115 3344//1115 3345//1115
f 3346//1116 3347//1116 3348//1116
f 3349//1117 3350//1117 3351//1117
f 3352//1118 3353//1118 3354//1118
f 3355//1119 3356//1119 3357//1119
f 3358//1120 3359//1120 3360//1120
f 3361//1121 3362//1121 3363//1121
f 3364//1122 3365//1122 3366//1122
f 3367//1123 3368//1123 3369//1123
f 3370//1124 3371//1124 3372//1124
f 3373//1125 3374//1125 3375//1125
f 3376//1126 3377//1126 3378//1126
f 3379//1127 3380//1127 3381//1127
f 3382//1128 3383//1128 3384//1128
f 3385//1129 3386//1129 3387//1129
f 3388//1130 3389//1130 3390//1130
f 3391//1131 3392//1131 3393//1131
f 3394//1132 3395//1132 3396//1132
f 3397//1133 3398//1133 3399//1133
f 3400//1134 3401//1134 3402//1134
f 3403//1135 3404//1135 3405//1135
f 3406//1136 3407//1136 3408//1136
f 3409//1137 3410//1137 3411//1137
f 3412//1138 3413//1138 3414//1138
f 3415//1139 3416//1139 3417//1139
f 3418//1140 3419//1140 3420//1140
f 3421//1141 3422//1141 3423//1141
f 3424//1142 3425//1142 3426//1142
f 3427//1143 3428//1143 3429//1143
f 3430//1144 3431//1144 3432//1144
f 3433//1145 3434//1145 3435//1145
f 3436//1146 3437//1146 3438//1146
f 3439//1147 3440//1147 3441//1147
f 3442//1148 3443//1148 3444//1148
f 3445//1149 3446//1149 3447//1149
f 3448//1150 3449//1150 3450//1150
f 3451//1151 3452//1151 3453//1151
f 3454//1152 3455//1152 3456//1152
f 3457//1153 3458//1153 3459//1153
f 3460//1154 3461//1154 3462//1154
f 3463//1155 3464//1155 3465//1155
f 3466//1156 3467//1156 3468//1156
f 3469//1157 3470//1157 3471//1157
f 3472//1158 3473//1158 3474//1158
f 3475//1159 3476//1159 3477//1159
f 3478//1160 3479//1160 3480//1160
f 3481//1161 3482//1161 3483//1161
f 3484//1162 3485//1162 3486//1162
f 3487//1163 3488//1163 3489//1163
f 3490//1164 3491//1164 3492//1164
f 3493//1165 3494//1165 3495//1165
f 3496//1166 3497//1166 3498//1166
f 3499//1167 3500//1167 3501//1167
f 3502//1168 3503//1168 3504//1168
f 3505//1169 3506//1169 3507//1169
f 3508//1170 3509//1170 3510//1170
f 3511//1171 3512//1171 3513//1171
f 3514//1172 3515//1172 3516//1172
f 3517//1173 3518//1173 3519//1173
f 3520//1174 3521//1174 3522//1174
f 3523//1175 3524//1175 3525//1175
f 3526//1176 3527//1176 3528//1176
f 3529//1177 3530//1177 3531//1177
f 3532//1178 3533//1178 3534//1178
f 3535//1179 3536//1179 3537//1179
f 3538//1180 3539//1180 3540//1180
f 3541//1181 3542//1181 3543//1181
f 3544//1182 3545//1182 3546//1182
f 3547//1183 3548//1183 3549//1183
f 3550//1184 3551//1184 3552//1184
f 3553//1185 3554//1185 3555//1185
f 3556//1186 3557//1186 3558//1186
f 3559//1187 3560//1187 3561//1187
f 3562//1188 3563//1188 3564//1188
f 3565//1189 3566//1189 3567//1189
f 3568//1190 3569//1190 3570//1190
f 3571//1191 3572//1191 3573//1191
f 3574//1192 3575//1192 3576//1192
f 3577//1193 3578//1193 3579//1193
f 3580//1194 3581//1194 3582//1194
f 3583//1195 3584//1195 3585//1195
f 3586//1196 3587//1196 3588//1196
f 3589//1197 3590//1197 3591//1197
f 3592//1198 3593//1198 3594//1198
f 3595//1199 3596//1199 3597//1199
f 3598//1200 3599//1200 3600//1200
f 3601//1201 3602//1201 3603//1201
f 3604//1202 3605//1202 3606//1202
f 3607//1203 3608//1203 3609//1203
f 3610//1204 3611//1204 3612//1204
f 3613//1205 3614//1205 3615//1205
f 3616//1206 3617//1206 3618//1206
f 3619//1207 3620//1207 3621//1207
f 3622//1208 3623//1208 3624//1208
f 3625//1209 3626//1209 3627//1209
f 3628//1210 3629//1210 3630//1210
f 3631//1211 3632//1211 3633//1211
f 3634//1212 3635//1212 3636//1212
f 3637//1213 3638//1213 3639//1213
f 3640//1214 3641//1214 3642//1214
f 3643//1215 3644//1215 3645//1215
f 3646//1216 3647//1216 3648//1216
f 3649//1217 3650//1217 3651//1217
f 3652//1218 3653//1218 3654//1218
f 3655//1219 3656//1219 3657//1219
f 3658//1220 3659//1220 3660//1220
f 3661//1221 3662//1221 3663//1221
f 3664//1222 3665//1222 3666//1222
f 3667//1223 3668//1223 3669//1223
f 3670//1224 3671//1224 3672//1224
f 3673//1225 3674//1225 3675//1225
f 3676//1226 3677//1226 3678//1226
f 3679//1227 3680//1227 3681//1227
f 3682//1228 3683//1228 3684//1228
f 3685//1229 3686//1229 3687//1229
f 3688//1230 3689//1230 3690//1230
f 3691//1231 3692//1231 3693//1231
f 3694//1232 3695//1232 3696//1232
f 3697//1233 3698//1233 3699//1233
f 3700//1234 3701//1234 3702//1234
f 3703//1235 3704//1235 3705//1235
f 3706//1236 3707//1236 3708//1236
f 3709//1237 3710//1237 3711//1237
f 3712//1238 3713//1238 3714//1238
f 3715//1239 3716//1239 3717//1239
f 3718//1240 3719//1240 3720//1240
f 3721//1241 3722//1241 3723//1241
f 3724//1242 3725//1242 3726//1242
f 3727//1243 3728//1243 3729//1243
f 3730//1244 3731//1244 3732//1244
f 3733//1245 3734//1245 3735//1245
f 3736//1246 3737//1246 3738//1246
f 3739//1247 3740//1247 3741//1247
f 3742//1248 3743//1248 3744//1248
f 3745//1249 3746//1249 3747//1249
f 3748//1250 3749//1250 3750//1250
f 3751//1251 3752//1251 3753//1251
f 3754//1252 3755//1252 3756//1252
f 3757//1253 3758//1253 3759//1253
f 3760//1254 3761//1254 3762//1254
f 3763//1255 3764//1255 3765//1255
f 3766//1256 3767//1256 3768//1256
f 3769//1257 3770//1257 3771//1257
f 3772//1258 3773//1258 3774//1258
f 3775//1259 3776//1259 3777//1259
f 3778//1260 3779//1260 3780//1260
f 3781//1261 3782//1261 3783//1261
f 3784//1262 3785//1262 3786//1262
f 3787//1263 3788//1263 3789//1263
f 3790//1264 3791//1264 3792//1264
f 3793//1265 3794//1265 3795//1265
f 3796//1266 3797//1266 3798//1266
f 3799//1267 3800//1267 3801//1267
f 3802//1268 3803//1268 3804//1268
f 3805//1269 3806//1269 3807//1269
f 3808//1270 3809//1270 3810//1270
f 3811//1271 3812//1271 3813//1271
f 3814//1272 3815//1272 3816//1272
f 3817//1273 3818//1273 3819//1273
f 3820//1274 3821//1274 3822//1274
f 3823//1275 3824//1275 3825//1275
f 3826//1276 3827//1276 3828//1276
f 3829//1277 3830//1277 3831//1277
f 3832//1278 3833//1278 3834//1278
f 3835//1279 3836//1279 3837//1279
f 3838//1280 3839//1280 3840//1280
f 3841//1281 3842//1281 3843//1281
f 3844//1282 3845//1282 3846//1282
f 3847//1283 3848//1283 3849//1283
f 3850//1284 3851//1284 3852//1284
f 3853//1285 3854//1285 3855//1285
f 3856//1286 3857//1286 3858//1286
f 3859//1287 3860//1287 3861//1287
f 3862//1288 3863//1288 3864//1288
f 3865//1289 3866//1289 3867//1289
f 3868//1290 3869//1290 3870//1290
f 3871//1291 3872//1291 3873//1291
f 3874//1292 3875//1292 3876//1292
f 3877//1293 3878//1293 3879//1293
f 3880//1294 3881//1294 3882//1294
f 3883//1295 3884//1295 3885//1295
f 3886//1296 3887//1296 3888//1296
f 3889//1297 3890//1297 3891//1297
f 3892//1298 3893//1298 3894//1298
f 3895//1299 3896//1299 3897//1299
f 3898//1300 3899//1300 3900//1300
f 3901//1301 3902//1301 3903//1301
f 3904//1302 3905//1302 3906//1302
f 3907//1303 3908//1303 3909//1303
f 3910//1304 3911//1304 3912//1304
f 3913//1305 3914//1305 3915//1305
f 3916//1306 3917//1306 3918//1306
f 3919//1307 3920//1307 3921//1307
f 3922//1308 3923//1308 3924//1308
f 3925//1309 3926//1309 3927//1309
f 3928//1310 3929//1310 3930//1310
f 3931//1311 3932//1311 3933//1311
f 3934//1312 3935//1312 3936//1312
f 3937//1313 3938//1313 3939//1313
f 3940//1314 3941//1314 3942//1314
f 3943//1315 3944//1315 3945//1315
f 3946//1316 3947//1316 3948//1316
f 3949//1317 3950//1317 3951//1317
f 3952//1318 3953//1318 3954//1318
f 3955//1319 3956//1319 3957//1319
f 3958//1320 3959//1320 3960//1320
f 3961//1321 3962//1321 3963//1321
f 3964//1322 3965//1322 3966//1322
f 3967//1323 3968//1323 3969//1323
f 3970//1324 3971//1324 3972//1324
f 3973//1325 3974//1325 3975//1325
f 3976//1326 3977//1326 3978//1326
f 3979//1327 3980//1327 3981//1327
f 3982//1328 3983//1328 3984//1328
f 3985//1329 3986//1329 3987//1329
f 3988//1330 3989//1330 3990//1330
f 3991//1331 3992//1331 3993//1331
f 3994//1332 3995//1332 3996//1332
f 3997//1333 3998//1333 3999//1333
f 4000//1334 4001//1334 4002//1334
f 4003//1335 4004//1335 4005//1335
f 4006//1336 4007//1336 4008//1336
f 4009//1337 4010//1337 4011//1337
f 4012//1338 4013//1338 4014//1338
f 4015//1339 4016//1339 4017//1339
f 4018//1340 4019//1340 4020//1340
f 4021//1341 4022//1341 4023//1341
f 4024//1342 4025//1342 4026//1342
f 4027//1343 4028//1343 4029//1343
f 4030//1344 4031//1344 4032//1344
f 4033//1345 4034//1345 4035//1345
f 4036//1346 4037//1346 4038//1346
f 4039//1347 4040//1347 4041//1347
f 4042//1348 4043//1348 4044//1348
f 4045//1349 4046//1349 4047//1349
f 4048//1350 4049//1350 4050//1350
f 4051//1351 4052//1351 4053//1351
f 4054//1352 4055//1352 4056//1352
f 4057//1353 4058//1353 4059//1353
f 4060//1354 4061//1354 4062//1354
f 4063//1355 4064//1355 4065//1355
f 4066//1356 4067//1356 4068//1356
f 4069//1357 4070//1357 4071//1357
f 4072//1358 4073//1358 4074//1358
f 4075//1359 4076//1359 4077//1359
f 4078//1360 4079//1360 4080//1360
f 4081//1361 4082//1361 4083//1361
f 4084//1362 4085//1362 4086//1362
f 4087//1363 4088//1363 4089//1363
f 4090//1364 4091//1364 4092//1364
f 4093//1365 4094//1365 4095//1365
f 4096//1366 4097//1366 4098//1366
f 4099//1367 4100//1367 4101//1367
f 4102//1368 4103//1368 4104//1368
f 4105//1369 4106//1369 4107//1369
f 4108//1370 4109//1370 4110//1370
f 4111//1371 4112//1371 4113//1371
f 4114//1372 4115//1372 4116//1372
f 4117//1373 4118//1373 4119//1373
f 4120//1374 4121//1374 4122//1374
f 4123//1375 4124//1375 4125//1375
f 4126//1376 4127//1376 4128//1376
f 4129//1377 4130//1377 4131//1377
f 4132//1378 4133//1378 4134//1378
f 4135//1379 4136//1379 4137//1379
f 4138//1380 4139//1380 4140//1380
f 4141//1381 4142//1381 4143//1381
f 4144//1382 4145//1382 4146//1382
f 4147//1383 4148//1383 4149//1383
f 4150//1384 4151//1384 4152//1384
f 4153//1385 4154//1385 4155//1385
f 4156//1386 4157//1386 4158//1386
f 4159//1387 4160//1387 4161//1387
f 4162//1388 4163//1388 4164//1388
f 4165//1389 4166//1389 4167//1389
f 4168//1390 4169//1390 4170//1390
f 4171//1391 4172//1391 4173//1391
f 4174//1392 4175//1392 4176//1392
f 4177//1393 4178//1393 4179//1393
f 4180//1394 4181//1394 4182//1394
f 4183//1395 4184//1395 4185//1395
f 4186//1396 4187//1396 4188//1396
f 4189//1397 4190//1397 4191//1397
f 4192//1398 4193//1398 4194//1398
f 4195//1399 4196//1399 4197//1399
f 4198//1400 4199//1400 4200//1400
f 4201//1401 4202//1401 4203//1401
f 4204//1402 4205//1402 4206//1402
f 4207//1403 4208//1403 4209//1403
f 4210//1404 4211//1404 4212//1404
f 4213//1405 4214//1405 4215//1405
f 4216//1406 4217//1406 4218//1406
f 4219//1407 4220//1407 4221//1407
f 4222//1408 4223//1408 4224//1408
f 4225//1409 4226//1409 4227//1409
f 4228//1410 4229//1410 4230//1410
f 4231//1411 4232//1411 4233//1411
f 4234//1412 4235//1412 4236//1412
f 4237//1413 4238//1413 4239//1413
f 4240//1414 4241//1414 4242//1414
f 4243//1415 4244//1415 4245//1415
f 4246//1416 4247//1416 4248//1416
f 4249//1417 4250//1417 4251//1417
f 4252//1418 4253//1418 4254//1418
f 4255//1419 4256//1419 4257//1419
f 4258//1420 4259//1420 4260//1420
f 4261//1421 4262//1421 4263//1421
f 4264//1422 4265//1422 4266//1422
f 4267//1423 4268//1423 4269//1423
f 4270//1424 4271//1424 4272//1424
f 4273//1425 4274//1425 4275//1425
f 4276//1426 4277//1426 4278//1426
f 4279//1427 4280//1427 4281//1427
f 4282//1428 4283//1428 4284//1428
f 4285//1429 4286//1429 4287//1429
f 4288//1430 4289//1430 4290//1430
f 4291//1431 4292//1431 4293//1431
f 4294//1432 4295//1432 4296//1432
f 4297//1433 4298//1433 4299//1433
f 4300//1434 4301//1434 4302//1434
f 4303//1435 4304//1435 4305//1435
f 4306//1436 4307//1436 4308//1436
f 4309//1437 4310//1437 4311//1437
f 4312//1438 4313//1438 4314//1438
f 4315//1439 4316//1439 4317//1439
f 4318//1440 4319//1440 4320//1440
f 4321//1441 4322//1441 4323//1441
f 4324//1442 4325//1442 4326//1442
f 4327//1443 4328//1443 4329//1443
f 4330//1444 4331//1444 4332//1444
f 4333//1445 4334//1445 4335//1445
f 4336//1446 4337//1446 4338//1446
f 4339//1447 4340//1447 4341//1447
f 4342//1448 4343//1448 4344//1448
f 4345//1449 4346//1449 4347//1449
f 4348//1450 4349//1450 4350//1450
f 4351//1451 4352//1451 4353//1451
f 4354//1452 4355//1452 4356//1452
f 4357//1453 4358//1453 4359//1453
f 4360//1454 4361//1454 4362//1454
f 4363//1455 4364//1455 4365//1455
f 4366//1456 4367//1456 4368//1456
f 4369//1457 4370//1457 4371//1457
f 4372//1458 4373//1458 4374//1458
f 4375//1459 4376//1459 4377//1459
f 4378//1460 4379//1460 4380//1460
f 4381//1461 4382//1461 4383//1461
f 4384//1462 4385//1462 4386//1462
f 4387//1463 4388//1463 4389//1463
f 4390//1464 4391//1464 4392//1464
f 4393//1465 4394//1465 4395//1465
f 4396//1466 4397//1466 4398//1466
f 4399//1467 4400//1467 4401//1467
f 4402//1468 4403//1468 4404//1468
f 4405//1469 4406//1469 4407//1469
f 4408//1470 4409//1470 4410//1470
f 4411//1471 4412//1471 4413//1471
f 4414//1472 4415//1472 4416//1472
f 4417//1473 4418//1473 4419//1473
f 4420//1474 4421//1474 4422//1474
f 4423//1475 4424//1475 4425//1475
f 4426//1476 4427//1476 4428//1476
f 4429//1477 4430//1477 4431//1477
f 4432//1478 4433//1478 4434//1478
f 4435//1479 4436//1479 4437//1479
f 4438//1480 4439//1480 4440//1480
f 4441//1481 4442//1481 4443//1481
f 4444//1482 4445//1482 4446//1482
f 4447//1483 4448//1483 4449//1483
f 4450//1484 4451//1484 4452//1484
f 4453//1485 4454//1485 4455//1485
f 4456//1486 4457//1486 4458//1486
f 4459//1487 4460//1487 4461//1487
f 4462//1488 4463//1488 4464//1488
f 4465//1489 4466//1489 4467//1489
f 4468//1490 4469//1490 4470//1490
f 4471//1491 4472//1491 4473//1491
f 4474//1492 4475//1492 4476//1492
f 4477//1493 4478//1493 4479//1493
f 4480//1494 4481//1494 4482//1494
f 4483//1495 4484//1495 4485//1495
f 4486//1496 4487//1496 4488//1496
f 4489//1497 4490//1497 4491//1497
f 4492//1498 4493//1498 4494//1498
f 4495//1499 4496//1499 4497//1499
f 4498//1500 4499//1500 4500//1500
f 4501//1501 4502//1501 4503//1501
f 4504//1502 4505//1502 4506//1502
f 4507//1503 4508//1503 4509//1503
f 4510//1504 4511//1504 4512//1504
f 4513//1505 4514//1505 4515//1505
f 4516//1506 4517//1506 4518//1506
f 4519//1507 4520//1507 4521//1507
f 4522//1508 4523//1508 4524//1508
f 4525//1509 4526//1509 4527//1509
f 4528//1510 4529//1510 4530//1510
f 4531//1511 4532//1511 4533//1511
f 4534//1512 4535//1512 4536//1512
f 4537//1513 4538//1513 4539//1513
f 4540//1514 4541//1514 4542//1514
f 4543//1515 4544//1515 4545//1515
f 4546//1516 4547//1516 4548//1516
f 4549//1517 4550//1517 4551//1517
f 4552//1518 4553//1518 4554//1518
f 4555//1519 4556//1519 4557//1519
f 4558//1520 4559//1520 4560//1520
f 4561//1521 4562//1521 4563//1521
f 4564//1522 4565//1522 4566//1522
f 4567//1523 4568//1523 4569//1523
f 4570//1524 4571//1524 4572//1524
f 4573//1525 4574//1525 4575//1525
f 4576//1526 4577//1526 4578//1526
f 4579//1527 4580//1527 4581//1527
f 4582//1528 4583//1528 4584//1528
f 4585//1529 4586//1529 4587//1529
f 4588//1530 4589//1530 4590//1530
f 4591//1531 4592//1531 4593//1531
f 4594//1532 4595//1532 4596//1532
f 4597//1533 4598//1533 4599//1533
f 4600//1534 4601//1534 4602//1534
f 4603//1535 4604//1535 4605//1535
f 4606//1536 4607//1536 4608//1536
f 4609//1537 4610//1537 4611//1537
f 4612//1538 4613//1538 4614//1538
f 4615//1539 4616//1539 4617//1539
f 4618//1540 4619//1540 4620//1540
f 4621//1541 4622//1541 4623//1541
f 4624//1542 4625//1542 4626//1542
f 4627//1543 4628//1543 4629//1543
f 4630//1544 4631//1544 4632//1544
f 4633//1545 4634//1545 4635//1545
f 4636//1546 4637//1546 4638//1546
f 4639//1547 4640//1547 4641//1547
f 4642//1548 4643//1548 4644//1548
f 4645//1549 4646//1549 4647//1549
f 4648//1550 4649//1550 4650//1550
f 4651//1551 4652//1551 4653//1551
f 4654//1552 4655//1552 4656//1552
f 4657//1553 4658//1553 4659//1553
f 4660//1554 4661//1554 4662//1554
f 4663//1555 4664//1555 4665//1555
f 4666//1556 4667//1556 4668//1556
f 4669//1557 4670//1557 4671//1557
f 4672//1558 4673//1558 4674//1558
f 4675//1559 4676//1559 4677//1559
f 4678//1560 4679//1560 4680//1560
f 4681//1561 4682//1561 4683//1561
f 4684//1562 4685//1562 4686//1562
f 4687//1563 4688//1563 4689//1563
f 4690//1564 4691//1564 4692//1564
f 4693//1565 4694//1565 4695//1565
f 4696//1566 4697//1566 4698//1566
f 4699//1567 4700//1567 4701//1567
f 4702//1568 4703//1568 4704//1568
f 4705//1569 4706//1569 4707//1569
f 4708//1570 4709//1570 4710//1570
f 4711//1571 4712//1571 4713//1571
f 4714//1572 4715//1572 4716//1572
f 4717//1573 4718//1573 4719//1573
f 4720//1574 4721//1574 4722//1574
f 4723//1575 4724//1575 4725//1575
f 4726//1576 4727//1576 4728//1576
f 4729//1577 4730//1577 4731//1577
f 4732//1578 4733//1578 4734//1578
f 4735//1579 4736//1579 4737//1579
f 4738//1580 4739//1580 4740//1580
f 4741//1581 4742//1581 4743//1581
f 4744//1582 4745//1582 4746//1582
f 4747//1583 4748//1583 4749//1583
f 4750//1584 4751//1584 4752//1584
f 4753//1585 4754//1585 4755//1585
f 4756//1586 4757//1586 4758//1586
f 4759//1587 4760//1587 4761//1587
f 4762//1588 4763//1588 4764//1588
f 4765//1589 4766//1589 4767//1589
f 4768//1590 4769//1590 4770//1590
f 4771//1591 4772//1591 4773//1591
f 4774//1592 4775//1592 4776//1592
f 4777//1593 4778//1593 4779//1593
f 4780//1594 4781//1594 4782//1594
f 4783//1595 4784//1595 4785//1595
f 4786//1596 4787//1596 4788//1596
f 4789//1597 4790//1597 4791//1597
f 4792//1598 4793//1598 4794//1598
f 4795//1599 4796//1599 4797//1599
f 4798//1600 4799//1600 4800//1600
f 4801//1601 4802//1601 4803//1601
f 4804//1602 4805//1602 4806//1602
f 4807//1603 4808//1603 4809//1603
f 4810//1604 4811//1604 4812//1604
f 4813//1605 4814//1605 4815//1605
f 4816//1606 4817//1606 4818//1606
f 4819//1607 4820//1607 4821//1607
f 4822//1608 4823//1608 4824//1608
f 4825//1609 4826//1609 4827//1609
f 4828//1610 4829//1610 4830//1610
f 4831//1611 4832//1611 4833//1611
f 4834//1612 4835//1612 4836//1612
f 4837//1613 4838//1613 4839//1613
f 4840//1614 4841//1614 4842//1614
f 4843//1615 4844//1615 4845//1615
f 4846//1616 4847//1616 4848//1616
f 4849//1617 4850//1617 4851//1617
f 4852//1618 4853//1618 4854//1618
f 4855//1619 4856//1619 4857//1619
f 4858//1620 4859//1620 4860//1620
f 4861//1621 4862//1621 4863//1621
f 4864//1622 4865//1622 4866//1622
f 4867//1623 4868//1623 4869//1623
f 4870//1624 4871//1624 4872//1624
f 4873//1625 4874//1625 4875//1625
f 4876//1626 4877//1626 4878//1626
f 4879//1627 4880//1627 4881//1627
f 4882//1628 4883//1628 4884//1628
f 4885//1629 4886//1629 4887//1629
f 4888//1630 4889//1630 4890//1630
f 4891//1631 4892//1631 4893//1631
f 4894//1632 4895//1632 4896//1632
f 4897//1633 4898//1633 4899//1633
f 4900//1634 4901//1634 4902//1634
f 4903//1635 4904//1635 4905//1635
f 4906//1636 4907//1636 4908//1636
f 4909//1637 4910//1637 4911//1637
f 4912//1638 4913//1638 4914//1638
f 4915//1639 4916//1639 4917//1639
f 4918//1640 4919//1640 4920//1640
f 4921//1641 4922//1641 4923//1641
f 4924//1642 4925//1642 4926//1642
f 4927//1643 4928//1643 4929//1643
f 4930//1644 4931//1644 4932//1644
f 4933//1645 4934//1645 4935//1645
f 4936//1646 4937//1646 4938//1646
f 4939//1647 4940//1647 4941//1647
f 4942//1648 4943//1648 4944//1648
f 4945//1649 4946//1649 4947//1649
f 4948//1650 4949//1650 4950//1650
f 4951//1651 4952//1651 4953//1651
f 4954//1652 4955//1652 4956//1652
f 4957//1653 4958//1653 4959//1653
f 4960//1654 4961//1654 4962//1654
f 4963//1655 4964//1655 4965//1655
f 4966//1656 4967//1656 4968//1656
f 4969//1657 4970//1657 4971//1657
f 4972//1658 4973//1658 4974//1658
f 4975//1659 4976//1659 4977//1659
f 4978//1660 4979//1660 4980//1660
f 4981//1661 4982//1661 4983//1661
f 4984//1662 4985//1662 4986//1662
f 4987//1663 4988//1663 4989//1663
f 4990//1664 4991//1664 4992//1664
f 4993//1665 4994//1665 4995//1665
f 4996//1666 4997//1666 4998//1666
f 4999//1667 5000//1667 5001//1667
f 5002//1668 5003//1668 5004//1668
f 5005//1669 5006//1669 5007//1669
f 5008//1670 5009//1670 5010//1670
f 5011//1671 5012//1671 5013//1671
f 5014//1672 5015//1672 5016//1672
f 5017//1673 5018//1673 5019//1673
f 5020//1674 5021//1674 5022//1674
f 5023//1675 5024//1675 5025//1675
f 5026//1676 5027//1676 5028//1676
f 5029//1677 5030//1677 5031//1677
f 5032//1678 5033//1678 5034//1678
f 5035//1679 5036//1679 5037//1679
f 5038//1680 5039//1680 5040//1680
f 5041//1681 5042//1681 5043//1681
f 5044//1682 5045//1682 5046//1682
f 5047//1683 5048//1683 5049//1683
f 5050//1684 5051//1684 5052//1684
f 5053//1685 5054//1685 5055//1685
f 5056//1686 5057//1686 5058//1686
f 5059//1687 5060//1687 5061//1687
f 5062//1688 5063//1688 5064//1688
f 5065//1689 5066//1689 5067//1689
f 5068//1690 5069//1690 5070//1690
f 5071//1691 5072//1691 5073//1691
f 5074//1692 5075//1692 5076//1692
f 5077//1693 5078//1693 5079//1693
f 5080//1694 5081//1694 5082//1694
f 5083//1695 5084//1695 5085//1695
f 5086//1696 5087//1696 5088//1696
f 5089//1697 5090//1697 5091//1697
f 5092//1698 5093//1698 5094//1698
f 5095//1699 5096//1699 5097//1699
f 5098//1700 5099//1700 5100//1700
f 5101//1701 5102//1701 5103//1701
f 5104//1702 5105//1702 5106//1702
f 5107//1703 5108//1703 5109//1703
f 5110//1704 5111//1704 5112//1704
f 5113//1705 5114//1705 5115//1705
f 5116//1706 5117//1706 5118//1706
f 5119//1707 5120//1707 5121//1707
f 5122//1708 5123//1708 5124//1708
f 5125//1709 5126//1709 5127//1709
f 5128//1710 5129//1710 5130//1710
f 5131//1711 5132//1711 5133//1711
f 5134//1712 5135//1712 5136//1712
f 5137//1713 5138//1713 5139//1713
f 5140//1714 5141//1714 5142//1714
f 5143//1715 5144//1715 5145//1715
f 5146//1716 5147//1716 5148//1716
f 5149//1717 5150//1717 5151//1717
f 5152//1718 5153//1718 5154//1718
f 5155//1719 5156//1719 5157//1719
f 5158//1720 5159//1720 5160//1720
f 5161//1721 5162//1721 5163//1721
f 5164//1722 5165//1722 5166//1722
f 5167//1723 5168//1723 5169//1723
f 5170//1724 5171//1724 5172//1724
f 5173//1725 5174//1725 5175//1725
f 5176//1726 5177//1726 5178//1726
f 5179//1727 5180//1727 5181//1727
f 5182//1728 5183//1728 5184//1728
f 5185//1729 5186//1729 5187//1729
f 5188//1730 5189//1730 5190//1730
f 5191//1731 5192//1731 5193//1731
f 5194//1732 5195//1732 5196//1732
f 5197//1733 5198//1733 5199//1733
f 5200//1734 5201//1734 5202//1734
f 5203//1735 5204//1735 5205//1735
f 5206//1736 5207//1736 5208//1736
f 5209//1737 5210//1737 5211//1737
f 5212//1738 5213//1738 5214//1738
f 5215//1739 5216//1739 5217//1739
f 5218//1740 5219//1740 5220//1740
f 5221//1741 5222//1741 5223//1741
f 5224//1742 5225//1742 5226//1742
f 5227//1743 5228//1743 5229//1743
f 5230//1744 5231//1744 5232//1744
f 5233//1745 5234//1745 5235//1745
f 5236//1746 5237//1746 5238//1746
f 5239//1747 5240//1747 5241//1747
f 5242//1748 5243//1748 5244//1748
f 5245//1749 5246//1749 5247//1749
f 5248//1750 5249//1750 5250//1750
f 5251//1751 5252//1751 5253//1751
f 5254//1752 5255//1752 5256//1752
f 5257//1753 5258//1753 5259//1753
f 5260//1754 5261//1754 5262//1754
f 5263//1755 5264//1755 5265//1755
f 5266//1756 5267//1756 5268//1756
f 5269//1757 5270//1757 5271//1757
f 5272//1758 5273//1758 5274//1758
f 5275//1759 5276//1759 5277//1759
f 5278//1760 5279//1760 5280//1760
f 5281//1761 5282//1761 5283//1761
f 5284//1762 5285//1762 5286//1762
f 5287//1763 5288//1763 5289//1763
f 5290//1764 5291//1764 5292//1764
f 5293//1765 5294//1765 5295//1765
f 5296//1766 5297//1766 5298//1766
f 5299//1767 5300//1767 5301//1767
f 5302//1768 5303//1768 5304//1768
f 5305//1769 5306//1769 5307//1769
f 5308//1770 5309//1770 5310//1770
f 5311//1771 5312//1771 5313//1771
f 5314//1772 5315//1772 5316//1772
f 5317//1773 5318//1773 5319//1773
f 5320//1774 5321//1774 5322//1774
f 5323//1775 5324//1775 5325//1775
f 5326//1776 5327//1776 5328//1776
f 5329//1777 5330//1777 5331//1777
f 5332//1778 5333//1778 5334//1778
f 5335//1779 5336//1779 5337//1779
f 5338//1780 5339//1780 5340//1780
f 5341//1781 5342//1781 5343//1781
f 5344//1782 5345//1782 5346//1782
f 5347//1783 5348//1783 5349//1783
f 5350//1784 5351//1784 5352//1784
f 5353//1785 5354//1785 5355//1785
f 5356//1786 5357//1786 5358//1786
f 5359//1787 5360//1787 5361//1787
f 5362//1788 5363//1788 5364//1788
f 5365//1789 5366//1789 5367//1789
f 5368//1790 5369//1790 5370//1790
f 5371//1791 5372//1791 5373//1791
f 5374//1792 5375//1792 5376//1792
f 5377//1793 5378//1793 5379//1793
f 5380//1794 5381//1794 5382//1794
f 5383//1795 5384//1795 5385//1795
f 5386//1796 5387//1796 5388//1796
f 5389//1797 5390//1797 5391//1797
f 5392//1798 5393//1798 5394//1798
f 5395//1799 5396//1799 5397//1799
f 5398//1800 5399//1800 5400//1800
f 5401//1801 5402//1801 5403//1801
f 5404//1802 5405//1802 5406//1802
f 5407//1803 5408//1803 5409//1803
f 5410//1804 5411//1804 5412//1804
f 5413//1805 5414//1805 5415//1805
f 5416//1806 5417//1806 5418//1806
f 5419//1807 5420//1807 5421//1807
f 5422//1808 5423//1808 5424//1808
f 5425//1809 5426//1809 5427//1809
f 5428//1810 5429//1810 5430//1810
f 5431//1811 5432//1811 5433//1811
f 5434//1812 5435//1812 5436//1812
f 5437//1813 5438//1813 5439//1813
f 5440//1814 5441//1814 5442//1814
f 5443//1815 5444//1815 5445//1815
f 5446//1816 5447//1816 5448//1816
f 5449//1817 5450//1817 5451//1817
f 5452//1818 5453//1818 5454//1818
f 5455//1819 5456//1819 5457//1819
f 5458//1820 5459//1820 5460//1820
f 5461//1821 5462//1821 5463//1821
f 5464//1822 5465//1822 5466//1822
f 5467//1823 5468//1823 5469//1823
f 5470//1824 5471//1824 5472//1824
f 5473//1825 5474//1825 5475//1825
f 5476//1826 5477//1826 5478//1826
f 5479//1827 5480//1827 5481//1827
f 5482//1828 5483//1828 5484//1828
f 5485//1829 5486//1829 5487//1829
f 5488//1830 5489//1830 5490//1830
f 5491//1831 5492//1831 5493//1831
f 5494//1832 5495//1832 5496//1832
f 5497//1833 5498//1833 5499//1833
f 5500//1834 5501//1834 5502//1834
f 5503//1835 5504//1835 5505//1835
f 5506//1836 5507//1836 5508//1836
f 5509//1837 5510//1837 5511//1837
f 5512//1838 5513//1838 5514//1838
f 5515//1839 5516//1839 5517//1839
f 5518//1840 5519//1840 5520//1840
f 5521//1841 5522//1841 5523//1841
f 5524//1842 5525//1842 5526//1842
f 5527//1843 5528//1843 5529//1843
f 5530//1844 5531//1844 5532//1844
f 5533//1845 5534//1845 5535//1845
f 5536//1846 5537//1846 5538//1846
f 5539//1847 5540//1847 5541//1847
f 5542//1848 5543//1848 5544//1848
f 5545//1849 5546//1849 5547//1849
f 5548//1850 5549//1850 5550//1850
f 5551//1851 5552//1851 5553//1851
f 5554//1852 5555//1852 5556//1852
f 5557//1853 5558//1853 5559//1853
f 5560//1854 5561//1854 5562//1854
f 5563//1855 5564//1855 5565//1855
f 5566//1856 5567//1856 5568//1856
f 5569//1857 5570//1857 5571//1857
f 5572//1858 5573//1858 5574//1858
f 5575//1859 5576//1859 5577//1859
f 5578//1860 5579//1860 5580//1860
f 5581//1861 5582//1861 5583//1861
f 5584//1862 5585//1862 5586//1862
f 5587//1863 5588//1863 5589//1863
f 5590//1864 5591//1864 5592//1864
f 5593//1865 5594//1865 5595//1865
f 5596//1866 5597//1866 5598//1866
f 5599//1867 5600//1867 5601//1867
f 5602//1868 5603//1868 5604//1868
f 5605//1869 5606//1869 5607//1869
f 5608//1870 5609//1870 5610//1870
f 5611//1871 5612//1871 5613//1871
f 5614//1872 5615//1872 5616//1872
f 5617//1873 5618//1873 5619//1873
f 5620//1874 5621//1874 5622//1874
f 5623//1875 5624//1875 5625//1875
f 5626//1876 5627//1876 5628//1876
f 5629//1877 5630//1877 5631//1877
f 5632//1878 5633//1878 5634//1878
f 5635//1879 5636//1879 5637//1879
f 5638//1880 5639//1880 5640//1880
f 5641//1881 5642//1881 5643//1881
f 5644//1882 5645//1882 5646//1882
f 5647//1883 5648//1883 5649//1883
f 5650//1884 5651//1884 5652//1884
f 5653//1885 5654//1885 5655//1885
f 5656//1886 5657//1886 5658//1886
f 5659//1887 5660//1887 5661//1887
f 5662//1888 5663//1888 5664//1888
f 5665//1889 5666//1889 5667//1889
f 5668//1890 5669//1890 5670//1890
f 5671//1891 5672//1891 5673//1891
f 5674//1892 5675//1892 5676//1892
f 5677//1893 5678//1893 5679//1893
f 5680//1894 5681//1894 5682//1894
f 5683//1895 5684//1895 5685//1895
f 5686//1896 5687//1896 5688//1896
f 5689//1897 5690//1897 5691//1897
f 5692//1898 5693//1898 5694//1898
f 5695//1899 5696//1899 5697//1899
f 5698//1900 5699//1900 5700//1900
f 5701//1901 5702//1901 5703//1901
f 5704//1902 5705//1902 5706//1902
f 5707//1903 5708//1903 5709//1903
f 5710//1904 5711//1904 5712//1904
f 5713//1905 5714//1905 5715//1905
f 5716//1906 5717//1906 5718//1906
f 5719//1907 5720//1907 5721//1907
f 5722//1908 5723//1908 5724//1908
f 5725//1909 5726//1909 5727//1909
f 5728//1910 5729//1910 5730//1910
f 5731//1911 5732//1911 5733//1911
f 5734//1912 5735//1912 5736//1912
f 5737//1913 5738//1913 5739//1913
f 5740//1914 5741//1914 5742//1914
f 5743//1915 5744//1915 5745//1915
f 5746//1916 5747//1916 5748//1916
f 5749//1917 5750//1917 5751//1917
f 5752//1918 5753//1918 5754//1918
f 5755//1919 5756//1919 5757//1919
f 5758//1920 5759//1920 5760//1920
f 5761//1921 5762//1921 5763//1921
f 5764//1922 5765//1922 5766//1922
f 5767//1923 5768//1923 5769//1923
f 5770//1924 5771//1924 5772//1924
f 5773//1925 5774//1925 5775//1925
f 5776//1926 5777//1926 5778//1926
f 5779//1927 5780//1927 5781//1927
f 5782//1928 5783//1928 5784//1928
f 5785//1929 5786//1929 5787//1929
f 5788//1930 5789//1930 5790//1930
f 5791//1931 5792//1931 5793//1931
f 5794//1932 5795//1932 5796//1932
f 5797//1933 5798//1933 5799//1933
f 5800//1934 5801//1934 5802//1934
f 5803//1935 5804//1935 5805//1935
f 5806//1936 5807//1936 5808//1936
f 5809//1937 5810//1937 5811//1937
f 5812//1938 5813//1938 5814//1938
f 5815//1939 5816//1939 5817//1939
f 5818//1940 5819//1940 5820//1940
f 5821//1941 5822//1941 5823//1941
f 5824//1942 5825//1942 5826//1942
f 5827//1943 5828//1943 5829//1943
f 5830//1944 5831//1944 5832//1944
f 5833//1945 5834//1945 5835//1945
f 5836//1946 5837//1946 5838//1946
f 5839//1947 5840//1947 5841//1947
f 5842//1948 5843//1948 5844//1948
f 5845//1949 5846//1949 5847//1949
f 5848//1950 5849//1950 5850//1950
f 5851//1951 5852//1951 5853//1951
f 5854//1952 5855//1952 5856//1952
f 5857//1953 5858//1953 5859//1953
f 5860//1954 5861//1954 5862//1954
f 5863//1955 5864//1955 5865//1955
f 5866//1956 5867//1956 5868//1956
f 5869//1957 5870//1957 5871//1957
f 5872//1958 5873//1958 5874//1958
f 5875//1959 5876//1959 5877//1959
f 5878//1960 5879//1960 5880//1960
f 5881//1961 5882//1961 5883//1961
f 5884//1962 5885//1962 5886//1962
f 5887//1963 5888//1963 5889//1963
f 5890//1964 5891//1964 5892//1964
f 5893//1965 5894//1965 5895//1965
f 5896//1966 5897//1966 5898//1966
f 5899//1967 5900//1967 5901//1967
f 5902//1968 5903//1968 5904//1968
f 5905//1969 5906//1969 5907//1969
f 5908//1970 5909//1970 5910//1970
f 5911//1971 5912//1971 5913//1971
f 5914//1972 5915//1972 5916//1972
f 5917//1973 5918//1973 5919//1973
f 5920//1974 5921//1974 5922//1974
f 5923//1975 5924//1975 5925//1975
f 5926//1976 5927//1976 5928//1976
f 5929//1977 5930//1977 5931//1977
f 5932//1978 5933//1978 5934//1978
f 5935//1979 5936//1979 5937//1979
f 5938//1980 5939//1980 5940//1980
f 5941//1981 5942//1981 5943//1981
f 5944//1982 5945//1982 5946//1982
f 5947//1983 5948//1983 5949//1983
f 5950//1984 5951//1984 5952//1984
f 5953//1985 5954//1985 5955//1985
f 5956//1986 5957//1986 5958//1986
f 5959//1987 5960//1987 5961//1987
f 5962//1988 5963//1988 5964//1988
f 5965//1989 5966//1989 5967//1989
f 5968//1990 5969//1990 5970//1990
f 5971//1991 5972//1991 5973//1991
f 5974//1992 5975//1992 5976//1992
f 5977//1993 5978//1993 5979//1993
f 5980//1994 5981//1994 5982//1994
f 5983//1995 5984//1995 5985//1995
f 5986//1996 5987//1996 5988//1996
f 5989//1997 5990//1997 5991//1997
f 5992//1998 5993//1998 5994//1998
f 5995//1999 5996//1999 5997//1999
f 5998//2000 5999//2000 6000//2000
f 6001//2001 6002//2001 6003//2001
f 6004//2002 6005//2002 6006//2002
f 6007//2003 6008//2003 6009//2003
f 6010//2004 6011//2004 6012//2004
f 6013//2005 6014//2005 6015//2005
f 6016//2006 6017//2006 6018//2006
f 6019//2007 6020//2007 6021//2007
f 6022//2008 6023//2008 6024//2008
f 6025//2009 6026//2009 6027//2009
f 6028//2010 6029//2010 6030//2010
f 6031//2011 6032//2011 6033//2011
f 6034//2012 6035//2012 6036//2012
f 6037//2013 6038//2013 6039//2013
f 6040//2014 6041//2014 6042//2014
f 6043//2015 6044//2015 6045//2015
f 6046//2016 6047//2016 6048//2016
f 6049//2017 6050//2017 6051//2017
f 6052//2018 6053//2018 6054//2018
f 6055//2019 6056//2019 6057//2019
f 6058//2020 6059//2020 6060//2020
f 6061//2021 6062//2021 6063//2021
f 6064//2022 6065//2022 6066//2022
f 6067//2023 6068//2023 6069//2023
f 6070//2024 6071//2024 6072//2024
f 6073//2025 6074//2025 6075//2025
f 6076//2026 6077//2026 6078//2026
f 6079//2027 6080//2027 6081//2027
f 6082//2028 6083//2028 6084//2028
f 6085//2029 6086//2029 6087//2029
f 6088//2030 6089//2030 6090//2030
f 6091//2031 6092//2031 6093//2031
f 6094//2032 6095//2032 6096//2032
f 6097//2033 6098//2033 6099//2033
f 6100//2034 6101//2034 6102//2034
f 6103//2035 6104//2035 6105//2035
f 6106//2036 6107//2036 6108//2036
f 6109//2037 6110//2037 6111//2037
f 6112//2038 6113//2038 6114//2038
f 6115//2039 6116//2039 6117//2039
f 6118//2040 6119//2040 6120//2040
f 6121//2041 6122//2041 6123//2041
f 6124//2042 6125//2042 6126//2042
f 6127//2043 6128//2043 6129//2043
f 6130//2044 6131//2044 6132//2044
f 6133//2045 6134//2045 6135//2045
f 6136//2046 6137//2046 6138//2046
f 6139//2047 6140//2047 6141//2047
f 6142//2048 6143//2048 6144//2048
f 6145//2049 6146//2049 6147//2049
f 6148//2050 6149//2050 6150//2050
f 6151//2051 6152//2051 6153//2051
f 6154//2052 6155//2052 6156//2052
f 6157//2053 6158//2053 6159//2053
f 6160//2054 6161//2054 6162//2054
f 6163//2055 6164//2055 6165//2055
f 6166//2056 6167//2056 6168//2056
f 6169//2057 6170//2057 6171//2057
f 6172//2058 6173//2058 6174//2058
f 6175//2059 6176//2059 6177//2059
f 6178//2060 6179//2060 6180//2060
f 6181//2061 6182//2061 6183//2061
f 6184//2062 6185//2062 6186//2062
f 6187//2063 6188//2063 6189//2063
f 6190//2064 6191//2064 6192//2064
f 6193//2065 6194//2065 6195//2065
f 6196//2066 6197//2066 6198//2066
f 6199//2067 6200//2067 6201//2067
f 6202//2068 6203//2068 6204//2068
f 6205//2069 6206//2069 6207//2069
f 6208//2070 6209//2070 6210//2070
f 6211//2071 6212//2071 6213//2071
f 6214//2072 6215//2072 6216//2072
f 6217//2073 6218//2073 6219//2073
f 6220//2074 6221//2074 6222//2074
f 6223//2075 6224//2075 6225//2075
f 6226//2076 6227//2076 6228//2076
f 6229//2077 6230//2077 6231//2077
f 6232//2078 6233//2078 6234//2078
f 6235//2079 6236//2079 6237//2079
f 6238//2080 6239//2080 6240//2080
f 6241//2081 6242//2081 6243//2081
f 6244//2082 6245//2082 6246//2082
f 6247//2083 6248//2083 6249//2083
f 6250//2084 6251//2084 6252//2084
f 6253//2085 6254//2085 6255//2085
f 6256//2086 6257//2086 6258//2086
f 6259//2087 6260//2087 6261//2087
f 6262//2088 6263//2088 6264//2088
f 6265//2089 6266//2089 6267//2089
f 6268//2090 6269//2090 6270//2090
f 6271//2091 6272//2091 6273//2091
f 6274//2092 6275//2092 6276//2092
f 6277//2093 6278//2093 6279//2093
f 6280//2094 6281//2094 6282//2094
f 6283//2095 6284//2095 6285//2095
f 6286//2096 6287//2096 6288//2096
f 6289//2097 6290//2097 6291//2097
f 6292//2098 6293//2098 6294//2098
f 6295//2099 6296//2099 6297//2099
f 6298//2100 6299//2100 6300//2100
f 6301//2101 6302//2101 6303//2101
f 6304//2102 6305//2102 6306//2102
f 6307//2103 6308//2103 6309//2103
f 6310//2104 6311//2104 6312//2104
f 6313//2105 6314//2105 6315//2105
f 6316//2106 6317//2106 6318//2106
f 6319//2107 6320//2107 6321//2107
f 6322//2108 6323//2108 6324//2108
f 6325//2109 6326//2109 6327//2109
f 6328//2110 6329//2110 6330//2110
f 6331//2111 6332//2111 6333//2111
f 6334//2112 6335//2112 6336//2112
f 6337//2113 6338//2113 6339//2113
f 6340//2114 6341//2114 6342//2114
f 6343//2115 6344//2115 6345//2115
f 6346//2116 6347//2116 6348//2116
f 6349//2117 6350//2117 6351//2117
f 6352//2118 6353//2118 6354//2118
f 6355//2119 6356//2119 6357//2119
f 6358//2120 6359//2120 6360//2120
f 6361//2121 6362//2121 6363//2121
f 6364//2122 6365//2122 6366//2122
f 6367//2123 6368//2123 6369//2123
f 6370//2124 6371//2124 6372//2124
f 6373//2125 6374//2125 6375//2125
f 6376//2126 6377//2126 6378//2126
f 6379//2127 6380//2127 6381//2127
f 6382//2128 6383//2128 6384//2128
f 6385//2129 6386//2129 6387//2129
f 6388//2130 6389//2130 6390//2130
f 6391//2131 6392//2131 6393//2131
f 6394//2132 6395//2132 6396//2132
f 6397//2133 6398//2133 6399//2133
f 6400//2134 6401//2134 6402//2134
f 6403//2135 6404//2135 6405//2135
f 6406//2136 6407//2136 6408//2136
f 6409//2137 6410//2137 6411//2137
f 6412//2138 6413//2138 6414//2138
f 6415//2139 6416//2139 6417//2139
f 6418//2140 6419//2140 6420//2140
f 6421//2141 6422//2141 6423//2141
f 6424//2142 6425//2142 6426//2142
f 6427//2143 6428//2143 6429//2143
f 6430//2144 6431//2144 6432//2144
f 6433//2145 6434//2145 6435//2145
f 6436//2146 6437//2146 6438//2146
f 6439//2147 6440//2147 6441//2147
f 6442//2148 6443//2148 6444//2148
f 6445//2149 6446//2149 6447//2149
f 6448//2150 6449//2150 6450//2150
f 6451//2151 6452//2151 6453//2151
f 6454//2152 6455//2152 6456//2152
f 6457//2153 6458//2153 6459//2153
f 6460//2154 6461//2154 6462//2154
f 6463//2155 6464//2155 6465//2155
f 6466//2156 6467//2156 6468//2156
f 6469//2157 6470//2157 6471//2157
f 6472//2158 6473//2158 6474//2158
f 6475//2159 6476//2159 6477//2159
f 6478//2160 6479//2160 6480//2160
f 6481//2161 6482//2161 6483//2161
f 6484//2162 6485//2162 6486//2162
f 6487//2163 6488//2163 6489//2163
f 6490//2164 6491//2164 6492//2164
f 6493//2165 6494//2165 6495//2165
f 6496//2166 6497//2166 6498//2166
f 6499//2167 6500//2167 6501//2167
f 6502//2168 6503//2168 6504//2168
f 6505//2169 6506//2169 6507//2169
f 6508//2170 6509//2170 6510//2170
f 6511//2171 6512//2171 6513//2171
f 6514//2172 6515//2172 6516//2172
f 6517//2173 6518//2173 6519//2173
f 6520//2174 6521//2174 6522//2174
f 6523//2175 6524//2175 6525//2175
f 6526//2176 6527//2176 6528//2176
f 6529//2177 6530//2177 6531//2177
f 6532//2178 6533//2178 6534//2178
f 6535//2179 6536//2179 6537//2179
f 6538//2180 6539//2180 6540//2180
f 6541//2181 6542//2181 6543//2181
f 6544//2182 6545//2182 6546//2182
f 6547//2183 6548//2183 6549//2183
f 6550//2184 6551//2184 6552//2184
f 6553//2185 6554//2185 6555//2185
f 6556//2186 6557//2186 6558//2186
f 6559//2187 6560//2187 6561//2187
f 6562//2188 6563//2188 6564//2188
f 6565//2189 6566//2189 6567//2189
f 6568//2190 6569//2190 6570//2190
f 6571//2191 6572//2191 6573//2191
f 6574//2192 6575//2192 6576//2192
f 6577//2193 6578//2193 6579//2193
f 6580//2194 6581//2194 6582//2194
f 6583//2195 6584//2195 6585//2195
f 6586//2196 6587//2196 6588//2196
f 6589//2197 6590//2197 6591//2197
f 6592//2198 6593//2198 6594//2198
f 6595//2199 6596//2199 6597//2199
f 6598//2200 6599//2200 6600//2200
f 6601//2201 6602//2201 6603//2201
f 6604//2202 6605//2202 6606//2202
f 6607//2203 6608//2203 6609//2203
f 6610//2204 6611//2204 6612//2204
f 6613//2205 6614//2205 6615//2205
f 6616//2206 6617//2206 6618//2206
f 6619//2207 6620//2207 6621//2207
f 6622//2208 6623//2208 6624//2208
f 6625//2209 6626//2209 6627//2209
f 6628//2210 6629//2210 6630//2210
f 6631//2211 6632//2211 6633//2211
f 6634//2212 6635//2212 6636//2212
f 6637//2213 6638//2213 6639//2213
f 6640//2214 6641//2214 6642//2214
f 6643//2215 6644//2215 6645//2215
f 6646//2216 6647//2216 6648//2216
f 6649//2217 6650//2217 6651//2217
f 6652//2218 6653//2218 6654//2218
f 6655//2219 6656//2219 6657//2219
f 6658//2220 6659//2220 6660//2220
f 6661//2221 6662//2221 6663//2221
f 6664//2222 6665//2222 6666//2222
f 6667//2223 6668//2223 6669//2223
f 6670//2224 6671//2224 6672//2224
f 6673//2225 6674//2225 6675//2225
f 6676//2226 6677//2226 6678//2226
f 6679//2227 6680//2227 6681//2227
f 6682//2228 6683//2228 6684//2228
f 6685//2229 6686//2229 6687//2229
f 6688//2230 6689//2230 6690//2230
f 6691//2231 6692//2231 6693//2231
f 6694//2232 6695//2232 6696//2232
f 6697//2233 6698//2233 6699//2233
f 6700//2234 6701//2234 6702//2234
f 6703//2235 6704//2235 6705//2235
f 6706//2236 6707//2236 6708//2236
f 6709//2237 6710//2237 6711//2237
f 6712//2238 6713//2238 6714//2238
f 6715//2239 6716//2239 6717//2239
f 6718//2240 6719//2240 6720//2240
f 6721//2241 6722//2241 6723//2241
f 6724//2242 6725//2242 6726//2242
f 6727//2243 6728//2243 6729//2243
f 6730//2244 6731//2244 6732//2244
f 6733//2245 6734//2245 6735//2245
f 6736//2246 6737//2246 6738//2246
f 6739//2247 6740//2247 6741//2247
f 6742//2248 6743//2248 6744//2248
f 6745//2249 6746//2249 6747//2249
f 6748//2250 6749//2250 6750//2250
f 6751//2251 6752//2251 6753//2251
f 6754//2252 6755//2252 6756//2252
f 6757//2253 6758//2253 6759//2253
f 6760//2254 6761//2254 6762//2254
f 6763//2255 6764//2255 6765//2255
f 6766//2256 6767//2256 6768//2256
f 6769//2257 6770//2257 6771//2257
f 6772//2258 6773//2258 6774//2258
f 6775//2259 6776//2259 6777//2259
f 6778//2260 6779//2260 6780//2260
f 6781//2261 6782//2261 6783//2261
f 6784//2262 6785//2262 6786//2262
f 6787//2263 6788//2263 6789//2263
f 6790//2264 6791//2264 6792//2264
f 6793//2265 6794//2265 6795//2265
f 6796//2266 6797//2266 6798//2266
f 6799//2267 6800//2267 6801//2267
f 6802//2268 6803//2268 6804//2268
f 6805//2269 6806//2269 6807//2269
f 6808//2270 6809//2270 6810//2270
f 6811//2271 6812//2271 6813//2271
f 6814//2272 6815//2272 6816//2272
f 6817//2273 6818//2273 6819//2273
f 6820//2274 6821//2274 6822//2274
f 6823//2275 6824//2275 6825//2275
f 6826//2276 6827//2276 6828//2276
f 6829//2277 6830//2277 6831//2277
f 6832//2278 6833//2278 6834//2278
f 6835//2279 6836//2279 6837//2279
f 6838//2280 6839//2280 6840//2280
f 6841//2281 6842//2281 6843//2281
f 6844//2282 6845//2282 6846//2282
f 6847//2283 6848//2283 6849//2283
f 6850//2284 6851//2284 6852//2284
f 6853//2285 6854//2285 6855//2285
f 6856//2286 6857//2286 6858//2286
f 6859//2287 6860//2287 6861//2287
f 6862//2288 6863//2288 6864//2288
f 6865//2289 6866//2289 6867//2289
f 6868//2290 6869//2290 6870//2290
f 6871//2291 6872//2291 6873//2291
f 6874//2292 6875//2292 6876//2292
f 6877//2293 6878//2293 6879//2293
f 6880//2294 6881//2294 6882//2294
f 6883//2295 6884//2295 6885//2295
f 6886//2296 6887//2296 6888//2296
f 6889//2297 6890//2297 6891//2297
f 6892//2298 6893//2298 6894//2298
f 6895//2299 6896//2299 6897//2299
f 6898//2300 6899//2300 6900//2300
f 6901//2301 6902//2301 6903//2301
f 6904//2302 6905//2302 6906//2302
f 6907//2303 6908//2303 6909//2303
f 6910//2304 6911//2304 6912//2304
f 6913//2305 6914//2305 6915//2305
f 6916//2306 6917//2306 6918//2306
f 6919//2307 6920//2307 6921//2307
f 6922//2308 6923//2308 6924//2308
f 6925//2309 6926//2309 6927//2309
f 6928//2310 6929//2310 6930//2310
f 6931//2311 6932//2311 6933//2311
f 6934//2312 6935//2312 6936//2312
f 6937//2313 6938//2313 6939//2313
f 6940//2314 6941//2314 6942//2314
f 6943//2315 6944//2315 6945//2315
f 6946//2316 6947//2316 6948//2316
f 6949//2317 6950//2317 6951//2317
f 6952//2318 6953//2318 6954//2318
f 6955//2319 6956//2319 6957//2319
f 6958//2320 6959//2320 6960//2320
f 6961//2321 6962//2321 6963//2321
f 6964//2322 6965//2322 6966//2322
f 6967//2323 6968//2323 6969//2323
f 6970//2324 6971//2324 6972//2324
f 6973//2325 6974//2325 6975//2325
f 6976//2326 6977//2326 6978//2326
f 6979//2327 6980//2327 6981//2327
f 6982//2328 6983//2328 6984//2328
f 6985//2329 6986//2329 6987//2329
f 6988//2330 6989//2330 6990//2330
f 6991//2331 6992//2331 6993//2331
f 6994//2332 6995//2332 6996//2332
f 6997//2333 6998//2333 6999//2333
f 7000//2334 7001//2334 7002//2334
f 7003//2335 7004//2335 7005//2335
f 7006//2336 7007//2336 7008//2336
f 7009//2337 7010//2337 7011//2337
f 7012//2338 7013//2338 7014//2338
f 7015//2339 7016//2339 7017//2339
f 7018//2340 7019//2340 7020//2340
f 7021//2341 7022//2341 7023//2341
f 7024//2342 7025//2342 7026//2342
f 7027//2343 7028//2343 7029//2343
f 7030//2344 7031//2344 7032//2344
f 7033//2345 7034//2345 7035//2345
f 7036//2346 7037//2346 7038//2346
f 7039//2347 7040//2347 7041//2347
f 7042//2348 7043//2348 7044//2348
f 7045//2349 7046//2349 7047//2349
f 7048//2350 7049//2350 7050//2350
f 7051//2351 7052//2351 7053//2351
f 7054//2352 7055//2352 7056//2352
f 7057//2353 7058//2353 7059//2353
f 7060//2354 7061//2354 7062//2354
f 7063//2355 7064//2355 7065//2355
f 7066//2356 7067//2356 7068//2356
f 7069//2357 7070//2357 7071//2357
f 7072//2358 7073//2358 7074//2358
f 7075//2359 7076//2359 7077//2359
f 7078//2360 7079//2360 7080//2360
f 7081//2361 7082//2361 7083//2361
f 7084//2362 7085//2362 7086//2362
f 7087//2363 7088//2363 7089//2363
f 7090//2364 7091//2364 7092//2364
f 7093//2365 7094//2365 7095//2365
f 7096//2366 7097//2366 7098//2366
f 7099//2367 7100//2367 7101//2367
f 7102//2368 7103//2368 7104//2368
f 7105//2369 7106//2369 7107//2369
f 7108//2370 7109//2370 7110//2370
f 7111//2371 7112//2371 7113//2371
f 7114//2372 7115//2372 7116//2372
f 7117//2373 7118//2373 7119//2373
f 7120//2374 7121//2374 7122//2374
f 7123//2375 7124//2375 7125//2375
f 7126//2376 7127//2376 7128//2376
f 7129//2377 7130//2377 7131//2377
f 7132//2378 7133//2378 7134//2378
f 7135//2379 7136//2379 7137//2379
f 7138//2380 7139//2380 7140//2380
f 7141//2381 7142//2381 7143//2381
f 7144//2382 7145//2382 7146//2382
f 7147//2383 7148//2383 7149//2383
f 7150//2384 7151//2384 7152//2384
f 7153//2385 7154//2385 7155//2385
f 7156//2386 7157//2386 7158//2386
f 7159//2387 7160//2387 7161//2387
f 7162//2388 7163//2388 7164//2388
f 7165//2389 7166//2389 7167//2389
f 7168//2390 7169//2390 7170//2390
f 7171//2391 7172//2391 7173//2391
f 7174//2392 7175//2392 7176//2392
f 7177//2393 7178//2393 7179//2393
f 7180//2394 7181//2394 7182//2394
f 7183//2395 7184//2395 7185//2395
f 7186//2396 7187//2396 7188//2396
f 7189//2397 7190//2397 7191//2397
f 7192//2398 7193//2398 7194//2398
f 7195//2399 7196//2399 7197//2399
f 7198//2400 7199//2400 7200//2400
f 7201//2401 7202//2401 7203//2401
f 7204//2402 7205//2402 7206//2402
f 7207//2403 7208//2403 7209//2403
f 7210//2404 7211//2404 7212//2404
f 7213//2405 7214//2405 7215//2405
f 7216//2406 7217//2406 7218//2406
f 7219//2407 7220//2407 7221//2407
f 7222//2408 7223//2408 7224//2408
f 7225//2409 7226//2409 7227//2409
f 7228//2410 7229//2410 7230//2410
f 7231//2411 7232//2411 7233//2411
f 7234//2412 7235//2412 7236//2412
f 7237//2413 7238//2413 7239//2413
f 7240//2414 7241//2414 7242//2414
f 7243//2415 7244//2415 7245//2415
f 7246//2416 7247//2416 7248//2416
f 7249//2417 7250//2417 7251//2417
f 7252//2418 7253//2418 7254//2418
f 7255//2419 7256//2419 7257//2419
f 7258//2420 7259//2420 7260//2420
f 7261//2421 7262//2421 7263//2421
f 7264//2422 7265//2422 7266//2422
f 7267//2423 7268//2423 7269//2423
f 7270//2424 7271//2424 7272//2424
f 7273//2425 7274//2425 7275//2425
f 7276//2426 7277//2426 7278//2426
f 7279//2427 7280//2427 7281//2427
f 7282//2428 7283//2428 7284//2428
f 7285//2429 7286//2429 7287//2429
f 7288//2430 7289//2430 7290//2430
f 7291//2431 7292//2431 7293//2431
f 7294//2432 7295//2432 7296//2432
f 7297//2433 7298//2433 7299//2433
f 7300//2434 7301//2434 7302//2434
f 7303//2435 7304//2435 7305//2435
f 7306//2436 7307//2436 7308//2436
f 7309//2437 7310//2437 7311//2437
f 7312//2438 7313//2438 7314//2438
f 7315//2439 7316//2439 7317//2439
f 7318//2440 7319//2440 7320//2440
f 7321//2441 7322//2441 7323//2441
f 7324//2442 7325//2442 7326//2442
f 7327//2443 7328//2443 7329//2443
f 7330//2444 7331//2444 7332//2444
f 7333//2445 7334//2445 7335//2445
f 7336//2446 7337//2446 7338//2446
f 7339//2447 7340//2447 7341//2447
f 7342//2448 7343//2448 7344//2448
f 7345//2449 7346//2449 7347//2449
f 7348//2450 7349//2450 7350//2450
f 7351//2451 7352//2451 7353//2451
f 7354//2452 7355//2452 7356//2452
f 7357//2453 7358//2453 7359//2453
f 7360//2454 7361//2454 7362//2454
f 7363//2455 7364//2455 7365//2455
f 7366//2456 7367//2456 7368//2456
f 7369//2457 7370//2457 7371//2457
f 7372//2458 7373//2458 7374//2458
f 7375//2459 7376//2459 7377//2459
f 7378//2460 7379//2460 7380//2460
f 7381//2461 7382//2461 7383//2461
f 7384//2462 7385//2462 7386//2462
f 7387//2463 7388//2463 7389//2463
f 7390//2464 7391//2464 7392//2464
f 7393//2465 7394//2465 7395//2465
f 7396//2466 7397//2466 7398//2466
f 7399//2467 7400//2467 7401//2467
f 7402//2468 7403//2468 7404//2468
f 7405//2469 7406//2469 7407//2469
f 7408//2470 7409//2470 7410//2470
f 7411//2471 7412//2471 7413//2471
f 7414//2472 7415//2472 7416//2472
f 7417//2473 7418//2473 7419//2473
f 7420//2474 7421//2474 7422//2474
f 7423//2475 7424//2475 7425//2475
f 7426//2476 7427//2476 7428//2476
f 7429//2477 7430//2477 7431//2477
f 7432//2478 7433//2478 7434//2478
f 7435//2479 7436//2479 7437//2479
f 7438//2480 7439//2480 7440//2480
f 7441//2481 7442//2481 7443//2481
f 7444//2482 7445//2482 7446//2482
f 7447//2483 7448//2483 7449//2483
f 7450//2484 7451//2484 7452//2484
f 7453//2485 7454//2485 7455//2485
f 7456//2486 7457//2486 7458//2486
f 7459//2487 7460//2487 7461//2487
f 7462//2488 7463//2488 7464//2488
f 7465//2489 7466//2489 7467//2489
f 7468//2490 7469//2490 7470//2490
f 7471//2491 7472//2491 7473//2491
f 7474//2492 7475//2492 7476//2492
f 7477//2493 7478//2493 7479//2493
f 7480//2494 7481//2494 7482//2494
f 7483//2495 7484//2495 7485//2495
f 7486//2496 7487//2496 7488//2496
f 7489//2497 7490//2497 7491//2497
f 7492//2498 7493//2498 7494//2498
f 7495//2499 7496//2499 7497//2499
f 7498//2500 7499//2500 7500//2500
f 7501//2501 7502//2501 7503//2501
f 7504//2502 7505//2502 7506//2502
f 7507//2503 7508//2503 7509//2503
f 7510//2504 7511//2504 7512//2504
f 7513//2505 7514//2505 7515//2505
f 7516//2506 7517//2506 7518//2506
f 7519//2507 7520//2507 7521//2507
f 7522//2508 7523//2508 7524//2508
f 7525//2509 7526//2509 7527//2509
f 7528//2510 7529//2510 7530//2510
f 7531//2511 7532//2511 7533//2511
f 7534//2512 7535//2512 7536//2512
f 7537//2513 7538//2513 7539//2513
f 7540//2514 7541//2514 7542//2514
f 7543//2515 7544//2515 7545//2515
f 7546//2516 7547//2516 7548//2516
f 7549//2517 7550//2517 7551//2517
f 7552//2518 7553//2518 7554//2518
f 7555//2519 7556//2519 7557//2519
f 7558//2520 7559//2520 7560//2520
f 7561//2521 7562//2521 7563//2521
f 7564//2522 7565//2522 7566//2522
f 7567//2523 7568//2523 7569//2523
f 7570//2524 7571//2524 7572//2524
f 7573//2525 7574//2525 7575//2525
f 7576//2526 7577//2526 7578//2526
f 7579//2527 7580//2527 7581//2527
f 7582//2528 7583//2528 7584//2528
f 7585//2529 7586//2529 7587//2529
f 7588//2530 7589//2530 7590//2530
f 7591//2531 7592//2531 7593//2531
f 7594//2532 7595//2532 7596//2532
f 7597//2533 7598//2533 7599//2533
f 7600//2534 7601//2534 7602//2534
f 7603//2535 7604//2535 7605//2535
f 7606//2536 7607//2536 7608//2536
f 7609//2537 7610//2537 7611//2537
f 7612//2538 7613//2538 7614//2538
f 7615//2539 7616//2539 7617//2539
f 7618//2540 7619//2540 7620//2540
f 7621//2541 7622//2541 7623//2541
f 7624//2542 7625//2542 7626//2542
f 7627//2543 7628//2543 7629//2543
f 7630//2544 7631//2544 7632//2544
f 7633//2545 7634//2545 7635//2545
f 7636//2546 7637//2546 7638//2546
f 7639//2547 7640//2547 7641//2547
f 7642//2548 7643//2548 7644//2548
f 7645//2549 7646//2549 7647//2549
f 7648//2550 7649//2550 7650//2550
f 7651//2551 7652//2551 7653//2551
f 7654//2552 7655//2552 7656//2552
f 7657//2553 7658//2553 7659//2553
f 7660//2554 7661//2554 7662//2554
f 7663//2555 7664//2555 7665//2555
f 7666//2556 7667//2556 7668//2556
f 7669//2557 7670//2557 7671//2557
f 7672//2558 7673//2558 7674//2558
f 7675//2559 7676//2559 7677//2559
f 7678//2560 7679//2560 7680//2560
f 7681//2561 7682//2561 7683//2561
f 7684//2562 7685//2562 7686//2562
f 7687//2563 7688//2563 7689//2563
f 7690//2564 7691//2564 7692//2564
f 7693//2565 7694//2565 7695//2565
f 7696//2566 7697//2566 7698//2566
f 7699//2567 7700//2567 7701//2567
f 7702//2568 7703//2568 7704//2568
f 7705//2569 7706//2569 7707//2569
f 7708//2570 7709//2570 7710//2570
f 7711//2571 7712//2571 7713//2571
f 7714//2572 7715//2572 7716//2572
f 7717//2573 7718//2573 7719//2573
f 7720//2574 7721//2574 7722//2574
f 7723//2575 7724//2575 7725//2575
f 7726//2576 7727//2576 7728//2576
f 7729//2577 7730//2577 7731//2577
f 7732//2578 7733//2578 7734//2578
f 7735//2579 7736//2579 7737//2579
f 7738//2580 7739//2580 7740//2580
f 7741//2581 7742//2581 7743//2581
f 7744//2582 7745//2582 7746//2582
f 7747//2583 7748//2583 7749//2583
f 7750//2584 7751//2584 7752//2584
f 7753//2585 7754//2585 7755//2585
f 7756//2586 7757//2586 7758//2586
f 7759//2587 7760//2587 7761//2587
f 7762//2588 7763//2588 7764//2588
f 7765//2589 7766//2589 7767//2589
f 7768//2590 7769//2590 7770//2590
f 7771//2591 7772//2591 7773//2591
f 7774//2592 7775//2592 7776//2592
f 7777//2593 7778//2593 7779//2593
f 7780//2594 7781//2594 7782//2594
f 7783//2595 7784//2595 7785//2595
f 7786//2596 7787//2596 7788//2596
f 7789//2597 7790//2597 7791//2597
f 7792//2598 7793//2598 7794//2598
f 7795//2599 7796//2599 7797//2599
f 7798//2600 7799//2600 7800//2600
f 7801//2601 7802//2601 7803//2601
f 7804//2602 7805//2602 7806//2602
f 7807//2603 7808//2603 7809//2603
f 7810//2604 7811//2604 7812//2604
f 7813//2605 7814//2605 7815//2605
f 7816//2606 7817//2606 7818//2606
f 7819//2607 7820//2607 7821//2607
f 7822//2608 7823//2608 7824//2608
f 7825//2609 7826//2609 7827//2609
f 7828//2610 7829//2610 7830//2610
f 7831//2611 7832//2611 7833//2611
f 7834//2612 7835//2612 7836//2612
f 7837//2613 7838//2613 7839//2613
f 7840//2614 7841//2614 7842//2614
f 7843//2615 7844//2615 7845//2615
f 7846//2616 7847//2616 7848//2616
f 7849//2617 7850//2617 7851//2617
f 7852//2618 7853//2618 7854//2618
f 7855//2619 7856//2619 7857//2619
f 7858//2620 7859//2620 7860//2620
f 7861//2621 7862//2621 7863//2621
f 7864//2622 7865//2622 7866//2622
f 7867//2623 7868//2623 7869//2623
f 7870//2624 7871//2624 7872//2624
f 7873//2625 7874//2625 7875//2625
f 7876//2626 7877//2626 7878//2626
f 7879//2627 7880//2627 7881//2627
f 7882//2628 7883//2628 7884//2628
f 7885//2629 7886//2629 7887//2629
f 7888//2630 7889//2630 7890//2630
f 7891//2631 7892//2631 7893//2631
f 7894//2632 7895//2632 7896//2632
f 7897//2633 7898//2633 7899//2633
f 7900//2634 7901//2634 7902//2634
f 7903//2635 7904//2635 7905//2635
f 7906//2636 7907//2636 7908//2636
f 7909//2637 7910//2637 7911//2637
f 7912//2638 7913//2638 7914//2638
f 7915//2639 7916//2639 7917//2639
f 7918//2640 7919//2640 7920//2640
f 7921//2641 7922//2641 7923//2641
f 7924//2642 7925//2642 7926//2642
f 7927//2643 7928//2643 7929//2643
f 7930//2644 7931//2644 7932//2644
f 7933//2645 7934//2645 7935//2645
f 7936//2646 7937//2646 7938//2646
f 7939//2647 7940//2647 7941//2647
f 7942//2648 7943//2648 7944//2648
f 7945//2649 7946//2649 7947//2649
f 7948//2650 7949//2650 7950//2650
f 7951//2651 7952//2651 7953//2651
f 7954//2652 7955//2652 7956//2652
f 7957//2653 7958//2653 7959//2653
f 7960//2654 7961//2654 7962//2654
f 7963//2655 7964//2655 7965//2655
f 7966//2656 7967//2656 7968//2656
f 7969//2657 7970//2657 7971//2657
f 7972//2658 7973//2658 7974//2658
f 7975//2659 7976//2659 7977//2659
f 7978//2660 7979//2660 7980//2660
f 7981//2661 7982//2661 7983//2661
f 7984//2662 7985//2662 7986//2662
f 7987//2663 7988//2663 7989//2663
f 7990//2664 7991//2664 7992//2664
f 7993//2665 7994//2665 7995//2665
f 7996//2666 7997//2666 7998//2666
f 7999//2667 8000//2667 8001//2667
f 8002//2668 8003//2668 8004//2668
f 8005//2669 8006//2669 8007//2669
f 8008//2670 8009//2670 8010//2670
f 8011//2671 8012//2671 8013//2671
f 8014//2672 8015//2672 8016//2672
f 8017//2673 8018//2673 8019//2673
f 8020//2674 8021//2674 8022//2674
f 8023//2675 8024//2675 8025//2675
f 8026//2676 8027//2676 8028//2676
f 8029//2677 8030//2677 8031//2677
f 8032//2678 8033//2678 8034//2678
f 8035//2679 8036//2679 8037//2679
f 8038//2680 8039//2680 8040//2680
f 8041//2681 8042//2681 8043//2681
f 8044//2682 8045//2682 8046//2682
f 8047//2683 8048//2683 8049//2683
f 8050//2684 8051//2684 8052//2684
f 8053//2685 8054//2685 8055//2685
f 8056//2686 8057//2686 8058//2686
f 8059//2687 8060//2687 8061//2687
f 8062//2688 8063//2688 8064//2688
f 8065//2689 8066//2689 8067//2689
f 8068//2690 8069//2690 8070//2690
f 8071//2691 8072//2691 8073//2691
f 8074//2692 8075//2692 8076//2692
f 8077//2693 8078//2693 8079//2693
f 8080//2694 8081//2694 8082//2694
f 8083//2695 8084//2695 8085//2695
f 8086//2696 8087//2696 8088//2696
f 8089//2697 8090//2697 8091//2697
f 8092//2698 8093//2698 8094//2698
f 8095//2699 8096//2699 8097//2699
f 8098//2700 8099//2700 8100//2700
f 8101//2701 8102//2701 8103//2701
f 8104//2702 8105//2702 8106//2702
f 8107//2703 8108//2703 8109//2703
f 8110//2704 8111//2704 8112//2704
f 8113//2705 8114//2705 8115//2705
f 8116//2706 8117//2706 8118//2706
f 8119//2707 8120//2707 8121//2707
f 8122//2708 8123//2708 8124//2708
f 8125//2709 8126//2709 8127//2709
f 8128//2710 8129//2710 8130//2710
f 8131//2711 8132//2711 8133//2711
f 8134//2712 8135//2712 8136//2712
f 8137//2713 8138//2713 8139//2713
f 8140//2714 8141//2714 8142//2714
f 8143//2715 8144//2715 8145//2715
f 8146//2716 8147//2716 8148//2716
f 8149//2717 8150//2717 8151//2717
f 8152//2718 8153//2718 8154//2718
f 8155//2719 8156//2719 8157//2719
f 8158//2720 8159//2720 8160//2720
f 8161//2721 8162//2721 8163//2721
f 8164//2722 8165//2722 8166//2722
f 8167//2723 8168//2723 8169//2723
f 8170//2724 8171//2724 8172//2724
f 8173//2725 8174//2725 8175//2725
f 8176//2726 8177//2726 8178//2726
f 8179//2727 8180//2727 8181//2727
f 8182//2728 8183//2728 8184//2728
f 8185//2729 8186//2729 8187//2729
f 8188//2730 8189//2730 8190//2730
f 8191//2731 8192//2731 8193//2731
f 8194//2732 8195//2732 8196//2732
f 8197//2733 8198//2733 8199//2733
f 8200//2734 8201//2734 8202//2734
f 8203//2735 8204//2735 8205//2735
f 8206//2736 8207//2736 8208//2736
f 8209//2737 8210//2737 8211//2737
f 8212//2738 8213//2738 8214//2738
f 8215//2739 8216//2739 8217//2739
f 8218//2740 8219//2740 8220//2740
f 8221//2741 8222//2741 8223//2741
f 8224//2742 8225//2742 8226//2742
f 8227//2743 8228//2743 8229//2743
f 8230//2744 8231//2744 8232//2744
f 8233//2745 8234//2745 8235//2745
f 8236//2746 8237//2746 8238//2746
f 8239//2747 8240//2747 8241//2747
f 8242//2748 8243//2748 8244//2748
f 8245//2749 8246//2749 8247//2749
f 8248//2750 8249//2750 8250//2750
f 8251//2751 8252//2751 8253//2751
f 8254//2752 8255//2752 8256//2752
f 8257//2753 8258//2753 8259//2753
f 8260//2754 8261//2754 8262//2754
f 8263//2755 8264//2755 8265//2755
f 8266//2756 8267//2756 8268//2756
f 8269//2757 8270//2757 8271//2757
f 8272//2758 8273//2758 8274//2758
f 8275//2759 8276//2759 8277//2759
f 8278//2760 8279//2760 8280//2760
f 8281//2761 8282//2761 8283//2761
f 8284//2762 8285//2762 8286//2762
f 8287//2763 8288//2763 8289//2763
f 8290//2764 8291//2764 8292//2764
f 8293//2765 8294//2765 8295//2765
f 8296//2766 8297//2766 8298//2766
f 8299//2767 8300//2767 8301//2767
f 8302//2768 8303//2768 8304//2768
f 8305//2769 8306//2769 8307//2769
f 8308//2770 8309//2770 8310//2770
f 8311//2771 8312//2771 8313//2771
f 8314//2772 8315//2772 8316//2772
f 8317//2773 8318//2773 8319//2773
f 8320//2774 8321//2774 8322//2774
f 8323//2775 8324//2775 8325//2775
f 8326//2776 8327//2776 8328//2776
f 8329//2777 8330//2777 8331//2777
f 8332//2778 8333//2778 8334//2778
f 8335//2779 8336//2779 8337//2779
f 8338//2780 8339//2780 8340//2780
f 8341//2781 8342//2781 8343//2781
f 8344//2782 8345//2782 8346//2782
f 8347//2783 8348//2783 8349//2783
f 8350//2784 8351//2784 8352//2784
f 8353//2785 8354//2785 8355//2785
f 8356//2786 8357//2786 8358//2786
f 8359//2787 8360//2787 8361//2787
f 8362//2788 8363//2788 8364//2788
f 8365//2789 8366//2789 8367//2789
f 8368//2790 8369//2790 8370//2790
f 8371//2791 8372//2791 8373//2791
f 8374//2792 8375//2792 8376//2792
f 8377//2793 8378//2793 8379//2793
f 8380//2794 8381//2794 8382//2794
f 8383//2795 8384//2795 8385//2795
f 8386//2796 8387//2796 8388//2796
f 8389//2797 8390//2797 8391//2797
f 8392//2798 8393//2798 8394//2798
f 8395//2799 8396//2799 8397//2799
f 8398//2800 8399//2800 8400//2800
f 8401//2801 8402//2801 8403//2801
f 8404//2802 8405//2802 8406//2802
f 8407//2803 8408//2803 8409//2803
f 8410//2804 8411//2804 8412//2804
f 8413//2805 8414//2805 8415//2805
f 8416//2806 8417//2806 8418//2806
f 8419//2807 8420//2807 8421//2807
f 8422//2808 8423//2808 8424//2808
f 8425//2809 8426//2809 8427//2809
f 8428//2810 8429//2810 8430//2810
f 8431//2811 8432//2811 8433//2811
f 8434//2812 8435//2812 8436//2812
f 8437//2813 8438//2813 8439//2813
f 8440//2814 8441//2814 8442//2814
f 8443//2815 8444//2815 8445//2815
f 8446//2816 8447//2816 8448//2816
f 8449//2817 8450//2817 8451//2817
f 8452//2818 8453//2818 8454//2818
f 8455//2819 8456//2819 8457//2819
f 8458//2820 8459//2820 8460//2820
f 8461//2821 8462//2821 8463//2821
f 8464//2822 8465//2822 8466//2822
f 8467//2823 8468//2823 8469//2823
f 8470//2824 8471//2824 8472//2824
f 8473//2825 8474//2825 8475//2825
f 8476//2826 8477//2826 8478//2826
f 8479//2827 8480//2827 8481//2827
f 8482//2828 8483//2828 8484//2828
f 8485//2829 8486//2829 8487//2829
f 8488//2830 8489//2830 8490//2830
f 8491//2831 8492//2831 8493//2831
f 8494//2832 8495//2832 8496//2832
f 8497//2833 8498//2833 8499//2833
f 8500//2834 8501//2834 8502//2834
f 8503//2835 8504//2835 8505//2835
f 8506//2836 8507//2836 8508//2836
f 8509//2837 8510//2837 8511//2837
f 8512//2838 8513//2838 8514//2838
f 8515//2839 8516//2839 8517//2839
f 8518//2840 8519//2840 8520//2840
f 8521//2841 8522//2841 8523//2841
f 8524//2842 8525//2842 8526//2842
f 8527//2843 8528//2843 8529//2843
f 8530//2844 8531//2844 8532//2844
f 8533//2845 8534//2845 8535//2845
f 8536//2846 8537//2846 8538//2846
f 8539//2847 8540//2847 8541//2847
f 8542//2848 8543//2848 8544//2848
f 8545//2849 8546//2849 8547//2849
f 8548//2850 8549//2850 8550//2850
f 8551//2851 8552//2851 8553//2851
f 8554//2852 8555//2852 8556//2852
f 8557//2853 8558//2853 8559//2853
f 8560//2854 8561//2854 8562//2854
f 8563//2855 8564//2855 8565//2855
f 8566//2856 8567//2856 8568//2856
f 8569//2857 8570//2857 8571//2857
f 8572//2858 8573//2858 8574//2858
f 8575//2859 8576//2859 8577//2859
f 8578//2860 8579//2860 8580//2860
f 8581//2861 8582//2861 8583//2861
f 8584//2862 8585//2862 8586//2862
f 8587//2863 8588//2863 8589//2863
f 8590//2864 8591//2864 8592//2864
f 8593//2865 8594//2865 8595//2865
f 8596//2866 8597//2866 8598//2866
f 8599//2867 8600//2867 8601//2867
f 8602//2868 8603//2868 8604//2868
f 8605//2869 8606//2869 8607//2869
f 8608//2870 8609//2870 8610//2870
f 8611//2871 8612//2871 8613//2871
f 8614//2872 8615//2872 8616//2872
f 8617//2873 8618//2873 8619//2873
f 8620//2874 8621//2874 8622//2874
f 8623//2875 8624//2875 8625//2875
f 8626//2876 8627//2876 8628//2876
f 8629//2877 8630//2877 8631//2877
f 8632//2878 8633//2878 8634//2878
f 8635//2879 8636//2879 8637//2879
f 8638//2880 8639//2880 8640//2880
f 8641//2881 8642//2881 8643//2881
f 8644//2882 8645//2882 8646//2882
f 8647//2883 8648//2883 8649//2883
f 8650//2884 8651//2884 8652//2884
f 8653//2885 8654//2885 8655//2885
f 8656//2886 8657//2886 8658//2886
f 8659//2887 8660//2887 8661//2887
f 8662//2888 8663//2888 8664//2888
f 8665//2889 8666//2889 8667//2889
f 8668//2890 8669//2890 8670//2890
f 8671//2891 8672//2891 8673//2891
f 8674//2892 8675//2892 8676//2892
f 8677//2893 8678//2893 8679//2893
f 8680//2894 8681//2894 8682//2894
f 8683//2895 8684//2895 8685//2895
f 8686//2896 8687//2896 8688//2896
f 8689//2897 8690//2897 8691//2897
f 8692//2898 8693//2898 8694//2898
f 8695//2899 8696//2899 8697//2899
f 8698//2900 8699//2900 8700//2900
f 8701//2901 8702//2901 8703//2901
f 8704//2902 8705//2902 8706//2902
f 8707//2903 8708//2903 8709//2903
f 8710//2904 8711//2904 8712//2904
f 8713//2905 8714//2905 8715//2905
f 8716//2906 8717//2906 8718//2906
f 8719//2907 8720//2907 8721//2907
f 8722//2908 8723//2908 8724//2908
f 8725//2909 8726//2909 8727//2909
f 8728//2910 8729//2910 8730//2910
f 8731//2911 8732//2911 8733//2911
f 8734//2912 8735//2912 8736//2912
f 8737//2913 8738//2913 8739//2913
f 8740//2914 8741//2914 8742//2914
f 8743//2915 8744//2915 8745//2915
f 8746//2916 8747//2916 8748//2916
f 8749//2917 8750//2917 8751//2917
f 8752//2918 8753//2918 8754//2918
f 8755//2919 8756//2919 8757//2919
f 8758//2920 8759//2920 8760//2920
f 8761//2921 8762//2921 8763//2921
f 8764//2922 8765//2922 8766//2922
f 8767//2923 8768//2923 8769//2923
f 8770//2924 8771//2924 8772//2924
f 8773//2925 8774//2925 8775//2925
f 8776//2926 8777//2926 8778//2926
f 8779//2927 8780//2927 8781//2927
f 8782//2928 8783//2928 8784//2928
f 8785//2929 8786//2929 8787//2929
f 8788//2930 8789//2930 8790//2930
f 8791//2931 8792//2931 8793//2931
f 8794//2932 8795//2932 8796//2932
f 8797//2933 8798//2933 8799//2933
f 8800//2934 8801//2934 8802//2934
f 8803//2935 8804//2935 8805//2935
f 8806//2936 8807//2936 8808//2936
f 8809//2937 8810//2937 8811//2937
f 8812//2938 8813//2938 8814//2938
f 8815//2939 8816//2939 8817//2939
f 8818//2940 8819//2940 8820//2940
f 8821//2941 8822//2941 8823//2941
f 8824//2942 8825//2942 8826//2942
f 8827//2943 8828//2943 8829//2943
f 8830//2944 8831//2944 8832//2944
f 8833//2945 8834//2945 8835//2945
f 8836//2946 8837//2946 8838//2946
f 8839//2947 8840//2947 8841//2947
f 8842//2948 8843//2948 8844//2948
f 8845//2949 8846//2949 8847//2949
f 8848//2950 8849//2950 8850//2950
f 8851//2951 8852//2951 8853//2951
f 8854//2952 8855//2952 8856//2952
f 8857//2953 8858//2953 8859//2953
f 8860//2954 8861//2954 8862//2954
f 8863//2955 8864//2955 8865//2955
f 8866//2956 8867//2956 8868//2956
f 8869//2957 8870//2957 8871//2957
f 8872//2958 8873//2958 8874//2958
f 8875//2959 8876//2959 8877//2959
f 8878//2960 8879//2960 8880//2960
f 8881//2961 8882//2961 8883//2961
f 8884//2962 8885//2962 8886//2962
f 8887//2963 8888//2963 8889//2963
f 8890//2964 8891//2964 8892//2964
f 8893//2965 8894//2965 8895//2965
f 8896//2966 8897//2966 8898//2966
f 8899//2967 8900//2967 8901//2967
f 8902//2968 8903//2968 8904//2968
f 8905//2969 8906//2969 8907//2969
f 8908//2970 8909//2970 8910//2970
f 8911//2971 8912//2971 8913//2971
f 8914//2972 8915//2972 8916//2972
f 8917//2973 8918//2973 8919//2973
f 8920//2974 8921//2974 8922//2974
f 8923//2975 8924//2975 8925//2975
f 8926//2976 8927//2976 8928//2976
f 8929//2977 8930//2977 8931//2977
f 8932//2978 8933//2978 8934//2978
f 8935//2979 8936//2979 8937//2979
f 8938//2980 8939//2980 8940//2980
f 8941//2981 8942//2981 8943//2981
f 8944//2982 8945//2982 8946//2982
f 8947//2983 8948//2983 8949//2983
f 8950//2984 8951//2984 8952//2984
f 8953//2985 8954//2985 8955//2985
f 8956//2986 8957//2986 8958//2986
f 8959//2987 8960//2987 8961//2987
f 8962//2988 8963//2988 8964//2988
f 8965//2989 8966//2989 8967//2989
f 8968//2990 8969//2990 8970//2990
f 8971//2991 8972//2991 8973//2991
f 8974//2992 8975//2992 8976//2992
f 8977//2993 8978//2993 8979//2993
f 8980//2994 8981//2994 8982//2994
f 8983//2995 8984//2995 8985//2995
f 8986//2996 8987//2996 8988//2996
f 8989//2997 8990//2997 8991//2997
f 8992//2998 8993//2998 8994//2998
f 8995//2999 8996//2999 8997//2999
f 8998//3000 8999//3000 9000//3000
f 9001//3001 9002//3001 9003//3001
f 9004//3002 9005//3002 9006//3002
f 9007//3003 9008//3003 9009//3003
f 9010//3004 9011//3004 9012//3004
f 9013//3005 9014//3005 9015//3005
f 9016//3006 9017//3006 9018//3006
f 9019//3007 9020//3007 9021//3007
f 9022//3008 9023//3008 9024//3008
f 9025//3009 9026//3009 9027//3009
f 9028//3010 9029//3010 9030//3010
f 9031//3011 9032//3011 9033//3011
f 9034//3012 9035//3012 9036//3012
f 9037//3013 9038//3013 9039//3013
f 9040//3014 9041//3014 9042//3014
f 9043//3015 9044//3015 9045//3015
f 9046//3016 9047//3016 9048//3016
f 9049//3017 9050//3017 9051//3017
f 9052//3018 9053//3018 9054//3018
f 9055//3019 9056//3019 9057//3019
f 9058//3020 9059//3020 9060//3020
f 9061//3021 9062//3021 9063//3021
f 9064//3022 9065//3022 9066//3022
f 9067//3023 9068//3023 9069//3023
f 9070//3024 9071//3024 9072//3024
f 9073//3025 9074//3025 9075//3025
f 9076//3026 9077//3026 9078//3026
f 9079//3027 9080//3027 9081//3027
f 9082//3028 9083//3028 9084//3028
f 9085//3029 9086//3029 9087//3029
f 9088//3030 9089//3030 9090//3030
f 9091//3031 9092//3031 9093//3031
f 9094//3032 9095//3032 9096//3032
f 9097//3033 9098//3033 9099//3033
f 9100//3034 9101//3034 9102//3034
f 9103//3035 9104//3035 9105//3035
f 9106//3036 9107//3036 9108//3036
f 9109//3037 9110//3037 9111//3037
f 9112//3038 9113//3038 9114//3038
f 9115//3039 9116//3039 9117//3039
f 9118//3040 9119//3040 9120//3040
f 9121//3041 9122//3041 9123//3041
f 9124//3042 9125//3042 9126//3042
f 9127//3043 9128//3043 9129//3043
f 9130//3044 9131//3044 9132//3044
f 9133//3045 9134//3045 9135//3045
f 9136//3046 9137//3046 9138//3046
f 9139//3047 9140//3047 9141//3047
f 9142//3048 9143//3048 9144//3048
f 9145//3049 9146//3049 9147//3049
f 9148//3050 9149//3050 9150//3050
f 9151//3051 9152//3051 9153//3051
f 9154//3052 9155//3052 9156//3052
f 9157//3053 9158//3053 9159//3053
f 9160//3054 9161//3054 9162//3054
f 9163//3055 9164//3055 9165//3055
f 9166//3056 9167//3056 9168//3056
f 9169//3057 9170//3057 9171//3057
f 9172//3058 9173//3058 9174//3058
f 9175//3059 9176//3059 9177//3059
f 9178//3060 9179//3060 9180//3060
f 9181//3061 9182//3061 9183//3061
f 9184//3062 9185//3062 9186//3062
f 9187//3063 9188//3063 9189//3063
f 9190//3064 9191//3064 9192//3064
f 9193//3065 9194//3065 9195//3065
f 9196//3066 9197//3066 9198//3066
f 9199//3067 9200//3067 9201//3067
f 9202//3068 9203//3068 9204//3068
f 9205//3069 9206//3069 9207//3069
f 9208//3070 9209//3070 9210//3070
f 9211//3071 9212//3071 9213//3071
f 9214//3072 9215//3072 9216//3072
f 9217//3073 9218//3073 9219//3073
f 9220//3074 9221//3074 9222//3074
f 9223//3075 9224//3075 9225//3075
f 9226//3076 9227//3076 9228//3076
f 9229//3077 9230//3077 9231//3077
f 9232//3078 9233//3078 9234//3078
f 9235//3079 9236//3079 9237//3079
f 9238//3080 9239//3080 9240//3080
f 9241//3081 9242//3081 9243//3081
f 9244//3082 9245//3082 9246//3082
f 9247//3083 9248//3083 9249//3083
f 9250//3084 9251//3084 9252//3084
f 9253//3085 9254//3085 9255//3085
f 9256//3086 9257//3086 9258//3086
f 9259//3087 9260//3087 9261//3087
f 9262//3088 9263//3088 9264//3088
f 9265//3089 9266//3089 9267//3089
f 9268//3090 9269//3090 9270//3090
f 9271//3091 9272//3091 9273//3091
f 9274//3092 9275//3092 9276//3092
f 9277//3093 9278//3093 9279//3093
f 9280//3094 9281//3094 9282//3094
f 9283//3095 9284//3095 9285//3095
f 9286//3096 9287//3096 9288//3096
f 9289//3097 9290//3097 9291//3097
f 9292//3098 9293//3098 9294//3098
f 9295//3099 9296//3099 9297//3099
f 9298//3100 9299//3100 9300//3100
f 9301//3101 9302//3101 9303//3101
f 9304//3102 9305//3102 9306//3102
f 9307//3103 9308//3103 9309//3103
f 9310//3104 9311//3104 9312//3104
f 9313//3105 9314//3105 9315//3105
f 9316//3106 9317//3106 9318//3106
f 9319//3107 9320//3107 9321//3107
f 9322//3108 9323//3108 9324//3108
f 9325//3109 9326//3109 9327//3109
f 9328//3110 9329//3110 9330//3110
f 9331//3111 9332//3111 9333//3111
f 9334//3112 9335//3112 9336//3112
f 9337//3113 9338//3113 9339//3113
f 9340//3114 9341//3114 9342//3114
f 9343//3115 9344//3115 9345//3115
f 9346//3116 9347//3116 9348//3116
f 9349//3117 9350//3117 9351//3117
f 9352//3118 9353//3118 9354//3118
f 9355//3119 9356//3119 9357//3119
f 9358//3120 9359//3120 9360//3120
f 9361//3121 9362//3121 9363//3121
f 9364//3122 9365//3122 9366//3122
f 9367//3123 9368//3123 9369//3123
f 9370//3124 9371//3124 9372//3124
f 9373//3125 9374//3125 9375//3125
f 9376//3126 9377//3126 9378//3126
f 9379//3127 9380//3127 9381//3127
f 9382//3128 9383//3128 9384//3128
f 9385//3129 9386//3129 9387//3129
f 9388//3130 9389//3130 9390//3130
f 9391//3131 9392//3131 9393//3131
f 9394//3132 9395//3132 9396//3132
f 9397//3133 9398//3133 9399//3133
f 9400//3134 9401//3134 9402//3134
f 9403//3135 9404//3135 9405//3135
f 9406//3136 9407//3136 9408//3136
f 9409//3137 9410//3137 9411//3137
f 9412//3138 9413//3138 9414//3138
f 9415//3139 9416//3139 9417//3139
f 9418//3140 9419//3140 9420//3140
f 9421//3141 9422//3141 9423//3141
f 9424//3142 9425//3142 9426//3142
f 9427//3143 9428//3143 9429//3143
f 9430//3144 9431//3144 9432//3144
f 9433//3145 9434//3145 9435//3145
f 9436//3146 9437//3146 9438//3146
f 9439//3147 9440//3147 9441//3147
f 9442//3148 9443//3148 9444//3148
f 9445//3149 9446//3149 9447//3149
f 9448//3150 9449//3150 9450//3150
f 9451//3151 9452//3151 9453//3151
f 9454//3152 9455//3152 9456//3152
f 9457//3153 9458//3153 9459//3153
f 9460//3154 9461//3154 9462//3154
f 9463//3155 9464//3155 9465//3155
f 9466//3156 9467//3156 9468//3156
f 9469//3157 9470//3157 9471//3157
f 9472//3158 9473//3158 9474//3158
f 9475//3159 9476//3159 9477//3159
f 9478//3160 9479//3160 9480//3160
f 9481//3161 9482//3161 9483//3161
f 9484//3162 9485//3162 9486//3162
f 9487//3163 9488//3163 9489//3163
f 9490//3164 9491//3164 9492//3164
f 9493//3165 9494//3165 9495//3165
f 9496//3166 9497//3166 9498//3166
f 9499//3167 9500//3167 9501//3167
f 9502//3168 9503//3168 9504//3168
f 9505//3169 9506//3169 9507//3169
f 9508//3170 9509//3170 9510//3170
f 9511//3171 9512//3171 9513//3171
f 9514//3172 9515//3172 9516//3172
f 9517//3173 9518//3173 9519//3173
f 9520//3174 9521//3174 9522//3174
f 9523//3175 9524//3175 9525//3175
f 9526//3176 9527//3176 9528//3176
f 9529//3177 9530//3177 9531//3177
f 9532//3178 9533//3178 9534//3178
f 9535//3179 9536//3179 9537//3179
f 9538//3180 9539//3180 9540//3180
f 9541//3181 9542//3181 9543//3181
f 9544//3182 9545//3182 9546//3182
f 9547//3183 9548//3183 9549//3183
f 9550//3184 9551//3184 9552//3184
f 9553//3185 9554//3185 9555//3185
f 9556//3186 9557//3186 9558//3186
f 9559//3187 9560//3187 9561//3187
f 9562//3188 9563//3188 9564//3188
f 9565//3189 9566//3189 9567//3189
f 9568//3190 9569//3190 9570//3190
f 9571//3191 9572//3191 9573//3191
f 9574//3192 9575//3192 9576//3192
f 9577//3193 9578//3193 9579//3193
f 9580//3194 9581//3194 9582//3194
f 9583//3195 9584//3195 9585//3195
f 9586//3196 9587//3196 9588//3196
f 9589//3197 9590//3197 9591//3197
f 9592//3198 9593//3198 9594//3198
f 9595//3199 9596//3199 9597//3199
f 9598//3200 9599//3200 9600//3200
f 9601//3201 9602//3201 9603//3201
f 9604//3202 9605//3202 9606//3202
f 9607//3203 9608//3203 9609//3203
f 9610//3204 9611//3204 9612//3204
f 9613//3205 9614//3205 9615//3205
f 9616//3206 9617//3206 9618//3206
f 9619//3207 9620//3207 9621//3207
f 9622//3208 9623//3208 9624//3208
f 9625//3209 9626//3209 9627//3209
f 9628//3210 9629//3210 9630//3210
f 9631//3211 9632//3211 9633//3211
f 9634//3212 9635//3212 9636//3212
f 9637//3213 9638//3213 9639//3213
f 9640//3214 9641//3214 9642//3214
f 9643//3215 9644//3215 9645//3215
f 9646//3216 9647//3216 9648//3216
f 9649//3217 9650//3217 9651//3217
f 9652//3218 9653//3218 9654//3218
f 9655//3219 9656//3219 9657//3219
f 9658//3220 9659//3220 9660//3220
f 9661//3221 9662//3221 9663//3221
f 9664//3222 9665//3222 9666//3222
f 9667//3223 9668//3223 9669//3223
f 9670//3224 9671//3224 9672//3224
f 9673//3225 9674//3225 9675//3225
f 9676//3226 9677//3226 9678//3226
f 9679//3227 9680//3227 9681//3227
f 9682//3228 9683//3228 9684//3228
f 9685//3229 9686//3229 9687//3229
f 9688//3230 9689//3230 9690//3230
f 9691//3231 9692//3231 9693//3231
f 9694//3232 9695//3232 9696//3232
f 9697//3233 9698//3233 9699//3233
f 9700//3234 9701//3234 9702//3234
f 9703//3235 9704//3235 9705//3235
f 9706//3236 9707//3236 9708//3236
f 9709//3237 9710//3237 9711//3237
f 9712//3238 9713//3238 9714//3238
f 9715//3239 9716//3239 9717//3239
f 9718//3240 9719//3240 9720//3240
f 9721//3241 9722//3241 9723//3241
f 9724//3242 9725//3242 9726//3242
f 9727//3243 9728//3243 9729//3243
f 9730//3244 9731//3244 9732//3244
f 9733//3245 9734//3245 9735//3245
f 9736//3246 9737//3246 9738//3246
f 9739//3247 9740//3247 9741//3247
f 9742//3248 9743//3248 9744//3248
f 9745//3249 9746//3249 9747//3249
f 9748//3250 9749//3250 9750//3250
f 9751//3251 9752//3251 9753//3251
f 9754//3252 9755//3252 9756//3252
f 9757//3253 9758//3253 9759//3253
f 9760//3254 9761//3254 9762//3254
f 9763//3255 9764//3255 9765//3255
f 9766//3256 9767//3256 9768//3256
f 9769//3257 9770//3257 9771//3257
f 9772//3258 9773//3258 9774//3258
f 9775//3259 9776//3259 9777//3259
f 9778//3260 9779//3260 9780//3260
f 9781//3261 9782//3261 9783//3261
f 9784//3262 9785//3262 9786//3262
f 9787//3263 9788//3263 9789//3263
f 9790//3264 9791//3264 9792//3264
f 9793//3265 9794//3265 9795//3265
f 9796//3266 9797//3266 9798//3266
f 9799//3267 9800//3267 9801//3267
f 9802//3268 9803//3268 9804//3268
f 9805//3269 9806//3269 9807//3269
f 9808//3270 9809//3270 9810//3270
f 9811//3271 9812//3271 9813//3271
f 9814//3272 9815//3272 9816//3272
f 9817//3273 9818//3273 9819//3273
f 9820//3274 9821//3274 9822//3274
f 9823//3275 9824//3275 9825//3275
f 9826//3276 9827//3276 9828//3276
f 9829//3277 9830//3277 9831//3277
f 9832//3278 9833//3278 9834//3278
f 9835//3279 9836//3279 9837//3279
f 9838//3280 9839//3280 9840//3280
f 9841//3281 9842//3281 9843//3281
f 9844//3282 9845//3282 9846//3282
f 9847//3283 9848//3283 9849//3283
f 9850//3284 9851//3284 9852//3284
f 9853//3285 9854//3285 9855//3285
f 9856//3286 9857//3286 9858//3286
f 9859//3287 9860//3287 9861//3287
f 9862//3288 9863//3288 9864//3288
f 9865//3289 9866//3289 9867//3289
f 9868//3290 9869//3290 9870//3290
f 9871//3291 9872//3291 9873//3291
f 9874//3292 9875//3292 9876//3292
f 9877//3293 9878//3293 9879//3293
f 9880//3294 9881//3294 9882//3294
f 9883//3295 9884//3295 9885//3295
f 9886//3296 9887//3296 9888//3296
f 9889//3297 9890//3297 9891//3297
f 9892//3298 9893//3298 9894//3298
f 9895//3299 9896//3299 9897//3299
f 9898//3300 9899//3300 9900//3300
f 9901//3301 9902//3301 9903//3301
f 9904//3302 9905//3302 9906//3302
f 9907//3303 9908//3303 9909//3303
f 9910//3304 9911//3304 9912//3304
f 9913//3305 9914//3305 9915//3305
f 9916//3306 9917//3306 9918//3306
f 9919//3307 9920//3307 9921//3307
f 9922//3308 9923//3308 9924//3308
f 9925//3309 9926//3309 9927//3309
f 9928//3310 9929//3310 9930//3310
f 9931//3311 9932//3311 9933//3311
f 9934//3312 9935//3312 9936//3312
f 9937//3313 9938//3313 9939//3313
f 9940//3314 9941//3314 9942//3314
f 9943//3315 9944//3315 9945//3315
f 9946//3316 9947//3316 9948//3316
f 9949//3317 9950//3317 9951//3317
f 9952//3318 9953//3318 9954//3318
f 9955//3319 9956//3319 9957//3319
f 9958//3320 9959//3320 9960//3320
f 9961//3321 9962//3321 9963//3321
f 9964//3322 9965//3322 9966//3322
f 9967//3323 9968//3323 9969//3323
f 9970//3324 9971//3324 9972//3324
f 9973//3325 9974//3325 9975//3325
f 9976//3326 9977//3326 9978//3326
f 9979//3327 9980//3327 9981//3327
f 9982//3328 9983//3328 9984//3328
f 9985//3329 9986//3329 9987//3329
f 9988//3330 9989//3330 9990//3330
f 9991//3331 9992//3331 9993//3331
f 9994//3332 9995//3332 9996//3332
f 9997//3333 9998//3333 9999//3333
f 10000//3334 10001//3334 10002//3334
f 10003//3335 10004//3335 10005//3335
f 10006//3336 10007//3336 10008//3336
f 10009//3337 10010//3337 10011//3337
f 10012//3338 10013//3338 10014//3338
f 10015//3339 10016//3339 10017//3339
f 10018//3340 10019//3340 10020//3340
f 10021//3341 10022//3341 10023//3341
f 10024//3342 10025//3342 10026//3342
f 10027//3343 10028//3343 10029//3343
f 10030//3344 10031//3344 10032//3344
f 10033//3345 10034//3345 10035//3345
f 10036//3346 10037//3346 10038//3346
f 10039//3347 10040//3347 10041//3347
f 10042//3348 10043//3348 10044//3348
f 10045//3349 10046//3349 10047//3349
f 10048//3350 10049//3350 10050//3350
f 10051//3351 10052//3351 10053//3351
f 10054//3352 10055//3352 10056//3352
f 10057//3353 10058//3353 10059//3353
f 10060//3354 10061//3354 10062//3354
f 10063//3355 10064//3355 10065//3355
f 10066//3356 10067//3356 10068//3356
f 10069//3357 10070//3357 10071//3357
f 10072//3358 10073//3358 10074//3358
f 10075//3359 10076//3359 10077//3359
f 10078//3360 10079//3360 10080//3360
f 10081//3361 10082//3361 10083//3361
f 10084//3362 10085//3362 10086//3362
f 10087//3363 10088//3363 10089//3363
f 10090//3364 10091//3364 10092//3364
f 10093//3365 10094//3365 10095//3365
f 10096//3366 10097//3366 10098//3366
f 10099//3367 10100//3367 10101//3367
f 10102//3368 10103//3368 10104//3368
f 10105//3369 10106//3369 10107//3369
f 10108//3370 10109//3370 10110//3370
f 10111//3371 10112//3371 10113//3371
f 10114//3372 10115//3372 10116//3372
f 10117//3373 10118//3373 10119//3373
f 10120//3374 10121//3374 10122//3374
f 10123//3375 10124//3375 10125//3375
f 10126//3376 10127//3376 10128//3376
f 10129//3377 10130//3377 10131//3377
f 10132//3378 10133//3378 10134//3378
f 10135//3379 10136//3379 10137//3379
f 10138//3380 10139//3380 10140//3380
f 10141//3381 10142//3381 10143//3381
f 10144//3382 10145//3382 10146//3382
f 10147//3383 10148//3383 10149//3383
f 10150//3384 10151//3384 10152//3384
f 10153//3385 10154//3385 10155//3385
f 10156//3386 10157//3386 10158//3386
f 10159//3387 10160//3387 10161//3387
f 10162//3388 10163//3388 10164//3388
f 10165//3389 10166//3389 10167//3389
f 10168//3390 10169//3390 10170//3390
f 10171//3391 10172//3391 10173//3391
f 10174//3392 10175//3392 10176//3392
f 10177//3393 10178//3393 10179//3393
f 10180//3394 10181//3394 10182//3394
f 10183//3395 10184//3395 10185//3395
f 10186//3396 10187//3396 10188//3396
f 10189//3397 10190//3397 10191//3397
f 10192//3398 10193//3398 10194//3398
f 10195//3399 10196//3399 10197//3399
f 10198//3400 10199//3400 10200//3400
f 10201//3401 10202//3401 10203//3401
f 10204//3402 10205//3402 10206//3402
f 10207//3403 10208//3403 10209//3403
f 10210//3404 10211//3404 10212//3404
f 10213//3405 10214//3405 10215//3405
f 10216//3406 10217//3406 10218//3406
f 10219//3407 10220//3407 10221//3407
f 10222//3408 10223//3408 10224//3408
f 10225//3409 10226//3409 10227//3409
f 10228//3410 10229//3410 10230//3410
f 10231//3411 10232//3411 10233//3411
f 10234//3412 10235//3412 10236//3412
f 10237//3413 10238//3413 10239//3413
f 10240//3414 10241//3414 10242//3414
f 10243//3415 10244//3415 10245//3415
f 10246//3416 10247//3416 10248//3416
f 10249//3417 10250//3417 10251//3417
f 10252//3418 10253//3418 10254//3418
f 10255//3419 10256//3419 10257//3419
f 10258//3420 10259//3420 10260//3420
f 10261//3421 10262//3421 10263//3421
f 10264//3422 10265//3422 10266//3422
f 10267//3423 10268//3423 10269//3423
f 10270//3424 10271//3424 10272//3424
f 10273//3425 10274//3425 10275//3425
f 10276//3426 10277//3426 10278//3426
f 10279//3427 10280//3427 10281//3427
f 10282//3428 10283//3428 10284//3428
f 10285//3429 10286//3429 10287//3429
f 10288//3430 10289//3430 10290//3430
f 10291//3431 10292//3431 10293//3431
f 10294//3432 10295//3432 10296//3432
f 10297//3433 10298//3433 10299//3433
f 10300//3434 10301//3434 10302//3434
f 10303//3435 10304//3435 10305//3435
f 10306//3436 10307//3436 10308//3436
f 10309//3437 10310//3437 10311//3437
f 10312//3438 10313//3438 10314//3438
f 10315//3439 10316//3439 10317//3439
f 10318//3440 10319//3440 10320//3440
f 10321//3441 10322//3441 10323//3441
f 10324//3442 10325//3442 10326//3442
f 10327//3443 10328//3443 10329//3443
f 10330//3444 10331//3444 10332//3444
f 10333//3445 10334//3445 10335//3445
f 10336//3446 10337//3446 10338//3446
f 10339//3447 10340//3447 10341//3447
f 10342//3448 10343//3448 10344//3448
f 10345//3449 10346//3449 10347//3449
f 10348//3450 10349//3450 10350//3450
f 10351//3451 10352//3451 10353//3451
f 10354//3452 10355//3452 10356//3452
f 10357//3453 10358//3453 10359//3453
f 10360//3454 10361//3454 10362//3454
f 10363//3455 10364//3455 10365//3455
f 10366//3456 10367//3456 10368//3456
f 10369//3457 10370//3457 10371//3457
f 10372//3458 10373//3458 10374//3458
f 10375//3459 10376//3459 10377//3459
f 10378//3460 10379//3460 10380//3460
f 10381//3461 10382//3461 10383//3461
f 10384//3462 10385//3462 10386//3462
f 10387//3463 10388//3463 10389//3463
f 10390//3464 10391//3464 10392//3464
f 10393//3465 10394//3465 10395//3465
f 10396//3466 10397//3466 10398//3466
f 10399//3467 10400//3467 10401//3467
f 10402//3468 10403//3468 10404//3468
f 10405//3469 10406//3469 10407//3469
f 10408//3470 10409//3470 10410//3470
f 10411//3471 10412//3471 10413//3471
f 10414//3472 10415//3472 10416//3472
f 10417//3473 10418//3473 10419//3473
f 10420//3474 10421//3474 10422//3474
f 10423//3475 10424//3475 10425//3475
f 10426//3476 10427//3476 10428//3476
f 10429//3477 10430//3477 10431//3477
f 10432//3478 10433//3478 10434//3478
f 10435//3479 10436//3479 10437//3479
f 10438//3480 10439//3480 10440//3480
f 10441//3481 10442//3481 10443//3481
f 10444//3482 10445//3482 10446//3482
f 10447//3483 10448//3483 10449//3483
f 10450//3484 10451//3484 10452//3484
f 10453//3485 10454//3485 10455//3485
f 10456//3486 10457//3486 10458//3486
f 10459//3487 10460//3487 10461//3487
f 10462//3488 10463//3488 10464//3488
f 10465//3489 10466//3489 10467//3489
f 10468//3490 10469//3490 10470//3490
f 10471//3491 10472//3491 10473//3491
f 10474//3492 10475//3492 10476//3492
f 10477//3493 10478//3493 10479//3493
f 10480//3494 10481//3494 10482//3494
f 10483//3495 10484//3495 10485//3495
f 10486//3496 10487//3496 10488//3496
f 10489//3497 10490//3497 10491//3497
f 10492//3498 10493//3498 10494//3498
f 10495//3499 10496//3499 10497//3499
f 10498//3500 10499//3500 10500//3500
f 10501//3501 10502//3501 10503//3501
f 10504//3502 10505//3502 10506//3502
f 10507//3503 10508//3503 10509//3503
f 10510//3504 10511//3504 10512//3504
f 10513//3505 10514//3505 10515//3505
f 10516//3506 10517//3506 10518//3506
f 10519//3507 10520//3507 10521//3507
f 10522//3508 10523//3508 10524//3508
f 10525//3509 10526//3509 10527//3509
f 10528//3510 10529//3510 10530//3510
f 10531//3511 10532//3511 10533//3511
f 10534//3512 10535//3512 10536//3512
f 10537//3513 10538//3513 10539//3513
f 10540//3514 10541//3514 10542//3514
f 10543//3515 10544//3515 10545//3515
f 10546//3516 10547//3516 10548//3516
f 10549//3517 10550//3517 10551//3517
f 10552//3518 10553//3518 10554//3518
f 10555//3519 10556//3519 10557//3519
f 10558//3520 10559//3520 10560//3520
f 10561//3521 10562//3521 10563//3521
f 10564//3522 10565//3522 10566//3522
f 10567//3523 10568//3523 10569//3523
f 10570//3524 10571//3524 10572//3524
f 10573//3525 10574//3525 10575//3525
f 10576//3526 10577//3526 10578//3526
f 10579//3527 10580//3527 10581//3527
f 10582//3528 10583//3528 10584//3528
f 10585//3529 10586//3529 10587//3529
f 10588//3530 10589//3530 10590//3530
f 10591//3531 10592//3531 10593//3531
f 10594//3532 10595//3532 10596//3532
f 10597//3533 10598//3533 10599//3533
f 10600//3534 10601//3534 10602//3534
f 10603//3535 10604//3535 10605//3535
f 10606//3536 10607//3536 10608//3536
f 10609//3537 10610//3537 10611//3537
f 10612//3538 10613//3538 10614//3538
f 10615//3539 10616//3539 10617//3539
f 10618//3540 10619//3540 10620//3540
f 10621//3541 10622//3541 10623//3541
f 10624//3542 10625//3542 10626//3542
f 10627//3543 10628//3543 10629//3543
f 10630//3544 10631//3544 10632//3544
f 10633//3545 10634//3545 10635//3545
f 10636//3546 10637//3546 10638//3546
f 10639//3547 10640//3547 10641//3547
f 10642//3548 10643//3548 10644//3548
f 10645//3549 10646//3549 10647//3549
f 10648//3550 10649//3550 10650//3550
f 10651//3551 10652//3551 10653//3551
f 10654//3552 10655//3552 10656//3552
f 10657//3553 10658//3553 10659//3553
f 10660//3554 10661//3554 10662//3554
f 10663//3555 10664//3555 10665//3555
f 10666//3556 10667//3556 10668//3556
f 10669//3557 10670//3557 10671//3557
f 10672//3558 10673//3558 10674//3558
f 10675//3559 10676//3559 10677//3559
f 10678//3560 10679//3560 10680//3560
f 10681//3561 10682//3561 10683//3561
f 10684//3562 10685//3562 10686//3562
