v -0.026847 -0.142500 0.015500
v -0.029944 -0.142500 0.008023
v 0.000000 -0.142500 0.000000
v 0.000000 -0.142500 0.000000
v -0.029944 -0.142500 0.008023
v -0.031000 -0.142500 0.000000
v 0.000000 -0.142500 0.000000
v -0.031000 -0.142500 0.000000
v -0.029944 -0.142500 -0.008023
v -0.008023 -0.142500 0.029944
v -0.015500 -0.142500 0.026847
v 0.000000 -0.142500 0.000000
v 0.000000 -0.142500 0.000000
v -0.015500 -0.142500 0.026847
v -0.021920 -0.142500 0.021920
v 0.000000 -0.142500 0.000000
v -0.021920 -0.142500 0.021920
v -0.026847 -0.142500 0.015500
v 0.015500 -0.142500 0.026847
v 0.008023 -0.142500 0.029944
v 0.000000 -0.142500 0.000000
v 0.000000 -0.142500 0.000000
v 0.008023 -0.142500 0.029944
v 0.000000 -0.142500 0.031000
v 0.000000 -0.142500 0.000000
v 0.000000 -0.142500 0.031000
v -0.008023 -0.142500 0.029944
v 0.029944 -0.142500 0.008023
v 0.026847 -0.142500 0.015500
v 0.000000 -0.142500 0.000000
v 0.000000 -0.142500 0.000000
v 0.026847 -0.142500 0.015500
v 0.021920 -0.142500 0.021920
v 0.000000 -0.142500 0.000000
v 0.021920 -0.142500 0.021920
v 0.015500 -0.142500 0.026847
v 0.026847 -0.142500 -0.015500
v 0.029944 -0.142500 -0.008023
v 0.000000 -0.142500 0.000000
v 0.000000 -0.142500 0.000000
v 0.029944 -0.142500 -0.008023
v 0.031000 -0.142500 0.000000
v 0.000000 -0.142500 0.000000
v 0.031000 -0.142500 0.000000
v 0.029944 -0.142500 0.008023
v 0.008023 -0.142500 -0.029944
v 0.015500 -0.142500 -0.026847
v 0.000000 -0.142500 0.000000
v 0.000000 -0.142500 0.000000
v 0.015500 -0.142500 -0.026847
v 0.021920 -0.142500 -0.021920
v 0.000000 -0.142500 0.000000
v 0.021920 -0.142500 -0.021920
v 0.026847 -0.142500 -0.015500
v -0.015500 -0.142500 -0.026847
v -0.008023 -0.142500 -0.029944
v 0.000000 -0.142500 0.000000
v 0.000000 -0.142500 0.000000
v -0.008023 -0.142500 -0.029944
v 0.000000 -0.142500 -0.031000
v 0.000000 -0.142500 0.000000
v 0.000000 -0.142500 -0.031000
v 0.008023 -0.142500 -0.029944
v -0.029944 -0.142500 -0.008023
v -0.026847 -0.142500 -0.015500
v 0.000000 -0.142500 0.000000
v 0.000000 -0.142500 0.000000
v -0.026847 -0.142500 -0.015500
v -0.021920 -0.142500 -0.021920
v 0.000000 -0.142500 0.000000
v -0.021920 -0.142500 -0.021920
v -0.015500 -0.142500 -0.026847
v 0.007556 0.007902 0.046088
v 0.007420 0.007219 0.046151
v 0.007536 0.006593 0.046187
v 0.009134 0.006657 0.046046
v 0.010846 0.006523 0.045881
v 0.012496 0.010519 0.045348
v 0.009134 0.006657 0.046046
v 0.008867 0.005465 0.046144
v 0.009418 0.005440 0.046094
v 0.009418 0.005440 0.046094
v 0.009894 0.005562 0.046040
v 0.009134 0.006657 0.046046
v 0.009134 0.006657 0.046046
v 0.009894 0.005562 0.046040
v 0.010321 0.005849 0.045980
v 0.009134 0.006657 0.046046
v 0.010321 0.005849 0.045980
v 0.010846 0.006523 0.045881
v 0.012490 0.011889 0.045195
v 0.012166 0.012391 0.045174
v 0.007556 0.007902 0.046088
v 0.010029 0.012790 0.045361
v 0.009211 0.011899 0.045549
v 0.010581 0.012968 0.045281
v 0.010581 0.012968 0.045281
v 0.009211 0.011899 0.045549
v 0.007556 0.007902 0.046088
v 0.010581 0.012968 0.045281
v 0.007556 0.007902 0.046088
v 0.011106 0.012962 0.045225
v 0.011106 0.012962 0.045225
v 0.007556 0.007902 0.046088
v 0.012166 0.012391 0.045174
v 0.011106 0.012962 0.045225
v 0.012166 0.012391 0.045174
v 0.011690 0.012765 0.045184
v 0.008289 0.005688 0.046183
v 0.008867 0.005465 0.046144
v 0.007831 0.006083 0.046197
v 0.007831 0.006083 0.046197
v 0.008867 0.005465 0.046144
v 0.009134 0.006657 0.046046
v 0.007831 0.006083 0.046197
v 0.009134 0.006657 0.046046
v 0.007536 0.006593 0.046187
v 0.007536 0.006593 0.046187
v 0.009134 0.006657 0.046046
v 0.012496 0.010519 0.045348
v 0.007536 0.006593 0.046187
v 0.012496 0.010519 0.045348
v 0.007556 0.007902 0.046088
v 0.007556 0.007902 0.046088
v 0.012496 0.010519 0.045348
v 0.012625 0.011296 0.045247
v 0.007556 0.007902 0.046088
v 0.012625 0.011296 0.045247
v 0.012490 0.011889 0.045195
v 0.006550 0.003904 0.046407
v 0.005800 0.004330 0.046438
v 0.006961 0.002734 0.046419
v 0.005085 0.007003 0.046319
v 0.004612 0.005887 0.046419
v 0.005087 0.005334 0.046428
v 0.005087 0.005334 0.046428
v 0.004612 0.005887 0.046419
v 0.005087 0.004735 0.046460
v 0.007479 -0.000000 0.046419
v 0.011505 -0.000000 0.046022
v 0.011500 0.000175 0.046023
v 0.011500 0.000175 0.046023
v 0.011387 0.000759 0.046033
v 0.007479 -0.000000 0.046419
v 0.007479 -0.000000 0.046419
v 0.011387 0.000759 0.046033
v 0.010716 0.001532 0.046100
v 0.007479 -0.000000 0.046419
v 0.010716 0.001532 0.046100
v 0.007355 0.001352 0.046419
v 0.006025 -0.000000 0.046524
v 0.007479 -0.000000 0.046419
v 0.005563 0.000259 0.046552
v 0.005563 0.000259 0.046552
v 0.007479 -0.000000 0.046419
v 0.007355 0.001352 0.046419
v 0.005563 0.000259 0.046552
v 0.007355 0.001352 0.046419
v 0.005030 0.000558 0.046581
v 0.005030 0.000558 0.046581
v 0.007355 0.001352 0.046419
v 0.004915 0.000623 0.046587
v 0.004915 0.000623 0.046587
v 0.007355 0.001352 0.046419
v 0.004182 0.001035 0.046618
v 0.004182 0.001035 0.046618
v 0.007355 0.001352 0.046419
v 0.006961 0.002734 0.046419
v 0.004182 0.001035 0.046618
v 0.006961 0.002734 0.046419
v 0.003864 0.001215 0.046630
v 0.001446 0.004262 0.046610
v 0.001446 0.003591 0.046637
v 0.002172 0.007156 0.046419
v 0.002172 0.007156 0.046419
v 0.001446 0.003591 0.046637
v 0.001595 0.002894 0.046657
v 0.002172 0.007156 0.046419
v 0.001595 0.002894 0.046657
v 0.003443 0.006639 0.046419
v 0.001443 0.011282 0.046038
v 0.001445 0.007441 0.046411
v 0.002172 0.007156 0.046419
v 0.002172 0.007156 0.046419
v 0.001445 0.007441 0.046411
v 0.001446 0.005582 0.046540
v 0.002172 0.007156 0.046419
v 0.001446 0.005582 0.046540
v 0.001446 0.004262 0.046610
v 0.002172 0.007156 0.046419
v 0.004014 0.012922 0.045766
v 0.003417 0.013079 0.045768
v 0.001851 0.012427 0.045893
v 0.001443 0.011282 0.046038
v 0.002300 0.012820 0.045833
v 0.002300 0.012820 0.045833
v 0.001443 0.011282 0.046038
v 0.002172 0.007156 0.046419
v 0.002300 0.012820 0.045833
v 0.002172 0.007156 0.046419
v 0.002791 0.013027 0.045794
v 0.002791 0.013027 0.045794
v 0.002172 0.007156 0.046419
v 0.003417 0.013079 0.045768
v 0.005079 0.011277 0.045918
v 0.002172 0.007156 0.046419
v 0.005082 0.010227 0.046032
v 0.005082 0.010227 0.046032
v 0.002172 0.007156 0.046419
v 0.003443 0.006639 0.046419
v 0.005082 0.010227 0.046032
v 0.003443 0.006639 0.046419
v 0.005085 0.008010 0.046240
v 0.005079 0.011277 0.045918
v 0.004888 0.012077 0.045833
v 0.002172 0.007156 0.046419
v 0.002172 0.007156 0.046419
v 0.004888 0.012077 0.045833
v 0.004523 0.012581 0.045788
v 0.002172 0.007156 0.046419
v 0.004523 0.012581 0.045788
v 0.004014 0.012922 0.045766
v 0.006961 0.002734 0.046419
v 0.005800 0.004330 0.046438
v 0.003864 0.001215 0.046630
v 0.003864 0.001215 0.046630
v 0.005800 0.004330 0.046438
v 0.005637 0.004423 0.046444
v 0.003864 0.001215 0.046630
v 0.005637 0.004423 0.046444
v 0.002374 0.002060 0.046662
v 0.002374 0.002060 0.046662
v 0.005637 0.004423 0.046444
v 0.005319 0.004603 0.046453
v 0.002374 0.002060 0.046662
v 0.005319 0.004603 0.046453
v 0.002323 0.002089 0.046663
v 0.002323 0.002089 0.046663
v 0.005319 0.004603 0.046453
v 0.005087 0.004735 0.046460
v 0.002323 0.002089 0.046663
v 0.005087 0.004735 0.046460
v 0.001595 0.002894 0.046657
v 0.001595 0.002894 0.046657
v 0.005087 0.004735 0.046460
v 0.004612 0.005887 0.046419
v 0.001595 0.002894 0.046657
v 0.004612 0.005887 0.046419
v 0.003443 0.006639 0.046419
v 0.003443 0.006639 0.046419
v 0.004612 0.005887 0.046419
v 0.005085 0.007003 0.046319
v 0.003443 0.006639 0.046419
v 0.005085 0.007003 0.046319
v 0.005085 0.008010 0.046240
v 0.010716 0.001532 0.046100
v 0.010286 0.001777 0.046142
v 0.007355 0.001352 0.046419
v 0.007355 0.001352 0.046419
v 0.010286 0.001777 0.046142
v 0.008305 0.002906 0.046306
v 0.007355 0.001352 0.046419
v 0.008305 0.002906 0.046306
v 0.006961 0.002734 0.046419
v 0.006961 0.002734 0.046419
v 0.008305 0.002906 0.046306
v 0.007905 0.003134 0.046333
v 0.006961 0.002734 0.046419
v 0.007905 0.003134 0.046333
v 0.006550 0.003904 0.046407
v -0.031000 -0.142500 0.000000
v -0.031000 -0.152500 0.000000
v -0.029944 -0.142500 -0.008023
v -0.029944 -0.142500 -0.008023
v -0.031000 -0.152500 0.000000
v -0.029944 -0.152500 -0.008023
v -0.029944 -0.142500 -0.008023
v -0.029944 -0.152500 -0.008023
v -0.026847 -0.142500 -0.015500
v -0.026847 -0.142500 -0.015500
v -0.029944 -0.152500 -0.008023
v -0.026847 -0.152500 -0.015500
v -0.026847 -0.142500 -0.015500
v -0.026847 -0.152500 -0.015500
v -0.021920 -0.142500 -0.021920
v -0.021920 -0.142500 -0.021920
v -0.026847 -0.152500 -0.015500
v -0.021920 -0.152500 -0.021920
v -0.021920 -0.142500 -0.021920
v -0.021920 -0.152500 -0.021920
v -0.015500 -0.142500 -0.026847
v -0.015500 -0.142500 -0.026847
v -0.021920 -0.152500 -0.021920
v -0.015500 -0.152500 -0.026847
v -0.015500 -0.142500 -0.026847
v -0.015500 -0.152500 -0.026847
v -0.008023 -0.142500 -0.029944
v -0.008023 -0.142500 -0.029944
v -0.015500 -0.152500 -0.026847
v -0.008023 -0.152500 -0.029944
v -0.008023 -0.142500 -0.029944
v -0.008023 -0.152500 -0.029944
v 0.000000 -0.142500 -0.031000
v 0.000000 -0.142500 -0.031000
v -0.008023 -0.152500 -0.029944
v 0.000000 -0.152500 -0.031000
v 0.000000 -0.142500 -0.031000
v 0.000000 -0.152500 -0.031000
v 0.008023 -0.142500 -0.029944
v 0.008023 -0.142500 -0.029944
v 0.000000 -0.152500 -0.031000
v 0.008023 -0.152500 -0.029944
v 0.008023 -0.142500 -0.029944
v 0.008023 -0.152500 -0.029944
v 0.015500 -0.142500 -0.026847
v 0.015500 -0.142500 -0.026847
v 0.008023 -0.152500 -0.029944
v 0.015500 -0.152500 -0.026847
v 0.015500 -0.142500 -0.026847
v 0.015500 -0.152500 -0.026847
v 0.021920 -0.142500 -0.021920
v 0.021920 -0.142500 -0.021920
v 0.015500 -0.152500 -0.026847
v 0.021920 -0.152500 -0.021920
v 0.021920 -0.142500 -0.021920
v 0.021920 -0.152500 -0.021920
v 0.026847 -0.142500 -0.015500
v 0.026847 -0.142500 -0.015500
v 0.021920 -0.152500 -0.021920
v 0.026847 -0.152500 -0.015500
v 0.026847 -0.142500 -0.015500
v 0.026847 -0.152500 -0.015500
v 0.029944 -0.142500 -0.008023
v 0.029944 -0.142500 -0.008023
v 0.026847 -0.152500 -0.015500
v 0.029944 -0.152500 -0.008023
v 0.029944 -0.142500 -0.008023
v 0.029944 -0.152500 -0.008023
v 0.031000 -0.142500 0.000000
v 0.031000 -0.142500 0.000000
v 0.029944 -0.152500 -0.008023
v 0.031000 -0.152500 0.000000
v 0.031000 -0.142500 0.000000
v 0.031000 -0.152500 0.000000
v 0.029944 -0.142500 0.008023
v 0.029944 -0.142500 0.008023
v 0.031000 -0.152500 0.000000
v 0.029944 -0.152500 0.008023
v 0.029944 -0.142500 0.008023
v 0.029944 -0.152500 0.008023
v 0.026847 -0.142500 0.015500
v 0.026847 -0.142500 0.015500
v 0.029944 -0.152500 0.008023
v 0.026847 -0.152500 0.015500
v 0.026847 -0.142500 0.015500
v 0.026847 -0.152500 0.015500
v 0.021920 -0.142500 0.021920
v 0.021920 -0.142500 0.021920
v 0.026847 -0.152500 0.015500
v 0.021920 -0.152500 0.021920
v 0.021920 -0.142500 0.021920
v 0.021920 -0.152500 0.021920
v 0.015500 -0.142500 0.026847
v 0.015500 -0.142500 0.026847
v 0.021920 -0.152500 0.021920
v 0.015500 -0.152500 0.026847
v 0.015500 -0.142500 0.026847
v 0.015500 -0.152500 0.026847
v 0.008023 -0.142500 0.029944
v 0.008023 -0.142500 0.029944
v 0.015500 -0.152500 0.026847
v 0.008023 -0.152500 0.029944
v 0.008023 -0.142500 0.029944
v 0.008023 -0.152500 0.029944
v 0.000000 -0.142500 0.031000
v 0.000000 -0.142500 0.031000
v 0.008023 -0.152500 0.029944
v 0.000000 -0.152500 0.031000
v 0.000000 -0.142500 0.031000
v 0.000000 -0.152500 0.031000
v -0.008023 -0.142500 0.029944
v -0.008023 -0.142500 0.029944
v 0.000000 -0.152500 0.031000
v -0.008023 -0.152500 0.029944
v -0.008023 -0.142500 0.029944
v -0.008023 -0.152500 0.029944
v -0.015500 -0.142500 0.026847
v -0.015500 -0.142500 0.026847
v -0.008023 -0.152500 0.029944
v -0.015500 -0.152500 0.026847
v -0.015500 -0.142500 0.026847
v -0.015500 -0.152500 0.026847
v -0.021920 -0.142500 0.021920
v -0.021920 -0.142500 0.021920
v -0.015500 -0.152500 0.026847
v -0.021920 -0.152500 0.021920
v -0.021920 -0.142500 0.021920
v -0.021920 -0.152500 0.021920
v -0.026847 -0.142500 0.015500
v -0.026847 -0.142500 0.015500
v -0.021920 -0.152500 0.021920
v -0.026847 -0.152500 0.015500
v -0.026847 -0.142500 0.015500
v -0.026847 -0.152500 0.015500
v -0.029944 -0.142500 0.008023
v -0.029944 -0.142500 0.008023
v -0.026847 -0.152500 0.015500
v -0.029944 -0.152500 0.008023
v -0.029944 -0.142500 0.008023
v -0.029944 -0.152500 0.008023
v -0.031000 -0.142500 0.000000
v -0.031000 -0.142500 0.000000
v -0.029944 -0.152500 0.008023
v -0.031000 -0.152500 0.000000
v -0.034700 -0.149500 -0.001000
v -0.034700 -0.152500 -0.001000
v -0.034700 -0.149500 0.000000
v -0.034700 -0.149500 0.000000
v -0.034700 -0.152500 -0.001000
v -0.034700 -0.152500 0.001000
v -0.034700 -0.149500 0.000000
v -0.034700 -0.152500 0.001000
v -0.034700 -0.149500 0.001000
v -0.011178 0.012898 0.045226
v -0.011724 0.012620 0.045199
v -0.010691 0.011520 0.045447
v -0.010691 0.011520 0.045447
v -0.011724 0.012620 0.045199
v -0.012096 0.012249 0.045200
v -0.009479 0.012538 0.045446
v -0.009997 0.012860 0.045355
v -0.010691 0.011520 0.045447
v -0.010691 0.011520 0.045447
v -0.009997 0.012860 0.045355
v -0.010583 0.012978 0.045280
v -0.010691 0.011520 0.045447
v -0.010583 0.012978 0.045280
v -0.011178 0.012898 0.045226
v -0.010691 0.011520 0.045447
v -0.007311 0.006681 0.046198
v -0.007289 0.007480 0.046141
v -0.007289 0.007480 0.046141
v -0.007365 0.007900 0.046103
v -0.010691 0.011520 0.045447
v -0.010691 0.011520 0.045447
v -0.007365 0.007900 0.046103
v -0.009021 0.011897 0.045567
v -0.010691 0.011520 0.045447
v -0.009021 0.011897 0.045567
v -0.009479 0.012538 0.045446
v -0.012306 0.010516 0.045372
v -0.010655 0.006521 0.045902
v -0.008926 0.006708 0.046061
v -0.007944 0.005789 0.046206
v -0.007572 0.006161 0.046213
v -0.007311 0.006681 0.046198
v -0.008926 0.006708 0.046061
v -0.009087 0.005430 0.046126
v -0.008490 0.005510 0.046176
v -0.008490 0.005510 0.046176
v -0.007944 0.005789 0.046206
v -0.008926 0.006708 0.046061
v -0.008926 0.006708 0.046061
v -0.007944 0.005789 0.046206
v -0.007311 0.006681 0.046198
v -0.008926 0.006708 0.046061
v -0.007311 0.006681 0.046198
v -0.012306 0.010516 0.045372
v -0.012306 0.010516 0.045372
v -0.007311 0.006681 0.046198
v -0.010691 0.011520 0.045447
v -0.012306 0.010516 0.045372
v -0.010691 0.011520 0.045447
v -0.012380 0.010930 0.045318
v -0.012380 0.010930 0.045318
v -0.010691 0.011520 0.045447
v -0.012096 0.012249 0.045200
v -0.012380 0.010930 0.045318
v -0.012096 0.012249 0.045200
v -0.012357 0.011732 0.045230
v -0.010655 0.006521 0.045902
v -0.010194 0.005874 0.045991
v -0.008926 0.006708 0.046061
v -0.008926 0.006708 0.046061
v -0.010194 0.005874 0.045991
v -0.009676 0.005551 0.046063
v -0.008926 0.006708 0.046061
v -0.009676 0.005551 0.046063
v -0.009087 0.005430 0.046126
v -0.004889 0.011276 0.045927
v -0.004891 0.010002 0.046065
v -0.003364 0.006535 0.046429
v -0.003539 0.013023 0.045771
v -0.004029 0.012816 0.045779
v -0.002063 0.007055 0.046429
v -0.002063 0.007055 0.046429
v -0.004029 0.012816 0.045779
v -0.004477 0.012423 0.045810
v -0.002911 0.013078 0.045784
v -0.003539 0.013023 0.045771
v -0.002313 0.012924 0.045820
v -0.002313 0.012924 0.045820
v -0.003539 0.013023 0.045771
v -0.002063 0.007055 0.046429
v -0.002313 0.012924 0.045820
v -0.002063 0.007055 0.046429
v -0.001806 0.012586 0.045874
v -0.001806 0.012586 0.045874
v -0.002063 0.007055 0.046429
v -0.001442 0.012083 0.045942
v -0.001253 0.009070 0.046272
v -0.002063 0.007055 0.046429
v -0.001253 0.007441 0.046414
v -0.001253 0.007441 0.046414
v -0.002063 0.007055 0.046429
v -0.001253 0.003590 0.046640
v -0.001253 0.009070 0.046272
v -0.001253 0.010372 0.046141
v -0.002063 0.007055 0.046429
v -0.002063 0.007055 0.046429
v -0.001253 0.010372 0.046141
v -0.001253 0.011281 0.046040
v -0.002063 0.007055 0.046429
v -0.001253 0.011281 0.046040
v -0.001442 0.012083 0.045942
v -0.004477 0.012423 0.045810
v -0.004889 0.011276 0.045927
v -0.002063 0.007055 0.046429
v -0.002063 0.007055 0.046429
v -0.004889 0.011276 0.045927
v -0.003364 0.006535 0.046429
v -0.002063 0.007055 0.046429
v -0.003364 0.006535 0.046429
v -0.001253 0.003590 0.046640
v -0.001253 0.003590 0.046640
v -0.003364 0.006535 0.046429
v -0.001597 0.002559 0.046666
v -0.001597 0.002559 0.046666
v -0.004895 0.004734 0.046470
v -0.002130 0.002088 0.046667
v -0.002130 0.002088 0.046667
v -0.004895 0.004734 0.046470
v -0.005220 0.004549 0.046462
v -0.002130 0.002088 0.046667
v -0.005220 0.004549 0.046462
v -0.002303 0.001993 0.046665
v -0.002303 0.001993 0.046665
v -0.005220 0.004549 0.046462
v -0.002413 0.001932 0.046664
v -0.002413 0.001932 0.046664
v -0.005220 0.004549 0.046462
v -0.005666 0.004296 0.046448
v -0.002413 0.001932 0.046664
v -0.005666 0.004296 0.046448
v -0.003003 0.001603 0.046654
v -0.004731 0.000576 0.046597
v -0.003915 0.001078 0.046629
v -0.006893 0.002551 0.046429
v -0.006893 0.002551 0.046429
v -0.003915 0.001078 0.046629
v -0.003809 0.001140 0.046633
v -0.006893 0.002551 0.046429
v -0.003809 0.001140 0.046633
v -0.006318 0.003757 0.046429
v -0.006318 0.003757 0.046429
v -0.003809 0.001140 0.046633
v -0.003082 0.001559 0.046652
v -0.006318 0.003757 0.046429
v -0.003082 0.001559 0.046652
v -0.003003 0.001603 0.046654
v -0.005631 -0.000000 0.046549
v -0.004731 0.000576 0.046597
v -0.005750 0.000014 0.046541
v -0.005750 0.000014 0.046541
v -0.004731 0.000576 0.046597
v -0.007247 0.001230 0.046429
v -0.005750 0.000014 0.046541
v -0.007247 0.001230 0.046429
v -0.005807 -0.000000 0.046538
v -0.005807 -0.000000 0.046538
v -0.007247 0.001230 0.046429
v -0.007350 -0.000000 0.046429
v -0.011307 0.000085 0.046045
v -0.011252 -0.000000 0.046051
v -0.011307 0.000172 0.046045
v -0.011307 0.000172 0.046045
v -0.011252 -0.000000 0.046051
v -0.007350 -0.000000 0.046429
v -0.011307 0.000172 0.046045
v -0.007350 -0.000000 0.046429
v -0.010970 0.001145 0.046077
v -0.004731 0.000576 0.046597
v -0.006893 0.002551 0.046429
v -0.007247 0.001230 0.046429
v -0.007247 0.001230 0.046429
v -0.006893 0.002551 0.046429
v -0.008307 0.002794 0.046309
v -0.007247 0.001230 0.046429
v -0.008307 0.002794 0.046309
v -0.008979 0.002411 0.046259
v -0.008979 0.002411 0.046259
v -0.009906 0.001882 0.046180
v -0.007247 0.001230 0.046429
v -0.007247 0.001230 0.046429
v -0.009906 0.001882 0.046180
v -0.009995 0.001832 0.046171
v -0.007247 0.001230 0.046429
v -0.009995 0.001832 0.046171
v -0.007350 -0.000000 0.046429
v -0.007350 -0.000000 0.046429
v -0.009995 0.001832 0.046171
v -0.010524 0.001529 0.046121
v -0.007350 -0.000000 0.046429
v -0.010524 0.001529 0.046121
v -0.010970 0.001145 0.046077
v -0.003003 0.001603 0.046654
v -0.005666 0.004296 0.046448
v -0.006318 0.003757 0.046429
v -0.006318 0.003757 0.046429
v -0.005666 0.004296 0.046448
v -0.006682 0.003719 0.046406
v -0.006318 0.003757 0.046429
v -0.006682 0.003719 0.046406
v -0.006893 0.002551 0.046429
v -0.006893 0.002551 0.046429
v -0.006682 0.003719 0.046406
v -0.007713 0.003132 0.046348
v -0.006893 0.002551 0.046429
v -0.007713 0.003132 0.046348
v -0.008307 0.002794 0.046309
v -0.004895 0.005341 0.046438
v -0.004510 0.005804 0.046429
v -0.004895 0.006296 0.046379
v -0.004895 0.006296 0.046379
v -0.004510 0.005804 0.046429
v -0.004894 0.006787 0.046345
v -0.004891 0.010002 0.046065
v -0.004894 0.006787 0.046345
v -0.003364 0.006535 0.046429
v -0.003364 0.006535 0.046429
v -0.004894 0.006787 0.046345
v -0.004510 0.005804 0.046429
v -0.003364 0.006535 0.046429
v -0.004510 0.005804 0.046429
v -0.001597 0.002559 0.046666
v -0.001597 0.002559 0.046666
v -0.004510 0.005804 0.046429
v -0.004895 0.005341 0.046438
v -0.001597 0.002559 0.046666
v -0.004895 0.005341 0.046438
v -0.004895 0.004734 0.046470
v 0.015500 -0.026847 0.026461
v 0.008023 -0.029944 0.026461
v 0.000000 -0.000000 0.026461
v 0.000000 -0.000000 0.026461
v 0.008023 -0.029944 0.026461
v 0.000000 -0.031000 0.026461
v 0.000000 -0.000000 0.026461
v 0.000000 -0.031000 0.026461
v -0.008023 -0.029944 0.026461
v 0.029944 -0.008023 0.026461
v 0.026847 -0.015500 0.026461
v 0.000000 -0.000000 0.026461
v 0.000000 -0.000000 0.026461
v 0.026847 -0.015500 0.026461
v 0.021920 -0.021920 0.026461
v 0.000000 -0.000000 0.026461
v 0.021920 -0.021920 0.026461
v 0.015500 -0.026847 0.026461
v 0.026847 0.015500 0.026461
v 0.029944 0.008023 0.026461
v 0.000000 -0.000000 0.026461
v 0.000000 -0.000000 0.026461
v 0.029944 0.008023 0.026461
v 0.031000 -0.000000 0.026461
v 0.000000 -0.000000 0.026461
v 0.031000 -0.000000 0.026461
v 0.029944 -0.008023 0.026461
v 0.008023 0.029944 0.026461
v 0.015500 0.026847 0.026461
v 0.000000 -0.000000 0.026461
v 0.000000 -0.000000 0.026461
v 0.015500 0.026847 0.026461
v 0.021920 0.021920 0.026461
v 0.000000 -0.000000 0.026461
v 0.021920 0.021920 0.026461
v 0.026847 0.015500 0.026461
v -0.015500 0.026847 0.026461
v -0.008023 0.029944 0.026461
v 0.000000 -0.000000 0.026461
v 0.000000 -0.000000 0.026461
v -0.008023 0.029944 0.026461
v 0.000000 0.031000 0.026461
v 0.000000 -0.000000 0.026461
v 0.000000 0.031000 0.026461
v 0.008023 0.029944 0.026461
v -0.029944 0.008023 0.026461
v -0.026847 0.015500 0.026461
v 0.000000 -0.000000 0.026461
v 0.000000 -0.000000 0.026461
v -0.026847 0.015500 0.026461
v -0.021920 0.021920 0.026461
v 0.000000 -0.000000 0.026461
v -0.021920 0.021920 0.026461
v -0.015500 0.026847 0.026461
v -0.026847 -0.015500 0.026461
v -0.029944 -0.008023 0.026461
v 0.000000 -0.000000 0.026461
v 0.000000 -0.000000 0.026461
v -0.029944 -0.008023 0.026461
v -0.031000 -0.000000 0.026461
v 0.000000 -0.000000 0.026461
v -0.031000 -0.000000 0.026461
v -0.029944 0.008023 0.026461
v -0.008023 -0.029944 0.026461
v -0.015500 -0.026847 0.026461
v 0.000000 -0.000000 0.026461
v 0.000000 -0.000000 0.026461
v -0.015500 -0.026847 0.026461
v -0.021920 -0.021920 0.026461
v 0.000000 -0.000000 0.026461
v -0.021920 -0.021920 0.026461
v -0.026847 -0.015500 0.026461
v -0.040000 -0.001000 0.019471
v -0.040487 -0.001000 0.019471
v -0.040000 0.001000 0.019471
v -0.040000 0.001000 0.019471
v -0.040487 -0.001000 0.019471
v -0.040500 -0.000000 0.019471
v -0.040000 0.001000 0.019471
v -0.040500 -0.000000 0.019471
v -0.040488 0.001000 0.019471
v 0.004867 -0.002059 0.046577
v 0.004509 -0.001557 0.046601
v 0.001643 -0.003639 0.046649
v 0.001643 -0.003639 0.046649
v 0.004509 -0.001557 0.046601
v 0.004013 -0.001218 0.046626
v 0.001875 -0.001697 0.046680
v 0.001461 -0.002849 0.046668
v 0.002321 -0.001310 0.046677
v 0.002321 -0.001310 0.046677
v 0.001461 -0.002849 0.046668
v 0.001643 -0.003639 0.046649
v 0.002321 -0.001310 0.046677
v 0.001643 -0.003639 0.046649
v 0.002809 -0.001107 0.046667
v 0.002809 -0.001107 0.046667
v 0.001643 -0.003639 0.046649
v 0.004013 -0.001218 0.046626
v 0.002809 -0.001107 0.046667
v 0.004013 -0.001218 0.046626
v 0.003427 -0.001059 0.046649
v 0.001643 -0.003639 0.046649
v 0.001805 -0.003917 0.046640
v 0.004867 -0.002059 0.046577
v 0.004867 -0.002059 0.046577
v 0.001805 -0.003917 0.046640
v 0.002001 -0.004141 0.046631
v 0.004867 -0.002059 0.046577
v 0.002001 -0.004141 0.046631
v 0.002498 -0.004481 0.046611
v 0.004635 -0.004002 0.046550
v 0.005050 -0.002850 0.046555
v 0.004190 -0.004389 0.046560
v 0.004190 -0.004389 0.046560
v 0.005050 -0.002850 0.046555
v 0.004867 -0.002059 0.046577
v 0.004190 -0.004389 0.046560
v 0.004867 -0.002059 0.046577
v 0.003703 -0.004592 0.046573
v 0.003703 -0.004592 0.046573
v 0.004867 -0.002059 0.046577
v 0.002498 -0.004481 0.046611
v 0.003703 -0.004592 0.046573
v 0.002498 -0.004481 0.046611
v 0.003084 -0.004640 0.046592
v 0.009238 0.011934 0.045846
v 0.009211 0.011899 0.045549
v 0.009450 0.012241 0.045789
v 0.009450 0.012241 0.045789
v 0.009211 0.011899 0.045549
v 0.010029 0.012790 0.045361
v 0.009450 0.012241 0.045789
v 0.010029 0.012790 0.045361
v 0.010056 0.012826 0.045658
v 0.010056 0.012826 0.045658
v 0.010029 0.012790 0.045361
v 0.010581 0.012968 0.045281
v 0.010056 0.012826 0.045658
v 0.010581 0.012968 0.045281
v 0.010610 0.013006 0.045578
v 0.010610 0.013006 0.045578
v 0.010581 0.012968 0.045281
v 0.011106 0.012962 0.045225
v 0.010610 0.013006 0.045578
v 0.011106 0.012962 0.045225
v 0.011136 0.013001 0.045521
v 0.011136 0.013001 0.045521
v 0.011106 0.012962 0.045225
v 0.011690 0.012765 0.045184
v 0.011136 0.013001 0.045521
v 0.011690 0.012765 0.045184
v 0.011722 0.012804 0.045480
v 0.011722 0.012804 0.045480
v 0.011690 0.012765 0.045184
v 0.012166 0.012391 0.045174
v 0.011722 0.012804 0.045480
v 0.012166 0.012391 0.045174
v 0.012200 0.012430 0.045470
v 0.012200 0.012430 0.045470
v 0.012166 0.012391 0.045174
v 0.012490 0.011889 0.045195
v 0.012200 0.012430 0.045470
v 0.012490 0.011889 0.045195
v 0.012526 0.011927 0.045491
v 0.012526 0.011927 0.045491
v 0.012490 0.011889 0.045195
v 0.012625 0.011296 0.045247
v 0.012526 0.011927 0.045491
v 0.012625 0.011296 0.045247
v 0.012663 0.011332 0.045543
v 0.012663 0.011332 0.045543
v 0.012625 0.011296 0.045247
v 0.012496 0.010519 0.045348
v 0.012663 0.011332 0.045543
v 0.012496 0.010519 0.045348
v 0.012532 0.010550 0.045644
v 0.010878 0.006543 0.046179
v 0.012532 0.010550 0.045644
v 0.010846 0.006523 0.045881
v 0.010846 0.006523 0.045881
v 0.012532 0.010550 0.045644
v 0.012496 0.010519 0.045348
v 0.010239 0.005768 0.046295
v 0.010878 0.006543 0.046179
v 0.010846 0.006523 0.045881
v 0.010846 0.006523 0.045881
v 0.010321 0.005849 0.045980
v 0.010239 0.005768 0.046295
v 0.010239 0.005768 0.046295
v 0.010321 0.005849 0.045980
v 0.009894 0.005562 0.046040
v 0.010239 0.005768 0.046295
v 0.009894 0.005562 0.046040
v 0.009829 0.005542 0.046350
v 0.009829 0.005542 0.046350
v 0.009894 0.005562 0.046040
v 0.009418 0.005440 0.046094
v 0.009829 0.005542 0.046350
v 0.009418 0.005440 0.046094
v 0.009361 0.005450 0.046401
v 0.009361 0.005450 0.046401
v 0.009418 0.005440 0.046094
v 0.009073 0.005455 0.046428
v 0.009073 0.005455 0.046428
v 0.009418 0.005440 0.046094
v 0.008867 0.005465 0.046144
v 0.009073 0.005455 0.046428
v 0.008867 0.005465 0.046144
v 0.008789 0.005506 0.046451
v 0.008789 0.005506 0.046451
v 0.008867 0.005465 0.046144
v 0.008289 0.005688 0.046183
v 0.008789 0.005506 0.046451
v 0.008289 0.005688 0.046183
v 0.008225 0.005763 0.046485
v 0.008225 0.005763 0.046485
v 0.008289 0.005688 0.046183
v 0.007831 0.006083 0.046197
v 0.008225 0.005763 0.046485
v 0.007831 0.006083 0.046197
v 0.007789 0.006187 0.046495
v 0.007789 0.006187 0.046495
v 0.007831 0.006083 0.046197
v 0.007536 0.006593 0.046187
v 0.007789 0.006187 0.046495
v 0.007536 0.006593 0.046187
v 0.007525 0.006713 0.046481
v 0.007525 0.006713 0.046481
v 0.007536 0.006593 0.046187
v 0.007420 0.007219 0.046151
v 0.007525 0.006713 0.046481
v 0.007420 0.007219 0.046151
v 0.007443 0.007242 0.046449
v 0.007579 0.007926 0.046386
v 0.007443 0.007242 0.046449
v 0.007556 0.007902 0.046088
v 0.007556 0.007902 0.046088
v 0.007443 0.007242 0.046449
v 0.007420 0.007219 0.046151
v 0.009238 0.011934 0.045846
v 0.007579 0.007926 0.046386
v 0.009211 0.011899 0.045549
v 0.009211 0.011899 0.045549
v 0.007579 0.007926 0.046386
v 0.007556 0.007902 0.046088
v 0.001443 0.011282 0.046038
v 0.001447 0.011316 0.046336
v 0.001448 0.009513 0.046528
v 0.001443 0.011282 0.046038
v 0.001448 0.009513 0.046528
v 0.001445 0.007441 0.046411
v 0.001448 0.009513 0.046528
v 0.001449 0.007465 0.046710
v 0.001445 0.007441 0.046411
v 0.001445 0.007441 0.046411
v 0.001449 0.007465 0.046710
v 0.001450 0.005600 0.046840
v 0.001445 0.007441 0.046411
v 0.001450 0.005600 0.046840
v 0.001446 0.005582 0.046540
v 0.001446 0.005582 0.046540
v 0.001450 0.005600 0.046840
v 0.001451 0.004320 0.046907
v 0.001446 0.005582 0.046540
v 0.001451 0.004320 0.046907
v 0.001446 0.004262 0.046610
v 0.001451 0.003602 0.046937
v 0.001446 0.003591 0.046637
v 0.001451 0.003743 0.046931
v 0.001451 0.003743 0.046931
v 0.001446 0.003591 0.046637
v 0.001446 0.004262 0.046610
v 0.001451 0.003743 0.046931
v 0.001446 0.004262 0.046610
v 0.001451 0.004275 0.046909
v 0.001451 0.004275 0.046909
v 0.001446 0.004262 0.046610
v 0.001451 0.004320 0.046907
v 0.005079 0.011277 0.045918
v 0.005094 0.011311 0.046215
v 0.004902 0.012116 0.046130
v 0.005079 0.011277 0.045918
v 0.004902 0.012116 0.046130
v 0.004888 0.012077 0.045833
v 0.004888 0.012077 0.045833
v 0.004902 0.012116 0.046130
v 0.004569 0.012588 0.046088
v 0.004888 0.012077 0.045833
v 0.004569 0.012588 0.046088
v 0.004523 0.012581 0.045788
v 0.004523 0.012581 0.045788
v 0.004569 0.012588 0.046088
v 0.004535 0.012621 0.046085
v 0.004523 0.012581 0.045788
v 0.004535 0.012621 0.046085
v 0.004014 0.012922 0.045766
v 0.004535 0.012621 0.046085
v 0.004079 0.012936 0.046064
v 0.004014 0.012922 0.045766
v 0.004014 0.012922 0.045766
v 0.004079 0.012936 0.046064
v 0.004024 0.012962 0.046063
v 0.004014 0.012922 0.045766
v 0.004024 0.012962 0.046063
v 0.003417 0.013079 0.045768
v 0.001447 0.011316 0.046336
v 0.001443 0.011282 0.046038
v 0.001539 0.011739 0.046285
v 0.001539 0.011739 0.046285
v 0.001443 0.011282 0.046038
v 0.001851 0.012427 0.045893
v 0.001539 0.011739 0.046285
v 0.001851 0.012427 0.045893
v 0.001855 0.012462 0.046191
v 0.001855 0.012462 0.046191
v 0.001851 0.012427 0.045893
v 0.002300 0.012820 0.045833
v 0.001855 0.012462 0.046191
v 0.002300 0.012820 0.045833
v 0.002305 0.012858 0.046131
v 0.002305 0.012858 0.046131
v 0.002300 0.012820 0.045833
v 0.002791 0.013027 0.045794
v 0.002305 0.012858 0.046131
v 0.002791 0.013027 0.045794
v 0.002797 0.013065 0.046092
v 0.002797 0.013065 0.046092
v 0.002791 0.013027 0.045794
v 0.003417 0.013079 0.045768
v 0.002797 0.013065 0.046092
v 0.003417 0.013079 0.045768
v 0.003425 0.013118 0.046065
v 0.003425 0.013118 0.046065
v 0.003417 0.013079 0.045768
v 0.004024 0.012962 0.046063
v 0.005099 0.009374 0.046419
v 0.005082 0.010227 0.046032
v 0.005100 0.008035 0.046539
v 0.005100 0.008035 0.046539
v 0.005082 0.010227 0.046032
v 0.005085 0.008010 0.046240
v 0.005100 0.008035 0.046539
v 0.005085 0.008010 0.046240
v 0.005102 0.006443 0.046659
v 0.005102 0.006443 0.046659
v 0.005085 0.008010 0.046240
v 0.005085 0.007003 0.046319
v 0.005102 0.006443 0.046659
v 0.005085 0.007003 0.046319
v 0.005103 0.004750 0.046759
v 0.005103 0.004750 0.046759
v 0.005085 0.007003 0.046319
v 0.005087 0.005334 0.046428
v 0.005103 0.004750 0.046759
v 0.005087 0.005334 0.046428
v 0.005087 0.004735 0.046460
v 0.005099 0.009374 0.046419
v 0.005096 0.010576 0.046297
v 0.005082 0.010227 0.046032
v 0.005082 0.010227 0.046032
v 0.005096 0.010576 0.046297
v 0.005094 0.011311 0.046215
v 0.005082 0.010227 0.046032
v 0.005094 0.011311 0.046215
v 0.005079 0.011277 0.045918
v 0.010716 0.001532 0.046100
v 0.010749 0.001536 0.046398
v 0.010286 0.001777 0.046142
v 0.010286 0.001777 0.046142
v 0.010749 0.001536 0.046398
v 0.010467 0.001698 0.046426
v 0.010286 0.001777 0.046142
v 0.010467 0.001698 0.046426
v 0.008305 0.002906 0.046306
v 0.008305 0.002906 0.046306
v 0.010467 0.001698 0.046426
v 0.008583 0.002772 0.046587
v 0.008305 0.002906 0.046306
v 0.008583 0.002772 0.046587
v 0.007905 0.003134 0.046333
v 0.007905 0.003134 0.046333
v 0.008583 0.002772 0.046587
v 0.007930 0.003144 0.046631
v 0.007905 0.003134 0.046333
v 0.007930 0.003144 0.046631
v 0.006550 0.003904 0.046407
v 0.007930 0.003144 0.046631
v 0.006896 0.003732 0.046691
v 0.006550 0.003904 0.046407
v 0.006550 0.003904 0.046407
v 0.006896 0.003732 0.046691
v 0.006571 0.003917 0.046706
v 0.006550 0.003904 0.046407
v 0.006571 0.003917 0.046706
v 0.005800 0.004330 0.046438
v 0.005800 0.004330 0.046438
v 0.006571 0.003917 0.046706
v 0.005655 0.004437 0.046743
v 0.005800 0.004330 0.046438
v 0.005655 0.004437 0.046743
v 0.005637 0.004423 0.046444
v 0.005637 0.004423 0.046444
v 0.005655 0.004437 0.046743
v 0.005636 0.004448 0.046743
v 0.005637 0.004423 0.046444
v 0.005636 0.004448 0.046743
v 0.005319 0.004603 0.046453
v 0.005319 0.004603 0.046453
v 0.005636 0.004448 0.046743
v 0.005103 0.004750 0.046759
v 0.005319 0.004603 0.046453
v 0.005103 0.004750 0.046759
v 0.005087 0.004735 0.046460
v 0.010749 0.001536 0.046398
v 0.010716 0.001532 0.046100
v 0.011421 0.000763 0.046331
v 0.010716 0.001532 0.046100
v 0.011387 0.000759 0.046033
v 0.011421 0.000763 0.046331
v 0.011421 0.000763 0.046331
v 0.011387 0.000759 0.046033
v 0.011500 0.000175 0.046023
v 0.011421 0.000763 0.046331
v 0.011500 0.000175 0.046023
v 0.011535 0.000176 0.046321
v 0.002323 0.002089 0.046663
v 0.002330 0.002095 0.046963
v 0.002374 0.002060 0.046662
v 0.002374 0.002060 0.046662
v 0.002330 0.002095 0.046963
v 0.002469 0.002016 0.046961
v 0.002374 0.002060 0.046662
v 0.002469 0.002016 0.046961
v 0.003864 0.001215 0.046630
v 0.003864 0.001215 0.046630
v 0.002469 0.002016 0.046961
v 0.003186 0.001609 0.046949
v 0.003186 0.001609 0.046949
v 0.003389 0.001494 0.046944
v 0.003864 0.001215 0.046630
v 0.003864 0.001215 0.046630
v 0.003389 0.001494 0.046944
v 0.004040 0.001126 0.046924
v 0.003864 0.001215 0.046630
v 0.004040 0.001126 0.046924
v 0.004182 0.001035 0.046618
v 0.004182 0.001035 0.046618
v 0.004040 0.001126 0.046924
v 0.004195 0.001038 0.046918
v 0.004182 0.001035 0.046618
v 0.004195 0.001038 0.046918
v 0.004915 0.000623 0.046587
v 0.004915 0.000623 0.046587
v 0.004195 0.001038 0.046918
v 0.005017 0.000576 0.046882
v 0.004915 0.000623 0.046587
v 0.005017 0.000576 0.046882
v 0.005030 0.000558 0.046581
v 0.005017 0.000576 0.046882
v 0.005046 0.000560 0.046881
v 0.005030 0.000558 0.046581
v 0.005030 0.000558 0.046581
v 0.005046 0.000560 0.046881
v 0.005581 0.000260 0.046852
v 0.005030 0.000558 0.046581
v 0.005581 0.000260 0.046852
v 0.005563 0.000259 0.046552
v 0.005563 0.000259 0.046552
v 0.005581 0.000260 0.046852
v 0.006045 -0.000000 0.046823
v 0.005563 0.000259 0.046552
v 0.006045 -0.000000 0.046823
v 0.006025 -0.000000 0.046524
v 0.001635 0.002833 0.046959
v 0.001595 0.002894 0.046657
v 0.001600 0.002901 0.046957
v 0.001600 0.002901 0.046957
v 0.001595 0.002894 0.046657
v 0.001446 0.003591 0.046637
v 0.001600 0.002901 0.046957
v 0.001446 0.003591 0.046637
v 0.001451 0.003602 0.046937
v 0.001635 0.002833 0.046959
v 0.002000 0.002385 0.046964
v 0.001595 0.002894 0.046657
v 0.001595 0.002894 0.046657
v 0.002000 0.002385 0.046964
v 0.002330 0.002095 0.046963
v 0.001595 0.002894 0.046657
v 0.002330 0.002095 0.046963
v 0.002323 0.002089 0.046663
v 0.011540 0.000000 0.046320
v 0.011535 0.000176 0.046321
v 0.011505 -0.000000 0.046022
v 0.011505 -0.000000 0.046022
v 0.011535 0.000176 0.046321
v 0.011500 0.000175 0.046023
v 0.006019 -0.000003 0.046524
v 0.006013 -0.000005 0.046525
v 0.007863 -0.001058 0.046384
v 0.005063 -0.006354 0.046450
v 0.004837 -0.006488 0.046456
v 0.007439 -0.009190 0.046158
v 0.007439 -0.009190 0.046158
v 0.004837 -0.006488 0.046456
v 0.004182 -0.011094 0.046231
v 0.001995 -0.010815 0.046309
v 0.002480 -0.011157 0.046277
v 0.002349 -0.007974 0.046473
v 0.001789 -0.008498 0.046454
v 0.001466 -0.009530 0.046398
v 0.002349 -0.007974 0.046473
v 0.002349 -0.007974 0.046473
v 0.001466 -0.009530 0.046398
v 0.001690 -0.010400 0.046341
v 0.002349 -0.007974 0.046473
v 0.001690 -0.010400 0.046341
v 0.001995 -0.010815 0.046309
v 0.004837 -0.006488 0.046456
v 0.003615 -0.007219 0.046476
v 0.004182 -0.011094 0.046231
v 0.004182 -0.011094 0.046231
v 0.003615 -0.007219 0.046476
v 0.002349 -0.007974 0.046473
v 0.004182 -0.011094 0.046231
v 0.002349 -0.007974 0.046473
v 0.003602 -0.011292 0.046238
v 0.003602 -0.011292 0.046238
v 0.002349 -0.007974 0.046473
v 0.002480 -0.011157 0.046277
v 0.003602 -0.011292 0.046238
v 0.002480 -0.011157 0.046277
v 0.002980 -0.011321 0.046254
v 0.009056 -0.008245 0.046071
v 0.007858 -0.004685 0.046318
v 0.007439 -0.009190 0.046158
v 0.007439 -0.009190 0.046158
v 0.007858 -0.004685 0.046318
v 0.005104 -0.006329 0.046449
v 0.007439 -0.009190 0.046158
v 0.005104 -0.006329 0.046449
v 0.005063 -0.006354 0.046450
v 0.009056 -0.008245 0.046071
v 0.010078 -0.007648 0.045999
v 0.007858 -0.004685 0.046318
v 0.007858 -0.004685 0.046318
v 0.010078 -0.007648 0.045999
v 0.010692 -0.007288 0.045950
v 0.007858 -0.004685 0.046318
v 0.010692 -0.007288 0.045950
v 0.011145 -0.006890 0.045917
v 0.011499 -0.000016 0.046023
v 0.007863 -0.001058 0.046384
v 0.011487 -0.005902 0.045916
v 0.011487 -0.005902 0.045916
v 0.007863 -0.001058 0.046384
v 0.007858 -0.004685 0.046318
v 0.011487 -0.005902 0.045916
v 0.007858 -0.004685 0.046318
v 0.011353 -0.006463 0.045910
v 0.011353 -0.006463 0.045910
v 0.007858 -0.004685 0.046318
v 0.011145 -0.006890 0.045917
v 0.011505 -0.000000 0.046022
v 0.007479 -0.000000 0.046419
v 0.011500 -0.000005 0.046022
v 0.011500 -0.000005 0.046022
v 0.007479 -0.000000 0.046419
v 0.011499 -0.000008 0.046023
v 0.006009 -0.000001 0.046525
v 0.006013 -0.000005 0.046525
v 0.006019 -0.000003 0.046524
v 0.006009 -0.000001 0.046525
v 0.006019 -0.000003 0.046524
v 0.006025 -0.000000 0.046524
v 0.006025 -0.000000 0.046524
v 0.006019 -0.000003 0.046524
v 0.007863 -0.001058 0.046384
v 0.006025 -0.000000 0.046524
v 0.007863 -0.001058 0.046384
v 0.007479 -0.000000 0.046419
v 0.007479 -0.000000 0.046419
v 0.007863 -0.001058 0.046384
v 0.011499 -0.000016 0.046023
v 0.007479 -0.000000 0.046419
v 0.011499 -0.000016 0.046023
v 0.011499 -0.000008 0.046023
v -0.034700 -0.152500 0.001000
v -0.034986 -0.152500 0.001000
v -0.034700 -0.149500 0.001000
v -0.034700 -0.149500 0.001000
v -0.034986 -0.152500 0.001000
v -0.034986 -0.149500 0.001000
v -0.029944 -0.152500 -0.008023
v -0.031000 -0.152500 0.000000
v -0.033660 -0.152500 -0.009592
v -0.029944 -0.152500 0.008023
v -0.034700 -0.152500 0.001000
v -0.031000 -0.152500 0.000000
v -0.031000 -0.152500 0.000000
v -0.034700 -0.152500 0.001000
v -0.034700 -0.152500 -0.001000
v -0.031000 -0.152500 0.000000
v -0.034700 -0.152500 -0.001000
v -0.033660 -0.152500 -0.009592
v -0.033660 -0.152500 -0.009592
v -0.034700 -0.152500 -0.001000
v -0.034986 -0.152500 -0.001000
v -0.029944 -0.152500 -0.008023
v -0.033660 -0.152500 -0.009592
v -0.026847 -0.152500 -0.015500
v -0.026847 -0.152500 -0.015500
v -0.033660 -0.152500 -0.009592
v -0.030257 -0.152500 -0.017593
v -0.026847 -0.152500 -0.015500
v -0.030257 -0.152500 -0.017593
v -0.021920 -0.152500 -0.021920
v -0.021920 -0.152500 -0.021920
v -0.030257 -0.152500 -0.017593
v -0.024988 -0.152500 -0.024508
v -0.021920 -0.152500 -0.021920
v -0.024988 -0.152500 -0.024508
v -0.015500 -0.152500 -0.026847
v -0.015500 -0.152500 -0.026847
v -0.024988 -0.152500 -0.024508
v -0.018176 -0.152500 -0.029910
v -0.015500 -0.152500 -0.026847
v -0.018176 -0.152500 -0.029910
v -0.008023 -0.152500 -0.029944
v -0.008023 -0.152500 -0.029944
v -0.018176 -0.152500 -0.029910
v -0.010243 -0.152500 -0.033468
v -0.008023 -0.152500 -0.029944
v -0.010243 -0.152500 -0.033468
v 0.000000 -0.152500 -0.031000
v 0.000000 -0.152500 -0.031000
v -0.010243 -0.152500 -0.033468
v -0.001678 -0.152500 -0.034960
v 0.000000 -0.152500 -0.031000
v -0.001678 -0.152500 -0.034960
v 0.008023 -0.152500 -0.029944
v 0.008023 -0.152500 -0.029944
v -0.001678 -0.152500 -0.034960
v 0.006990 -0.152500 -0.034295
v 0.008023 -0.152500 -0.029944
v 0.006990 -0.152500 -0.034295
v 0.015500 -0.152500 -0.026847
v 0.015500 -0.152500 -0.026847
v 0.006990 -0.152500 -0.034295
v 0.015227 -0.152500 -0.031514
v 0.015500 -0.152500 -0.026847
v 0.015227 -0.152500 -0.031514
v 0.021920 -0.152500 -0.021920
v 0.021920 -0.152500 -0.021920
v 0.015227 -0.152500 -0.031514
v 0.022525 -0.152500 -0.026789
v 0.021920 -0.152500 -0.021920
v 0.022525 -0.152500 -0.026789
v 0.026847 -0.152500 -0.015500
v 0.026847 -0.152500 -0.015500
v 0.022525 -0.152500 -0.026789
v 0.028433 -0.152500 -0.020410
v 0.026847 -0.152500 -0.015500
v 0.028433 -0.152500 -0.020410
v 0.029944 -0.152500 -0.008023
v 0.029944 -0.152500 -0.008023
v 0.028433 -0.152500 -0.020410
v 0.032586 -0.152500 -0.012773
v 0.029944 -0.152500 -0.008023
v 0.032586 -0.152500 -0.012773
v 0.031000 -0.152500 0.000000
v -0.034986 -0.152500 0.001000
v -0.034700 -0.152500 0.001000
v -0.033660 -0.152500 0.009592
v -0.033660 -0.152500 0.009592
v -0.034700 -0.152500 0.001000
v -0.029944 -0.152500 0.008023
v -0.033660 -0.152500 0.009592
v -0.029944 -0.152500 0.008023
v -0.030257 -0.152500 0.017593
v -0.030257 -0.152500 0.017593
v -0.029944 -0.152500 0.008023
v -0.026847 -0.152500 0.015500
v -0.030257 -0.152500 0.017593
v -0.026847 -0.152500 0.015500
v -0.024988 -0.152500 0.024508
v -0.024988 -0.152500 0.024508
v -0.026847 -0.152500 0.015500
v -0.021920 -0.152500 0.021920
v -0.024988 -0.152500 0.024508
v -0.021920 -0.152500 0.021920
v -0.018176 -0.152500 0.029910
v -0.018176 -0.152500 0.029910
v -0.021920 -0.152500 0.021920
v -0.015500 -0.152500 0.026847
v -0.018176 -0.152500 0.029910
v -0.015500 -0.152500 0.026847
v -0.010243 -0.152500 0.033468
v -0.010243 -0.152500 0.033468
v -0.015500 -0.152500 0.026847
v -0.008023 -0.152500 0.029944
v -0.010243 -0.152500 0.033468
v -0.008023 -0.152500 0.029944
v -0.001678 -0.152500 0.034960
v -0.001678 -0.152500 0.034960
v -0.008023 -0.152500 0.029944
v 0.000000 -0.152500 0.031000
v -0.001678 -0.152500 0.034960
v 0.000000 -0.152500 0.031000
v 0.006990 -0.152500 0.034295
v 0.006990 -0.152500 0.034295
v 0.000000 -0.152500 0.031000
v 0.008023 -0.152500 0.029944
v 0.006990 -0.152500 0.034295
v 0.008023 -0.152500 0.029944
v 0.015227 -0.152500 0.031514
v 0.015227 -0.152500 0.031514
v 0.008023 -0.152500 0.029944
v 0.015500 -0.152500 0.026847
v 0.015227 -0.152500 0.031514
v 0.015500 -0.152500 0.026847
v 0.022525 -0.152500 0.026789
v 0.022525 -0.152500 0.026789
v 0.015500 -0.152500 0.026847
v 0.021920 -0.152500 0.021920
v 0.022525 -0.152500 0.026789
v 0.021920 -0.152500 0.021920
v 0.028433 -0.152500 0.020410
v 0.028433 -0.152500 0.020410
v 0.021920 -0.152500 0.021920
v 0.026847 -0.152500 0.015500
v 0.028433 -0.152500 0.020410
v 0.026847 -0.152500 0.015500
v 0.032586 -0.152500 0.012773
v 0.032586 -0.152500 0.012773
v 0.026847 -0.152500 0.015500
v 0.029944 -0.152500 0.008023
v 0.032586 -0.152500 0.012773
v 0.029944 -0.152500 0.008023
v 0.034729 -0.152500 0.004347
v 0.034729 -0.152500 0.004347
v 0.029944 -0.152500 0.008023
v 0.031000 -0.152500 0.000000
v 0.034729 -0.152500 0.004347
v 0.031000 -0.152500 0.000000
v 0.034729 -0.152500 -0.004347
v 0.034729 -0.152500 -0.004347
v 0.031000 -0.152500 0.000000
v 0.032586 -0.152500 -0.012773
v -0.034700 -0.149500 -0.001000
v -0.034986 -0.149500 -0.001000
v -0.034700 -0.152500 -0.001000
v -0.034700 -0.152500 -0.001000
v -0.034986 -0.149500 -0.001000
v -0.034986 -0.152500 -0.001000
v -0.002279 -0.001231 0.046678
v -0.002523 -0.001135 0.046674
v -0.003276 -0.004636 0.046586
v -0.002279 -0.001231 0.046678
v -0.003276 -0.004636 0.046586
v -0.001789 -0.001583 0.046683
v -0.001789 -0.001583 0.046683
v -0.003276 -0.004636 0.046586
v -0.002665 -0.004604 0.046604
v -0.001789 -0.001583 0.046683
v -0.002665 -0.004604 0.046604
v -0.002116 -0.004379 0.046622
v -0.001267 -0.002852 0.046669
v -0.001442 -0.002075 0.046681
v -0.001367 -0.003445 0.046656
v -0.001367 -0.003445 0.046656
v -0.001442 -0.002075 0.046681
v -0.001789 -0.001583 0.046683
v -0.001367 -0.003445 0.046656
v -0.001789 -0.001583 0.046683
v -0.001657 -0.003970 0.046640
v -0.001657 -0.003970 0.046640
v -0.001789 -0.001583 0.046683
v -0.002116 -0.004379 0.046622
v -0.002857 -0.001064 0.046666
v -0.003457 -0.001095 0.046648
v -0.003811 -0.001661 0.046630
v -0.003811 -0.001661 0.046630
v -0.003457 -0.001095 0.046648
v -0.004011 -0.001323 0.046625
v -0.003811 -0.001661 0.046630
v -0.004011 -0.001323 0.046625
v -0.004753 -0.002257 0.046580
v -0.004753 -0.002257 0.046580
v -0.004011 -0.001323 0.046625
v -0.004465 -0.001728 0.046601
v -0.004753 -0.002257 0.046580
v -0.004856 -0.002852 0.046565
v -0.003811 -0.001661 0.046630
v -0.003811 -0.001661 0.046630
v -0.004856 -0.002852 0.046565
v -0.004744 -0.003472 0.046558
v -0.003811 -0.001661 0.046630
v -0.004744 -0.003472 0.046558
v -0.002857 -0.001064 0.046666
v -0.002857 -0.001064 0.046666
v -0.004744 -0.003472 0.046558
v -0.002523 -0.001135 0.046674
v -0.003847 -0.004468 0.046571
v -0.003276 -0.004636 0.046586
v -0.004341 -0.004110 0.046561
v -0.004341 -0.004110 0.046561
v -0.003276 -0.004636 0.046586
v -0.002523 -0.001135 0.046674
v -0.004341 -0.004110 0.046561
v -0.002523 -0.001135 0.046674
v -0.004677 -0.003629 0.046558
v -0.004677 -0.003629 0.046558
v -0.002523 -0.001135 0.046674
v -0.004744 -0.003472 0.046558
v -0.005832 -0.000003 0.046837
v -0.005807 -0.000000 0.046538
v -0.005820 -0.000007 0.046537
v -0.011300 -0.000000 0.046046
v -0.011304 -0.000003 0.046045
v -0.011252 -0.000000 0.046051
v -0.011252 -0.000000 0.046051
v -0.011304 -0.000003 0.046045
v -0.011306 -0.000007 0.046045
v -0.011307 -0.000012 0.046045
v -0.011307 -0.000019 0.046045
v -0.007670 -0.001060 0.046400
v -0.007670 -0.001060 0.046400
v -0.011307 -0.000019 0.046045
v -0.011293 -0.005905 0.045938
v -0.007670 -0.001060 0.046400
v -0.011293 -0.005905 0.045938
v -0.007664 -0.004687 0.046334
v -0.007664 -0.004687 0.046334
v -0.011293 -0.005905 0.045938
v -0.011176 -0.006501 0.045929
v -0.007664 -0.004687 0.046334
v -0.011176 -0.006501 0.045929
v -0.007047 -0.005055 0.046371
v -0.007047 -0.005055 0.046371
v -0.011176 -0.006501 0.045929
v -0.010498 -0.007291 0.045971
v -0.007047 -0.005055 0.046371
v -0.010498 -0.007291 0.045971
v -0.006232 -0.005541 0.046411
v -0.006232 -0.005541 0.046411
v -0.010498 -0.007291 0.045971
v -0.005686 -0.010103 0.046222
v -0.006232 -0.005541 0.046411
v -0.005686 -0.010103 0.046222
v -0.004909 -0.006330 0.046459
v -0.011306 -0.000007 0.046045
v -0.011307 -0.000012 0.046045
v -0.011252 -0.000000 0.046051
v -0.011252 -0.000000 0.046051
v -0.011307 -0.000012 0.046045
v -0.007670 -0.001060 0.046400
v -0.011252 -0.000000 0.046051
v -0.007670 -0.001060 0.046400
v -0.007350 -0.000000 0.046429
v -0.007350 -0.000000 0.046429
v -0.007670 -0.001060 0.046400
v -0.005820 -0.000007 0.046537
v -0.007350 -0.000000 0.046429
v -0.005820 -0.000007 0.046537
v -0.005807 -0.000000 0.046538
v -0.002057 -0.011025 0.046294
v -0.001616 -0.010595 0.046328
v -0.002937 -0.009666 0.046365
v -0.001375 -0.008918 0.046435
v -0.001873 -0.008236 0.046467
v -0.001267 -0.009504 0.046401
v -0.001267 -0.009504 0.046401
v -0.001873 -0.008236 0.046467
v -0.002937 -0.009666 0.046365
v -0.001267 -0.009504 0.046401
v -0.002937 -0.009666 0.046365
v -0.001340 -0.010031 0.046368
v -0.001340 -0.010031 0.046368
v -0.002937 -0.009666 0.046365
v -0.001616 -0.010595 0.046328
v -0.003987 -0.011094 0.046238
v -0.003226 -0.011333 0.046247
v -0.002937 -0.009666 0.046365
v -0.002937 -0.009666 0.046365
v -0.003226 -0.011333 0.046247
v -0.002609 -0.011282 0.046266
v -0.002937 -0.009666 0.046365
v -0.002609 -0.011282 0.046266
v -0.002057 -0.011025 0.046294
v -0.005686 -0.010103 0.046222
v -0.003987 -0.011094 0.046238
v -0.004909 -0.006330 0.046459
v -0.004909 -0.006330 0.046459
v -0.003987 -0.011094 0.046238
v -0.002937 -0.009666 0.046365
v -0.004909 -0.006330 0.046459
v -0.002937 -0.009666 0.046365
v -0.002154 -0.007975 0.046476
v -0.002154 -0.007975 0.046476
v -0.002937 -0.009666 0.046365
v -0.001873 -0.008236 0.046467
v -0.012343 0.010547 0.045668
v -0.010687 0.006540 0.046200
v -0.012306 0.010516 0.045372
v -0.012306 0.010516 0.045372
v -0.010687 0.006540 0.046200
v -0.010655 0.006521 0.045902
v -0.009021 0.011897 0.045567
v -0.009048 0.011932 0.045863
v -0.009509 0.012577 0.045742
v -0.009021 0.011897 0.045567
v -0.009509 0.012577 0.045742
v -0.009479 0.012538 0.045446
v -0.009479 0.012538 0.045446
v -0.009509 0.012577 0.045742
v -0.010029 0.012899 0.045651
v -0.009479 0.012538 0.045446
v -0.010029 0.012899 0.045651
v -0.009997 0.012860 0.045355
v -0.009997 0.012860 0.045355
v -0.010029 0.012899 0.045651
v -0.010617 0.013017 0.045575
v -0.009997 0.012860 0.045355
v -0.010617 0.013017 0.045575
v -0.010583 0.012978 0.045280
v -0.010583 0.012978 0.045280
v -0.010617 0.013017 0.045575
v -0.011213 0.012936 0.045521
v -0.010583 0.012978 0.045280
v -0.011213 0.012936 0.045521
v -0.011178 0.012898 0.045226
v -0.011178 0.012898 0.045226
v -0.011213 0.012936 0.045521
v -0.011761 0.012655 0.045494
v -0.011178 0.012898 0.045226
v -0.011761 0.012655 0.045494
v -0.011724 0.012620 0.045199
v -0.011724 0.012620 0.045199
v -0.011761 0.012655 0.045494
v -0.012133 0.012283 0.045496
v -0.011724 0.012620 0.045199
v -0.012133 0.012283 0.045496
v -0.012096 0.012249 0.045200
v -0.012096 0.012249 0.045200
v -0.012133 0.012283 0.045496
v -0.012395 0.011763 0.045527
v -0.012096 0.012249 0.045200
v -0.012395 0.011763 0.045527
v -0.012357 0.011732 0.045230
v -0.012357 0.011732 0.045230
v -0.012395 0.011763 0.045527
v -0.012417 0.010962 0.045614
v -0.012357 0.011732 0.045230
v -0.012417 0.010962 0.045614
v -0.012380 0.010930 0.045318
v -0.012380 0.010930 0.045318
v -0.012417 0.010962 0.045614
v -0.012343 0.010547 0.045668
v -0.012380 0.010930 0.045318
v -0.012343 0.010547 0.045668
v -0.012306 0.010516 0.045372
v -0.007387 0.007924 0.046401
v -0.009048 0.011932 0.045863
v -0.007365 0.007900 0.046103
v -0.007365 0.007900 0.046103
v -0.009048 0.011932 0.045863
v -0.009021 0.011897 0.045567
v -0.010655 0.006521 0.045902
v -0.010687 0.006540 0.046200
v -0.010235 0.005902 0.046288
v -0.010655 0.006521 0.045902
v -0.010235 0.005902 0.046288
v -0.010194 0.005874 0.045991
v -0.010194 0.005874 0.045991
v -0.010235 0.005902 0.046288
v -0.010223 0.005890 0.046290
v -0.010194 0.005874 0.045991
v -0.010223 0.005890 0.046290
v -0.009676 0.005551 0.046063
v -0.007365 0.007900 0.046103
v -0.007289 0.007480 0.046141
v -0.007387 0.007924 0.046401
v -0.007387 0.007924 0.046401
v -0.007289 0.007480 0.046141
v -0.007311 0.006681 0.046198
v -0.007387 0.007924 0.046401
v -0.007311 0.006681 0.046198
v -0.007332 0.006705 0.046496
v -0.007332 0.006705 0.046496
v -0.007311 0.006681 0.046198
v -0.007572 0.006161 0.046213
v -0.007332 0.006705 0.046496
v -0.007572 0.006161 0.046213
v -0.007594 0.006182 0.046511
v -0.007594 0.006182 0.046511
v -0.007572 0.006161 0.046213
v -0.007944 0.005789 0.046206
v -0.007594 0.006182 0.046511
v -0.007944 0.005789 0.046206
v -0.007966 0.005809 0.046504
v -0.007966 0.005809 0.046504
v -0.007944 0.005789 0.046206
v -0.008490 0.005510 0.046176
v -0.007966 0.005809 0.046504
v -0.008490 0.005510 0.046176
v -0.008514 0.005528 0.046474
v -0.008514 0.005528 0.046474
v -0.008490 0.005510 0.046176
v -0.009087 0.005430 0.046126
v -0.008514 0.005528 0.046474
v -0.009087 0.005430 0.046126
v -0.009113 0.005447 0.046425
v -0.009113 0.005447 0.046425
v -0.009087 0.005430 0.046126
v -0.009676 0.005551 0.046063
v -0.009113 0.005447 0.046425
v -0.009676 0.005551 0.046063
v -0.009703 0.005567 0.046361
v -0.009703 0.005567 0.046361
v -0.009676 0.005551 0.046063
v -0.010223 0.005890 0.046290
v -0.011300 -0.000000 0.046046
v -0.011252 -0.000000 0.046051
v -0.011334 -0.000000 0.046344
v -0.011334 -0.000000 0.046344
v -0.011252 -0.000000 0.046051
v -0.011286 -0.000000 0.046350
v -0.011342 0.000173 0.046343
v -0.011344 0.000096 0.046343
v -0.011307 0.000172 0.046045
v -0.011307 0.000172 0.046045
v -0.011344 0.000096 0.046343
v -0.011307 0.000085 0.046045
v -0.011344 0.000096 0.046343
v -0.011341 0.000086 0.046343
v -0.011307 0.000085 0.046045
v -0.011307 0.000085 0.046045
v -0.011341 0.000086 0.046343
v -0.011286 -0.000000 0.046350
v -0.011307 0.000085 0.046045
v -0.011286 -0.000000 0.046350
v -0.011252 -0.000000 0.046051
v -0.011307 0.000172 0.046045
v -0.011004 0.001147 0.046375
v -0.011342 0.000173 0.046343
v -0.011307 0.000172 0.046045
v -0.010970 0.001145 0.046077
v -0.011004 0.001147 0.046375
v -0.011004 0.001147 0.046375
v -0.010970 0.001145 0.046077
v -0.010524 0.001529 0.046121
v -0.011004 0.001147 0.046375
v -0.010524 0.001529 0.046121
v -0.010557 0.001534 0.046419
v -0.005220 0.004549 0.046462
v -0.004895 0.004734 0.046470
v -0.004911 0.004749 0.046769
v -0.005220 0.004549 0.046462
v -0.004911 0.004749 0.046769
v -0.005666 0.004296 0.046448
v -0.005666 0.004296 0.046448
v -0.004911 0.004749 0.046769
v -0.005815 0.004236 0.046742
v -0.005666 0.004296 0.046448
v -0.005815 0.004236 0.046742
v -0.006682 0.003719 0.046406
v -0.006682 0.003719 0.046406
v -0.005815 0.004236 0.046742
v -0.006981 0.003573 0.046691
v -0.006682 0.003719 0.046406
v -0.006981 0.003573 0.046691
v -0.007713 0.003132 0.046348
v -0.007713 0.003132 0.046348
v -0.006981 0.003573 0.046691
v -0.007737 0.003142 0.046647
v -0.007713 0.003132 0.046348
v -0.007737 0.003142 0.046647
v -0.008307 0.002794 0.046309
v -0.008307 0.002794 0.046309
v -0.007737 0.003142 0.046647
v -0.008234 0.002859 0.046615
v -0.008307 0.002794 0.046309
v -0.008234 0.002859 0.046615
v -0.008979 0.002411 0.046259
v -0.008979 0.002411 0.046259
v -0.008234 0.002859 0.046615
v -0.009007 0.002418 0.046557
v -0.008979 0.002411 0.046259
v -0.009007 0.002418 0.046557
v -0.009906 0.001882 0.046180
v -0.009007 0.002418 0.046557
v -0.009538 0.002115 0.046513
v -0.009906 0.001882 0.046180
v -0.009906 0.001882 0.046180
v -0.009538 0.002115 0.046513
v -0.009937 0.001888 0.046478
v -0.009906 0.001882 0.046180
v -0.009937 0.001888 0.046478
v -0.009995 0.001832 0.046171
v -0.009995 0.001832 0.046171
v -0.009937 0.001888 0.046478
v -0.010027 0.001836 0.046470
v -0.009995 0.001832 0.046171
v -0.010027 0.001836 0.046470
v -0.010524 0.001529 0.046121
v -0.010524 0.001529 0.046121
v -0.010027 0.001836 0.046470
v -0.010557 0.001534 0.046419
v -0.004889 0.011276 0.045927
v -0.004904 0.011310 0.046225
v -0.004907 0.009418 0.046424
v -0.004911 0.004749 0.046769
v -0.004895 0.004734 0.046470
v -0.004911 0.005022 0.046755
v -0.004911 0.005022 0.046755
v -0.004895 0.004734 0.046470
v -0.004895 0.005341 0.046438
v -0.004911 0.005022 0.046755
v -0.004895 0.005341 0.046438
v -0.004910 0.006316 0.046677
v -0.004910 0.006316 0.046677
v -0.004895 0.005341 0.046438
v -0.004895 0.006296 0.046379
v -0.004910 0.006316 0.046677
v -0.004895 0.006296 0.046379
v -0.004909 0.007067 0.046625
v -0.004909 0.007067 0.046625
v -0.004895 0.006296 0.046379
v -0.004894 0.006787 0.046345
v -0.004909 0.007067 0.046625
v -0.004894 0.006787 0.046345
v -0.004907 0.009418 0.046424
v -0.004907 0.009418 0.046424
v -0.004894 0.006787 0.046345
v -0.004891 0.010002 0.046065
v -0.004907 0.009418 0.046424
v -0.004891 0.010002 0.046065
v -0.004889 0.011276 0.045927
v -0.001253 0.011281 0.046040
v -0.001257 0.011316 0.046338
v -0.001448 0.012121 0.046240
v -0.001253 0.011281 0.046040
v -0.001448 0.012121 0.046240
v -0.001442 0.012083 0.045942
v -0.001442 0.012083 0.045942
v -0.001448 0.012121 0.046240
v -0.001813 0.012625 0.046171
v -0.001442 0.012083 0.045942
v -0.001813 0.012625 0.046171
v -0.001806 0.012586 0.045874
v -0.001806 0.012586 0.045874
v -0.001813 0.012625 0.046171
v -0.002322 0.012963 0.046117
v -0.001806 0.012586 0.045874
v -0.002322 0.012963 0.046117
v -0.002313 0.012924 0.045820
v -0.002313 0.012924 0.045820
v -0.002322 0.012963 0.046117
v -0.002922 0.013118 0.046081
v -0.002313 0.012924 0.045820
v -0.002922 0.013118 0.046081
v -0.002911 0.013078 0.045784
v -0.002911 0.013078 0.045784
v -0.002922 0.013118 0.046081
v -0.003539 0.013065 0.046068
v -0.002911 0.013078 0.045784
v -0.003539 0.013065 0.046068
v -0.003539 0.013023 0.045771
v -0.003539 0.013023 0.045771
v -0.003539 0.013065 0.046068
v -0.003552 0.013061 0.046068
v -0.003539 0.013023 0.045771
v -0.003552 0.013061 0.046068
v -0.004029 0.012816 0.045779
v -0.004904 0.011310 0.046225
v -0.004889 0.011276 0.045927
v -0.004811 0.011732 0.046181
v -0.004811 0.011732 0.046181
v -0.004889 0.011276 0.045927
v -0.004477 0.012423 0.045810
v -0.004811 0.011732 0.046181
v -0.004477 0.012423 0.045810
v -0.004493 0.012457 0.046107
v -0.004493 0.012457 0.046107
v -0.004477 0.012423 0.045810
v -0.004029 0.012816 0.045779
v -0.004493 0.012457 0.046107
v -0.004029 0.012816 0.045779
v -0.004043 0.012853 0.046076
v -0.004043 0.012853 0.046076
v -0.004029 0.012816 0.045779
v -0.003552 0.013061 0.046068
v -0.001257 0.006268 0.046800
v -0.001253 0.007441 0.046414
v -0.001257 0.004839 0.046885
v -0.001257 0.004839 0.046885
v -0.001253 0.007441 0.046414
v -0.001253 0.003590 0.046640
v -0.001257 0.004839 0.046885
v -0.001253 0.003590 0.046640
v -0.001257 0.003601 0.046939
v -0.001257 0.011316 0.046338
v -0.001253 0.011281 0.046040
v -0.001257 0.011166 0.046355
v -0.001257 0.011166 0.046355
v -0.001253 0.011281 0.046040
v -0.001253 0.010372 0.046141
v -0.001257 0.011166 0.046355
v -0.001253 0.010372 0.046141
v -0.001257 0.010404 0.046439
v -0.001257 0.010404 0.046439
v -0.001253 0.010372 0.046141
v -0.001253 0.009070 0.046272
v -0.001257 0.010404 0.046439
v -0.001253 0.009070 0.046272
v -0.001257 0.009098 0.046571
v -0.001257 0.009098 0.046571
v -0.001253 0.009070 0.046272
v -0.001253 0.007441 0.046414
v -0.001257 0.009098 0.046571
v -0.001253 0.007441 0.046414
v -0.001257 0.007464 0.046713
v -0.001257 0.007464 0.046713
v -0.001253 0.007441 0.046414
v -0.001257 0.006268 0.046800
v -0.001776 0.002371 0.046968
v -0.001597 0.002559 0.046666
v -0.002103 0.002118 0.046967
v -0.002103 0.002118 0.046967
v -0.001597 0.002559 0.046666
v -0.002130 0.002088 0.046667
v -0.002103 0.002118 0.046967
v -0.002130 0.002088 0.046667
v -0.002136 0.002094 0.046967
v -0.001776 0.002371 0.046968
v -0.001601 0.002568 0.046966
v -0.001597 0.002559 0.046666
v -0.001597 0.002559 0.046666
v -0.001601 0.002568 0.046966
v -0.001486 0.002766 0.046963
v -0.001597 0.002559 0.046666
v -0.001486 0.002766 0.046963
v -0.001253 0.003590 0.046640
v -0.001253 0.003590 0.046640
v -0.001486 0.002766 0.046963
v -0.001295 0.003406 0.046946
v -0.001253 0.003590 0.046640
v -0.001295 0.003406 0.046946
v -0.001257 0.003601 0.046939
v -0.003809 0.001140 0.046633
v -0.003915 0.001078 0.046629
v -0.003927 0.001081 0.046929
v -0.003927 0.001081 0.046929
v -0.003915 0.001078 0.046629
v -0.004430 0.000775 0.046910
v -0.004430 0.000775 0.046910
v -0.003915 0.001078 0.046629
v -0.004731 0.000576 0.046597
v -0.004430 0.000775 0.046910
v -0.004731 0.000576 0.046597
v -0.004856 0.000508 0.046891
v -0.005631 -0.000000 0.046549
v -0.005649 -0.000000 0.046848
v -0.004731 0.000576 0.046597
v -0.004731 0.000576 0.046597
v -0.005649 -0.000000 0.046848
v -0.005061 0.000378 0.046881
v -0.004731 0.000576 0.046597
v -0.005061 0.000378 0.046881
v -0.004856 0.000508 0.046891
v -0.003927 0.001081 0.046929
v -0.003771 0.001173 0.046934
v -0.003809 0.001140 0.046633
v -0.003809 0.001140 0.046633
v -0.003771 0.001173 0.046934
v -0.003148 0.001532 0.046951
v -0.003809 0.001140 0.046633
v -0.003148 0.001532 0.046951
v -0.003082 0.001559 0.046652
v -0.003082 0.001559 0.046652
v -0.003148 0.001532 0.046951
v -0.003092 0.001564 0.046952
v -0.003082 0.001559 0.046652
v -0.003092 0.001564 0.046952
v -0.003003 0.001603 0.046654
v -0.003003 0.001603 0.046654
v -0.003092 0.001564 0.046952
v -0.002413 0.001932 0.046664
v -0.002420 0.001938 0.046964
v -0.002136 0.002094 0.046967
v -0.002130 0.002088 0.046667
v -0.003092 0.001564 0.046952
v -0.002583 0.001848 0.046962
v -0.002413 0.001932 0.046664
v -0.002413 0.001932 0.046664
v -0.002583 0.001848 0.046962
v -0.002420 0.001938 0.046964
v -0.002413 0.001932 0.046664
v -0.002420 0.001938 0.046964
v -0.002303 0.001993 0.046665
v -0.002303 0.001993 0.046665
v -0.002420 0.001938 0.046964
v -0.002130 0.002088 0.046667
v 0.000000 -0.031000 0.026461
v 0.000000 -0.031000 0.016461
v -0.008023 -0.029944 0.026461
v -0.008023 -0.029944 0.026461
v 0.000000 -0.031000 0.016461
v -0.008023 -0.029944 0.016461
v -0.008023 -0.029944 0.026461
v -0.008023 -0.029944 0.016461
v -0.015500 -0.026847 0.026461
v -0.015500 -0.026847 0.026461
v -0.008023 -0.029944 0.016461
v -0.015500 -0.026847 0.016461
v -0.015500 -0.026847 0.026461
v -0.015500 -0.026847 0.016461
v -0.021920 -0.021920 0.026461
v -0.021920 -0.021920 0.026461
v -0.015500 -0.026847 0.016461
v -0.021920 -0.021920 0.016461
v -0.021920 -0.021920 0.026461
v -0.021920 -0.021920 0.016461
v -0.026847 -0.015500 0.026461
v -0.026847 -0.015500 0.026461
v -0.021920 -0.021920 0.016461
v -0.026847 -0.015500 0.016461
v -0.026847 -0.015500 0.026461
v -0.026847 -0.015500 0.016461
v -0.029944 -0.008023 0.026461
v -0.029944 -0.008023 0.026461
v -0.026847 -0.015500 0.016461
v -0.029944 -0.008023 0.016461
v -0.029944 -0.008023 0.026461
v -0.029944 -0.008023 0.016461
v -0.031000 -0.000000 0.026461
v -0.031000 -0.000000 0.026461
v -0.029944 -0.008023 0.016461
v -0.031000 -0.000000 0.016461
v -0.031000 -0.000000 0.026461
v -0.031000 -0.000000 0.016461
v -0.029944 0.008023 0.026461
v -0.029944 0.008023 0.026461
v -0.031000 -0.000000 0.016461
v -0.029944 0.008023 0.016461
v -0.029944 0.008023 0.026461
v -0.029944 0.008023 0.016461
v -0.026847 0.015500 0.026461
v -0.026847 0.015500 0.026461
v -0.029944 0.008023 0.016461
v -0.026847 0.015500 0.016461
v -0.026847 0.015500 0.026461
v -0.026847 0.015500 0.016461
v -0.021920 0.021920 0.026461
v -0.021920 0.021920 0.026461
v -0.026847 0.015500 0.016461
v -0.021920 0.021920 0.016461
v -0.021920 0.021920 0.026461
v -0.021920 0.021920 0.016461
v -0.015500 0.026847 0.026461
v -0.015500 0.026847 0.026461
v -0.021920 0.021920 0.016461
v -0.015500 0.026847 0.016461
v -0.015500 0.026847 0.026461
v -0.015500 0.026847 0.016461
v -0.008023 0.029944 0.026461
v -0.008023 0.029944 0.026461
v -0.015500 0.026847 0.016461
v -0.008023 0.029944 0.016461
v -0.008023 0.029944 0.026461
v -0.008023 0.029944 0.016461
v 0.000000 0.031000 0.026461
v 0.000000 0.031000 0.026461
v -0.008023 0.029944 0.016461
v 0.000000 0.031000 0.016461
v 0.000000 0.031000 0.026461
v 0.000000 0.031000 0.016461
v 0.008023 0.029944 0.026461
v 0.008023 0.029944 0.026461
v 0.000000 0.031000 0.016461
v 0.008023 0.029944 0.016461
v 0.008023 0.029944 0.026461
v 0.008023 0.029944 0.016461
v 0.015500 0.026847 0.026461
v 0.015500 0.026847 0.026461
v 0.008023 0.029944 0.016461
v 0.015500 0.026847 0.016461
v 0.015500 0.026847 0.026461
v 0.015500 0.026847 0.016461
v 0.021920 0.021920 0.026461
v 0.021920 0.021920 0.026461
v 0.015500 0.026847 0.016461
v 0.021920 0.021920 0.016461
v 0.021920 0.021920 0.026461
v 0.021920 0.021920 0.016461
v 0.026847 0.015500 0.026461
v 0.026847 0.015500 0.026461
v 0.021920 0.021920 0.016461
v 0.026847 0.015500 0.016461
v 0.026847 0.015500 0.026461
v 0.026847 0.015500 0.016461
v 0.029944 0.008023 0.026461
v 0.029944 0.008023 0.026461
v 0.026847 0.015500 0.016461
v 0.029944 0.008023 0.016461
v 0.029944 0.008023 0.026461
v 0.029944 0.008023 0.016461
v 0.031000 -0.000000 0.026461
v 0.031000 -0.000000 0.026461
v 0.029944 0.008023 0.016461
v 0.031000 -0.000000 0.016461
v 0.031000 -0.000000 0.026461
v 0.031000 -0.000000 0.016461
v 0.029944 -0.008023 0.026461
v 0.029944 -0.008023 0.026461
v 0.031000 -0.000000 0.016461
v 0.029944 -0.008023 0.016461
v 0.029944 -0.008023 0.026461
v 0.029944 -0.008023 0.016461
v 0.026847 -0.015500 0.026461
v 0.026847 -0.015500 0.026461
v 0.029944 -0.008023 0.016461
v 0.026847 -0.015500 0.016461
v 0.026847 -0.015500 0.026461
v 0.026847 -0.015500 0.016461
v 0.021920 -0.021920 0.026461
v 0.021920 -0.021920 0.026461
v 0.026847 -0.015500 0.016461
v 0.021920 -0.021920 0.016461
v 0.021920 -0.021920 0.026461
v 0.021920 -0.021920 0.016461
v 0.015500 -0.026847 0.026461
v 0.015500 -0.026847 0.026461
v 0.021920 -0.021920 0.016461
v 0.015500 -0.026847 0.016461
v 0.015500 -0.026847 0.026461
v 0.015500 -0.026847 0.016461
v 0.008023 -0.029944 0.026461
v 0.008023 -0.029944 0.026461
v 0.015500 -0.026847 0.016461
v 0.008023 -0.029944 0.016461
v 0.008023 -0.029944 0.026461
v 0.008023 -0.029944 0.016461
v 0.000000 -0.031000 0.026461
v 0.000000 -0.031000 0.026461
v 0.008023 -0.029944 0.016461
v 0.000000 -0.031000 0.016461
v -0.040000 -0.001000 0.016461
v -0.040000 -0.001000 0.019471
v -0.040000 0.001000 0.016461
v -0.040000 0.001000 0.016461
v -0.040000 -0.001000 0.019471
v -0.040000 0.001000 0.019471
v 0.005050 -0.002850 0.046555
v 0.005066 -0.002856 0.046854
v 0.004882 -0.002063 0.046877
v 0.005050 -0.002850 0.046555
v 0.004882 -0.002063 0.046877
v 0.004867 -0.002059 0.046577
v 0.004867 -0.002059 0.046577
v 0.004882 -0.002063 0.046877
v 0.004523 -0.001560 0.046901
v 0.004867 -0.002059 0.046577
v 0.004523 -0.001560 0.046901
v 0.004509 -0.001557 0.046601
v 0.004509 -0.001557 0.046601
v 0.004523 -0.001560 0.046901
v 0.004024 -0.001220 0.046926
v 0.004509 -0.001557 0.046601
v 0.004024 -0.001220 0.046926
v 0.004013 -0.001218 0.046626
v 0.004013 -0.001218 0.046626
v 0.004024 -0.001220 0.046926
v 0.003434 -0.001060 0.046950
v 0.004013 -0.001218 0.046626
v 0.003434 -0.001060 0.046950
v 0.003427 -0.001059 0.046649
v 0.003427 -0.001059 0.046649
v 0.003434 -0.001060 0.046950
v 0.002813 -0.001110 0.046968
v 0.003427 -0.001059 0.046649
v 0.002813 -0.001110 0.046968
v 0.002809 -0.001107 0.046667
v 0.002809 -0.001107 0.046667
v 0.002813 -0.001110 0.046968
v 0.002324 -0.001314 0.046977
v 0.002809 -0.001107 0.046667
v 0.002324 -0.001314 0.046977
v 0.002321 -0.001310 0.046677
v 0.002321 -0.001310 0.046677
v 0.002324 -0.001314 0.046977
v 0.001878 -0.001703 0.046981
v 0.002321 -0.001310 0.046677
v 0.001878 -0.001703 0.046981
v 0.001875 -0.001697 0.046680
v 0.001875 -0.001697 0.046680
v 0.001878 -0.001703 0.046981
v 0.001463 -0.002855 0.046968
v 0.001875 -0.001697 0.046680
v 0.001463 -0.002855 0.046968
v 0.001461 -0.002849 0.046668
v 0.001646 -0.003646 0.046948
v 0.001461 -0.002849 0.046668
v 0.001463 -0.002855 0.046968
v 0.004205 -0.004397 0.046860
v 0.004651 -0.004008 0.046850
v 0.004635 -0.004002 0.046550
v 0.004635 -0.004002 0.046550
v 0.004651 -0.004008 0.046850
v 0.005066 -0.002856 0.046854
v 0.004635 -0.004002 0.046550
v 0.005066 -0.002856 0.046854
v 0.005050 -0.002850 0.046555
v 0.004635 -0.004002 0.046550
v 0.004190 -0.004389 0.046560
v 0.004205 -0.004397 0.046860
v 0.004205 -0.004397 0.046860
v 0.004190 -0.004389 0.046560
v 0.003703 -0.004592 0.046573
v 0.004205 -0.004397 0.046860
v 0.003703 -0.004592 0.046573
v 0.003717 -0.004600 0.046873
v 0.003717 -0.004600 0.046873
v 0.003703 -0.004592 0.046573
v 0.003084 -0.004640 0.046592
v 0.003717 -0.004600 0.046873
v 0.003084 -0.004640 0.046592
v 0.003096 -0.004649 0.046892
v 0.003096 -0.004649 0.046892
v 0.003084 -0.004640 0.046592
v 0.002498 -0.004481 0.046611
v 0.003096 -0.004649 0.046892
v 0.002498 -0.004481 0.046611
v 0.002506 -0.004490 0.046912
v 0.002506 -0.004490 0.046912
v 0.002498 -0.004481 0.046611
v 0.002005 -0.004149 0.046931
v 0.002005 -0.004149 0.046931
v 0.002498 -0.004481 0.046611
v 0.002001 -0.004141 0.046631
v 0.002005 -0.004149 0.046931
v 0.002001 -0.004141 0.046631
v 0.001808 -0.003925 0.046939
v 0.001808 -0.003925 0.046939
v 0.002001 -0.004141 0.046631
v 0.001805 -0.003917 0.046640
v 0.001808 -0.003925 0.046939
v 0.001805 -0.003917 0.046640
v 0.001646 -0.003646 0.046948
v 0.001646 -0.003646 0.046948
v 0.001805 -0.003917 0.046640
v 0.001643 -0.003639 0.046649
v 0.001646 -0.003646 0.046948
v 0.001643 -0.003639 0.046649
v 0.001461 -0.002849 0.046668
v 0.007888 -0.001060 0.046683
v 0.007883 -0.004694 0.046617
v 0.007863 -0.001058 0.046384
v 0.007863 -0.001058 0.046384
v 0.007883 -0.004694 0.046617
v 0.007858 -0.004685 0.046318
v 0.006032 -0.000005 0.046824
v 0.007888 -0.001060 0.046683
v 0.006013 -0.000005 0.046525
v 0.006013 -0.000005 0.046525
v 0.007888 -0.001060 0.046683
v 0.007863 -0.001058 0.046384
v 0.006032 -0.000005 0.046824
v 0.006013 -0.000005 0.046525
v 0.006009 -0.000001 0.046525
v 0.006009 -0.000001 0.046525
v 0.006025 -0.000000 0.046524
v 0.006045 -0.000000 0.046823
v 0.006032 -0.000005 0.046824
v 0.006009 -0.000001 0.046525
v 0.006028 -0.000001 0.046824
v 0.006045 -0.000000 0.046823
v 0.006028 -0.000001 0.046824
v 0.006009 -0.000001 0.046525
v 0.003389 0.001494 0.046944
v 0.003186 0.001609 0.046949
v -0.000000 -0.000000 0.047000
v -0.000000 -0.000000 0.047000
v 0.003186 0.001609 0.046949
v 0.002469 0.002016 0.046961
v 0.002330 0.002095 0.046963
v 0.002000 0.002385 0.046964
v -0.000000 -0.000000 0.047000
v -0.000000 -0.000000 0.047000
v 0.002000 0.002385 0.046964
v 0.001635 0.002833 0.046959
v 0.001451 0.004275 0.046909
v 0.001451 0.004320 0.046907
v 0.001384 0.003779 0.046931
v 0.029606 -0.000000 0.042339
v 0.031167 -0.000000 0.041719
v 0.030734 0.005180 0.041719
v 0.003025 -0.000000 0.046966
v 0.003969 0.000669 0.046931
v -0.000000 -0.000000 0.047000
v 0.010878 0.006543 0.046179
v 0.017252 0.009831 0.045015
v 0.015271 0.012692 0.045015
v 0.009829 0.005542 0.046350
v 0.009361 0.005450 0.046401
v 0.006896 0.003732 0.046691
v 0.006896 0.003732 0.046691
v 0.009361 0.005450 0.046401
v 0.009073 0.005455 0.046428
v 0.007525 0.006713 0.046481
v 0.005102 0.006443 0.046659
v 0.007789 0.006187 0.046495
v 0.007789 0.006187 0.046495
v 0.005102 0.006443 0.046659
v 0.005103 0.004750 0.046759
v 0.007789 0.006187 0.046495
v 0.005103 0.004750 0.046759
v 0.005636 0.004448 0.046743
v 0.009073 0.005455 0.046428
v 0.008789 0.005506 0.046451
v 0.006896 0.003732 0.046691
v 0.006896 0.003732 0.046691
v 0.008789 0.005506 0.046451
v 0.008225 0.005763 0.046485
v 0.006896 0.003732 0.046691
v 0.008225 0.005763 0.046485
v 0.006571 0.003917 0.046706
v 0.006571 0.003917 0.046706
v 0.008225 0.005763 0.046485
v 0.007789 0.006187 0.046495
v 0.006571 0.003917 0.046706
v 0.007789 0.006187 0.046495
v 0.005655 0.004437 0.046743
v 0.005655 0.004437 0.046743
v 0.007789 0.006187 0.046495
v 0.005636 0.004448 0.046743
v 0.011126 0.003966 0.046288
v 0.010239 0.005768 0.046295
v 0.009829 0.005542 0.046350
v 0.017252 0.009831 0.045015
v 0.010878 0.006543 0.046179
v 0.018703 0.006668 0.045015
v 0.012526 0.011927 0.045491
v 0.012663 0.011332 0.045543
v 0.015271 0.012692 0.045015
v 0.015271 0.012692 0.045015
v 0.012663 0.011332 0.045543
v 0.012532 0.010550 0.045644
v 0.015271 0.012692 0.045015
v 0.012532 0.010550 0.045644
v 0.010878 0.006543 0.046179
v 0.012526 0.011927 0.045491
v 0.015271 0.012692 0.045015
v 0.012200 0.012430 0.045470
v 0.012200 0.012430 0.045470
v 0.015271 0.012692 0.045015
v 0.012821 0.015163 0.045015
v 0.012200 0.012430 0.045470
v 0.012821 0.015163 0.045015
v 0.011722 0.012804 0.045480
v 0.009238 0.011934 0.045846
v 0.009450 0.012241 0.045789
v 0.009977 0.017168 0.045015
v 0.009450 0.012241 0.045789
v 0.010056 0.012826 0.045658
v 0.009977 0.017168 0.045015
v 0.009977 0.017168 0.045015
v 0.010056 0.012826 0.045658
v 0.010610 0.013006 0.045578
v 0.009977 0.017168 0.045015
v 0.010610 0.013006 0.045578
v 0.012821 0.015163 0.045015
v 0.012821 0.015163 0.045015
v 0.010610 0.013006 0.045578
v 0.011136 0.013001 0.045521
v 0.012821 0.015163 0.045015
v 0.011136 0.013001 0.045521
v 0.011722 0.012804 0.045480
v 0.005017 0.000576 0.046882
v 0.003969 0.000669 0.046931
v 0.005046 0.000560 0.046881
v 0.005046 0.000560 0.046881
v 0.003969 0.000669 0.046931
v 0.003025 -0.000000 0.046966
v 0.005046 0.000560 0.046881
v 0.003025 -0.000000 0.046966
v 0.005581 0.000260 0.046852
v 0.005581 0.000260 0.046852
v 0.003025 -0.000000 0.046966
v 0.006045 -0.000000 0.046823
v -0.000000 0.013576 0.046063
v -0.000000 0.011358 0.046341
v 0.001539 0.011739 0.046285
v 0.001539 0.011739 0.046285
v 0.001855 0.012462 0.046191
v -0.000000 0.013576 0.046063
v -0.000000 0.013576 0.046063
v 0.001855 0.012462 0.046191
v 0.002305 0.012858 0.046131
v -0.000000 0.013576 0.046063
v 0.002305 0.012858 0.046131
v -0.000000 0.018038 0.045360
v -0.000000 0.018038 0.045360
v 0.002305 0.012858 0.046131
v 0.003466 0.019551 0.045015
v -0.000000 0.018038 0.045360
v 0.003466 0.019551 0.045015
v -0.000000 0.019856 0.045015
v 0.004649 0.026222 0.043340
v -0.000000 0.026631 0.043340
v -0.000000 0.023892 0.044101
v -0.000000 0.030252 0.042092
v -0.000000 0.028617 0.042696
v 0.005441 0.030689 0.041719
v -0.000000 0.030252 0.042092
v 0.005441 0.030689 0.041719
v -0.000000 0.032356 0.041190
v -0.000000 0.032356 0.041190
v 0.005441 0.030689 0.041719
v 0.002858 0.034883 0.039764
v -0.000000 0.032356 0.041190
v 0.002858 0.034883 0.039764
v -0.000000 0.035000 0.039764
v 0.012650 0.032634 0.039764
v 0.012033 0.032867 0.039764
v 0.010715 0.029268 0.041719
v 0.010715 0.029268 0.041719
v 0.012033 0.032867 0.039764
v 0.009376 0.033721 0.039764
v 0.010715 0.029268 0.041719
v 0.009376 0.033721 0.039764
v 0.005441 0.030689 0.041719
v 0.005441 0.030689 0.041719
v 0.009376 0.033721 0.039764
v 0.006096 0.034465 0.039764
v 0.005441 0.030689 0.041719
v 0.006096 0.034465 0.039764
v 0.002858 0.034883 0.039764
v 0.012650 0.032634 0.039764
v 0.010715 0.029268 0.041719
v 0.015868 0.031196 0.039764
v 0.015868 0.031196 0.039764
v 0.010715 0.029268 0.041719
v 0.015660 0.026948 0.041719
v 0.015868 0.031196 0.039764
v 0.015660 0.026948 0.041719
v 0.017586 0.030261 0.039764
v 0.017586 0.030261 0.039764
v 0.015660 0.026948 0.041719
v 0.018972 0.029412 0.039764
v 0.018972 0.029412 0.039764
v 0.015660 0.026948 0.041719
v 0.020124 0.023800 0.041719
v 0.018972 0.029412 0.039764
v 0.020124 0.023800 0.041719
v 0.021909 0.027295 0.039764
v 0.027076 0.022178 0.039764
v 0.026917 0.022371 0.039764
v 0.023970 0.019921 0.041719
v 0.023970 0.019921 0.041719
v 0.026917 0.022371 0.039764
v 0.024625 0.024871 0.039764
v 0.023970 0.019921 0.041719
v 0.024625 0.024871 0.039764
v 0.020124 0.023800 0.041719
v 0.020124 0.023800 0.041719
v 0.024625 0.024871 0.039764
v 0.022599 0.026726 0.039764
v 0.020124 0.023800 0.041719
v 0.022599 0.026726 0.039764
v 0.021909 0.027295 0.039764
v 0.027076 0.022178 0.039764
v 0.023970 0.019921 0.041719
v 0.029224 0.019260 0.039764
v 0.029224 0.019260 0.039764
v 0.023970 0.019921 0.041719
v 0.027080 0.015431 0.041719
v 0.029224 0.019260 0.039764
v 0.027080 0.015431 0.041719
v 0.030409 0.017328 0.039764
v 0.030409 0.017328 0.039764
v 0.027080 0.015431 0.041719
v 0.031041 0.016170 0.039764
v 0.031041 0.016170 0.039764
v 0.027080 0.015431 0.041719
v 0.029358 0.010466 0.041719
v 0.031041 0.016170 0.039764
v 0.029358 0.010466 0.041719
v 0.032512 0.012961 0.039764
v 0.034513 0.005817 0.039764
v 0.034408 0.006408 0.039764
v 0.030734 0.005180 0.041719
v 0.030734 0.005180 0.041719
v 0.034408 0.006408 0.039764
v 0.033632 0.009689 0.039764
v 0.030734 0.005180 0.041719
v 0.033632 0.009689 0.039764
v 0.029358 0.010466 0.041719
v 0.029358 0.010466 0.041719
v 0.033632 0.009689 0.039764
v 0.032968 0.011753 0.039764
v 0.029358 0.010466 0.041719
v 0.032968 0.011753 0.039764
v 0.032512 0.012961 0.039764
v 0.034513 0.005817 0.039764
v 0.030734 0.005180 0.041719
v 0.034857 0.003164 0.039764
v 0.034857 0.003164 0.039764
v 0.030734 0.005180 0.041719
v 0.031167 -0.000000 0.041719
v 0.034857 0.003164 0.039764
v 0.031167 -0.000000 0.041719
v 0.035000 -0.000000 0.039764
v 0.026260 0.004426 0.043340
v 0.026631 -0.000000 0.043340
v 0.029606 -0.000000 0.042339
v 0.019580 0.003300 0.045015
v 0.021376 -0.000000 0.044696
v 0.026631 -0.000000 0.043340
v 0.011421 0.000763 0.046331
v 0.011535 0.000176 0.046321
v 0.011647 0.001963 0.046288
v 0.011647 0.001963 0.046288
v 0.011535 0.000176 0.046321
v 0.011540 0.000000 0.046320
v 0.011647 0.001963 0.046288
v 0.011540 0.000000 0.046320
v 0.021376 -0.000000 0.044696
v 0.006896 0.003732 0.046691
v 0.007930 0.003144 0.046631
v 0.009829 0.005542 0.046350
v 0.009829 0.005542 0.046350
v 0.007930 0.003144 0.046631
v 0.008583 0.002772 0.046587
v 0.009829 0.005542 0.046350
v 0.008583 0.002772 0.046587
v 0.011126 0.003966 0.046288
v 0.011126 0.003966 0.046288
v 0.008583 0.002772 0.046587
v 0.010467 0.001698 0.046426
v 0.011126 0.003966 0.046288
v 0.010467 0.001698 0.046426
v 0.011647 0.001963 0.046288
v 0.011647 0.001963 0.046288
v 0.010467 0.001698 0.046426
v 0.010749 0.001536 0.046398
v 0.011647 0.001963 0.046288
v 0.010749 0.001536 0.046398
v 0.011421 0.000763 0.046331
v 0.005094 0.011311 0.046215
v 0.005096 0.010576 0.046297
v 0.005935 0.010212 0.046288
v 0.005935 0.010212 0.046288
v 0.005096 0.010576 0.046297
v 0.005099 0.009374 0.046419
v 0.005935 0.010212 0.046288
v 0.005099 0.009374 0.046419
v 0.007626 0.009019 0.046288
v 0.007626 0.009019 0.046288
v 0.005099 0.009374 0.046419
v 0.005100 0.008035 0.046539
v 0.007626 0.009019 0.046288
v 0.005100 0.008035 0.046539
v 0.005102 0.006443 0.046659
v 0.004902 0.012116 0.046130
v 0.005094 0.011311 0.046215
v 0.009977 0.017168 0.045015
v 0.009977 0.017168 0.045015
v 0.005094 0.011311 0.046215
v 0.005935 0.010212 0.046288
v 0.009977 0.017168 0.045015
v 0.005935 0.010212 0.046288
v 0.009238 0.011934 0.045846
v 0.009238 0.011934 0.045846
v 0.005935 0.010212 0.046288
v 0.007626 0.009019 0.046288
v 0.009238 0.011934 0.045846
v 0.007626 0.009019 0.046288
v 0.007579 0.007926 0.046386
v 0.007579 0.007926 0.046386
v 0.007626 0.009019 0.046288
v 0.005102 0.006443 0.046659
v 0.007579 0.007926 0.046386
v 0.005102 0.006443 0.046659
v 0.007443 0.007242 0.046449
v 0.007443 0.007242 0.046449
v 0.005102 0.006443 0.046659
v 0.007525 0.006713 0.046481
v 0.002305 0.012858 0.046131
v 0.002797 0.013065 0.046092
v 0.003466 0.019551 0.045015
v 0.003466 0.019551 0.045015
v 0.002797 0.013065 0.046092
v 0.003425 0.013118 0.046065
v 0.003466 0.019551 0.045015
v 0.003425 0.013118 0.046065
v 0.006826 0.018646 0.045015
v 0.006826 0.018646 0.045015
v 0.003425 0.013118 0.046065
v 0.004024 0.012962 0.046063
v 0.004024 0.012962 0.046063
v 0.004079 0.012936 0.046064
v 0.006826 0.018646 0.045015
v 0.006826 0.018646 0.045015
v 0.004079 0.012936 0.046064
v 0.004535 0.012621 0.046085
v 0.006826 0.018646 0.045015
v 0.004535 0.012621 0.046085
v 0.009977 0.017168 0.045015
v 0.009977 0.017168 0.045015
v 0.004535 0.012621 0.046085
v 0.004569 0.012588 0.046088
v 0.009977 0.017168 0.045015
v 0.004569 0.012588 0.046088
v 0.004902 0.012116 0.046130
v 0.000703 0.003963 0.046931
v 0.001448 0.009513 0.046528
v -0.000000 0.011358 0.046341
v -0.000000 0.011358 0.046341
v 0.001448 0.009513 0.046528
v 0.001447 0.011316 0.046336
v -0.000000 0.011358 0.046341
v 0.001447 0.011316 0.046336
v 0.001539 0.011739 0.046285
v 0.001451 0.004320 0.046907
v 0.001450 0.005600 0.046840
v 0.000703 0.003963 0.046931
v 0.000703 0.003963 0.046931
v 0.001450 0.005600 0.046840
v 0.001449 0.007465 0.046710
v 0.000703 0.003963 0.046931
v 0.001449 0.007465 0.046710
v 0.001448 0.009513 0.046528
v -0.000000 -0.000000 0.047000
v 0.001451 0.003602 0.046937
v 0.001384 0.003779 0.046931
v 0.001384 0.003779 0.046931
v 0.001451 0.003602 0.046937
v 0.001451 0.003743 0.046931
v 0.001384 0.003779 0.046931
v 0.001451 0.003743 0.046931
v 0.001451 0.004275 0.046909
v 0.001451 0.004320 0.046907
v 0.000703 0.003963 0.046931
v 0.001384 0.003779 0.046931
v 0.001384 0.003779 0.046931
v 0.000703 0.003963 0.046931
v -0.000000 -0.000000 0.047000
v 0.001600 0.002901 0.046957
v 0.001451 0.003602 0.046937
v -0.000000 -0.000000 0.047000
v -0.000000 0.011358 0.046341
v -0.000000 0.004917 0.046889
v 0.000703 0.003963 0.046931
v 0.000703 0.003963 0.046931
v -0.000000 0.004917 0.046889
v -0.000000 -0.000000 0.047000
v 0.001635 0.002833 0.046959
v 0.001600 0.002901 0.046957
v -0.000000 -0.000000 0.047000
v 0.002469 0.002016 0.046961
v 0.002330 0.002095 0.046963
v -0.000000 -0.000000 0.047000
v 0.004040 0.001126 0.046924
v 0.003389 0.001494 0.046944
v -0.000000 -0.000000 0.047000
v 0.005017 0.000576 0.046882
v 0.004195 0.001038 0.046918
v 0.003969 0.000669 0.046931
v 0.003969 0.000669 0.046931
v 0.004195 0.001038 0.046918
v 0.004040 0.001126 0.046924
v 0.003969 0.000669 0.046931
v 0.004040 0.001126 0.046924
v -0.000000 -0.000000 0.047000
v 0.021376 -0.000000 0.044696
v 0.019580 0.003300 0.045015
v 0.011647 0.001963 0.046288
v 0.011647 0.001963 0.046288
v 0.019580 0.003300 0.045015
v 0.018703 0.006668 0.045015
v 0.011647 0.001963 0.046288
v 0.018703 0.006668 0.045015
v 0.011126 0.003966 0.046288
v 0.011126 0.003966 0.046288
v 0.018703 0.006668 0.045015
v 0.010878 0.006543 0.046179
v 0.011126 0.003966 0.046288
v 0.010878 0.006543 0.046179
v 0.010239 0.005768 0.046295
v 0.026631 -0.000000 0.043340
v 0.026260 0.004426 0.043340
v 0.019580 0.003300 0.045015
v 0.019580 0.003300 0.045015
v 0.026260 0.004426 0.043340
v 0.025084 0.008943 0.043340
v 0.019580 0.003300 0.045015
v 0.025084 0.008943 0.043340
v 0.018703 0.006668 0.045015
v 0.018703 0.006668 0.045015
v 0.025084 0.008943 0.043340
v 0.023138 0.013185 0.043340
v 0.018703 0.006668 0.045015
v 0.023138 0.013185 0.043340
v 0.017252 0.009831 0.045015
v 0.017252 0.009831 0.045015
v 0.023138 0.013185 0.043340
v 0.020481 0.017022 0.043340
v 0.017252 0.009831 0.045015
v 0.020481 0.017022 0.043340
v 0.015271 0.012692 0.045015
v 0.015271 0.012692 0.045015
v 0.020481 0.017022 0.043340
v 0.017195 0.020336 0.043340
v 0.015271 0.012692 0.045015
v 0.017195 0.020336 0.043340
v 0.012821 0.015163 0.045015
v 0.012821 0.015163 0.045015
v 0.017195 0.020336 0.043340
v 0.013381 0.023025 0.043340
v 0.012821 0.015163 0.045015
v 0.013381 0.023025 0.043340
v 0.009977 0.017168 0.045015
v 0.009977 0.017168 0.045015
v 0.013381 0.023025 0.043340
v 0.009155 0.025008 0.043340
v 0.009977 0.017168 0.045015
v 0.009155 0.025008 0.043340
v 0.006826 0.018646 0.045015
v 0.006826 0.018646 0.045015
v 0.009155 0.025008 0.043340
v 0.004649 0.026222 0.043340
v 0.006826 0.018646 0.045015
v 0.004649 0.026222 0.043340
v 0.003466 0.019551 0.045015
v 0.003466 0.019551 0.045015
v 0.004649 0.026222 0.043340
v -0.000000 0.023892 0.044101
v 0.003466 0.019551 0.045015
v -0.000000 0.023892 0.044101
v -0.000000 0.019856 0.045015
v 0.029606 -0.000000 0.042339
v 0.030734 0.005180 0.041719
v 0.026260 0.004426 0.043340
v 0.026260 0.004426 0.043340
v 0.030734 0.005180 0.041719
v 0.029358 0.010466 0.041719
v 0.026260 0.004426 0.043340
v 0.029358 0.010466 0.041719
v 0.025084 0.008943 0.043340
v 0.025084 0.008943 0.043340
v 0.029358 0.010466 0.041719
v 0.027080 0.015431 0.041719
v 0.025084 0.008943 0.043340
v 0.027080 0.015431 0.041719
v 0.023138 0.013185 0.043340
v 0.023138 0.013185 0.043340
v 0.027080 0.015431 0.041719
v 0.023970 0.019921 0.041719
v 0.023138 0.013185 0.043340
v 0.023970 0.019921 0.041719
v 0.020481 0.017022 0.043340
v 0.020481 0.017022 0.043340
v 0.023970 0.019921 0.041719
v 0.020124 0.023800 0.041719
v 0.020481 0.017022 0.043340
v 0.020124 0.023800 0.041719
v 0.017195 0.020336 0.043340
v 0.017195 0.020336 0.043340
v 0.020124 0.023800 0.041719
v 0.015660 0.026948 0.041719
v 0.017195 0.020336 0.043340
v 0.015660 0.026948 0.041719
v 0.013381 0.023025 0.043340
v 0.013381 0.023025 0.043340
v 0.015660 0.026948 0.041719
v 0.010715 0.029268 0.041719
v 0.013381 0.023025 0.043340
v 0.010715 0.029268 0.041719
v 0.009155 0.025008 0.043340
v 0.009155 0.025008 0.043340
v 0.010715 0.029268 0.041719
v 0.005441 0.030689 0.041719
v 0.009155 0.025008 0.043340
v 0.005441 0.030689 0.041719
v 0.004649 0.026222 0.043340
v 0.004649 0.026222 0.043340
v 0.005441 0.030689 0.041719
v -0.000000 0.028617 0.042696
v 0.004649 0.026222 0.043340
v -0.000000 0.028617 0.042696
v -0.000000 0.026631 0.043340
v 0.011499 -0.000016 0.046023
v 0.011534 -0.000016 0.046320
v 0.011534 -0.000008 0.046320
v 0.011499 -0.000016 0.046023
v 0.011534 -0.000008 0.046320
v 0.011499 -0.000008 0.046023
v 0.011499 -0.000008 0.046023
v 0.011534 -0.000008 0.046320
v 0.011535 -0.000005 0.046320
v 0.011499 -0.000008 0.046023
v 0.011535 -0.000005 0.046320
v 0.011500 -0.000005 0.046022
v 0.011500 -0.000005 0.046022
v 0.011535 -0.000005 0.046320
v 0.011540 0.000000 0.046320
v 0.011500 -0.000005 0.046022
v 0.011540 0.000000 0.046320
v 0.011505 -0.000000 0.046022
v 0.011521 -0.005913 0.046214
v 0.011534 -0.000016 0.046320
v 0.011487 -0.005902 0.045916
v 0.011487 -0.005902 0.045916
v 0.011534 -0.000016 0.046320
v 0.011499 -0.000016 0.046023
v 0.011487 -0.005902 0.045916
v 0.011353 -0.006463 0.045910
v 0.011521 -0.005913 0.046214
v 0.011521 -0.005913 0.046214
v 0.011353 -0.006463 0.045910
v 0.011145 -0.006890 0.045917
v 0.011521 -0.005913 0.046214
v 0.011145 -0.006890 0.045917
v 0.011179 -0.006902 0.046215
v 0.011179 -0.006902 0.046215
v 0.011145 -0.006890 0.045917
v 0.010692 -0.007288 0.045950
v 0.011179 -0.006902 0.046215
v 0.010692 -0.007288 0.045950
v 0.010725 -0.007301 0.046248
v 0.004182 -0.011094 0.046231
v 0.004194 -0.011114 0.046530
v 0.007462 -0.009207 0.046457
v 0.004182 -0.011094 0.046231
v 0.007462 -0.009207 0.046457
v 0.007439 -0.009190 0.046158
v 0.007439 -0.009190 0.046158
v 0.007462 -0.009207 0.046457
v 0.009084 -0.008260 0.046369
v 0.007439 -0.009190 0.046158
v 0.009084 -0.008260 0.046369
v 0.009056 -0.008245 0.046071
v 0.009056 -0.008245 0.046071
v 0.009084 -0.008260 0.046369
v 0.010108 -0.007661 0.046297
v 0.009056 -0.008245 0.046071
v 0.010108 -0.007661 0.046297
v 0.010078 -0.007648 0.045999
v 0.010078 -0.007648 0.045999
v 0.010108 -0.007661 0.046297
v 0.010725 -0.007301 0.046248
v 0.010078 -0.007648 0.045999
v 0.010725 -0.007301 0.046248
v 0.010692 -0.007288 0.045950
v 0.001466 -0.009530 0.046398
v 0.001468 -0.009548 0.046697
v 0.001695 -0.010422 0.046640
v 0.001466 -0.009530 0.046398
v 0.001695 -0.010422 0.046640
v 0.001690 -0.010400 0.046341
v 0.001690 -0.010400 0.046341
v 0.001695 -0.010422 0.046640
v 0.002001 -0.010837 0.046608
v 0.001690 -0.010400 0.046341
v 0.002001 -0.010837 0.046608
v 0.001995 -0.010815 0.046309
v 0.001995 -0.010815 0.046309
v 0.002001 -0.010837 0.046608
v 0.002488 -0.011180 0.046576
v 0.001995 -0.010815 0.046309
v 0.002488 -0.011180 0.046576
v 0.002480 -0.011157 0.046277
v 0.002480 -0.011157 0.046277
v 0.002488 -0.011180 0.046576
v 0.002992 -0.011343 0.046554
v 0.002480 -0.011157 0.046277
v 0.002992 -0.011343 0.046554
v 0.002980 -0.011321 0.046254
v 0.002980 -0.011321 0.046254
v 0.002992 -0.011343 0.046554
v 0.003614 -0.011312 0.046537
v 0.002980 -0.011321 0.046254
v 0.003614 -0.011312 0.046537
v 0.003602 -0.011292 0.046238
v 0.003602 -0.011292 0.046238
v 0.003614 -0.011312 0.046537
v 0.004194 -0.011114 0.046530
v 0.003602 -0.011292 0.046238
v 0.004194 -0.011114 0.046530
v 0.004182 -0.011094 0.046231
v 0.001468 -0.009548 0.046697
v 0.001466 -0.009530 0.046398
v 0.001589 -0.008949 0.046732
v 0.001589 -0.008949 0.046732
v 0.001466 -0.009530 0.046398
v 0.001789 -0.008498 0.046454
v 0.001589 -0.008949 0.046732
v 0.001789 -0.008498 0.046454
v 0.001792 -0.008515 0.046754
v 0.001792 -0.008515 0.046754
v 0.001789 -0.008498 0.046454
v 0.002349 -0.007974 0.046473
v 0.001792 -0.008515 0.046754
v 0.002349 -0.007974 0.046473
v 0.002355 -0.007990 0.046773
v 0.007858 -0.004685 0.046318
v 0.007883 -0.004694 0.046617
v 0.005120 -0.006341 0.046748
v 0.007858 -0.004685 0.046318
v 0.005120 -0.006341 0.046748
v 0.005104 -0.006329 0.046449
v 0.005104 -0.006329 0.046449
v 0.005120 -0.006341 0.046748
v 0.005078 -0.006366 0.046749
v 0.005104 -0.006329 0.046449
v 0.005078 -0.006366 0.046749
v 0.005063 -0.006354 0.046450
v 0.005063 -0.006354 0.046450
v 0.005078 -0.006366 0.046749
v 0.004852 -0.006501 0.046755
v 0.005063 -0.006354 0.046450
v 0.004852 -0.006501 0.046755
v 0.004837 -0.006488 0.046456
v 0.004837 -0.006488 0.046456
v 0.004852 -0.006501 0.046755
v 0.003625 -0.007233 0.046775
v 0.004837 -0.006488 0.046456
v 0.003625 -0.007233 0.046775
v 0.003615 -0.007219 0.046476
v 0.003615 -0.007219 0.046476
v 0.003625 -0.007233 0.046775
v 0.002355 -0.007990 0.046773
v 0.003615 -0.007219 0.046476
v 0.002355 -0.007990 0.046773
v 0.002349 -0.007974 0.046473
v -0.034986 -0.152500 -0.001000
v -0.034986 -0.149500 -0.001000
v -0.033660 -0.149500 -0.009592
v -0.034986 -0.152500 -0.001000
v -0.033660 -0.149500 -0.009592
v -0.033660 -0.152500 -0.009592
v -0.033660 -0.152500 -0.009592
v -0.033660 -0.149500 -0.009592
v -0.030257 -0.149500 -0.017593
v -0.033660 -0.152500 -0.009592
v -0.030257 -0.149500 -0.017593
v -0.030257 -0.152500 -0.017593
v -0.030257 -0.152500 -0.017593
v -0.030257 -0.149500 -0.017593
v -0.024988 -0.149500 -0.024508
v -0.030257 -0.152500 -0.017593
v -0.024988 -0.149500 -0.024508
v -0.024988 -0.152500 -0.024508
v -0.024988 -0.152500 -0.024508
v -0.024988 -0.149500 -0.024508
v -0.018176 -0.149500 -0.029910
v -0.024988 -0.152500 -0.024508
v -0.018176 -0.149500 -0.029910
v -0.018176 -0.152500 -0.029910
v -0.018176 -0.152500 -0.029910
v -0.018176 -0.149500 -0.029910
v -0.010243 -0.149500 -0.033468
v -0.018176 -0.152500 -0.029910
v -0.010243 -0.149500 -0.033468
v -0.010243 -0.152500 -0.033468
v -0.010243 -0.152500 -0.033468
v -0.010243 -0.149500 -0.033468
v -0.001678 -0.149500 -0.034960
v -0.010243 -0.152500 -0.033468
v -0.001678 -0.149500 -0.034960
v -0.001678 -0.152500 -0.034960
v -0.001678 -0.152500 -0.034960
v -0.001678 -0.149500 -0.034960
v 0.006990 -0.149500 -0.034295
v -0.001678 -0.152500 -0.034960
v 0.006990 -0.149500 -0.034295
v 0.006990 -0.152500 -0.034295
v 0.006990 -0.152500 -0.034295
v 0.006990 -0.149500 -0.034295
v 0.015227 -0.149500 -0.031514
v 0.006990 -0.152500 -0.034295
v 0.015227 -0.149500 -0.031514
v 0.015227 -0.152500 -0.031514
v 0.015227 -0.152500 -0.031514
v 0.015227 -0.149500 -0.031514
v 0.022525 -0.149500 -0.026789
v 0.015227 -0.152500 -0.031514
v 0.022525 -0.149500 -0.026789
v 0.022525 -0.152500 -0.026789
v 0.022525 -0.152500 -0.026789
v 0.022525 -0.149500 -0.026789
v 0.028433 -0.149500 -0.020410
v 0.022525 -0.152500 -0.026789
v 0.028433 -0.149500 -0.020410
v 0.028433 -0.152500 -0.020410
v 0.028433 -0.152500 -0.020410
v 0.028433 -0.149500 -0.020410
v 0.032586 -0.149500 -0.012773
v 0.028433 -0.152500 -0.020410
v 0.032586 -0.149500 -0.012773
v 0.032586 -0.152500 -0.012773
v 0.032586 -0.152500 -0.012773
v 0.032586 -0.149500 -0.012773
v 0.034729 -0.149500 -0.004347
v 0.032586 -0.152500 -0.012773
v 0.034729 -0.149500 -0.004347
v 0.034729 -0.152500 -0.004347
v 0.034729 -0.152500 -0.004347
v 0.034729 -0.149500 -0.004347
v 0.034729 -0.149500 0.004347
v 0.034729 -0.152500 -0.004347
v 0.034729 -0.149500 0.004347
v 0.034729 -0.152500 0.004347
v 0.034729 -0.152500 0.004347
v 0.034729 -0.149500 0.004347
v 0.032586 -0.149500 0.012773
v 0.034729 -0.152500 0.004347
v 0.032586 -0.149500 0.012773
v 0.032586 -0.152500 0.012773
v 0.032586 -0.152500 0.012773
v 0.032586 -0.149500 0.012773
v 0.028433 -0.149500 0.020410
v 0.032586 -0.152500 0.012773
v 0.028433 -0.149500 0.020410
v 0.028433 -0.152500 0.020410
v 0.028433 -0.152500 0.020410
v 0.028433 -0.149500 0.020410
v 0.022525 -0.149500 0.026789
v 0.028433 -0.152500 0.020410
v 0.022525 -0.149500 0.026789
v 0.022525 -0.152500 0.026789
v 0.022525 -0.152500 0.026789
v 0.022525 -0.149500 0.026789
v 0.015227 -0.149500 0.031514
v 0.022525 -0.152500 0.026789
v 0.015227 -0.149500 0.031514
v 0.015227 -0.152500 0.031514
v 0.015227 -0.152500 0.031514
v 0.015227 -0.149500 0.031514
v 0.006990 -0.149500 0.034295
v 0.015227 -0.152500 0.031514
v 0.006990 -0.149500 0.034295
v 0.006990 -0.152500 0.034295
v 0.006990 -0.152500 0.034295
v 0.006990 -0.149500 0.034295
v -0.001678 -0.149500 0.034960
v 0.006990 -0.152500 0.034295
v -0.001678 -0.149500 0.034960
v -0.001678 -0.152500 0.034960
v -0.001678 -0.152500 0.034960
v -0.001678 -0.149500 0.034960
v -0.010243 -0.149500 0.033468
v -0.001678 -0.152500 0.034960
v -0.010243 -0.149500 0.033468
v -0.010243 -0.152500 0.033468
v -0.010243 -0.152500 0.033468
v -0.010243 -0.149500 0.033468
v -0.018176 -0.149500 0.029910
v -0.010243 -0.152500 0.033468
v -0.018176 -0.149500 0.029910
v -0.018176 -0.152500 0.029910
v -0.018176 -0.152500 0.029910
v -0.018176 -0.149500 0.029910
v -0.024988 -0.149500 0.024508
v -0.018176 -0.152500 0.029910
v -0.024988 -0.149500 0.024508
v -0.024988 -0.152500 0.024508
v -0.024988 -0.152500 0.024508
v -0.024988 -0.149500 0.024508
v -0.030257 -0.149500 0.017593
v -0.024988 -0.152500 0.024508
v -0.030257 -0.149500 0.017593
v -0.030257 -0.152500 0.017593
v -0.030257 -0.152500 0.017593
v -0.030257 -0.149500 0.017593
v -0.033660 -0.149500 0.009592
v -0.030257 -0.152500 0.017593
v -0.033660 -0.149500 0.009592
v -0.033660 -0.152500 0.009592
v -0.033660 -0.152500 0.009592
v -0.033660 -0.149500 0.009592
v -0.034986 -0.149500 0.001000
v -0.033660 -0.152500 0.009592
v -0.034986 -0.149500 0.001000
v -0.034986 -0.152500 0.001000
v -0.004871 -0.002857 0.046865
v -0.004856 -0.002852 0.046565
v -0.004769 -0.002263 0.046880
v -0.004856 -0.002852 0.046565
v -0.004753 -0.002257 0.046580
v -0.004769 -0.002263 0.046880
v -0.004769 -0.002263 0.046880
v -0.004753 -0.002257 0.046580
v -0.004465 -0.001728 0.046601
v -0.004769 -0.002263 0.046880
v -0.004465 -0.001728 0.046601
v -0.004481 -0.001734 0.046901
v -0.004481 -0.001734 0.046901
v -0.004465 -0.001728 0.046601
v -0.004011 -0.001323 0.046625
v -0.004481 -0.001734 0.046901
v -0.004011 -0.001323 0.046625
v -0.004026 -0.001328 0.046925
v -0.004026 -0.001328 0.046925
v -0.004011 -0.001323 0.046625
v -0.003457 -0.001095 0.046648
v -0.004026 -0.001328 0.046925
v -0.003457 -0.001095 0.046648
v -0.003471 -0.001098 0.046948
v -0.003471 -0.001098 0.046948
v -0.003457 -0.001095 0.046648
v -0.002868 -0.001065 0.046967
v -0.002868 -0.001065 0.046967
v -0.003457 -0.001095 0.046648
v -0.002857 -0.001064 0.046666
v -0.002868 -0.001065 0.046967
v -0.002857 -0.001064 0.046666
v -0.002529 -0.001137 0.046974
v -0.002529 -0.001137 0.046974
v -0.002857 -0.001064 0.046666
v -0.002523 -0.001135 0.046674
v -0.002529 -0.001137 0.046974
v -0.002523 -0.001135 0.046674
v -0.002287 -0.001233 0.046979
v -0.002287 -0.001233 0.046979
v -0.002523 -0.001135 0.046674
v -0.002279 -0.001231 0.046678
v -0.002287 -0.001233 0.046979
v -0.002279 -0.001231 0.046678
v -0.001793 -0.001586 0.046983
v -0.002279 -0.001231 0.046678
v -0.001789 -0.001583 0.046683
v -0.001793 -0.001586 0.046983
v -0.001793 -0.001586 0.046983
v -0.001789 -0.001583 0.046683
v -0.001442 -0.002075 0.046681
v -0.001793 -0.001586 0.046983
v -0.001442 -0.002075 0.046681
v -0.001444 -0.002079 0.046981
v -0.001444 -0.002079 0.046981
v -0.001442 -0.002075 0.046681
v -0.001267 -0.002852 0.046669
v -0.001444 -0.002079 0.046981
v -0.001267 -0.002852 0.046669
v -0.001269 -0.002858 0.046969
v -0.004341 -0.004110 0.046561
v -0.003857 -0.004477 0.046871
v -0.003847 -0.004468 0.046571
v -0.003847 -0.004468 0.046571
v -0.003857 -0.004477 0.046871
v -0.003283 -0.004646 0.046887
v -0.003847 -0.004468 0.046571
v -0.003283 -0.004646 0.046887
v -0.003276 -0.004636 0.046586
v -0.003276 -0.004636 0.046586
v -0.003283 -0.004646 0.046887
v -0.002669 -0.004612 0.046904
v -0.003276 -0.004636 0.046586
v -0.002669 -0.004612 0.046904
v -0.002665 -0.004604 0.046604
v -0.002665 -0.004604 0.046604
v -0.002669 -0.004612 0.046904
v -0.002119 -0.004387 0.046922
v -0.002665 -0.004604 0.046604
v -0.002119 -0.004387 0.046922
v -0.002116 -0.004379 0.046622
v -0.002116 -0.004379 0.046622
v -0.002119 -0.004387 0.046922
v -0.001660 -0.003977 0.046940
v -0.002116 -0.004379 0.046622
v -0.001660 -0.003977 0.046940
v -0.001657 -0.003970 0.046640
v -0.001657 -0.003970 0.046640
v -0.001660 -0.003977 0.046940
v -0.001369 -0.003451 0.046956
v -0.001657 -0.003970 0.046640
v -0.001369 -0.003451 0.046956
v -0.001367 -0.003445 0.046656
v -0.001367 -0.003445 0.046656
v -0.001369 -0.003451 0.046956
v -0.001269 -0.002858 0.046969
v -0.001367 -0.003445 0.046656
v -0.001269 -0.002858 0.046969
v -0.001267 -0.002852 0.046669
v -0.004677 -0.003629 0.046558
v -0.004692 -0.003635 0.046857
v -0.004341 -0.004110 0.046561
v -0.004341 -0.004110 0.046561
v -0.004692 -0.003635 0.046857
v -0.004354 -0.004118 0.046861
v -0.004341 -0.004110 0.046561
v -0.004354 -0.004118 0.046861
v -0.003857 -0.004477 0.046871
v -0.004677 -0.003629 0.046558
v -0.004744 -0.003472 0.046558
v -0.004692 -0.003635 0.046857
v -0.004692 -0.003635 0.046857
v -0.004744 -0.003472 0.046558
v -0.004856 -0.002852 0.046565
v -0.004692 -0.003635 0.046857
v -0.004856 -0.002852 0.046565
v -0.004871 -0.002857 0.046865
v -0.007688 -0.004696 0.046633
v -0.007695 -0.001062 0.046699
v -0.007664 -0.004687 0.046334
v -0.007664 -0.004687 0.046334
v -0.007695 -0.001062 0.046699
v -0.007670 -0.001060 0.046400
v -0.002154 -0.007975 0.046476
v -0.002159 -0.007990 0.046776
v -0.004925 -0.006342 0.046758
v -0.002154 -0.007975 0.046476
v -0.004925 -0.006342 0.046758
v -0.004909 -0.006330 0.046459
v -0.004909 -0.006330 0.046459
v -0.004925 -0.006342 0.046758
v -0.006251 -0.005552 0.046711
v -0.004909 -0.006330 0.046459
v -0.006251 -0.005552 0.046711
v -0.006232 -0.005541 0.046411
v -0.006232 -0.005541 0.046411
v -0.006251 -0.005552 0.046711
v -0.007069 -0.005065 0.046670
v -0.006232 -0.005541 0.046411
v -0.007069 -0.005065 0.046670
v -0.007047 -0.005055 0.046371
v -0.007047 -0.005055 0.046371
v -0.007069 -0.005065 0.046670
v -0.007688 -0.004696 0.046633
v -0.007047 -0.005055 0.046371
v -0.007688 -0.004696 0.046633
v -0.007664 -0.004687 0.046334
v -0.003987 -0.011094 0.046238
v -0.003998 -0.011115 0.046537
v -0.003229 -0.011354 0.046546
v -0.003987 -0.011094 0.046238
v -0.003229 -0.011354 0.046546
v -0.003226 -0.011333 0.046247
v -0.003226 -0.011333 0.046247
v -0.003229 -0.011354 0.046546
v -0.002610 -0.011302 0.046565
v -0.003226 -0.011333 0.046247
v -0.002610 -0.011302 0.046565
v -0.002609 -0.011282 0.046266
v -0.002609 -0.011282 0.046266
v -0.002610 -0.011302 0.046565
v -0.002086 -0.011062 0.046592
v -0.002609 -0.011282 0.046266
v -0.002086 -0.011062 0.046592
v -0.002057 -0.011025 0.046294
v -0.002057 -0.011025 0.046294
v -0.002086 -0.011062 0.046592
v -0.002058 -0.011043 0.046593
v -0.002057 -0.011025 0.046294
v -0.002058 -0.011043 0.046593
v -0.001616 -0.010595 0.046328
v -0.002058 -0.011043 0.046593
v -0.001617 -0.010612 0.046628
v -0.001616 -0.010595 0.046328
v -0.001616 -0.010595 0.046328
v -0.001617 -0.010612 0.046628
v -0.001348 -0.010067 0.046666
v -0.001616 -0.010595 0.046328
v -0.001348 -0.010067 0.046666
v -0.001340 -0.010031 0.046368
v -0.001340 -0.010031 0.046368
v -0.001348 -0.010067 0.046666
v -0.001342 -0.010047 0.046667
v -0.001340 -0.010031 0.046368
v -0.001342 -0.010047 0.046667
v -0.001267 -0.009504 0.046401
v -0.002154 -0.007975 0.046476
v -0.001873 -0.008236 0.046467
v -0.002159 -0.007990 0.046776
v -0.002159 -0.007990 0.046776
v -0.001873 -0.008236 0.046467
v -0.001375 -0.008918 0.046435
v -0.002159 -0.007990 0.046776
v -0.001375 -0.008918 0.046435
v -0.001379 -0.008933 0.046734
v -0.001379 -0.008933 0.046734
v -0.001375 -0.008918 0.046435
v -0.001267 -0.009504 0.046401
v -0.001379 -0.008933 0.046734
v -0.001267 -0.009504 0.046401
v -0.001269 -0.009520 0.046701
v -0.001269 -0.009520 0.046701
v -0.001267 -0.009504 0.046401
v -0.001342 -0.010047 0.046667
v -0.003987 -0.011094 0.046238
v -0.005686 -0.010103 0.046222
v -0.003998 -0.011115 0.046537
v -0.003998 -0.011115 0.046537
v -0.005686 -0.010103 0.046222
v -0.010498 -0.007291 0.045971
v -0.003998 -0.011115 0.046537
v -0.010498 -0.007291 0.045971
v -0.010530 -0.007304 0.046269
v -0.010530 -0.007304 0.046269
v -0.010498 -0.007291 0.045971
v -0.010947 -0.006906 0.046241
v -0.010947 -0.006906 0.046241
v -0.010498 -0.007291 0.045971
v -0.011176 -0.006501 0.045929
v -0.010947 -0.006906 0.046241
v -0.011176 -0.006501 0.045929
v -0.011210 -0.006513 0.046227
v -0.011210 -0.006513 0.046227
v -0.011176 -0.006501 0.045929
v -0.011293 -0.005905 0.045938
v -0.011210 -0.006513 0.046227
v -0.011293 -0.005905 0.045938
v -0.011327 -0.005916 0.046236
v -0.011341 -0.000019 0.046343
v -0.011327 -0.005916 0.046236
v -0.011307 -0.000019 0.046045
v -0.011307 -0.000019 0.046045
v -0.011327 -0.005916 0.046236
v -0.011293 -0.005905 0.045938
v -0.011341 -0.000019 0.046343
v -0.011307 -0.000019 0.046045
v -0.011307 -0.000012 0.046045
v -0.011341 -0.000019 0.046343
v -0.011307 -0.000012 0.046045
v -0.011341 -0.000012 0.046343
v -0.011341 -0.000012 0.046343
v -0.011307 -0.000012 0.046045
v -0.011306 -0.000007 0.046045
v -0.011341 -0.000012 0.046343
v -0.011306 -0.000007 0.046045
v -0.011340 -0.000006 0.046343
v -0.011340 -0.000006 0.046343
v -0.011306 -0.000007 0.046045
v -0.011304 -0.000003 0.046045
v -0.011340 -0.000006 0.046343
v -0.011304 -0.000003 0.046045
v -0.011338 -0.000003 0.046343
v -0.011338 -0.000003 0.046343
v -0.011304 -0.000003 0.046045
v -0.011300 -0.000000 0.046046
v -0.011338 -0.000003 0.046343
v -0.011300 -0.000000 0.046046
v -0.011334 -0.000000 0.046344
v -0.005631 -0.000000 0.046549
v -0.005750 0.000014 0.046541
v -0.005649 -0.000000 0.046848
v -0.005807 -0.000000 0.046538
v -0.005832 -0.000003 0.046837
v -0.005750 0.000014 0.046541
v -0.005750 0.000014 0.046541
v -0.005832 -0.000003 0.046837
v -0.005785 0.000012 0.046840
v -0.005750 0.000014 0.046541
v -0.005785 0.000012 0.046840
v -0.005649 -0.000000 0.046848
v -0.007695 -0.001062 0.046699
v -0.005832 -0.000003 0.046837
v -0.007670 -0.001060 0.046400
v -0.007670 -0.001060 0.046400
v -0.005832 -0.000003 0.046837
v -0.005820 -0.000007 0.046537
v -0.000000 0.004917 0.046889
v -0.000574 0.005016 0.046882
v -0.000000 -0.000000 0.047000
v -0.004907 0.009418 0.046424
v -0.006608 0.011859 0.046063
v -0.008155 0.010853 0.046063
v -0.001257 0.003601 0.046939
v -0.001295 0.003406 0.046946
v -0.000000 -0.000000 0.047000
v -0.000000 -0.000000 0.047000
v -0.001295 0.003406 0.046946
v -0.001486 0.002766 0.046963
v -0.002420 0.001938 0.046964
v -0.002583 0.001848 0.046962
v -0.000000 -0.000000 0.047000
v -0.003092 0.001564 0.046952
v -0.003148 0.001532 0.046951
v -0.000000 -0.000000 0.047000
v -0.000000 -0.000000 0.047000
v -0.003148 0.001532 0.046951
v -0.003771 0.001173 0.046934
v -0.008155 0.010853 0.046063
v -0.009048 0.011932 0.045863
v -0.007387 0.007924 0.046401
v -0.011213 0.012936 0.045521
v -0.011421 0.015200 0.045179
v -0.011761 0.012655 0.045494
v -0.011761 0.012655 0.045494
v -0.011421 0.015200 0.045179
v -0.013396 0.013493 0.045179
v -0.011213 0.012936 0.045521
v -0.010617 0.013017 0.045575
v -0.011421 0.015200 0.045179
v -0.011421 0.015200 0.045179
v -0.010617 0.013017 0.045575
v -0.010029 0.012899 0.045651
v -0.011421 0.015200 0.045179
v -0.010029 0.012899 0.045651
v -0.009509 0.012577 0.045742
v -0.015184 0.011444 0.045179
v -0.012395 0.011763 0.045527
v -0.013396 0.013493 0.045179
v -0.013396 0.013493 0.045179
v -0.012395 0.011763 0.045527
v -0.012133 0.012283 0.045496
v -0.013396 0.013493 0.045179
v -0.012133 0.012283 0.045496
v -0.011761 0.012655 0.045494
v -0.011887 0.006557 0.046063
v -0.012343 0.010547 0.045668
v -0.015184 0.011444 0.045179
v -0.015184 0.011444 0.045179
v -0.012343 0.010547 0.045668
v -0.012417 0.010962 0.045614
v -0.015184 0.011444 0.045179
v -0.012417 0.010962 0.045614
v -0.012395 0.011763 0.045527
v -0.006981 0.003573 0.046691
v -0.008514 0.005528 0.046474
v -0.009113 0.005447 0.046425
v -0.009703 0.005567 0.046361
v -0.010223 0.005890 0.046290
v -0.011887 0.006557 0.046063
v -0.010223 0.005890 0.046290
v -0.010235 0.005902 0.046288
v -0.011887 0.006557 0.046063
v -0.011887 0.006557 0.046063
v -0.010235 0.005902 0.046288
v -0.010687 0.006540 0.046200
v -0.011887 0.006557 0.046063
v -0.010687 0.006540 0.046200
v -0.012343 0.010547 0.045668
v -0.000000 -0.000000 0.047000
v -0.004430 0.000775 0.046910
v -0.004856 0.000508 0.046891
v -0.005061 0.000378 0.046881
v -0.000000 -0.000000 0.047000
v -0.004856 0.000508 0.046891
v -0.003927 0.001081 0.046929
v -0.004430 0.000775 0.046910
v -0.000000 -0.000000 0.047000
v -0.005649 -0.000000 0.046848
v -0.002823 -0.000000 0.046972
v -0.005061 0.000378 0.046881
v -0.005061 0.000378 0.046881
v -0.002823 -0.000000 0.046972
v -0.000000 -0.000000 0.047000
v -0.003771 0.001173 0.046934
v -0.003927 0.001081 0.046929
v -0.000000 -0.000000 0.047000
v -0.002583 0.001848 0.046962
v -0.003092 0.001564 0.046952
v -0.000000 -0.000000 0.047000
v -0.000000 -0.000000 0.047000
v -0.002103 0.002118 0.046967
v -0.002136 0.002094 0.046967
v -0.001776 0.002371 0.046968
v -0.002103 0.002118 0.046967
v -0.000000 -0.000000 0.047000
v -0.001601 0.002568 0.046966
v -0.001776 0.002371 0.046968
v -0.000000 -0.000000 0.047000
v -0.002136 0.002094 0.046967
v -0.002420 0.001938 0.046964
v -0.000000 -0.000000 0.047000
v -0.001486 0.002766 0.046963
v -0.001601 0.002568 0.046966
v -0.000000 -0.000000 0.047000
v -0.001257 0.004839 0.046885
v -0.001257 0.003601 0.046939
v -0.000000 -0.000000 0.047000
v -0.001257 0.011166 0.046355
v -0.001257 0.010404 0.046439
v -0.000574 0.005016 0.046882
v -0.000574 0.005016 0.046882
v -0.001257 0.010404 0.046439
v -0.001257 0.009098 0.046571
v -0.001257 0.009098 0.046571
v -0.001257 0.007464 0.046713
v -0.000574 0.005016 0.046882
v -0.000574 0.005016 0.046882
v -0.001257 0.007464 0.046713
v -0.001257 0.006268 0.046800
v -0.000574 0.005016 0.046882
v -0.001257 0.006268 0.046800
v -0.001210 0.004901 0.046882
v -0.000574 0.005016 0.046882
v -0.000000 0.004917 0.046889
v -0.001257 0.011166 0.046355
v -0.001257 0.011166 0.046355
v -0.000000 0.004917 0.046889
v -0.000000 0.011358 0.046341
v -0.001257 0.011166 0.046355
v -0.000000 0.011358 0.046341
v -0.001257 0.011316 0.046338
v -0.001210 0.004901 0.046882
v -0.000000 -0.000000 0.047000
v -0.000574 0.005016 0.046882
v -0.001257 0.006268 0.046800
v -0.001257 0.004839 0.046885
v -0.001210 0.004901 0.046882
v -0.001210 0.004901 0.046882
v -0.001257 0.004839 0.046885
v -0.000000 -0.000000 0.047000
v -0.002322 0.012963 0.046117
v -0.001813 0.012625 0.046171
v -0.001545 0.013487 0.046063
v -0.001545 0.013487 0.046063
v -0.001813 0.012625 0.046171
v -0.001448 0.012121 0.046240
v -0.001545 0.013487 0.046063
v -0.001448 0.012121 0.046240
v -0.001257 0.011316 0.046338
v -0.002322 0.012963 0.046117
v -0.001545 0.013487 0.046063
v -0.002922 0.013118 0.046081
v -0.002922 0.013118 0.046081
v -0.001545 0.013487 0.046063
v -0.003253 0.013180 0.046063
v -0.002922 0.013118 0.046081
v -0.003253 0.013180 0.046063
v -0.003539 0.013065 0.046068
v -0.003539 0.013065 0.046068
v -0.003253 0.013180 0.046063
v -0.003552 0.013061 0.046068
v -0.003552 0.013061 0.046068
v -0.003253 0.013180 0.046063
v -0.004951 0.012641 0.046063
v -0.003552 0.013061 0.046068
v -0.004951 0.012641 0.046063
v -0.004043 0.012853 0.046076
v -0.004907 0.009418 0.046424
v -0.004904 0.011310 0.046225
v -0.006608 0.011859 0.046063
v -0.006608 0.011859 0.046063
v -0.004904 0.011310 0.046225
v -0.004811 0.011732 0.046181
v -0.006608 0.011859 0.046063
v -0.004811 0.011732 0.046181
v -0.004951 0.012641 0.046063
v -0.004951 0.012641 0.046063
v -0.004811 0.011732 0.046181
v -0.004493 0.012457 0.046107
v -0.004951 0.012641 0.046063
v -0.004493 0.012457 0.046107
v -0.004043 0.012853 0.046076
v -0.008514 0.005528 0.046474
v -0.006981 0.003573 0.046691
v -0.007966 0.005809 0.046504
v -0.007966 0.005809 0.046504
v -0.006981 0.003573 0.046691
v -0.005815 0.004236 0.046742
v -0.007966 0.005809 0.046504
v -0.005815 0.004236 0.046742
v -0.007594 0.006182 0.046511
v -0.007594 0.006182 0.046511
v -0.005815 0.004236 0.046742
v -0.004911 0.004749 0.046769
v -0.007594 0.006182 0.046511
v -0.004911 0.004749 0.046769
v -0.007332 0.006705 0.046496
v -0.007332 0.006705 0.046496
v -0.004911 0.004749 0.046769
v -0.004911 0.005022 0.046755
v -0.007332 0.006705 0.046496
v -0.004911 0.005022 0.046755
v -0.007387 0.007924 0.046401
v -0.007387 0.007924 0.046401
v -0.004911 0.005022 0.046755
v -0.004910 0.006316 0.046677
v -0.007387 0.007924 0.046401
v -0.004910 0.006316 0.046677
v -0.008155 0.010853 0.046063
v -0.008155 0.010853 0.046063
v -0.004910 0.006316 0.046677
v -0.004909 0.007067 0.046625
v -0.008155 0.010853 0.046063
v -0.004909 0.007067 0.046625
v -0.004907 0.009418 0.046424
v -0.011887 0.006557 0.046063
v -0.012681 0.004846 0.046063
v -0.008234 0.002859 0.046615
v -0.009113 0.005447 0.046425
v -0.009703 0.005567 0.046361
v -0.006981 0.003573 0.046691
v -0.006981 0.003573 0.046691
v -0.009703 0.005567 0.046361
v -0.011887 0.006557 0.046063
v -0.006981 0.003573 0.046691
v -0.011887 0.006557 0.046063
v -0.007737 0.003142 0.046647
v -0.007737 0.003142 0.046647
v -0.011887 0.006557 0.046063
v -0.008234 0.002859 0.046615
v -0.010027 0.001836 0.046470
v -0.009937 0.001888 0.046478
v -0.013218 0.003094 0.046063
v -0.013218 0.003094 0.046063
v -0.009937 0.001888 0.046478
v -0.009538 0.002115 0.046513
v -0.013218 0.003094 0.046063
v -0.009538 0.002115 0.046513
v -0.012681 0.004846 0.046063
v -0.012681 0.004846 0.046063
v -0.009538 0.002115 0.046513
v -0.009007 0.002418 0.046557
v -0.012681 0.004846 0.046063
v -0.009007 0.002418 0.046557
v -0.008234 0.002859 0.046615
v -0.011286 -0.000000 0.046350
v -0.011341 0.000086 0.046343
v -0.011334 -0.000000 0.046344
v -0.011334 -0.000000 0.046344
v -0.011341 0.000086 0.046343
v -0.013576 -0.000000 0.046062
v -0.011341 0.000086 0.046343
v -0.011344 0.000096 0.046343
v -0.013576 -0.000000 0.046062
v -0.013576 -0.000000 0.046062
v -0.011344 0.000096 0.046343
v -0.011342 0.000173 0.046343
v -0.013576 -0.000000 0.046062
v -0.011342 0.000173 0.046343
v -0.013496 0.001467 0.046063
v -0.013496 0.001467 0.046063
v -0.011342 0.000173 0.046343
v -0.011004 0.001147 0.046375
v -0.013496 0.001467 0.046063
v -0.011004 0.001147 0.046375
v -0.013218 0.003094 0.046063
v -0.013218 0.003094 0.046063
v -0.011004 0.001147 0.046375
v -0.010557 0.001534 0.046419
v -0.013218 0.003094 0.046063
v -0.010557 0.001534 0.046419
v -0.010027 0.001836 0.046470
v -0.022464 -0.000000 0.044449
v -0.022097 -0.000000 0.044534
v -0.018902 0.002054 0.045179
v -0.018902 0.002054 0.045179
v -0.022097 -0.000000 0.044534
v -0.018359 -0.000000 0.045302
v -0.024598 0.002673 0.043878
v -0.024742 -0.000000 0.043878
v -0.022464 -0.000000 0.044449
v -0.030075 0.003268 0.042092
v -0.030252 -0.000000 0.042092
v -0.030041 -0.000000 0.042174
v -0.034569 0.005475 0.039764
v -0.035000 -0.000000 0.039764
v -0.030252 -0.000000 0.042092
v -0.030252 -0.000000 0.042092
v -0.030075 0.003268 0.042092
v -0.034569 0.005475 0.039764
v -0.034569 0.005475 0.039764
v -0.030075 0.003268 0.042092
v -0.029456 0.006895 0.042092
v -0.034569 0.005475 0.039764
v -0.029456 0.006895 0.042092
v -0.034079 0.007977 0.039764
v -0.034079 0.007977 0.039764
v -0.029456 0.006895 0.042092
v -0.033287 0.010816 0.039764
v -0.033287 0.010816 0.039764
v -0.029456 0.006895 0.042092
v -0.028259 0.010799 0.042092
v -0.033287 0.010816 0.039764
v -0.028259 0.010799 0.042092
v -0.032694 0.012494 0.039764
v -0.032694 0.012494 0.039764
v -0.028259 0.010799 0.042092
v -0.026490 0.014611 0.042092
v -0.032694 0.012494 0.039764
v -0.026490 0.014611 0.042092
v -0.031185 0.015890 0.039764
v -0.031185 0.015890 0.039764
v -0.026490 0.014611 0.042092
v -0.024159 0.018208 0.042092
v -0.031185 0.015890 0.039764
v -0.024159 0.018208 0.042092
v -0.028316 0.020572 0.039764
v -0.028316 0.020572 0.039764
v -0.024159 0.018208 0.042092
v -0.021314 0.021469 0.042092
v -0.028316 0.020572 0.039764
v -0.021314 0.021469 0.042092
v -0.024749 0.024749 0.039764
v -0.024749 0.024749 0.039764
v -0.021314 0.021469 0.042092
v -0.018173 0.024186 0.042092
v -0.024749 0.024749 0.039764
v -0.018173 0.024186 0.042092
v -0.020572 0.028316 0.039764
v -0.020572 0.028316 0.039764
v -0.018173 0.024186 0.042092
v -0.014725 0.026427 0.042092
v -0.020572 0.028316 0.039764
v -0.014725 0.026427 0.042092
v -0.015890 0.031185 0.039764
v -0.015890 0.031185 0.039764
v -0.014725 0.026427 0.042092
v -0.011033 0.028169 0.042092
v -0.015890 0.031185 0.039764
v -0.011033 0.028169 0.042092
v -0.012764 0.032590 0.039764
v -0.012764 0.032590 0.039764
v -0.011033 0.028169 0.042092
v -0.010816 0.033287 0.039764
v -0.010816 0.033287 0.039764
v -0.011033 0.028169 0.042092
v -0.007249 0.029371 0.042092
v -0.010816 0.033287 0.039764
v -0.007249 0.029371 0.042092
v -0.008387 0.033980 0.039764
v -0.008387 0.033980 0.039764
v -0.007249 0.029371 0.042092
v -0.003442 0.030056 0.042092
v -0.008387 0.033980 0.039764
v -0.003442 0.030056 0.042092
v -0.005475 0.034569 0.039764
v -0.005475 0.034569 0.039764
v -0.003442 0.030056 0.042092
v -0.000000 0.032356 0.041190
v -0.005475 0.034569 0.039764
v -0.000000 0.032356 0.041190
v -0.000000 0.035000 0.039764
v -0.000000 0.026631 0.043340
v -0.000000 0.028617 0.042696
v -0.003442 0.030056 0.042092
v -0.003442 0.030056 0.042092
v -0.000000 0.028617 0.042696
v -0.000000 0.030252 0.042092
v -0.003442 0.030056 0.042092
v -0.000000 0.030252 0.042092
v -0.000000 0.032356 0.041190
v -0.000000 0.018038 0.045360
v -0.000000 0.019856 0.045015
v -0.002163 0.018890 0.045179
v -0.002163 0.018890 0.045179
v -0.000000 0.019856 0.045015
v -0.000000 0.023892 0.044101
v -0.001257 0.011316 0.046338
v -0.000000 0.011358 0.046341
v -0.001545 0.013487 0.046063
v -0.001545 0.013487 0.046063
v -0.000000 0.011358 0.046341
v -0.000000 0.013576 0.046063
v -0.001545 0.013487 0.046063
v -0.000000 0.013576 0.046063
v -0.000000 0.018038 0.045360
v -0.015184 0.011444 0.045179
v -0.016649 0.009183 0.045179
v -0.011887 0.006557 0.046063
v -0.011887 0.006557 0.046063
v -0.016649 0.009183 0.045179
v -0.017761 0.006787 0.045179
v -0.011887 0.006557 0.046063
v -0.017761 0.006787 0.045179
v -0.012681 0.004846 0.046063
v -0.012681 0.004846 0.046063
v -0.017761 0.006787 0.045179
v -0.018513 0.004333 0.045179
v -0.012681 0.004846 0.046063
v -0.018513 0.004333 0.045179
v -0.013218 0.003094 0.046063
v -0.013218 0.003094 0.046063
v -0.018513 0.004333 0.045179
v -0.018902 0.002054 0.045179
v -0.013218 0.003094 0.046063
v -0.018902 0.002054 0.045179
v -0.013496 0.001467 0.046063
v -0.013496 0.001467 0.046063
v -0.018902 0.002054 0.045179
v -0.018359 -0.000000 0.045302
v -0.013496 0.001467 0.046063
v -0.018359 -0.000000 0.045302
v -0.013576 -0.000000 0.046062
v -0.022464 -0.000000 0.044449
v -0.018902 0.002054 0.045179
v -0.024598 0.002673 0.043878
v -0.024598 0.002673 0.043878
v -0.018902 0.002054 0.045179
v -0.018513 0.004333 0.045179
v -0.024598 0.002673 0.043878
v -0.018513 0.004333 0.045179
v -0.024091 0.005639 0.043878
v -0.024091 0.005639 0.043878
v -0.018513 0.004333 0.045179
v -0.017761 0.006787 0.045179
v -0.024091 0.005639 0.043878
v -0.017761 0.006787 0.045179
v -0.023112 0.008832 0.043878
v -0.023112 0.008832 0.043878
v -0.017761 0.006787 0.045179
v -0.016649 0.009183 0.045179
v -0.023112 0.008832 0.043878
v -0.016649 0.009183 0.045179
v -0.021665 0.011950 0.043878
v -0.021665 0.011950 0.043878
v -0.016649 0.009183 0.045179
v -0.015184 0.011444 0.045179
v -0.021665 0.011950 0.043878
v -0.015184 0.011444 0.045179
v -0.019759 0.014892 0.043878
v -0.019759 0.014892 0.043878
v -0.015184 0.011444 0.045179
v -0.013396 0.013493 0.045179
v -0.019759 0.014892 0.043878
v -0.013396 0.013493 0.045179
v -0.017432 0.017559 0.043878
v -0.017432 0.017559 0.043878
v -0.013396 0.013493 0.045179
v -0.011421 0.015200 0.045179
v -0.017432 0.017559 0.043878
v -0.011421 0.015200 0.045179
v -0.014863 0.019781 0.043878
v -0.014863 0.019781 0.043878
v -0.011421 0.015200 0.045179
v -0.009255 0.016609 0.045179
v -0.014863 0.019781 0.043878
v -0.009255 0.016609 0.045179
v -0.012043 0.021613 0.043878
v -0.012043 0.021613 0.043878
v -0.009255 0.016609 0.045179
v -0.006934 0.017704 0.045179
v -0.012043 0.021613 0.043878
v -0.006934 0.017704 0.045179
v -0.009023 0.023038 0.043878
v -0.009023 0.023038 0.043878
v -0.006934 0.017704 0.045179
v -0.004556 0.018459 0.045179
v -0.009023 0.023038 0.043878
v -0.004556 0.018459 0.045179
v -0.005929 0.024021 0.043878
v -0.005929 0.024021 0.043878
v -0.004556 0.018459 0.045179
v -0.002163 0.018890 0.045179
v -0.005929 0.024021 0.043878
v -0.002163 0.018890 0.045179
v -0.002815 0.024582 0.043878
v -0.002815 0.024582 0.043878
v -0.002163 0.018890 0.045179
v -0.000000 0.023892 0.044101
v -0.002815 0.024582 0.043878
v -0.000000 0.023892 0.044101
v -0.000000 0.026631 0.043340
v -0.000000 0.026631 0.043340
v -0.003442 0.030056 0.042092
v -0.002815 0.024582 0.043878
v -0.002815 0.024582 0.043878
v -0.003442 0.030056 0.042092
v -0.007249 0.029371 0.042092
v -0.002815 0.024582 0.043878
v -0.007249 0.029371 0.042092
v -0.005929 0.024021 0.043878
v -0.005929 0.024021 0.043878
v -0.007249 0.029371 0.042092
v -0.011033 0.028169 0.042092
v -0.005929 0.024021 0.043878
v -0.011033 0.028169 0.042092
v -0.009023 0.023038 0.043878
v -0.009023 0.023038 0.043878
v -0.011033 0.028169 0.042092
v -0.014725 0.026427 0.042092
v -0.009023 0.023038 0.043878
v -0.014725 0.026427 0.042092
v -0.012043 0.021613 0.043878
v -0.012043 0.021613 0.043878
v -0.014725 0.026427 0.042092
v -0.018173 0.024186 0.042092
v -0.012043 0.021613 0.043878
v -0.018173 0.024186 0.042092
v -0.014863 0.019781 0.043878
v -0.014863 0.019781 0.043878
v -0.018173 0.024186 0.042092
v -0.021314 0.021469 0.042092
v -0.014863 0.019781 0.043878
v -0.021314 0.021469 0.042092
v -0.017432 0.017559 0.043878
v -0.017432 0.017559 0.043878
v -0.021314 0.021469 0.042092
v -0.024159 0.018208 0.042092
v -0.017432 0.017559 0.043878
v -0.024159 0.018208 0.042092
v -0.019759 0.014892 0.043878
v -0.019759 0.014892 0.043878
v -0.024159 0.018208 0.042092
v -0.026490 0.014611 0.042092
v -0.019759 0.014892 0.043878
v -0.026490 0.014611 0.042092
v -0.021665 0.011950 0.043878
v -0.021665 0.011950 0.043878
v -0.026490 0.014611 0.042092
v -0.028259 0.010799 0.042092
v -0.021665 0.011950 0.043878
v -0.028259 0.010799 0.042092
v -0.023112 0.008832 0.043878
v -0.023112 0.008832 0.043878
v -0.028259 0.010799 0.042092
v -0.029456 0.006895 0.042092
v -0.023112 0.008832 0.043878
v -0.029456 0.006895 0.042092
v -0.024091 0.005639 0.043878
v -0.024091 0.005639 0.043878
v -0.029456 0.006895 0.042092
v -0.030075 0.003268 0.042092
v -0.024091 0.005639 0.043878
v -0.030075 0.003268 0.042092
v -0.024598 0.002673 0.043878
v -0.024598 0.002673 0.043878
v -0.030075 0.003268 0.042092
v -0.030041 -0.000000 0.042174
v -0.024598 0.002673 0.043878
v -0.030041 -0.000000 0.042174
v -0.024742 -0.000000 0.043878
v -0.000000 0.018038 0.045360
v -0.002163 0.018890 0.045179
v -0.001545 0.013487 0.046063
v -0.001545 0.013487 0.046063
v -0.002163 0.018890 0.045179
v -0.004556 0.018459 0.045179
v -0.001545 0.013487 0.046063
v -0.004556 0.018459 0.045179
v -0.003253 0.013180 0.046063
v -0.003253 0.013180 0.046063
v -0.004556 0.018459 0.045179
v -0.006934 0.017704 0.045179
v -0.003253 0.013180 0.046063
v -0.006934 0.017704 0.045179
v -0.004951 0.012641 0.046063
v -0.004951 0.012641 0.046063
v -0.006934 0.017704 0.045179
v -0.009255 0.016609 0.045179
v -0.004951 0.012641 0.046063
v -0.009255 0.016609 0.045179
v -0.006608 0.011859 0.046063
v -0.006608 0.011859 0.046063
v -0.009255 0.016609 0.045179
v -0.011421 0.015200 0.045179
v -0.006608 0.011859 0.046063
v -0.011421 0.015200 0.045179
v -0.008155 0.010853 0.046063
v -0.008155 0.010853 0.046063
v -0.011421 0.015200 0.045179
v -0.009509 0.012577 0.045742
v -0.008155 0.010853 0.046063
v -0.009509 0.012577 0.045742
v -0.009048 0.011932 0.045863
v -0.040487 -0.001000 0.019471
v -0.040000 -0.001000 0.019471
v -0.040488 -0.001000 0.016461
v -0.040488 -0.001000 0.016461
v -0.040000 -0.001000 0.019471
v -0.040000 -0.001000 0.016461
v -0.031664 -0.025251 0.016461
v -0.036489 -0.017572 0.016461
v -0.039485 -0.009012 0.016461
v -0.040488 -0.001000 0.016461
v -0.040000 -0.001000 0.016461
v -0.039485 -0.009012 0.016461
v -0.039485 -0.009012 0.016461
v -0.040000 -0.001000 0.016461
v -0.025251 -0.031664 0.016461
v -0.039485 -0.009012 0.016461
v -0.025251 -0.031664 0.016461
v -0.031664 -0.025251 0.016461
v -0.029944 0.008023 0.016461
v -0.031000 -0.000000 0.016461
v -0.040000 -0.001000 0.016461
v -0.031000 -0.000000 0.016461
v -0.029944 -0.008023 0.016461
v -0.040000 -0.001000 0.016461
v -0.040000 -0.001000 0.016461
v -0.029944 -0.008023 0.016461
v -0.026847 -0.015500 0.016461
v -0.040000 -0.001000 0.016461
v -0.026847 -0.015500 0.016461
v -0.025251 -0.031664 0.016461
v -0.025251 -0.031664 0.016461
v -0.026847 -0.015500 0.016461
v -0.021920 -0.021920 0.016461
v -0.025251 -0.031664 0.016461
v -0.021920 -0.021920 0.016461
v -0.017572 -0.036489 0.016461
v -0.017572 -0.036489 0.016461
v -0.021920 -0.021920 0.016461
v -0.015500 -0.026847 0.016461
v -0.017572 -0.036489 0.016461
v -0.015500 -0.026847 0.016461
v -0.009012 -0.039485 0.016461
v -0.009012 -0.039485 0.016461
v -0.015500 -0.026847 0.016461
v -0.008023 -0.029944 0.016461
v -0.009012 -0.039485 0.016461
v -0.008023 -0.029944 0.016461
v 0.000000 -0.040500 0.016461
v 0.000000 -0.040500 0.016461
v -0.008023 -0.029944 0.016461
v 0.000000 -0.031000 0.016461
v 0.000000 -0.040500 0.016461
v 0.000000 -0.031000 0.016461
v 0.009012 -0.039485 0.016461
v 0.009012 -0.039485 0.016461
v 0.000000 -0.031000 0.016461
v 0.008023 -0.029944 0.016461
v 0.009012 -0.039485 0.016461
v 0.008023 -0.029944 0.016461
v 0.017572 -0.036489 0.016461
v 0.017572 -0.036489 0.016461
v 0.008023 -0.029944 0.016461
v 0.015500 -0.026847 0.016461
v 0.017572 -0.036489 0.016461
v 0.015500 -0.026847 0.016461
v 0.025251 -0.031664 0.016461
v 0.025251 -0.031664 0.016461
v 0.015500 -0.026847 0.016461
v 0.021920 -0.021920 0.016461
v 0.021920 0.021920 0.016461
v 0.031664 0.025251 0.016461
v 0.026847 0.015500 0.016461
v 0.026847 0.015500 0.016461
v 0.031664 0.025251 0.016461
v 0.036489 0.017572 0.016461
v 0.026847 0.015500 0.016461
v 0.036489 0.017572 0.016461
v 0.029944 0.008023 0.016461
v 0.029944 0.008023 0.016461
v 0.036489 0.017572 0.016461
v 0.039485 0.009012 0.016461
v 0.029944 0.008023 0.016461
v 0.039485 0.009012 0.016461
v 0.031000 -0.000000 0.016461
v 0.031000 -0.000000 0.016461
v 0.039485 0.009012 0.016461
v 0.040500 -0.000000 0.016461
v 0.031000 -0.000000 0.016461
v 0.040500 -0.000000 0.016461
v 0.029944 -0.008023 0.016461
v 0.029944 -0.008023 0.016461
v 0.040500 -0.000000 0.016461
v 0.039485 -0.009012 0.016461
v 0.029944 -0.008023 0.016461
v 0.039485 -0.009012 0.016461
v 0.026847 -0.015500 0.016461
v 0.026847 -0.015500 0.016461
v 0.039485 -0.009012 0.016461
v 0.036489 -0.017572 0.016461
v 0.026847 -0.015500 0.016461
v 0.036489 -0.017572 0.016461
v 0.021920 -0.021920 0.016461
v 0.021920 -0.021920 0.016461
v 0.036489 -0.017572 0.016461
v 0.031664 -0.025251 0.016461
v 0.021920 -0.021920 0.016461
v 0.031664 -0.025251 0.016461
v 0.025251 -0.031664 0.016461
v -0.039485 0.009012 0.016461
v -0.036489 0.017572 0.016461
v -0.021920 0.021920 0.016461
v -0.040488 0.001000 0.016461
v -0.039485 0.009012 0.016461
v -0.040000 0.001000 0.016461
v -0.040000 0.001000 0.016461
v -0.039485 0.009012 0.016461
v -0.021920 0.021920 0.016461
v -0.040000 0.001000 0.016461
v -0.021920 0.021920 0.016461
v -0.040000 -0.001000 0.016461
v -0.040000 -0.001000 0.016461
v -0.021920 0.021920 0.016461
v -0.026847 0.015500 0.016461
v -0.040000 -0.001000 0.016461
v -0.026847 0.015500 0.016461
v -0.029944 0.008023 0.016461
v -0.036489 0.017572 0.016461
v -0.031664 0.025251 0.016461
v -0.021920 0.021920 0.016461
v -0.021920 0.021920 0.016461
v -0.031664 0.025251 0.016461
v -0.025251 0.031664 0.016461
v -0.021920 0.021920 0.016461
v -0.025251 0.031664 0.016461
v -0.015500 0.026847 0.016461
v -0.015500 0.026847 0.016461
v -0.025251 0.031664 0.016461
v -0.017572 0.036489 0.016461
v -0.015500 0.026847 0.016461
v -0.017572 0.036489 0.016461
v -0.008023 0.029944 0.016461
v -0.008023 0.029944 0.016461
v -0.017572 0.036489 0.016461
v -0.009012 0.039485 0.016461
v -0.008023 0.029944 0.016461
v -0.009012 0.039485 0.016461
v 0.000000 0.031000 0.016461
v 0.000000 0.031000 0.016461
v -0.009012 0.039485 0.016461
v 0.000000 0.040500 0.016461
v 0.000000 0.031000 0.016461
v 0.000000 0.040500 0.016461
v 0.008023 0.029944 0.016461
v 0.008023 0.029944 0.016461
v 0.000000 0.040500 0.016461
v 0.009012 0.039485 0.016461
v 0.008023 0.029944 0.016461
v 0.009012 0.039485 0.016461
v 0.015500 0.026847 0.016461
v 0.015500 0.026847 0.016461
v 0.009012 0.039485 0.016461
v 0.017572 0.036489 0.016461
v 0.015500 0.026847 0.016461
v 0.017572 0.036489 0.016461
v 0.021920 0.021920 0.016461
v 0.021920 0.021920 0.016461
v 0.017572 0.036489 0.016461
v 0.025251 0.031664 0.016461
v 0.021920 0.021920 0.016461
v 0.025251 0.031664 0.016461
v 0.031664 0.025251 0.016461
v -0.040000 0.001000 0.016461
v -0.040000 0.001000 0.019471
v -0.040488 0.001000 0.016461
v -0.040488 0.001000 0.016461
v -0.040000 0.001000 0.019471
v -0.040488 0.001000 0.019471
v 0.035000 -0.000000 0.039764
v 0.035535 -0.000000 0.039418
v 0.035390 0.003212 0.039418
v 0.037711 0.007023 0.036990
v 0.034935 0.006506 0.039418
v 0.035390 0.003212 0.039418
v 0.032968 0.011753 0.039764
v 0.033632 0.009689 0.039764
v 0.034146 0.009837 0.039418
v 0.030409 0.017328 0.039764
v 0.031041 0.016170 0.039764
v 0.031516 0.016417 0.039418
v 0.010813 0.038891 0.032971
v 0.010706 0.038505 0.034382
v 0.014445 0.037264 0.034382
v 0.010706 0.038505 0.034382
v 0.010525 0.037855 0.035731
v 0.014201 0.036635 0.035731
v 0.010525 0.037855 0.035731
v 0.010276 0.036957 0.036990
v 0.013865 0.035766 0.036990
v 0.002858 0.034883 0.039764
v 0.002902 0.035416 0.039418
v -0.000000 0.035000 0.039764
v -0.000000 0.035000 0.039764
v 0.002902 0.035416 0.039418
v -0.000000 0.037353 0.038013
v 0.002902 0.035416 0.039418
v 0.003132 0.038231 0.036990
v -0.000000 0.037353 0.038013
v -0.000000 0.037353 0.038013
v 0.003132 0.038231 0.036990
v 0.003208 0.039160 0.035731
v -0.000000 0.037353 0.038013
v 0.003208 0.039160 0.035731
v -0.000000 0.038850 0.036381
v -0.000000 0.038850 0.036381
v 0.003208 0.039160 0.035731
v 0.003264 0.039832 0.034382
v -0.000000 0.038850 0.036381
v 0.003264 0.039832 0.034382
v -0.000000 0.039883 0.034587
v -0.000000 0.039883 0.034587
v 0.003264 0.039832 0.034382
v -0.000000 0.040142 0.033879
v -0.000000 0.040142 0.033879
v 0.003264 0.039832 0.034382
v 0.003296 0.040231 0.032971
v -0.000000 0.040142 0.033879
v 0.003296 0.040231 0.032971
v -0.000000 0.040408 0.032716
v -0.000000 0.040408 0.032716
v 0.003296 0.040231 0.032971
v 0.003307 0.040365 0.031471
v -0.000000 0.040408 0.032716
v 0.003307 0.040365 0.031471
v 0.000000 0.040500 0.031471
v 0.009012 0.039485 0.031471
v 0.003307 0.040365 0.031471
v 0.007030 0.039749 0.032971
v 0.007030 0.039749 0.032971
v 0.003307 0.040365 0.031471
v 0.003296 0.040231 0.032971
v 0.007030 0.039749 0.032971
v 0.003296 0.040231 0.032971
v 0.006961 0.039355 0.034382
v 0.006961 0.039355 0.034382
v 0.003296 0.040231 0.032971
v 0.003264 0.039832 0.034382
v 0.006961 0.039355 0.034382
v 0.003264 0.039832 0.034382
v 0.006843 0.038690 0.035731
v 0.006843 0.038690 0.035731
v 0.003264 0.039832 0.034382
v 0.003208 0.039160 0.035731
v 0.006843 0.038690 0.035731
v 0.003208 0.039160 0.035731
v 0.006681 0.037773 0.036990
v 0.006681 0.037773 0.036990
v 0.003208 0.039160 0.035731
v 0.003132 0.038231 0.036990
v 0.006681 0.037773 0.036990
v 0.003132 0.038231 0.036990
v 0.006189 0.034992 0.039418
v 0.006189 0.034992 0.039418
v 0.003132 0.038231 0.036990
v 0.002902 0.035416 0.039418
v 0.006189 0.034992 0.039418
v 0.002902 0.035416 0.039418
v 0.006096 0.034465 0.039764
v 0.006096 0.034465 0.039764
v 0.002902 0.035416 0.039418
v 0.002858 0.034883 0.039764
v 0.010276 0.036957 0.036990
v 0.009519 0.034236 0.039418
v 0.012844 0.033133 0.039418
v 0.012844 0.033133 0.039418
v 0.009519 0.034236 0.039418
v 0.009376 0.033721 0.039764
v 0.009376 0.033721 0.039764
v 0.012033 0.032867 0.039764
v 0.012844 0.033133 0.039418
v 0.012844 0.033133 0.039418
v 0.012033 0.032867 0.039764
v 0.012650 0.032634 0.039764
v 0.012844 0.033133 0.039418
v 0.012650 0.032634 0.039764
v 0.015868 0.031196 0.039764
v 0.017586 0.030261 0.039764
v 0.019262 0.029862 0.039418
v 0.015868 0.031196 0.039764
v 0.015868 0.031196 0.039764
v 0.019262 0.029862 0.039418
v 0.016110 0.031673 0.039418
v 0.015868 0.031196 0.039764
v 0.016110 0.031673 0.039418
v 0.012844 0.033133 0.039418
v 0.017586 0.030261 0.039764
v 0.018972 0.029412 0.039764
v 0.019262 0.029862 0.039418
v 0.019262 0.029862 0.039418
v 0.018972 0.029412 0.039764
v 0.021909 0.027295 0.039764
v 0.019262 0.029862 0.039418
v 0.021909 0.027295 0.039764
v 0.022244 0.027712 0.039418
v 0.022244 0.027712 0.039418
v 0.021909 0.027295 0.039764
v 0.022599 0.026726 0.039764
v 0.022244 0.027712 0.039418
v 0.022599 0.026726 0.039764
v 0.025002 0.025252 0.039418
v 0.025002 0.025252 0.039418
v 0.022599 0.026726 0.039764
v 0.024625 0.024871 0.039764
v 0.025002 0.025252 0.039418
v 0.024625 0.024871 0.039764
v 0.027490 0.022517 0.039418
v 0.027490 0.022517 0.039418
v 0.024625 0.024871 0.039764
v 0.026917 0.022371 0.039764
v 0.010276 0.036957 0.036990
v 0.012844 0.033133 0.039418
v 0.013865 0.035766 0.036990
v 0.013865 0.035766 0.036990
v 0.012844 0.033133 0.039418
v 0.016110 0.031673 0.039418
v 0.013865 0.035766 0.036990
v 0.016110 0.031673 0.039418
v 0.017391 0.034191 0.036990
v 0.017391 0.034191 0.036990
v 0.016110 0.031673 0.039418
v 0.019262 0.029862 0.039418
v 0.017391 0.034191 0.036990
v 0.019262 0.029862 0.039418
v 0.020793 0.032235 0.036990
v 0.020793 0.032235 0.036990
v 0.019262 0.029862 0.039418
v 0.022244 0.027712 0.039418
v 0.020793 0.032235 0.036990
v 0.022244 0.027712 0.039418
v 0.024011 0.029915 0.036990
v 0.024011 0.029915 0.036990
v 0.022244 0.027712 0.039418
v 0.025002 0.025252 0.039418
v 0.024011 0.029915 0.036990
v 0.025002 0.025252 0.039418
v 0.026989 0.027259 0.036990
v 0.026989 0.027259 0.036990
v 0.025002 0.025252 0.039418
v 0.027490 0.022517 0.039418
v 0.026989 0.027259 0.036990
v 0.027490 0.022517 0.039418
v 0.029675 0.024307 0.036990
v 0.010525 0.037855 0.035731
v 0.013865 0.035766 0.036990
v 0.014201 0.036635 0.035731
v 0.014201 0.036635 0.035731
v 0.013865 0.035766 0.036990
v 0.017391 0.034191 0.036990
v 0.014201 0.036635 0.035731
v 0.017391 0.034191 0.036990
v 0.017813 0.035021 0.035731
v 0.017813 0.035021 0.035731
v 0.017391 0.034191 0.036990
v 0.020793 0.032235 0.036990
v 0.017813 0.035021 0.035731
v 0.020793 0.032235 0.036990
v 0.021298 0.033018 0.035731
v 0.021298 0.033018 0.035731
v 0.020793 0.032235 0.036990
v 0.024011 0.029915 0.036990
v 0.021298 0.033018 0.035731
v 0.024011 0.029915 0.036990
v 0.024595 0.030641 0.035731
v 0.024595 0.030641 0.035731
v 0.024011 0.029915 0.036990
v 0.026989 0.027259 0.036990
v 0.024595 0.030641 0.035731
v 0.026989 0.027259 0.036990
v 0.027644 0.027921 0.035731
v 0.027644 0.027921 0.035731
v 0.026989 0.027259 0.036990
v 0.029675 0.024307 0.036990
v 0.027644 0.027921 0.035731
v 0.029675 0.024307 0.036990
v 0.030396 0.024897 0.035731
v 0.010706 0.038505 0.034382
v 0.014201 0.036635 0.035731
v 0.014445 0.037264 0.034382
v 0.014445 0.037264 0.034382
v 0.014201 0.036635 0.035731
v 0.017813 0.035021 0.035731
v 0.014445 0.037264 0.034382
v 0.017813 0.035021 0.035731
v 0.018119 0.035623 0.034382
v 0.018119 0.035623 0.034382
v 0.017813 0.035021 0.035731
v 0.021298 0.033018 0.035731
v 0.018119 0.035623 0.034382
v 0.021298 0.033018 0.035731
v 0.021664 0.033585 0.034382
v 0.021664 0.033585 0.034382
v 0.021298 0.033018 0.035731
v 0.024595 0.030641 0.035731
v 0.021664 0.033585 0.034382
v 0.024595 0.030641 0.035731
v 0.025017 0.031168 0.034382
v 0.025017 0.031168 0.034382
v 0.024595 0.030641 0.035731
v 0.027644 0.027921 0.035731
v 0.025017 0.031168 0.034382
v 0.027644 0.027921 0.035731
v 0.028119 0.028400 0.034382
v 0.028119 0.028400 0.034382
v 0.027644 0.027921 0.035731
v 0.030396 0.024897 0.035731
v 0.028119 0.028400 0.034382
v 0.030396 0.024897 0.035731
v 0.030918 0.025325 0.034382
v 0.010813 0.038891 0.032971
v 0.014445 0.037264 0.034382
v 0.014590 0.037637 0.032971
v 0.014590 0.037637 0.032971
v 0.014445 0.037264 0.034382
v 0.018119 0.035623 0.034382
v 0.014590 0.037637 0.032971
v 0.018119 0.035623 0.034382
v 0.018300 0.035979 0.032971
v 0.018300 0.035979 0.032971
v 0.018119 0.035623 0.034382
v 0.021664 0.033585 0.034382
v 0.018300 0.035979 0.032971
v 0.021664 0.033585 0.034382
v 0.021880 0.033921 0.032971
v 0.021880 0.033921 0.032971
v 0.021664 0.033585 0.034382
v 0.025017 0.031168 0.034382
v 0.021880 0.033921 0.032971
v 0.025017 0.031168 0.034382
v 0.025267 0.031480 0.032971
v 0.025267 0.031480 0.032971
v 0.025017 0.031168 0.034382
v 0.028119 0.028400 0.034382
v 0.025267 0.031480 0.032971
v 0.028119 0.028400 0.034382
v 0.028401 0.028684 0.032971
v 0.028401 0.028684 0.032971
v 0.028119 0.028400 0.034382
v 0.030918 0.025325 0.034382
v 0.028401 0.028684 0.032971
v 0.030918 0.025325 0.034382
v 0.031227 0.025578 0.032971
v 0.006096 0.034465 0.039764
v 0.009376 0.033721 0.039764
v 0.006189 0.034992 0.039418
v 0.006189 0.034992 0.039418
v 0.009376 0.033721 0.039764
v 0.009519 0.034236 0.039418
v 0.006189 0.034992 0.039418
v 0.009519 0.034236 0.039418
v 0.006681 0.037773 0.036990
v 0.006681 0.037773 0.036990
v 0.009519 0.034236 0.039418
v 0.010276 0.036957 0.036990
v 0.006681 0.037773 0.036990
v 0.010276 0.036957 0.036990
v 0.006843 0.038690 0.035731
v 0.006843 0.038690 0.035731
v 0.010276 0.036957 0.036990
v 0.010525 0.037855 0.035731
v 0.006843 0.038690 0.035731
v 0.010525 0.037855 0.035731
v 0.006961 0.039355 0.034382
v 0.006961 0.039355 0.034382
v 0.010525 0.037855 0.035731
v 0.010706 0.038505 0.034382
v 0.006961 0.039355 0.034382
v 0.010706 0.038505 0.034382
v 0.007030 0.039749 0.032971
v 0.007030 0.039749 0.032971
v 0.010706 0.038505 0.034382
v 0.010813 0.038891 0.032971
v 0.007030 0.039749 0.032971
v 0.010813 0.038891 0.032971
v 0.009012 0.039485 0.031471
v 0.009012 0.039485 0.031471
v 0.010813 0.038891 0.032971
v 0.014590 0.037637 0.032971
v 0.009012 0.039485 0.031471
v 0.014590 0.037637 0.032971
v 0.014638 0.037762 0.031471
v 0.014638 0.037762 0.031471
v 0.014590 0.037637 0.032971
v 0.018300 0.035979 0.032971
v 0.014638 0.037762 0.031471
v 0.018300 0.035979 0.032971
v 0.017572 0.036489 0.031471
v 0.017572 0.036489 0.031471
v 0.018300 0.035979 0.032971
v 0.021880 0.033921 0.032971
v 0.017572 0.036489 0.031471
v 0.021880 0.033921 0.032971
v 0.021953 0.034034 0.031471
v 0.021953 0.034034 0.031471
v 0.021880 0.033921 0.032971
v 0.025267 0.031480 0.032971
v 0.021953 0.034034 0.031471
v 0.025267 0.031480 0.032971
v 0.025251 0.031664 0.031471
v 0.025251 0.031664 0.031471
v 0.025267 0.031480 0.032971
v 0.028401 0.028684 0.032971
v 0.025251 0.031664 0.031471
v 0.028401 0.028684 0.032971
v 0.028495 0.028780 0.031471
v 0.028495 0.028780 0.031471
v 0.028401 0.028684 0.032971
v 0.031227 0.025578 0.032971
v 0.028495 0.028780 0.031471
v 0.031227 0.025578 0.032971
v 0.031331 0.025663 0.031471
v 0.031331 0.025663 0.031471
v 0.031227 0.025578 0.032971
v 0.031664 0.025251 0.031471
v 0.033816 0.022287 0.031471
v 0.031664 0.025251 0.031471
v 0.033704 0.022213 0.032971
v 0.033704 0.022213 0.032971
v 0.031664 0.025251 0.031471
v 0.031227 0.025578 0.032971
v 0.033704 0.022213 0.032971
v 0.031227 0.025578 0.032971
v 0.033370 0.021993 0.034382
v 0.033370 0.021993 0.034382
v 0.031227 0.025578 0.032971
v 0.030918 0.025325 0.034382
v 0.033370 0.021993 0.034382
v 0.030918 0.025325 0.034382
v 0.032807 0.021622 0.035731
v 0.032807 0.021622 0.035731
v 0.030918 0.025325 0.034382
v 0.030396 0.024897 0.035731
v 0.032807 0.021622 0.035731
v 0.030396 0.024897 0.035731
v 0.032029 0.021109 0.036990
v 0.032029 0.021109 0.036990
v 0.030396 0.024897 0.035731
v 0.029675 0.024307 0.036990
v 0.032029 0.021109 0.036990
v 0.029675 0.024307 0.036990
v 0.029671 0.019555 0.039418
v 0.029671 0.019555 0.039418
v 0.029675 0.024307 0.036990
v 0.027490 0.022517 0.039418
v 0.030409 0.017328 0.039764
v 0.031516 0.016417 0.039418
v 0.029224 0.019260 0.039764
v 0.036489 0.017572 0.031471
v 0.033816 0.022287 0.031471
v 0.035800 0.018649 0.032971
v 0.035800 0.018649 0.032971
v 0.033816 0.022287 0.031471
v 0.033704 0.022213 0.032971
v 0.035800 0.018649 0.032971
v 0.033704 0.022213 0.032971
v 0.035445 0.018464 0.034382
v 0.035445 0.018464 0.034382
v 0.033704 0.022213 0.032971
v 0.033370 0.021993 0.034382
v 0.035445 0.018464 0.034382
v 0.033370 0.021993 0.034382
v 0.034847 0.018152 0.035731
v 0.034847 0.018152 0.035731
v 0.033370 0.021993 0.034382
v 0.032807 0.021622 0.035731
v 0.034847 0.018152 0.035731
v 0.032807 0.021622 0.035731
v 0.034020 0.017722 0.036990
v 0.034020 0.017722 0.036990
v 0.032807 0.021622 0.035731
v 0.032029 0.021109 0.036990
v 0.034020 0.017722 0.036990
v 0.032029 0.021109 0.036990
v 0.031516 0.016417 0.039418
v 0.031516 0.016417 0.039418
v 0.032029 0.021109 0.036990
v 0.029671 0.019555 0.039418
v 0.031516 0.016417 0.039418
v 0.029671 0.019555 0.039418
v 0.029224 0.019260 0.039764
v 0.029224 0.019260 0.039764
v 0.029671 0.019555 0.039418
v 0.027490 0.022517 0.039418
v 0.029224 0.019260 0.039764
v 0.027490 0.022517 0.039418
v 0.027076 0.022178 0.039764
v 0.027076 0.022178 0.039764
v 0.027490 0.022517 0.039418
v 0.026917 0.022371 0.039764
v 0.037621 0.014998 0.031471
v 0.036489 0.017572 0.031471
v 0.037496 0.014948 0.032971
v 0.037496 0.014948 0.032971
v 0.036489 0.017572 0.031471
v 0.035800 0.018649 0.032971
v 0.037496 0.014948 0.032971
v 0.035800 0.018649 0.032971
v 0.037124 0.014800 0.034382
v 0.037124 0.014800 0.034382
v 0.035800 0.018649 0.032971
v 0.035445 0.018464 0.034382
v 0.037124 0.014800 0.034382
v 0.035445 0.018464 0.034382
v 0.036498 0.014550 0.035731
v 0.036498 0.014550 0.035731
v 0.035445 0.018464 0.034382
v 0.034847 0.018152 0.035731
v 0.036498 0.014550 0.035731
v 0.034847 0.018152 0.035731
v 0.035632 0.014205 0.036990
v 0.035632 0.014205 0.036990
v 0.034847 0.018152 0.035731
v 0.034020 0.017722 0.036990
v 0.035632 0.014205 0.036990
v 0.034020 0.017722 0.036990
v 0.033009 0.013159 0.039418
v 0.033009 0.013159 0.039418
v 0.034020 0.017722 0.036990
v 0.031516 0.016417 0.039418
v 0.033009 0.013159 0.039418
v 0.031516 0.016417 0.039418
v 0.032512 0.012961 0.039764
v 0.032512 0.012961 0.039764
v 0.031516 0.016417 0.039418
v 0.031041 0.016170 0.039764
v 0.039485 0.009012 0.031471
v 0.037621 0.014998 0.031471
v 0.038788 0.011175 0.032971
v 0.038788 0.011175 0.032971
v 0.037621 0.014998 0.031471
v 0.037496 0.014948 0.032971
v 0.038788 0.011175 0.032971
v 0.037496 0.014948 0.032971
v 0.038404 0.011064 0.034382
v 0.038404 0.011064 0.034382
v 0.037496 0.014948 0.032971
v 0.037124 0.014800 0.034382
v 0.038404 0.011064 0.034382
v 0.037124 0.014800 0.034382
v 0.037755 0.010877 0.035731
v 0.037755 0.010877 0.035731
v 0.037124 0.014800 0.034382
v 0.036498 0.014550 0.035731
v 0.037755 0.010877 0.035731
v 0.036498 0.014550 0.035731
v 0.036860 0.010619 0.036990
v 0.036860 0.010619 0.036990
v 0.036498 0.014550 0.035731
v 0.035632 0.014205 0.036990
v 0.036860 0.010619 0.036990
v 0.035632 0.014205 0.036990
v 0.034146 0.009837 0.039418
v 0.034146 0.009837 0.039418
v 0.035632 0.014205 0.036990
v 0.033009 0.013159 0.039418
v 0.034146 0.009837 0.039418
v 0.033009 0.013159 0.039418
v 0.032968 0.011753 0.039764
v 0.032968 0.011753 0.039764
v 0.033009 0.013159 0.039418
v 0.032512 0.012961 0.039764
v 0.034935 0.006506 0.039418
v 0.034408 0.006408 0.039764
v 0.034513 0.005817 0.039764
v 0.040201 0.003649 0.032971
v 0.039684 0.007390 0.032971
v 0.039802 0.003613 0.034382
v 0.039802 0.003613 0.034382
v 0.039684 0.007390 0.032971
v 0.039290 0.007317 0.034382
v 0.039802 0.003613 0.034382
v 0.039290 0.007317 0.034382
v 0.039130 0.003552 0.035731
v 0.039130 0.003552 0.035731
v 0.039290 0.007317 0.034382
v 0.038627 0.007193 0.035731
v 0.039130 0.003552 0.035731
v 0.038627 0.007193 0.035731
v 0.038202 0.003468 0.036990
v 0.034935 0.006506 0.039418
v 0.034513 0.005817 0.039764
v 0.035390 0.003212 0.039418
v 0.035390 0.003212 0.039418
v 0.034513 0.005817 0.039764
v 0.034857 0.003164 0.039764
v 0.035390 0.003212 0.039418
v 0.034857 0.003164 0.039764
v 0.035000 -0.000000 0.039764
v 0.035535 -0.000000 0.039418
v 0.036747 -0.000000 0.038529
v 0.035390 0.003212 0.039418
v 0.035390 0.003212 0.039418
v 0.036747 -0.000000 0.038529
v 0.038202 0.003468 0.036990
v 0.035390 0.003212 0.039418
v 0.038202 0.003468 0.036990
v 0.037711 0.007023 0.036990
v 0.037711 0.007023 0.036990
v 0.038202 0.003468 0.036990
v 0.038627 0.007193 0.035731
v 0.040366 -0.000000 0.032971
v 0.040201 0.003649 0.032971
v 0.039966 -0.000000 0.034382
v 0.039966 -0.000000 0.034382
v 0.040201 0.003649 0.032971
v 0.039802 0.003613 0.034382
v 0.039966 -0.000000 0.034382
v 0.039802 0.003613 0.034382
v 0.039291 -0.000000 0.035731
v 0.039291 -0.000000 0.035731
v 0.039802 0.003613 0.034382
v 0.039130 0.003552 0.035731
v 0.039291 -0.000000 0.035731
v 0.039130 0.003552 0.035731
v 0.038758 -0.000000 0.036502
v 0.038758 -0.000000 0.036502
v 0.039130 0.003552 0.035731
v 0.038202 0.003468 0.036990
v 0.038758 -0.000000 0.036502
v 0.038202 0.003468 0.036990
v 0.038359 -0.000000 0.036990
v 0.038359 -0.000000 0.036990
v 0.038202 0.003468 0.036990
v 0.036747 -0.000000 0.038529
v 0.033632 0.009689 0.039764
v 0.034408 0.006408 0.039764
v 0.034146 0.009837 0.039418
v 0.034146 0.009837 0.039418
v 0.034408 0.006408 0.039764
v 0.034935 0.006506 0.039418
v 0.034146 0.009837 0.039418
v 0.034935 0.006506 0.039418
v 0.036860 0.010619 0.036990
v 0.036860 0.010619 0.036990
v 0.034935 0.006506 0.039418
v 0.037711 0.007023 0.036990
v 0.036860 0.010619 0.036990
v 0.037711 0.007023 0.036990
v 0.037755 0.010877 0.035731
v 0.037755 0.010877 0.035731
v 0.037711 0.007023 0.036990
v 0.038627 0.007193 0.035731
v 0.037755 0.010877 0.035731
v 0.038627 0.007193 0.035731
v 0.038404 0.011064 0.034382
v 0.038404 0.011064 0.034382
v 0.038627 0.007193 0.035731
v 0.039290 0.007317 0.034382
v 0.038404 0.011064 0.034382
v 0.039290 0.007317 0.034382
v 0.038788 0.011175 0.032971
v 0.038788 0.011175 0.032971
v 0.039290 0.007317 0.034382
v 0.039684 0.007390 0.032971
v 0.038788 0.011175 0.032971
v 0.039684 0.007390 0.032971
v 0.039485 0.009012 0.031471
v 0.039485 0.009012 0.031471
v 0.039684 0.007390 0.032971
v 0.040201 0.003649 0.032971
v 0.039485 0.009012 0.031471
v 0.040201 0.003649 0.032971
v 0.040334 0.003661 0.031471
v 0.040334 0.003661 0.031471
v 0.040201 0.003649 0.032971
v 0.040366 -0.000000 0.032971
v 0.040334 0.003661 0.031471
v 0.040366 -0.000000 0.032971
v 0.040500 -0.000000 0.031471
v 0.008881 -0.008729 0.046364
v 0.008524 -0.017600 0.045711
v 0.016935 -0.017599 0.044543
v 0.031167 -0.000000 0.041719
v 0.029606 -0.000000 0.042339
v 0.030955 -0.004285 0.041657
v 0.030955 -0.004285 0.041657
v 0.029606 -0.000000 0.042339
v 0.026745 -0.004271 0.043199
v 0.030955 -0.004285 0.041657
v 0.026745 -0.004271 0.043199
v 0.026184 -0.008730 0.043046
v 0.010725 -0.007301 0.046248
v 0.010108 -0.007661 0.046297
v 0.008881 -0.008729 0.046364
v 0.008881 -0.008729 0.046364
v 0.010108 -0.007661 0.046297
v 0.009084 -0.008260 0.046369
v 0.009084 -0.008260 0.046369
v 0.007462 -0.009207 0.046457
v 0.008881 -0.008729 0.046364
v 0.008881 -0.008729 0.046364
v 0.007462 -0.009207 0.046457
v 0.004194 -0.011114 0.046530
v 0.008881 -0.008729 0.046364
v 0.004194 -0.011114 0.046530
v 0.008524 -0.017600 0.045711
v 0.008524 -0.017600 0.045711
v 0.004194 -0.011114 0.046530
v 0.003614 -0.011312 0.046537
v 0.008524 -0.017600 0.045711
v 0.003614 -0.011312 0.046537
v -0.000000 -0.017595 0.046034
v -0.000000 -0.017595 0.046034
v 0.003614 -0.011312 0.046537
v 0.002992 -0.011343 0.046554
v -0.000000 -0.017595 0.046034
v 0.002992 -0.011343 0.046554
v 0.002488 -0.011180 0.046576
v 0.011540 0.000000 0.046320
v 0.011535 -0.000005 0.046320
v 0.011537 -0.000008 0.046320
v 0.011537 -0.000008 0.046320
v 0.011535 -0.000005 0.046320
v 0.011534 -0.000008 0.046320
v 0.011540 0.000000 0.046320
v 0.011537 -0.000008 0.046320
v 0.021376 -0.000000 0.044696
v 0.021376 -0.000000 0.044696
v 0.011537 -0.000008 0.046320
v 0.017611 -0.008726 0.045178
v 0.021376 -0.000000 0.044696
v 0.017611 -0.008726 0.045178
v 0.021930 -0.008725 0.044254
v 0.011534 -0.000008 0.046320
v 0.011534 -0.000016 0.046320
v 0.011537 -0.000008 0.046320
v 0.011537 -0.000008 0.046320
v 0.011534 -0.000016 0.046320
v 0.011521 -0.005913 0.046214
v 0.011537 -0.000008 0.046320
v 0.011521 -0.005913 0.046214
v 0.017611 -0.008726 0.045178
v 0.017611 -0.008726 0.045178
v 0.011521 -0.005913 0.046214
v 0.011179 -0.006902 0.046215
v 0.017611 -0.008726 0.045178
v 0.011179 -0.006902 0.046215
v 0.010725 -0.007301 0.046248
v 0.021930 -0.008725 0.044254
v 0.026184 -0.008730 0.043046
v 0.021376 -0.000000 0.044696
v 0.021376 -0.000000 0.044696
v 0.026184 -0.008730 0.043046
v 0.026745 -0.004271 0.043199
v 0.021376 -0.000000 0.044696
v 0.026745 -0.004271 0.043199
v 0.026631 -0.000000 0.043340
v 0.026631 -0.000000 0.043340
v 0.026745 -0.004271 0.043199
v 0.029606 -0.000000 0.042339
v 0.029658 -0.013176 0.041018
v 0.034030 -0.008183 0.039593
v 0.030325 -0.008745 0.041461
v 0.030325 -0.008745 0.041461
v 0.034030 -0.008183 0.039593
v 0.034758 -0.004107 0.039713
v 0.029200 -0.019297 0.039774
v 0.031222 -0.015818 0.039521
v 0.029658 -0.013176 0.041018
v 0.029658 -0.013176 0.041018
v 0.031222 -0.015818 0.039521
v 0.032837 -0.012113 0.039492
v 0.029658 -0.013176 0.041018
v 0.032837 -0.012113 0.039492
v 0.034030 -0.008183 0.039593
v 0.016361 -0.026424 0.043473
v 0.017910 -0.030070 0.042442
v 0.020314 -0.026413 0.042342
v 0.020314 -0.026413 0.042342
v 0.017910 -0.030070 0.042442
v 0.021364 -0.027724 0.041691
v 0.020314 -0.026413 0.042342
v 0.021364 -0.027724 0.041691
v 0.024364 -0.025128 0.040921
v 0.008239 -0.026422 0.044671
v 0.014281 -0.031954 0.043013
v 0.016361 -0.026424 0.043473
v 0.016361 -0.026424 0.043473
v 0.014281 -0.031954 0.043013
v 0.015401 -0.031430 0.042862
v 0.016361 -0.026424 0.043473
v 0.015401 -0.031430 0.042862
v 0.017910 -0.030070 0.042442
v 0.006849 -0.034323 0.043550
v 0.008017 -0.034070 0.043510
v 0.008239 -0.026422 0.044671
v 0.008239 -0.026422 0.044671
v 0.008017 -0.034070 0.043510
v 0.010517 -0.033383 0.043376
v 0.008239 -0.026422 0.044671
v 0.010517 -0.033383 0.043376
v 0.014281 -0.031954 0.043013
v -0.000000 -0.017595 0.046034
v -0.000000 -0.035000 0.043606
v 0.002844 -0.034884 0.043606
v 0.006028 -0.000001 0.046824
v 0.006045 -0.000000 0.046823
v 0.003025 -0.000000 0.046966
v -0.000000 -0.000000 0.047000
v 0.002324 -0.001314 0.046977
v 0.003025 -0.000000 0.046966
v 0.003025 -0.000000 0.046966
v 0.002324 -0.001314 0.046977
v 0.002813 -0.001110 0.046968
v 0.003025 -0.000000 0.046966
v 0.002813 -0.001110 0.046968
v 0.003434 -0.001060 0.046950
v 0.003434 -0.001060 0.046950
v 0.004024 -0.001220 0.046926
v 0.003025 -0.000000 0.046966
v 0.003025 -0.000000 0.046966
v 0.004024 -0.001220 0.046926
v 0.006028 -0.000001 0.046824
v 0.006028 -0.000001 0.046824
v 0.004024 -0.001220 0.046926
v 0.006032 -0.000005 0.046824
v 0.006032 -0.000005 0.046824
v 0.004024 -0.001220 0.046926
v 0.004523 -0.001560 0.046901
v 0.006032 -0.000005 0.046824
v 0.004523 -0.001560 0.046901
v 0.007888 -0.001060 0.046683
v 0.007888 -0.001060 0.046683
v 0.004523 -0.001560 0.046901
v 0.004882 -0.002063 0.046877
v 0.007888 -0.001060 0.046683
v 0.004882 -0.002063 0.046877
v 0.007883 -0.004694 0.046617
v 0.004882 -0.002063 0.046877
v 0.005066 -0.002856 0.046854
v 0.007883 -0.004694 0.046617
v 0.007883 -0.004694 0.046617
v 0.005066 -0.002856 0.046854
v 0.004651 -0.004008 0.046850
v 0.007883 -0.004694 0.046617
v 0.004651 -0.004008 0.046850
v 0.005120 -0.006341 0.046748
v 0.005120 -0.006341 0.046748
v 0.004651 -0.004008 0.046850
v 0.004205 -0.004397 0.046860
v 0.005120 -0.006341 0.046748
v 0.004205 -0.004397 0.046860
v 0.005078 -0.006366 0.046749
v 0.005078 -0.006366 0.046749
v 0.004205 -0.004397 0.046860
v 0.004852 -0.006501 0.046755
v 0.004852 -0.006501 0.046755
v 0.004205 -0.004397 0.046860
v 0.003717 -0.004600 0.046873
v 0.004852 -0.006501 0.046755
v 0.003717 -0.004600 0.046873
v 0.003625 -0.007233 0.046775
v 0.001808 -0.003925 0.046939
v 0.001646 -0.003646 0.046948
v -0.000000 -0.003116 0.046967
v -0.000000 -0.003116 0.046967
v 0.001646 -0.003646 0.046948
v 0.001463 -0.002855 0.046968
v -0.000000 -0.003116 0.046967
v 0.001463 -0.002855 0.046968
v -0.000000 -0.000000 0.047000
v -0.000000 -0.000000 0.047000
v 0.001463 -0.002855 0.046968
v 0.001878 -0.001703 0.046981
v -0.000000 -0.000000 0.047000
v 0.001878 -0.001703 0.046981
v 0.002324 -0.001314 0.046977
v 0.003625 -0.007233 0.046775
v 0.003717 -0.004600 0.046873
v 0.002355 -0.007990 0.046773
v 0.002355 -0.007990 0.046773
v 0.003717 -0.004600 0.046873
v 0.003096 -0.004649 0.046892
v 0.002355 -0.007990 0.046773
v 0.003096 -0.004649 0.046892
v 0.001792 -0.008515 0.046754
v 0.001792 -0.008515 0.046754
v 0.003096 -0.004649 0.046892
v 0.002506 -0.004490 0.046912
v 0.001792 -0.008515 0.046754
v 0.002506 -0.004490 0.046912
v 0.002005 -0.004149 0.046931
v 0.002005 -0.004149 0.046931
v 0.001808 -0.003925 0.046939
v 0.001792 -0.008515 0.046754
v 0.001792 -0.008515 0.046754
v 0.001808 -0.003925 0.046939
v -0.000000 -0.003116 0.046967
v 0.001792 -0.008515 0.046754
v -0.000000 -0.003116 0.046967
v 0.001589 -0.008949 0.046732
v 0.001589 -0.008949 0.046732
v -0.000000 -0.003116 0.046967
v -0.000000 -0.008717 0.046750
v 0.001589 -0.008949 0.046732
v -0.000000 -0.008717 0.046750
v 0.001468 -0.009548 0.046697
v 0.001468 -0.009548 0.046697
v -0.000000 -0.008717 0.046750
v -0.000000 -0.008728 0.046750
v 0.001468 -0.009548 0.046697
v -0.000000 -0.008728 0.046750
v 0.001695 -0.010422 0.046640
v 0.001695 -0.010422 0.046640
v -0.000000 -0.008728 0.046750
v -0.000000 -0.017595 0.046034
v 0.001695 -0.010422 0.046640
v -0.000000 -0.017595 0.046034
v 0.002001 -0.010837 0.046608
v 0.002001 -0.010837 0.046608
v -0.000000 -0.017595 0.046034
v 0.002488 -0.011180 0.046576
v 0.002844 -0.034884 0.043606
v 0.006849 -0.034323 0.043550
v -0.000000 -0.017595 0.046034
v -0.000000 -0.017595 0.046034
v 0.006849 -0.034323 0.043550
v 0.008239 -0.026422 0.044671
v -0.000000 -0.017595 0.046034
v 0.008239 -0.026422 0.044671
v 0.008524 -0.017600 0.045711
v 0.008524 -0.017600 0.045711
v 0.008239 -0.026422 0.044671
v 0.016361 -0.026424 0.043473
v 0.008524 -0.017600 0.045711
v 0.016361 -0.026424 0.043473
v 0.016935 -0.017599 0.044543
v 0.016935 -0.017599 0.044543
v 0.016361 -0.026424 0.043473
v 0.020314 -0.026413 0.042342
v 0.016935 -0.017599 0.044543
v 0.020314 -0.026413 0.042342
v 0.021080 -0.017593 0.043539
v 0.021080 -0.017593 0.043539
v 0.020314 -0.026413 0.042342
v 0.024364 -0.025128 0.040921
v 0.021080 -0.017593 0.043539
v 0.024364 -0.025128 0.040921
v 0.025117 -0.017586 0.042175
v 0.025117 -0.017586 0.042175
v 0.024364 -0.025128 0.040921
v 0.027051 -0.022209 0.040227
v 0.035000 -0.000000 0.039764
v 0.031167 -0.000000 0.041719
v 0.034758 -0.004107 0.039713
v 0.034758 -0.004107 0.039713
v 0.031167 -0.000000 0.041719
v 0.030955 -0.004285 0.041657
v 0.034758 -0.004107 0.039713
v 0.030955 -0.004285 0.041657
v 0.030325 -0.008745 0.041461
v 0.030325 -0.008745 0.041461
v 0.030955 -0.004285 0.041657
v 0.026184 -0.008730 0.043046
v 0.030325 -0.008745 0.041461
v 0.026184 -0.008730 0.043046
v 0.029658 -0.013176 0.041018
v 0.029658 -0.013176 0.041018
v 0.026184 -0.008730 0.043046
v 0.028963 -0.017582 0.040374
v 0.029658 -0.013176 0.041018
v 0.028963 -0.017582 0.040374
v 0.029200 -0.019297 0.039774
v 0.010725 -0.007301 0.046248
v 0.008881 -0.008729 0.046364
v 0.017611 -0.008726 0.045178
v 0.017611 -0.008726 0.045178
v 0.008881 -0.008729 0.046364
v 0.016935 -0.017599 0.044543
v 0.017611 -0.008726 0.045178
v 0.016935 -0.017599 0.044543
v 0.021930 -0.008725 0.044254
v 0.021930 -0.008725 0.044254
v 0.016935 -0.017599 0.044543
v 0.021080 -0.017593 0.043539
v 0.021930 -0.008725 0.044254
v 0.021080 -0.017593 0.043539
v 0.026184 -0.008730 0.043046
v 0.026184 -0.008730 0.043046
v 0.021080 -0.017593 0.043539
v 0.025117 -0.017586 0.042175
v 0.026184 -0.008730 0.043046
v 0.025117 -0.017586 0.042175
v 0.028963 -0.017582 0.040374
v 0.028963 -0.017582 0.040374
v 0.025117 -0.017586 0.042175
v 0.027051 -0.022209 0.040227
v 0.028963 -0.017582 0.040374
v 0.027051 -0.022209 0.040227
v 0.029200 -0.019297 0.039774
v 0.040436 -0.002271 0.019471
v 0.040500 -0.000000 0.019471
v 0.040372 -0.003112 0.019471
v 0.039485 -0.009012 0.019471
v 0.038915 -0.011010 0.019471
v 0.038322 -0.013104 0.019471
v 0.038322 -0.013104 0.019471
v 0.038915 -0.011010 0.019471
v 0.038288 -0.013025 0.019471
v 0.038322 -0.013104 0.019471
v 0.038288 -0.013025 0.019471
v 0.036736 -0.017051 0.019471
v 0.039928 -0.006784 0.019471
v 0.039668 -0.007957 0.019471
v 0.039485 -0.009012 0.019471
v 0.039485 -0.009012 0.019471
v 0.039668 -0.007957 0.019471
v 0.039444 -0.008969 0.019471
v 0.039485 -0.009012 0.019471
v 0.039444 -0.008969 0.019471
v 0.038915 -0.011010 0.019471
v 0.040436 -0.002271 0.019471
v 0.040372 -0.003112 0.019471
v 0.040357 -0.003404 0.019471
v 0.040372 -0.003112 0.019471
v 0.040333 -0.003556 0.019471
v 0.040357 -0.003404 0.019471
v 0.040357 -0.003404 0.019471
v 0.040333 -0.003556 0.019471
v 0.040289 -0.004000 0.019471
v 0.040357 -0.003404 0.019471
v 0.040289 -0.004000 0.019471
v 0.040245 -0.004535 0.019471
v 0.040245 -0.004535 0.019471
v 0.040289 -0.004000 0.019471
v 0.040186 -0.004883 0.019471
v 0.040245 -0.004535 0.019471
v 0.040186 -0.004883 0.019471
v 0.039928 -0.006784 0.019471
v 0.039928 -0.006784 0.019471
v 0.040186 -0.004883 0.019471
v 0.039866 -0.006939 0.019471
v 0.039928 -0.006784 0.019471
v 0.039866 -0.006939 0.019471
v 0.039668 -0.007957 0.019471
v -0.034700 -0.149500 -0.001000
v -0.034700 -0.149500 0.000000
v -0.033692 -0.149500 -0.008304
v -0.033692 -0.149500 0.008304
v -0.034700 -0.149500 0.000000
v -0.034700 -0.149500 0.001000
v -0.034700 -0.149500 0.001000
v -0.034986 -0.149500 0.001000
v -0.033692 -0.149500 0.008304
v -0.033692 -0.149500 0.008304
v -0.034986 -0.149500 0.001000
v -0.033660 -0.149500 0.009592
v -0.033692 -0.149500 0.008304
v -0.033660 -0.149500 0.009592
v -0.030725 -0.149500 0.016126
v -0.030725 -0.149500 0.016126
v -0.033660 -0.149500 0.009592
v -0.030257 -0.149500 0.017593
v -0.030725 -0.149500 0.016126
v -0.030257 -0.149500 0.017593
v -0.025973 -0.149500 0.023010
v -0.025973 -0.149500 0.023010
v -0.030257 -0.149500 0.017593
v -0.024988 -0.149500 0.024508
v -0.025973 -0.149500 0.023010
v -0.024988 -0.149500 0.024508
v -0.019712 -0.149500 0.028558
v -0.019712 -0.149500 0.028558
v -0.024988 -0.149500 0.024508
v -0.018176 -0.149500 0.029910
v -0.019712 -0.149500 0.028558
v -0.018176 -0.149500 0.029910
v -0.012305 -0.149500 0.032445
v -0.012305 -0.149500 0.032445
v -0.018176 -0.149500 0.029910
v -0.010243 -0.149500 0.033468
v -0.012305 -0.149500 0.032445
v -0.010243 -0.149500 0.033468
v -0.004183 -0.149500 0.034447
v -0.004183 -0.149500 0.034447
v -0.010243 -0.149500 0.033468
v -0.001678 -0.149500 0.034960
v -0.004183 -0.149500 0.034447
v -0.001678 -0.149500 0.034960
v 0.004183 -0.149500 0.034447
v 0.004183 -0.149500 0.034447
v -0.001678 -0.149500 0.034960
v 0.006990 -0.149500 0.034295
v 0.004183 -0.149500 0.034447
v 0.006990 -0.149500 0.034295
v 0.012305 -0.149500 0.032445
v 0.012305 -0.149500 0.032445
v 0.006990 -0.149500 0.034295
v 0.015227 -0.149500 0.031514
v 0.012305 -0.149500 0.032445
v 0.015227 -0.149500 0.031514
v 0.019712 -0.149500 0.028558
v 0.019712 -0.149500 0.028558
v 0.015227 -0.149500 0.031514
v 0.022525 -0.149500 0.026789
v 0.019712 -0.149500 0.028558
v 0.022525 -0.149500 0.026789
v 0.025973 -0.149500 0.023010
v 0.025973 -0.149500 0.023010
v 0.022525 -0.149500 0.026789
v 0.028433 -0.149500 0.020410
v 0.025973 -0.149500 0.023010
v 0.028433 -0.149500 0.020410
v 0.030725 -0.149500 0.016126
v 0.030725 -0.149500 0.016126
v 0.028433 -0.149500 0.020410
v 0.032586 -0.149500 0.012773
v 0.030725 -0.149500 0.016126
v 0.032586 -0.149500 0.012773
v 0.033692 -0.149500 0.008304
v 0.033692 -0.149500 0.008304
v 0.032586 -0.149500 0.012773
v 0.034729 -0.149500 0.004347
v 0.033692 -0.149500 0.008304
v 0.034729 -0.149500 0.004347
v 0.034700 -0.149500 0.000000
v 0.034700 -0.149500 0.000000
v 0.034729 -0.149500 0.004347
v 0.034729 -0.149500 -0.004347
v 0.034700 -0.149500 0.000000
v 0.034729 -0.149500 -0.004347
v 0.033692 -0.149500 -0.008304
v 0.033692 -0.149500 -0.008304
v 0.034729 -0.149500 -0.004347
v 0.032586 -0.149500 -0.012773
v 0.033692 -0.149500 -0.008304
v 0.032586 -0.149500 -0.012773
v 0.030725 -0.149500 -0.016126
v 0.030725 -0.149500 -0.016126
v 0.032586 -0.149500 -0.012773
v 0.028433 -0.149500 -0.020410
v 0.030725 -0.149500 -0.016126
v 0.028433 -0.149500 -0.020410
v 0.025973 -0.149500 -0.023010
v 0.025973 -0.149500 -0.023010
v 0.028433 -0.149500 -0.020410
v 0.022525 -0.149500 -0.026789
v 0.025973 -0.149500 -0.023010
v 0.022525 -0.149500 -0.026789
v 0.019712 -0.149500 -0.028558
v 0.019712 -0.149500 -0.028558
v 0.022525 -0.149500 -0.026789
v 0.015227 -0.149500 -0.031514
v 0.019712 -0.149500 -0.028558
v 0.015227 -0.149500 -0.031514
v 0.012305 -0.149500 -0.032445
v 0.012305 -0.149500 -0.032445
v 0.015227 -0.149500 -0.031514
v 0.006990 -0.149500 -0.034295
v 0.012305 -0.149500 -0.032445
v 0.006990 -0.149500 -0.034295
v 0.004183 -0.149500 -0.034447
v 0.004183 -0.149500 -0.034447
v 0.006990 -0.149500 -0.034295
v -0.001678 -0.149500 -0.034960
v 0.004183 -0.149500 -0.034447
v -0.001678 -0.149500 -0.034960
v -0.004183 -0.149500 -0.034447
v -0.004183 -0.149500 -0.034447
v -0.001678 -0.149500 -0.034960
v -0.010243 -0.149500 -0.033468
v -0.004183 -0.149500 -0.034447
v -0.010243 -0.149500 -0.033468
v -0.012305 -0.149500 -0.032445
v -0.012305 -0.149500 -0.032445
v -0.010243 -0.149500 -0.033468
v -0.018176 -0.149500 -0.029910
v -0.012305 -0.149500 -0.032445
v -0.018176 -0.149500 -0.029910
v -0.019712 -0.149500 -0.028558
v -0.019712 -0.149500 -0.028558
v -0.018176 -0.149500 -0.029910
v -0.024988 -0.149500 -0.024508
v -0.019712 -0.149500 -0.028558
v -0.024988 -0.149500 -0.024508
v -0.025973 -0.149500 -0.023010
v -0.025973 -0.149500 -0.023010
v -0.024988 -0.149500 -0.024508
v -0.030257 -0.149500 -0.017593
v -0.025973 -0.149500 -0.023010
v -0.030257 -0.149500 -0.017593
v -0.030725 -0.149500 -0.016126
v -0.030725 -0.149500 -0.016126
v -0.030257 -0.149500 -0.017593
v -0.033660 -0.149500 -0.009592
v -0.030725 -0.149500 -0.016126
v -0.033660 -0.149500 -0.009592
v -0.033692 -0.149500 -0.008304
v -0.033692 -0.149500 -0.008304
v -0.033660 -0.149500 -0.009592
v -0.034986 -0.149500 -0.001000
v -0.033692 -0.149500 -0.008304
v -0.034986 -0.149500 -0.001000
v -0.034700 -0.149500 -0.001000
v -0.029637 -0.013166 0.041030
v -0.028942 -0.017575 0.040388
v -0.025071 -0.017578 0.042195
v -0.034418 -0.006355 0.039651
v -0.033394 -0.010482 0.039525
v -0.030303 -0.008734 0.041473
v -0.025445 -0.024033 0.040635
v -0.024210 -0.025276 0.040962
v -0.025071 -0.017578 0.042195
v -0.024210 -0.025276 0.040962
v -0.022444 -0.026856 0.041423
v -0.020245 -0.026409 0.042367
v -0.004169 -0.034752 0.043598
v -0.000000 -0.035000 0.043606
v -0.008092 -0.026419 0.044683
v -0.003471 -0.001098 0.046948
v -0.002823 -0.000000 0.046972
v -0.004026 -0.001328 0.046925
v -0.004026 -0.001328 0.046925
v -0.002823 -0.000000 0.046972
v -0.005649 -0.000000 0.046848
v -0.004026 -0.001328 0.046925
v -0.005649 -0.000000 0.046848
v -0.004481 -0.001734 0.046901
v -0.002287 -0.001233 0.046979
v -0.000000 -0.000000 0.047000
v -0.002529 -0.001137 0.046974
v -0.002529 -0.001137 0.046974
v -0.000000 -0.000000 0.047000
v -0.002823 -0.000000 0.046972
v -0.002529 -0.001137 0.046974
v -0.002823 -0.000000 0.046972
v -0.002868 -0.001065 0.046967
v -0.002868 -0.001065 0.046967
v -0.002823 -0.000000 0.046972
v -0.003471 -0.001098 0.046948
v -0.002287 -0.001233 0.046979
v -0.001793 -0.001586 0.046983
v -0.000000 -0.000000 0.047000
v -0.000000 -0.000000 0.047000
v -0.001793 -0.001586 0.046983
v -0.001444 -0.002079 0.046981
v -0.000000 -0.000000 0.047000
v -0.001444 -0.002079 0.046981
v -0.000000 -0.003116 0.046967
v -0.000000 -0.003116 0.046967
v -0.001444 -0.002079 0.046981
v -0.001269 -0.002858 0.046969
v -0.001660 -0.003977 0.046940
v -0.002119 -0.004387 0.046922
v -0.002159 -0.007990 0.046776
v -0.001660 -0.003977 0.046940
v -0.002159 -0.007990 0.046776
v -0.001369 -0.003451 0.046956
v -0.002119 -0.004387 0.046922
v -0.002669 -0.004612 0.046904
v -0.002159 -0.007990 0.046776
v -0.002159 -0.007990 0.046776
v -0.002669 -0.004612 0.046904
v -0.003283 -0.004646 0.046887
v -0.002159 -0.007990 0.046776
v -0.003283 -0.004646 0.046887
v -0.004925 -0.006342 0.046758
v -0.004925 -0.006342 0.046758
v -0.003283 -0.004646 0.046887
v -0.003857 -0.004477 0.046871
v -0.004925 -0.006342 0.046758
v -0.003857 -0.004477 0.046871
v -0.006251 -0.005552 0.046711
v -0.006251 -0.005552 0.046711
v -0.003857 -0.004477 0.046871
v -0.004354 -0.004118 0.046861
v -0.006251 -0.005552 0.046711
v -0.004354 -0.004118 0.046861
v -0.007069 -0.005065 0.046670
v -0.007069 -0.005065 0.046670
v -0.004354 -0.004118 0.046861
v -0.004692 -0.003635 0.046857
v -0.007069 -0.005065 0.046670
v -0.004692 -0.003635 0.046857
v -0.007688 -0.004696 0.046633
v -0.007688 -0.004696 0.046633
v -0.004692 -0.003635 0.046857
v -0.004871 -0.002857 0.046865
v -0.007688 -0.004696 0.046633
v -0.004871 -0.002857 0.046865
v -0.007695 -0.001062 0.046699
v -0.007695 -0.001062 0.046699
v -0.004871 -0.002857 0.046865
v -0.004769 -0.002263 0.046880
v -0.007695 -0.001062 0.046699
v -0.004769 -0.002263 0.046880
v -0.005832 -0.000003 0.046837
v -0.005832 -0.000003 0.046837
v -0.004769 -0.002263 0.046880
v -0.004481 -0.001734 0.046901
v -0.005832 -0.000003 0.046837
v -0.004481 -0.001734 0.046901
v -0.005785 0.000012 0.046840
v -0.005785 0.000012 0.046840
v -0.004481 -0.001734 0.046901
v -0.005649 -0.000000 0.046848
v -0.001269 -0.002858 0.046969
v -0.001369 -0.003451 0.046956
v -0.000000 -0.003116 0.046967
v -0.000000 -0.003116 0.046967
v -0.001369 -0.003451 0.046956
v -0.002159 -0.007990 0.046776
v -0.000000 -0.003116 0.046967
v -0.002159 -0.007990 0.046776
v -0.000000 -0.008717 0.046750
v -0.000000 -0.008717 0.046750
v -0.002159 -0.007990 0.046776
v -0.001379 -0.008933 0.046734
v -0.000000 -0.008717 0.046750
v -0.001379 -0.008933 0.046734
v -0.000000 -0.008728 0.046750
v -0.001379 -0.008933 0.046734
v -0.001269 -0.009520 0.046701
v -0.000000 -0.008728 0.046750
v -0.000000 -0.008728 0.046750
v -0.001269 -0.009520 0.046701
v -0.001342 -0.010047 0.046667
v -0.000000 -0.008728 0.046750
v -0.001342 -0.010047 0.046667
v -0.000000 -0.017595 0.046034
v -0.001342 -0.010047 0.046667
v -0.001348 -0.010067 0.046666
v -0.000000 -0.017595 0.046034
v -0.000000 -0.017595 0.046034
v -0.001348 -0.010067 0.046666
v -0.001617 -0.010612 0.046628
v -0.000000 -0.017595 0.046034
v -0.001617 -0.010612 0.046628
v -0.002058 -0.011043 0.046593
v -0.003229 -0.011354 0.046546
v -0.008373 -0.017593 0.045724
v -0.002610 -0.011302 0.046565
v -0.002610 -0.011302 0.046565
v -0.008373 -0.017593 0.045724
v -0.000000 -0.017595 0.046034
v -0.002610 -0.011302 0.046565
v -0.000000 -0.017595 0.046034
v -0.002086 -0.011062 0.046592
v -0.002086 -0.011062 0.046592
v -0.000000 -0.017595 0.046034
v -0.002058 -0.011043 0.046593
v -0.022444 -0.026856 0.041423
v -0.019224 -0.029248 0.042179
v -0.020245 -0.026409 0.042367
v -0.020245 -0.026409 0.042367
v -0.019224 -0.029248 0.042179
v -0.015807 -0.031228 0.042802
v -0.020245 -0.026409 0.042367
v -0.015807 -0.031228 0.042802
v -0.016266 -0.026421 0.043496
v -0.016266 -0.026421 0.043496
v -0.015807 -0.031228 0.042802
v -0.012143 -0.032826 0.043245
v -0.016266 -0.026421 0.043496
v -0.012143 -0.032826 0.043245
v -0.008092 -0.026419 0.044683
v -0.008092 -0.026419 0.044683
v -0.012143 -0.032826 0.043245
v -0.008245 -0.034015 0.043500
v -0.008092 -0.026419 0.044683
v -0.008245 -0.034015 0.043500
v -0.004169 -0.034752 0.043598
v -0.025071 -0.017578 0.042195
v -0.024210 -0.025276 0.040962
v -0.021007 -0.017586 0.043561
v -0.025445 -0.024033 0.040635
v -0.025071 -0.017578 0.042195
v -0.028107 -0.020856 0.039986
v -0.028107 -0.020856 0.039986
v -0.025071 -0.017578 0.042195
v -0.028942 -0.017575 0.040388
v -0.028107 -0.020856 0.039986
v -0.028942 -0.017575 0.040388
v -0.030264 -0.017581 0.039614
v -0.030264 -0.017581 0.039614
v -0.028942 -0.017575 0.040388
v -0.029637 -0.013166 0.041030
v -0.030264 -0.017581 0.039614
v -0.029637 -0.013166 0.041030
v -0.032031 -0.014108 0.039484
v -0.035000 -0.000000 0.039764
v -0.034922 -0.002338 0.039747
v -0.030252 -0.000000 0.042092
v -0.030252 -0.000000 0.042092
v -0.034922 -0.002338 0.039747
v -0.030932 -0.004272 0.041668
v -0.030252 -0.000000 0.042092
v -0.030932 -0.004272 0.041668
v -0.030041 -0.000000 0.042174
v -0.034922 -0.002338 0.039747
v -0.034418 -0.006355 0.039651
v -0.030932 -0.004272 0.041668
v -0.030932 -0.004272 0.041668
v -0.034418 -0.006355 0.039651
v -0.030303 -0.008734 0.041473
v -0.030932 -0.004272 0.041668
v -0.030303 -0.008734 0.041473
v -0.030041 -0.000000 0.042174
v -0.030041 -0.000000 0.042174
v -0.030303 -0.008734 0.041473
v -0.026135 -0.008719 0.043063
v -0.030041 -0.000000 0.042174
v -0.026135 -0.008719 0.043063
v -0.024742 -0.000000 0.043878
v -0.024742 -0.000000 0.043878
v -0.026135 -0.008719 0.043063
v -0.021855 -0.008714 0.044274
v -0.010947 -0.006906 0.046241
v -0.017509 -0.008715 0.045197
v -0.010530 -0.007304 0.046269
v -0.010530 -0.007304 0.046269
v -0.017509 -0.008715 0.045197
v -0.008724 -0.008718 0.046379
v -0.010530 -0.007304 0.046269
v -0.008724 -0.008718 0.046379
v -0.003998 -0.011115 0.046537
v -0.011341 -0.000012 0.046343
v -0.011340 -0.000006 0.046343
v -0.013576 -0.000000 0.046062
v -0.013576 -0.000000 0.046062
v -0.011340 -0.000006 0.046343
v -0.011338 -0.000003 0.046343
v -0.013576 -0.000000 0.046062
v -0.011338 -0.000003 0.046343
v -0.011334 -0.000000 0.046344
v -0.013576 -0.000000 0.046062
v -0.018359 -0.000000 0.045302
v -0.017509 -0.008715 0.045197
v -0.017509 -0.008715 0.045197
v -0.018359 -0.000000 0.045302
v -0.022097 -0.000000 0.044534
v -0.017509 -0.008715 0.045197
v -0.022097 -0.000000 0.044534
v -0.021855 -0.008714 0.044274
v -0.021855 -0.008714 0.044274
v -0.022097 -0.000000 0.044534
v -0.022464 -0.000000 0.044449
v -0.021855 -0.008714 0.044274
v -0.022464 -0.000000 0.044449
v -0.024742 -0.000000 0.043878
v -0.010947 -0.006906 0.046241
v -0.011210 -0.006513 0.046227
v -0.017509 -0.008715 0.045197
v -0.017509 -0.008715 0.045197
v -0.011210 -0.006513 0.046227
v -0.011327 -0.005916 0.046236
v -0.017509 -0.008715 0.045197
v -0.011327 -0.005916 0.046236
v -0.013576 -0.000000 0.046062
v -0.013576 -0.000000 0.046062
v -0.011327 -0.005916 0.046236
v -0.011341 -0.000019 0.046343
v -0.013576 -0.000000 0.046062
v -0.011341 -0.000019 0.046343
v -0.011341 -0.000012 0.046343
v -0.024210 -0.025276 0.040962
v -0.020245 -0.026409 0.042367
v -0.021007 -0.017586 0.043561
v -0.021007 -0.017586 0.043561
v -0.020245 -0.026409 0.042367
v -0.016266 -0.026421 0.043496
v -0.021007 -0.017586 0.043561
v -0.016266 -0.026421 0.043496
v -0.016836 -0.017591 0.044564
v -0.016836 -0.017591 0.044564
v -0.016266 -0.026421 0.043496
v -0.008092 -0.026419 0.044683
v -0.016836 -0.017591 0.044564
v -0.008092 -0.026419 0.044683
v -0.008373 -0.017593 0.045724
v -0.008373 -0.017593 0.045724
v -0.008092 -0.026419 0.044683
v -0.000000 -0.035000 0.043606
v -0.008373 -0.017593 0.045724
v -0.000000 -0.035000 0.043606
v -0.000000 -0.017595 0.046034
v -0.003229 -0.011354 0.046546
v -0.003998 -0.011115 0.046537
v -0.008373 -0.017593 0.045724
v -0.008373 -0.017593 0.045724
v -0.003998 -0.011115 0.046537
v -0.008724 -0.008718 0.046379
v -0.008373 -0.017593 0.045724
v -0.008724 -0.008718 0.046379
v -0.016836 -0.017591 0.044564
v -0.016836 -0.017591 0.044564
v -0.008724 -0.008718 0.046379
v -0.017509 -0.008715 0.045197
v -0.016836 -0.017591 0.044564
v -0.017509 -0.008715 0.045197
v -0.021007 -0.017586 0.043561
v -0.021007 -0.017586 0.043561
v -0.017509 -0.008715 0.045197
v -0.021855 -0.008714 0.044274
v -0.021007 -0.017586 0.043561
v -0.021855 -0.008714 0.044274
v -0.025071 -0.017578 0.042195
v -0.025071 -0.017578 0.042195
v -0.021855 -0.008714 0.044274
v -0.026135 -0.008719 0.043063
v -0.025071 -0.017578 0.042195
v -0.026135 -0.008719 0.043063
v -0.029637 -0.013166 0.041030
v -0.029637 -0.013166 0.041030
v -0.026135 -0.008719 0.043063
v -0.030303 -0.008734 0.041473
v -0.029637 -0.013166 0.041030
v -0.030303 -0.008734 0.041473
v -0.032031 -0.014108 0.039484
v -0.032031 -0.014108 0.039484
v -0.030303 -0.008734 0.041473
v -0.033394 -0.010482 0.039525
v -0.009012 0.039485 0.031471
v -0.012515 0.038518 0.031471
v -0.012404 0.038177 0.033879
v -0.039485 0.009012 0.031471
v -0.040001 0.006336 0.031471
v -0.039648 0.006280 0.033879
v -0.034709 0.017685 0.036237
v -0.033043 0.016836 0.038248
v -0.030002 0.021798 0.038248
v -0.008387 0.033980 0.039764
v -0.005475 0.034569 0.039764
v -0.005801 0.036628 0.038248
v -0.012764 0.032590 0.039764
v -0.010816 0.033287 0.039764
v -0.011460 0.035270 0.038248
v -0.024749 0.024749 0.039764
v -0.020572 0.028316 0.039764
v -0.021798 0.030002 0.038248
v -0.028316 0.020572 0.039764
v -0.024749 0.024749 0.039764
v -0.026223 0.026223 0.038248
v -0.034079 0.007977 0.039764
v -0.033287 0.010816 0.039764
v -0.035270 0.011460 0.038248
v -0.035000 -0.000000 0.039764
v -0.034569 0.005475 0.039764
v -0.036628 0.005801 0.038248
v 0.000000 0.040500 0.031471
v -0.006336 0.040001 0.031471
v -0.000000 0.040408 0.032716
v -0.000000 0.040408 0.032716
v -0.006336 0.040001 0.031471
v -0.006280 0.039648 0.033879
v -0.000000 0.040408 0.032716
v -0.006280 0.039648 0.033879
v -0.000000 0.040142 0.033879
v -0.000000 0.040142 0.033879
v -0.006280 0.039648 0.033879
v -0.006115 0.038610 0.036041
v -0.000000 0.040142 0.033879
v -0.006115 0.038610 0.036041
v -0.000000 0.039883 0.034587
v -0.000000 0.039883 0.034587
v -0.006115 0.038610 0.036041
v -0.006094 0.038475 0.036237
v -0.000000 0.039883 0.034587
v -0.006094 0.038475 0.036237
v -0.000000 0.038850 0.036381
v -0.000000 0.038850 0.036381
v -0.006094 0.038475 0.036237
v -0.005801 0.036628 0.038248
v -0.000000 0.038850 0.036381
v -0.005801 0.036628 0.038248
v -0.000000 0.037353 0.038013
v -0.000000 0.037353 0.038013
v -0.005801 0.036628 0.038248
v -0.005475 0.034569 0.039764
v -0.000000 0.037353 0.038013
v -0.005475 0.034569 0.039764
v -0.000000 0.035000 0.039764
v -0.028316 0.020572 0.039764
v -0.030002 0.021798 0.038248
v -0.031185 0.015890 0.039764
v -0.031185 0.015890 0.039764
v -0.030002 0.021798 0.038248
v -0.033043 0.016836 0.038248
v -0.031185 0.015890 0.039764
v -0.033043 0.016836 0.038248
v -0.032694 0.012494 0.039764
v -0.012764 0.032590 0.039764
v -0.011460 0.035270 0.038248
v -0.015890 0.031185 0.039764
v -0.033287 0.010816 0.039764
v -0.032694 0.012494 0.039764
v -0.035270 0.011460 0.038248
v -0.035270 0.011460 0.038248
v -0.032694 0.012494 0.039764
v -0.033043 0.016836 0.038248
v -0.035270 0.011460 0.038248
v -0.033043 0.016836 0.038248
v -0.037048 0.012038 0.036237
v -0.037048 0.012038 0.036237
v -0.033043 0.016836 0.038248
v -0.034709 0.017685 0.036237
v -0.037048 0.012038 0.036237
v -0.034709 0.017685 0.036237
v -0.037178 0.012080 0.036041
v -0.035000 -0.000000 0.039764
v -0.036628 0.005801 0.038248
v -0.037085 -0.000000 0.038248
v -0.037085 -0.000000 0.038248
v -0.036628 0.005801 0.038248
v -0.038475 0.006094 0.036237
v -0.037085 -0.000000 0.038248
v -0.038475 0.006094 0.036237
v -0.038955 -0.000000 0.036237
v -0.038955 -0.000000 0.036237
v -0.038475 0.006094 0.036237
v -0.038610 0.006115 0.036041
v -0.038955 -0.000000 0.036237
v -0.038610 0.006115 0.036041
v -0.039091 -0.000000 0.036041
v -0.034569 0.005475 0.039764
v -0.034079 0.007977 0.039764
v -0.036628 0.005801 0.038248
v -0.036628 0.005801 0.038248
v -0.034079 0.007977 0.039764
v -0.035270 0.011460 0.038248
v -0.036628 0.005801 0.038248
v -0.035270 0.011460 0.038248
v -0.038475 0.006094 0.036237
v -0.038475 0.006094 0.036237
v -0.035270 0.011460 0.038248
v -0.037048 0.012038 0.036237
v -0.038475 0.006094 0.036237
v -0.037048 0.012038 0.036237
v -0.038610 0.006115 0.036041
v -0.038610 0.006115 0.036041
v -0.037048 0.012038 0.036237
v -0.037178 0.012080 0.036041
v -0.038610 0.006115 0.036041
v -0.037178 0.012080 0.036041
v -0.039648 0.006280 0.033879
v -0.027642 0.027641 0.036041
v -0.028384 0.028384 0.033879
v -0.032475 0.023595 0.033879
v -0.023595 0.032475 0.033879
v -0.028384 0.028384 0.033879
v -0.022977 0.031625 0.036041
v -0.022977 0.031625 0.036041
v -0.028384 0.028384 0.033879
v -0.027642 0.027641 0.036041
v -0.022977 0.031625 0.036041
v -0.027642 0.027641 0.036041
v -0.022897 0.031515 0.036237
v -0.017572 0.036489 0.031471
v -0.018387 0.036086 0.031471
v -0.018224 0.035767 0.033879
v -0.018224 0.035767 0.033879
v -0.018387 0.036086 0.031471
v -0.023595 0.032475 0.033879
v -0.018224 0.035767 0.033879
v -0.023595 0.032475 0.033879
v -0.017747 0.034830 0.036041
v -0.017747 0.034830 0.036041
v -0.023595 0.032475 0.033879
v -0.022977 0.031625 0.036041
v -0.017747 0.034830 0.036041
v -0.022977 0.031625 0.036041
v -0.017685 0.034709 0.036237
v -0.017685 0.034709 0.036237
v -0.022977 0.031625 0.036041
v -0.022897 0.031515 0.036237
v -0.017685 0.034709 0.036237
v -0.022897 0.031515 0.036237
v -0.016836 0.033043 0.038248
v -0.039091 -0.000000 0.036041
v -0.038610 0.006115 0.036041
v -0.040105 -0.000000 0.033992
v -0.040105 -0.000000 0.033992
v -0.038610 0.006115 0.036041
v -0.039648 0.006280 0.033879
v -0.040105 -0.000000 0.033992
v -0.039648 0.006280 0.033879
v -0.040142 -0.000000 0.033879
v -0.040142 -0.000000 0.033879
v -0.039648 0.006280 0.033879
v -0.040001 0.006336 0.031471
v -0.040142 -0.000000 0.033879
v -0.040001 0.006336 0.031471
v -0.040500 -0.000000 0.031471
v -0.028316 0.020572 0.039764
v -0.026223 0.026223 0.038248
v -0.030002 0.021798 0.038248
v -0.030002 0.021798 0.038248
v -0.026223 0.026223 0.038248
v -0.031515 0.022897 0.036237
v -0.030002 0.021798 0.038248
v -0.031515 0.022897 0.036237
v -0.034709 0.017685 0.036237
v -0.034709 0.017685 0.036237
v -0.031515 0.022897 0.036237
v -0.034830 0.017747 0.036041
v -0.034709 0.017685 0.036237
v -0.034830 0.017747 0.036041
v -0.037178 0.012080 0.036041
v -0.037178 0.012080 0.036041
v -0.034830 0.017747 0.036041
v -0.038177 0.012404 0.033879
v -0.037178 0.012080 0.036041
v -0.038177 0.012404 0.033879
v -0.039648 0.006280 0.033879
v -0.039648 0.006280 0.033879
v -0.038177 0.012404 0.033879
v -0.038518 0.012515 0.031471
v -0.039648 0.006280 0.033879
v -0.038518 0.012515 0.031471
v -0.039485 0.009012 0.031471
v -0.035767 0.018224 0.033879
v -0.036086 0.018387 0.031471
v -0.036489 0.017572 0.031471
v -0.024749 0.024749 0.039764
v -0.021798 0.030002 0.038248
v -0.026223 0.026223 0.038248
v -0.026223 0.026223 0.038248
v -0.021798 0.030002 0.038248
v -0.027545 0.027545 0.036237
v -0.026223 0.026223 0.038248
v -0.027545 0.027545 0.036237
v -0.031515 0.022897 0.036237
v -0.031515 0.022897 0.036237
v -0.027545 0.027545 0.036237
v -0.031625 0.022977 0.036041
v -0.031515 0.022897 0.036237
v -0.031625 0.022977 0.036041
v -0.034830 0.017747 0.036041
v -0.034830 0.017747 0.036041
v -0.031625 0.022977 0.036041
v -0.035767 0.018224 0.033879
v -0.034830 0.017747 0.036041
v -0.035767 0.018224 0.033879
v -0.038177 0.012404 0.033879
v -0.038177 0.012404 0.033879
v -0.035767 0.018224 0.033879
v -0.036489 0.017572 0.031471
v -0.038177 0.012404 0.033879
v -0.036489 0.017572 0.031471
v -0.038518 0.012515 0.031471
v -0.020572 0.028316 0.039764
v -0.016836 0.033043 0.038248
v -0.021798 0.030002 0.038248
v -0.021798 0.030002 0.038248
v -0.016836 0.033043 0.038248
v -0.022897 0.031515 0.036237
v -0.021798 0.030002 0.038248
v -0.022897 0.031515 0.036237
v -0.027545 0.027545 0.036237
v -0.027545 0.027545 0.036237
v -0.022897 0.031515 0.036237
v -0.027642 0.027641 0.036041
v -0.027545 0.027545 0.036237
v -0.027642 0.027641 0.036041
v -0.031625 0.022977 0.036041
v -0.031625 0.022977 0.036041
v -0.027642 0.027641 0.036041
v -0.032475 0.023595 0.033879
v -0.031625 0.022977 0.036041
v -0.032475 0.023595 0.033879
v -0.035767 0.018224 0.033879
v -0.035767 0.018224 0.033879
v -0.032475 0.023595 0.033879
v -0.032765 0.023805 0.031471
v -0.035767 0.018224 0.033879
v -0.032765 0.023805 0.031471
v -0.036086 0.018387 0.031471
v -0.018387 0.036086 0.031471
v -0.023805 0.032765 0.031471
v -0.023595 0.032475 0.033879
v -0.023595 0.032475 0.033879
v -0.023805 0.032765 0.031471
v -0.025251 0.031664 0.031471
v -0.023595 0.032475 0.033879
v -0.025251 0.031664 0.031471
v -0.028384 0.028384 0.033879
v -0.028384 0.028384 0.033879
v -0.025251 0.031664 0.031471
v -0.028638 0.028638 0.031471
v -0.028384 0.028384 0.033879
v -0.028638 0.028638 0.031471
v -0.032475 0.023595 0.033879
v -0.032475 0.023595 0.033879
v -0.028638 0.028638 0.031471
v -0.031664 0.025251 0.031471
v -0.032475 0.023595 0.033879
v -0.031664 0.025251 0.031471
v -0.032765 0.023805 0.031471
v -0.012515 0.038518 0.031471
v -0.017572 0.036489 0.031471
v -0.012404 0.038177 0.033879
v -0.012404 0.038177 0.033879
v -0.017572 0.036489 0.031471
v -0.018224 0.035767 0.033879
v -0.012404 0.038177 0.033879
v -0.018224 0.035767 0.033879
v -0.012080 0.037178 0.036041
v -0.012080 0.037178 0.036041
v -0.018224 0.035767 0.033879
v -0.017747 0.034830 0.036041
v -0.012080 0.037178 0.036041
v -0.017747 0.034830 0.036041
v -0.012038 0.037048 0.036237
v -0.012038 0.037048 0.036237
v -0.017747 0.034830 0.036041
v -0.017685 0.034709 0.036237
v -0.012038 0.037048 0.036237
v -0.017685 0.034709 0.036237
v -0.011460 0.035270 0.038248
v -0.011460 0.035270 0.038248
v -0.017685 0.034709 0.036237
v -0.016836 0.033043 0.038248
v -0.011460 0.035270 0.038248
v -0.016836 0.033043 0.038248
v -0.015890 0.031185 0.039764
v -0.015890 0.031185 0.039764
v -0.016836 0.033043 0.038248
v -0.020572 0.028316 0.039764
v -0.006336 0.040001 0.031471
v -0.009012 0.039485 0.031471
v -0.006280 0.039648 0.033879
v -0.006280 0.039648 0.033879
v -0.009012 0.039485 0.031471
v -0.012404 0.038177 0.033879
v -0.006280 0.039648 0.033879
v -0.012404 0.038177 0.033879
v -0.006115 0.038610 0.036041
v -0.006115 0.038610 0.036041
v -0.012404 0.038177 0.033879
v -0.012080 0.037178 0.036041
v -0.006115 0.038610 0.036041
v -0.012080 0.037178 0.036041
v -0.006094 0.038475 0.036237
v -0.006094 0.038475 0.036237
v -0.012080 0.037178 0.036041
v -0.012038 0.037048 0.036237
v -0.006094 0.038475 0.036237
v -0.012038 0.037048 0.036237
v -0.005801 0.036628 0.038248
v -0.005801 0.036628 0.038248
v -0.012038 0.037048 0.036237
v -0.011460 0.035270 0.038248
v -0.005801 0.036628 0.038248
v -0.011460 0.035270 0.038248
v -0.008387 0.033980 0.039764
v -0.008387 0.033980 0.039764
v -0.011460 0.035270 0.038248
v -0.010816 0.033287 0.039764
v -0.039485 0.009012 0.031471
v -0.040488 0.001000 0.019471
v -0.040001 0.006336 0.031471
v -0.040001 0.006336 0.031471
v -0.040488 0.001000 0.019471
v -0.040500 -0.000000 0.019471
v -0.040001 0.006336 0.031471
v -0.040500 -0.000000 0.019471
v -0.040500 -0.000000 0.031471
v -0.040487 -0.001000 0.019471
v -0.040488 -0.001000 0.016461
v -0.040186 -0.005031 0.019471
v -0.040186 -0.005031 0.019471
v -0.040488 -0.001000 0.016461
v -0.039485 -0.009012 0.016461
v -0.040186 -0.005031 0.019471
v -0.039485 -0.009012 0.016461
v -0.039885 -0.007030 0.019471
v -0.036489 -0.017572 0.016461
v -0.036862 -0.016777 0.016483
v -0.039485 -0.009012 0.016461
v -0.039485 -0.009012 0.016461
v -0.036862 -0.016777 0.016483
v -0.036916 -0.016658 0.016487
v -0.039485 -0.009012 0.016461
v -0.036916 -0.016658 0.016487
v -0.036930 -0.016625 0.016500
v -0.036934 -0.016617 0.016640
v -0.036736 -0.017051 0.019471
v -0.038322 -0.013104 0.019471
v -0.036934 -0.016617 0.016640
v -0.038322 -0.013104 0.019471
v -0.036939 -0.016607 0.016535
v -0.039885 -0.007030 0.019471
v -0.039485 -0.009012 0.016461
v -0.039485 -0.009012 0.019471
v -0.039485 -0.009012 0.019471
v -0.039485 -0.009012 0.016461
v -0.036930 -0.016625 0.016500
v -0.039485 -0.009012 0.019471
v -0.036930 -0.016625 0.016500
v -0.038322 -0.013104 0.019471
v -0.038322 -0.013104 0.019471
v -0.036930 -0.016625 0.016500
v -0.036936 -0.016612 0.016515
v -0.038322 -0.013104 0.019471
v -0.036936 -0.016612 0.016515
v -0.036939 -0.016607 0.016535
v -0.033505 -0.022752 0.016472
v -0.031664 -0.025251 0.016461
v -0.031855 -0.025010 0.016471
v -0.031855 -0.025010 0.016471
v -0.031664 -0.025251 0.016461
v -0.031664 -0.025251 0.016471
v -0.033505 -0.022752 0.016472
v -0.034265 -0.021590 0.016472
v -0.031664 -0.025251 0.016461
v -0.031664 -0.025251 0.016461
v -0.034265 -0.021590 0.016472
v -0.036308 -0.017944 0.016473
v -0.031664 -0.025251 0.016461
v -0.036308 -0.017944 0.016473
v -0.036489 -0.017572 0.016461
v -0.036489 -0.017572 0.016461
v -0.036308 -0.017944 0.016473
v -0.036489 -0.017572 0.016473
v -0.036489 -0.017572 0.016461
v -0.036489 -0.017572 0.016473
v -0.036862 -0.016777 0.016483
v -0.031664 -0.025251 0.016471
v -0.031664 -0.025251 0.016461
v -0.029076 -0.028193 0.016471
v -0.029076 -0.028193 0.016471
v -0.031664 -0.025251 0.016461
v -0.025251 -0.031664 0.016461
v -0.029076 -0.028193 0.016471
v -0.025251 -0.031664 0.016461
v -0.025960 -0.031086 0.016471
v -0.023295 -0.033130 0.016471
v -0.024634 -0.032147 0.016471
v -0.025251 -0.031664 0.016461
v -0.025251 -0.031664 0.016461
v -0.024634 -0.032147 0.016471
v -0.025251 -0.031664 0.016471
v -0.025251 -0.031664 0.016461
v -0.025251 -0.031664 0.016471
v -0.025960 -0.031086 0.016471
v -0.023295 -0.033130 0.016471
v -0.025251 -0.031664 0.016461
v -0.022820 -0.033459 0.016471
v -0.022820 -0.033459 0.016471
v -0.025251 -0.031664 0.016461
v -0.017572 -0.036489 0.016461
v -0.022820 -0.033459 0.016471
v -0.017572 -0.036489 0.016461
v -0.022484 -0.033686 0.016471
v -0.014553 -0.037795 0.016471
v -0.017572 -0.036489 0.016471
v -0.017572 -0.036489 0.016461
v -0.017572 -0.036489 0.016461
v -0.017572 -0.036489 0.016471
v -0.018631 -0.035960 0.016471
v -0.017572 -0.036489 0.016461
v -0.018631 -0.035960 0.016471
v -0.022484 -0.033686 0.016471
v -0.010296 -0.039170 0.016471
v -0.011908 -0.038710 0.016471
v -0.009012 -0.039485 0.016461
v -0.009012 -0.039485 0.016461
v -0.011908 -0.038710 0.016471
v -0.012780 -0.038431 0.016471
v -0.009012 -0.039485 0.016461
v -0.012780 -0.038431 0.016471
v -0.017572 -0.036489 0.016461
v -0.017572 -0.036489 0.016461
v -0.012780 -0.038431 0.016471
v -0.014392 -0.037857 0.016471
v -0.017572 -0.036489 0.016461
v -0.014392 -0.037857 0.016471
v -0.014553 -0.037795 0.016471
v 0.000000 -0.040500 0.016461
v 0.000001 -0.040500 0.016470
v -0.001473 -0.040474 0.016471
v -0.001473 -0.040474 0.016471
v -0.005914 -0.040066 0.016471
v 0.000000 -0.040500 0.016461
v 0.000000 -0.040500 0.016461
v -0.005914 -0.040066 0.016471
v -0.006462 -0.039981 0.016471
v 0.000000 -0.040500 0.016461
v -0.006462 -0.039981 0.016471
v -0.009012 -0.039485 0.016461
v -0.009012 -0.039485 0.016461
v -0.006462 -0.039981 0.016471
v -0.009012 -0.039485 0.016471
v -0.009012 -0.039485 0.016461
v -0.009012 -0.039485 0.016471
v -0.010296 -0.039170 0.016471
v 0.009012 -0.039485 0.016461
v 0.009012 -0.039485 0.016471
v 0.008416 -0.039616 0.016471
v 0.000001 -0.040500 0.016470
v 0.000000 -0.040500 0.016461
v 0.004248 -0.040277 0.016471
v 0.004248 -0.040277 0.016471
v 0.000000 -0.040500 0.016461
v 0.009012 -0.039485 0.016461
v 0.004248 -0.040277 0.016471
v 0.009012 -0.039485 0.016461
v 0.005673 -0.040101 0.016471
v 0.005673 -0.040101 0.016471
v 0.009012 -0.039485 0.016461
v 0.008416 -0.039616 0.016471
v 0.005673 -0.040101 0.016471
v 0.008416 -0.039616 0.016471
v 0.006434 -0.039986 0.016471
v 0.009012 -0.039485 0.016471
v 0.009012 -0.039485 0.016461
v 0.012493 -0.038525 0.016471
v 0.012493 -0.038525 0.016471
v 0.009012 -0.039485 0.016461
v 0.017572 -0.036489 0.016461
v 0.012493 -0.038525 0.016471
v 0.017572 -0.036489 0.016461
v 0.013404 -0.038217 0.016471
v 0.023199 -0.033197 0.016471
v 0.022816 -0.033462 0.016471
v 0.025251 -0.031664 0.016461
v 0.022816 -0.033462 0.016471
v 0.020888 -0.034698 0.016471
v 0.025251 -0.031664 0.016461
v 0.025251 -0.031664 0.016461
v 0.020888 -0.034698 0.016471
v 0.019708 -0.035382 0.016471
v 0.025251 -0.031664 0.016461
v 0.019708 -0.035382 0.016471
v 0.017572 -0.036489 0.016461
v 0.017572 -0.036489 0.016461
v 0.019708 -0.035382 0.016471
v 0.017315 -0.036612 0.016471
v 0.017572 -0.036489 0.016461
v 0.017315 -0.036612 0.016471
v 0.013404 -0.038217 0.016471
v 0.031664 -0.025251 0.016461
v 0.031664 -0.025251 0.016471
v 0.030921 -0.026156 0.016471
v 0.026351 -0.030755 0.016471
v 0.025251 -0.031664 0.016471
v 0.025251 -0.031664 0.016461
v 0.025251 -0.031664 0.016461
v 0.025251 -0.031664 0.016471
v 0.023477 -0.033001 0.016471
v 0.025251 -0.031664 0.016461
v 0.023477 -0.033001 0.016471
v 0.023199 -0.033197 0.016471
v 0.030921 -0.026156 0.016471
v 0.030083 -0.027115 0.016471
v 0.031664 -0.025251 0.016461
v 0.031664 -0.025251 0.016461
v 0.030083 -0.027115 0.016471
v 0.029491 -0.027759 0.016471
v 0.031664 -0.025251 0.016461
v 0.029491 -0.027759 0.016471
v 0.025251 -0.031664 0.016461
v 0.025251 -0.031664 0.016461
v 0.029491 -0.027759 0.016471
v 0.026948 -0.030233 0.016471
v 0.025251 -0.031664 0.016461
v 0.026948 -0.030233 0.016471
v 0.026351 -0.030755 0.016471
v 0.031664 -0.025251 0.016471
v 0.031664 -0.025251 0.016461
v 0.032864 -0.023669 0.016472
v 0.032864 -0.023669 0.016472
v 0.031664 -0.025251 0.016461
v 0.036489 -0.017572 0.016461
v 0.032864 -0.023669 0.016472
v 0.036489 -0.017572 0.016461
v 0.035264 -0.019918 0.016473
v 0.036939 -0.016606 0.016536
v 0.039485 -0.009012 0.019471
v 0.036935 -0.016614 0.016618
v 0.036935 -0.016614 0.016618
v 0.039485 -0.009012 0.019471
v 0.038322 -0.013104 0.019471
v 0.036935 -0.016614 0.016618
v 0.038322 -0.013104 0.019471
v 0.036862 -0.016775 0.017467
v 0.036862 -0.016775 0.017467
v 0.038322 -0.013104 0.019471
v 0.036736 -0.017051 0.019471
v 0.036939 -0.016606 0.016536
v 0.036936 -0.016613 0.016512
v 0.039485 -0.009012 0.019471
v 0.039485 -0.009012 0.019471
v 0.036936 -0.016613 0.016512
v 0.036929 -0.016628 0.016497
v 0.039485 -0.009012 0.019471
v 0.036929 -0.016628 0.016497
v 0.039485 -0.009012 0.016461
v 0.036929 -0.016628 0.016497
v 0.036907 -0.016677 0.016484
v 0.039485 -0.009012 0.016461
v 0.039485 -0.009012 0.016461
v 0.036907 -0.016677 0.016484
v 0.036894 -0.016706 0.016484
v 0.039485 -0.009012 0.016461
v 0.036894 -0.016706 0.016484
v 0.036489 -0.017572 0.016461
v 0.036489 -0.017572 0.016461
v 0.036894 -0.016706 0.016484
v 0.036489 -0.017572 0.016474
v 0.036489 -0.017572 0.016461
v 0.036489 -0.017572 0.016474
v 0.035264 -0.019918 0.016473
v 0.040436 -0.002271 0.019471
v 0.040357 -0.003404 0.019471
v 0.040500 -0.000000 0.016461
v 0.040500 -0.000000 0.016461
v 0.040357 -0.003404 0.019471
v 0.040245 -0.004535 0.019471
v 0.040500 -0.000000 0.016461
v 0.040245 -0.004535 0.019471
v 0.039485 -0.009012 0.016461
v 0.039485 -0.009012 0.016461
v 0.040245 -0.004535 0.019471
v 0.039928 -0.006784 0.019471
v 0.039485 -0.009012 0.016461
v 0.039928 -0.006784 0.019471
v 0.039485 -0.009012 0.019471
v 0.040334 0.003661 0.031471
v 0.040500 -0.000000 0.031471
v 0.040500 -0.000000 0.019471
v 0.040436 -0.002271 0.019471
v 0.040500 -0.000000 0.016461
v 0.040500 -0.000000 0.019471
v 0.040500 -0.000000 0.019471
v 0.040500 -0.000000 0.016461
v 0.039485 0.009012 0.016461
v 0.040500 -0.000000 0.019471
v 0.039485 0.009012 0.016461
v 0.040334 0.003661 0.031471
v 0.036489 0.017572 0.016461
v 0.037621 0.014998 0.031471
v 0.039485 0.009012 0.016461
v 0.039485 0.009012 0.016461
v 0.037621 0.014998 0.031471
v 0.039485 0.009012 0.031471
v 0.039485 0.009012 0.016461
v 0.039485 0.009012 0.031471
v 0.040334 0.003661 0.031471
v 0.031664 0.025251 0.016461
v 0.033816 0.022287 0.031471
v 0.036489 0.017572 0.016461
v 0.036489 0.017572 0.016461
v 0.033816 0.022287 0.031471
v 0.036489 0.017572 0.031471
v 0.036489 0.017572 0.016461
v 0.036489 0.017572 0.031471
v 0.037621 0.014998 0.031471
v 0.025251 0.031664 0.031471
v 0.028495 0.028780 0.031471
v 0.025251 0.031664 0.016461
v 0.025251 0.031664 0.016461
v 0.028495 0.028780 0.031471
v 0.031331 0.025663 0.031471
v 0.025251 0.031664 0.016461
v 0.031331 0.025663 0.031471
v 0.031664 0.025251 0.016461
v 0.031664 0.025251 0.016461
v 0.031331 0.025663 0.031471
v 0.031664 0.025251 0.031471
v 0.031664 0.025251 0.016461
v 0.031664 0.025251 0.031471
v 0.033816 0.022287 0.031471
v 0.025251 0.031664 0.031471
v 0.025251 0.031664 0.016461
v 0.021953 0.034034 0.031471
v 0.021953 0.034034 0.031471
v 0.025251 0.031664 0.016461
v 0.017572 0.036489 0.016461
v 0.021953 0.034034 0.031471
v 0.017572 0.036489 0.016461
v 0.017572 0.036489 0.031471
v 0.017572 0.036489 0.031471
v 0.017572 0.036489 0.016461
v 0.014638 0.037762 0.031471
v 0.014638 0.037762 0.031471
v 0.017572 0.036489 0.016461
v 0.009012 0.039485 0.016461
v 0.014638 0.037762 0.031471
v 0.009012 0.039485 0.016461
v 0.009012 0.039485 0.031471
v 0.009012 0.039485 0.031471
v 0.009012 0.039485 0.016461
v 0.003307 0.040365 0.031471
v 0.003307 0.040365 0.031471
v 0.009012 0.039485 0.016461
v 0.000000 0.040500 0.016461
v 0.003307 0.040365 0.031471
v 0.000000 0.040500 0.016461
v 0.000000 0.040500 0.031471
v 0.000000 0.040500 0.031471
v 0.000000 0.040500 0.016461
v -0.006336 0.040001 0.031471
v -0.006336 0.040001 0.031471
v 0.000000 0.040500 0.016461
v -0.009012 0.039485 0.016461
v -0.006336 0.040001 0.031471
v -0.009012 0.039485 0.016461
v -0.009012 0.039485 0.031471
v -0.009012 0.039485 0.031471
v -0.009012 0.039485 0.016461
v -0.012515 0.038518 0.031471
v -0.012515 0.038518 0.031471
v -0.009012 0.039485 0.016461
v -0.017572 0.036489 0.016461
v -0.012515 0.038518 0.031471
v -0.017572 0.036489 0.016461
v -0.017572 0.036489 0.031471
v -0.017572 0.036489 0.031471
v -0.017572 0.036489 0.016461
v -0.018387 0.036086 0.031471
v -0.018387 0.036086 0.031471
v -0.017572 0.036489 0.016461
v -0.025251 0.031664 0.016461
v -0.018387 0.036086 0.031471
v -0.025251 0.031664 0.016461
v -0.023805 0.032765 0.031471
v -0.032765 0.023805 0.031471
v -0.031664 0.025251 0.031471
v -0.031664 0.025251 0.016461
v -0.031664 0.025251 0.016461
v -0.031664 0.025251 0.031471
v -0.028638 0.028638 0.031471
v -0.031664 0.025251 0.016461
v -0.028638 0.028638 0.031471
v -0.025251 0.031664 0.016461
v -0.025251 0.031664 0.016461
v -0.028638 0.028638 0.031471
v -0.025251 0.031664 0.031471
v -0.025251 0.031664 0.016461
v -0.025251 0.031664 0.031471
v -0.023805 0.032765 0.031471
v -0.032765 0.023805 0.031471
v -0.031664 0.025251 0.016461
v -0.036086 0.018387 0.031471
v -0.036086 0.018387 0.031471
v -0.031664 0.025251 0.016461
v -0.036489 0.017572 0.016461
v -0.036086 0.018387 0.031471
v -0.036489 0.017572 0.016461
v -0.036489 0.017572 0.031471
v -0.036489 0.017572 0.031471
v -0.036489 0.017572 0.016461
v -0.038518 0.012515 0.031471
v -0.038518 0.012515 0.031471
v -0.036489 0.017572 0.016461
v -0.039485 0.009012 0.016461
v -0.038518 0.012515 0.031471
v -0.039485 0.009012 0.016461
v -0.039485 0.009012 0.031471
v -0.039485 0.009012 0.031471
v -0.039485 0.009012 0.016461
v -0.040488 0.001000 0.016461
v -0.039485 0.009012 0.031471
v -0.040488 0.001000 0.016461
v -0.040488 0.001000 0.019471
v -0.036736 -0.017051 0.019471
v -0.037934 -0.014044 0.019471
v -0.038322 -0.013104 0.019471
v -0.038322 -0.013104 0.019471
v -0.037934 -0.014044 0.019471
v -0.038697 -0.011749 0.019471
v -0.038322 -0.013104 0.019471
v -0.038697 -0.011749 0.019471
v -0.039485 -0.009012 0.019471
v -0.038697 -0.011749 0.019471
v -0.039334 -0.009431 0.019471
v -0.039485 -0.009012 0.019471
v -0.039485 -0.009012 0.019471
v -0.039334 -0.009431 0.019471
v -0.039793 -0.007332 0.019471
v -0.039485 -0.009012 0.019471
v -0.039793 -0.007332 0.019471
v -0.039885 -0.007030 0.019471
v -0.039885 -0.007030 0.019471
v -0.039793 -0.007332 0.019471
v -0.039982 -0.006275 0.019471
v -0.039885 -0.007030 0.019471
v -0.039982 -0.006275 0.019471
v -0.040186 -0.005031 0.019471
v -0.040186 -0.005031 0.019471
v -0.039982 -0.006275 0.019471
v -0.040142 -0.005212 0.019471
v -0.040186 -0.005031 0.019471
v -0.040142 -0.005212 0.019471
v -0.040487 -0.001000 0.019471
v 0.033319 -0.018979 0.036731
v 0.031263 -0.018970 0.038492
v 0.029950 -0.025186 0.037127
v 0.039291 -0.000000 0.035731
v 0.038758 -0.000000 0.036502
v 0.038083 -0.006454 0.036482
v 0.040366 -0.000000 0.032971
v 0.039966 -0.000000 0.034382
v 0.039512 -0.006468 0.033907
v 0.027330 -0.043893 0.030887
v 0.028027 -0.043868 0.028775
v 0.029359 -0.037561 0.030056
v 0.024364 -0.025128 0.040921
v 0.025748 -0.025225 0.040158
v 0.027051 -0.022209 0.040227
v 0.039851 -0.006473 0.032459
v 0.039922 -0.006477 0.031245
v 0.040272 -0.004021 0.031383
v 0.036308 -0.019028 0.030810
v 0.036581 -0.018229 0.029839
v 0.038517 -0.012438 0.030672
v 0.036581 -0.018229 0.029839
v 0.036308 -0.019028 0.030810
v 0.033140 -0.027042 0.028205
v 0.027811 -0.047124 0.024178
v 0.028241 -0.043097 0.024911
v 0.028292 -0.043868 0.026638
v 0.028292 -0.043868 0.026638
v 0.028241 -0.043097 0.024911
v 0.029170 -0.038678 0.025787
v 0.028292 -0.043868 0.026638
v 0.029170 -0.038678 0.025787
v 0.029671 -0.037564 0.027898
v 0.029671 -0.037564 0.027898
v 0.029170 -0.038678 0.025787
v 0.030668 -0.033697 0.026822
v 0.029671 -0.037564 0.027898
v 0.030668 -0.033697 0.026822
v 0.031621 -0.031352 0.029337
v 0.031621 -0.031352 0.029337
v 0.030668 -0.033697 0.026822
v 0.033140 -0.027042 0.028205
v 0.031621 -0.031352 0.029337
v 0.033140 -0.027042 0.028205
v 0.033862 -0.025184 0.030806
v 0.033862 -0.025184 0.030806
v 0.033140 -0.027042 0.028205
v 0.036308 -0.019028 0.030810
v 0.028027 -0.043868 0.028775
v 0.027297 -0.050000 0.028101
v 0.027744 -0.049999 0.025971
v 0.027297 -0.050000 0.028101
v 0.028027 -0.043868 0.028775
v 0.026326 -0.050000 0.030463
v 0.026326 -0.050000 0.030463
v 0.028027 -0.043868 0.028775
v 0.027330 -0.043893 0.030887
v 0.026326 -0.050000 0.030463
v 0.027330 -0.043893 0.030887
v 0.025384 -0.050000 0.032011
v 0.023095 -0.050000 0.034617
v 0.024928 -0.050000 0.032632
v 0.026249 -0.043928 0.032889
v 0.018340 -0.050000 0.037773
v 0.020881 -0.050000 0.036340
v 0.021970 -0.037750 0.038991
v 0.021970 -0.037750 0.038991
v 0.019745 -0.037770 0.040139
v 0.018340 -0.050000 0.037773
v 0.018340 -0.050000 0.037773
v 0.019745 -0.037770 0.040139
v 0.014963 -0.037787 0.041774
v 0.018340 -0.050000 0.037773
v 0.014963 -0.037787 0.041774
v 0.015408 -0.050000 0.038949
v 0.008081 -0.050000 0.040480
v 0.011979 -0.050000 0.039864
v 0.009966 -0.037786 0.042670
v 0.009966 -0.037786 0.042670
v 0.011979 -0.050000 0.039864
v 0.015408 -0.050000 0.038949
v 0.008081 -0.050000 0.040480
v 0.009966 -0.037786 0.042670
v 0.005137 -0.050000 0.040734
v 0.005137 -0.050000 0.040734
v 0.009966 -0.037786 0.042670
v 0.004892 -0.037777 0.043053
v 0.005137 -0.050000 0.040734
v 0.004892 -0.037777 0.043053
v 0.003410 -0.050000 0.040819
v 0.003410 -0.050000 0.040819
v 0.004892 -0.037777 0.043053
v -0.000000 -0.042493 0.042285
v 0.003410 -0.050000 0.040819
v -0.000000 -0.042493 0.042285
v -0.000000 -0.050000 0.040880
v 0.006849 -0.034323 0.043550
v 0.002844 -0.034884 0.043606
v 0.004892 -0.037777 0.043053
v 0.004892 -0.037777 0.043053
v 0.002844 -0.034884 0.043606
v -0.000000 -0.035000 0.043606
v 0.004892 -0.037777 0.043053
v -0.000000 -0.035000 0.043606
v -0.000000 -0.042493 0.042285
v 0.006849 -0.034323 0.043550
v 0.004892 -0.037777 0.043053
v 0.008017 -0.034070 0.043510
v 0.008017 -0.034070 0.043510
v 0.004892 -0.037777 0.043053
v 0.009966 -0.037786 0.042670
v 0.008017 -0.034070 0.043510
v 0.009966 -0.037786 0.042670
v 0.010517 -0.033383 0.043376
v 0.015408 -0.050000 0.038949
v 0.014963 -0.037787 0.041774
v 0.009966 -0.037786 0.042670
v 0.009966 -0.037786 0.042670
v 0.014963 -0.037787 0.041774
v 0.014281 -0.031954 0.043013
v 0.009966 -0.037786 0.042670
v 0.014281 -0.031954 0.043013
v 0.010517 -0.033383 0.043376
v 0.029200 -0.019297 0.039774
v 0.027051 -0.022209 0.040227
v 0.027951 -0.025205 0.038747
v 0.027951 -0.025205 0.038747
v 0.027051 -0.022209 0.040227
v 0.025748 -0.025225 0.040158
v 0.027951 -0.025205 0.038747
v 0.025748 -0.025225 0.040158
v 0.024021 -0.037719 0.037600
v 0.024021 -0.037719 0.037600
v 0.025748 -0.025225 0.040158
v 0.024364 -0.025128 0.040921
v 0.024021 -0.037719 0.037600
v 0.024364 -0.025128 0.040921
v 0.021970 -0.037750 0.038991
v 0.021970 -0.037750 0.038991
v 0.024364 -0.025128 0.040921
v 0.021364 -0.027724 0.041691
v 0.021970 -0.037750 0.038991
v 0.021364 -0.027724 0.041691
v 0.019745 -0.037770 0.040139
v 0.019745 -0.037770 0.040139
v 0.021364 -0.027724 0.041691
v 0.017910 -0.030070 0.042442
v 0.019745 -0.037770 0.040139
v 0.017910 -0.030070 0.042442
v 0.014963 -0.037787 0.041774
v 0.014963 -0.037787 0.041774
v 0.017910 -0.030070 0.042442
v 0.015401 -0.031430 0.042862
v 0.014963 -0.037787 0.041774
v 0.015401 -0.031430 0.042862
v 0.014281 -0.031954 0.043013
v 0.034758 -0.004107 0.039713
v 0.034030 -0.008183 0.039593
v 0.035983 -0.006432 0.038541
v 0.035983 -0.006432 0.038541
v 0.034030 -0.008183 0.039593
v 0.032837 -0.012113 0.039492
v 0.035000 -0.000000 0.039764
v 0.034758 -0.004107 0.039713
v 0.035535 -0.000000 0.039418
v 0.035535 -0.000000 0.039418
v 0.034758 -0.004107 0.039713
v 0.035983 -0.006432 0.038541
v 0.035535 -0.000000 0.039418
v 0.035983 -0.006432 0.038541
v 0.036747 -0.000000 0.038529
v 0.036747 -0.000000 0.038529
v 0.035983 -0.006432 0.038541
v 0.038359 -0.000000 0.036990
v 0.027786 -0.050000 0.023704
v 0.027811 -0.047124 0.024178
v 0.027744 -0.049999 0.025971
v 0.027744 -0.049999 0.025971
v 0.027811 -0.047124 0.024178
v 0.028292 -0.043868 0.026638
v 0.027744 -0.049999 0.025971
v 0.028292 -0.043868 0.026638
v 0.028027 -0.043868 0.028775
v 0.028027 -0.043868 0.028775
v 0.028292 -0.043868 0.026638
v 0.029671 -0.037564 0.027898
v 0.028027 -0.043868 0.028775
v 0.029671 -0.037564 0.027898
v 0.029359 -0.037561 0.030056
v 0.029359 -0.037561 0.030056
v 0.029671 -0.037564 0.027898
v 0.031621 -0.031352 0.029337
v 0.029359 -0.037561 0.030056
v 0.031621 -0.031352 0.029337
v 0.031111 -0.031343 0.031580
v 0.031111 -0.031343 0.031580
v 0.031621 -0.031352 0.029337
v 0.033862 -0.025184 0.030806
v 0.026249 -0.043928 0.032889
v 0.028563 -0.037590 0.032169
v 0.027367 -0.037635 0.034161
v 0.027367 -0.037635 0.034161
v 0.028563 -0.037590 0.032169
v 0.031696 -0.025172 0.035274
v 0.031263 -0.018970 0.038492
v 0.029200 -0.019297 0.039774
v 0.029950 -0.025186 0.037127
v 0.029950 -0.025186 0.037127
v 0.029200 -0.019297 0.039774
v 0.027951 -0.025205 0.038747
v 0.029950 -0.025186 0.037127
v 0.027951 -0.025205 0.038747
v 0.025838 -0.037680 0.035979
v 0.025838 -0.037680 0.035979
v 0.027951 -0.025205 0.038747
v 0.024021 -0.037719 0.037600
v 0.025838 -0.037680 0.035979
v 0.024021 -0.037719 0.037600
v 0.023133 -0.043992 0.036357
v 0.023133 -0.043992 0.036357
v 0.024021 -0.037719 0.037600
v 0.021970 -0.037750 0.038991
v 0.023133 -0.043992 0.036357
v 0.021970 -0.037750 0.038991
v 0.022268 -0.050000 0.035328
v 0.022268 -0.050000 0.035328
v 0.021970 -0.037750 0.038991
v 0.020881 -0.050000 0.036340
v 0.032837 -0.012113 0.039492
v 0.034794 -0.012745 0.037881
v 0.035983 -0.006432 0.038541
v 0.035983 -0.006432 0.038541
v 0.034794 -0.012745 0.037881
v 0.038083 -0.006454 0.036482
v 0.035983 -0.006432 0.038541
v 0.038083 -0.006454 0.036482
v 0.038359 -0.000000 0.036990
v 0.038359 -0.000000 0.036990
v 0.038083 -0.006454 0.036482
v 0.038758 -0.000000 0.036502
v 0.039966 -0.000000 0.034382
v 0.039291 -0.000000 0.035731
v 0.039512 -0.006468 0.033907
v 0.039512 -0.006468 0.033907
v 0.039291 -0.000000 0.035731
v 0.038083 -0.006454 0.036482
v 0.039512 -0.006468 0.033907
v 0.038083 -0.006454 0.036482
v 0.036769 -0.012770 0.035798
v 0.036769 -0.012770 0.035798
v 0.038083 -0.006454 0.036482
v 0.034794 -0.012745 0.037881
v 0.036769 -0.012770 0.035798
v 0.034794 -0.012745 0.037881
v 0.033319 -0.018979 0.036731
v 0.033319 -0.018979 0.036731
v 0.034794 -0.012745 0.037881
v 0.032837 -0.012113 0.039492
v 0.033319 -0.018979 0.036731
v 0.032837 -0.012113 0.039492
v 0.031263 -0.018970 0.038492
v 0.031263 -0.018970 0.038492
v 0.032837 -0.012113 0.039492
v 0.031222 -0.015818 0.039521
v 0.031263 -0.018970 0.038492
v 0.031222 -0.015818 0.039521
v 0.029200 -0.019297 0.039774
v 0.031696 -0.025172 0.035274
v 0.033072 -0.025169 0.033166
v 0.035028 -0.018993 0.034632
v 0.035028 -0.018993 0.034632
v 0.033072 -0.025169 0.033166
v 0.036111 -0.019013 0.032157
v 0.035028 -0.018993 0.034632
v 0.036111 -0.019013 0.032157
v 0.038089 -0.012790 0.033240
v 0.038089 -0.012790 0.033240
v 0.036111 -0.019013 0.032157
v 0.038377 -0.012800 0.031814
v 0.038089 -0.012790 0.033240
v 0.038377 -0.012800 0.031814
v 0.039851 -0.006473 0.032459
v 0.024928 -0.050000 0.032632
v 0.025384 -0.050000 0.032011
v 0.026249 -0.043928 0.032889
v 0.026249 -0.043928 0.032889
v 0.025384 -0.050000 0.032011
v 0.027330 -0.043893 0.030887
v 0.026249 -0.043928 0.032889
v 0.027330 -0.043893 0.030887
v 0.028563 -0.037590 0.032169
v 0.028563 -0.037590 0.032169
v 0.027330 -0.043893 0.030887
v 0.029359 -0.037561 0.030056
v 0.028563 -0.037590 0.032169
v 0.029359 -0.037561 0.030056
v 0.031696 -0.025172 0.035274
v 0.031696 -0.025172 0.035274
v 0.029359 -0.037561 0.030056
v 0.031111 -0.031343 0.031580
v 0.031696 -0.025172 0.035274
v 0.031111 -0.031343 0.031580
v 0.033072 -0.025169 0.033166
v 0.033072 -0.025169 0.033166
v 0.031111 -0.031343 0.031580
v 0.033862 -0.025184 0.030806
v 0.033072 -0.025169 0.033166
v 0.033862 -0.025184 0.030806
v 0.036111 -0.019013 0.032157
v 0.036111 -0.019013 0.032157
v 0.033862 -0.025184 0.030806
v 0.036308 -0.019028 0.030810
v 0.036111 -0.019013 0.032157
v 0.036308 -0.019028 0.030810
v 0.038377 -0.012800 0.031814
v 0.038377 -0.012800 0.031814
v 0.036308 -0.019028 0.030810
v 0.038517 -0.012438 0.030672
v 0.038377 -0.012800 0.031814
v 0.038517 -0.012438 0.030672
v 0.039851 -0.006473 0.032459
v 0.039851 -0.006473 0.032459
v 0.038517 -0.012438 0.030672
v 0.039635 -0.007991 0.031130
v 0.039851 -0.006473 0.032459
v 0.039635 -0.007991 0.031130
v 0.039922 -0.006477 0.031245
v 0.022268 -0.050000 0.035328
v 0.023095 -0.050000 0.034617
v 0.023133 -0.043992 0.036357
v 0.023133 -0.043992 0.036357
v 0.023095 -0.050000 0.034617
v 0.026249 -0.043928 0.032889
v 0.023133 -0.043992 0.036357
v 0.026249 -0.043928 0.032889
v 0.025838 -0.037680 0.035979
v 0.025838 -0.037680 0.035979
v 0.026249 -0.043928 0.032889
v 0.027367 -0.037635 0.034161
v 0.025838 -0.037680 0.035979
v 0.027367 -0.037635 0.034161
v 0.029950 -0.025186 0.037127
v 0.029950 -0.025186 0.037127
v 0.027367 -0.037635 0.034161
v 0.031696 -0.025172 0.035274
v 0.029950 -0.025186 0.037127
v 0.031696 -0.025172 0.035274
v 0.033319 -0.018979 0.036731
v 0.033319 -0.018979 0.036731
v 0.031696 -0.025172 0.035274
v 0.035028 -0.018993 0.034632
v 0.033319 -0.018979 0.036731
v 0.035028 -0.018993 0.034632
v 0.036769 -0.012770 0.035798
v 0.036769 -0.012770 0.035798
v 0.035028 -0.018993 0.034632
v 0.038089 -0.012790 0.033240
v 0.036769 -0.012770 0.035798
v 0.038089 -0.012790 0.033240
v 0.039512 -0.006468 0.033907
v 0.039512 -0.006468 0.033907
v 0.038089 -0.012790 0.033240
v 0.039851 -0.006473 0.032459
v 0.039512 -0.006468 0.033907
v 0.039851 -0.006473 0.032459
v 0.040366 -0.000000 0.032971
v 0.040366 -0.000000 0.032971
v 0.039851 -0.006473 0.032459
v 0.040272 -0.004021 0.031383
v 0.040366 -0.000000 0.032971
v 0.040272 -0.004021 0.031383
v 0.040500 -0.000000 0.031471
v 0.031282 -0.027195 0.019815
v 0.033476 -0.023767 0.020961
v 0.033555 -0.024898 0.025665
v 0.030076 -0.028865 0.019404
v 0.031282 -0.027195 0.019815
v 0.029322 -0.031265 0.020732
v 0.039668 -0.007957 0.019471
v 0.039866 -0.006939 0.019471
v 0.039408 -0.008923 0.029785
v 0.040272 -0.004021 0.031383
v 0.040389 -0.002814 0.023094
v 0.040500 -0.000000 0.031471
v 0.038517 -0.012438 0.030672
v 0.039408 -0.008923 0.029785
v 0.039635 -0.007991 0.031130
v 0.036794 -0.017585 0.029670
v 0.036954 -0.016549 0.024610
v 0.038307 -0.012787 0.027008
v 0.030668 -0.033697 0.026822
v 0.030573 -0.033413 0.026099
v 0.033140 -0.027042 0.028205
v 0.017903 -0.050000 0.014297
v 0.019933 -0.049583 0.015056
v 0.020878 -0.050000 0.015181
v 0.017903 -0.050000 0.014297
v 0.014485 -0.050000 0.013794
v 0.016479 -0.047107 0.015384
v -0.000000 -0.043628 0.016186
v 0.000001 -0.040500 0.016470
v 0.003210 -0.042823 0.016282
v 0.036894 -0.016706 0.016484
v 0.036907 -0.016677 0.016484
v 0.036921 -0.016646 0.016551
v 0.036939 -0.016606 0.016536
v 0.036935 -0.016614 0.016618
v 0.036921 -0.016646 0.016551
v 0.036921 -0.016646 0.016551
v 0.036935 -0.016614 0.016618
v 0.035667 -0.019239 0.017289
v 0.036921 -0.016646 0.016551
v 0.035667 -0.019239 0.017289
v 0.036894 -0.016706 0.016484
v 0.036907 -0.016677 0.016484
v 0.036929 -0.016628 0.016497
v 0.036921 -0.016646 0.016551
v 0.036921 -0.016646 0.016551
v 0.036929 -0.016628 0.016497
v 0.036936 -0.016613 0.016512
v 0.036921 -0.016646 0.016551
v 0.036936 -0.016613 0.016512
v 0.036939 -0.016606 0.016536
v 0.036935 -0.016614 0.016618
v 0.036862 -0.016775 0.017467
v 0.035667 -0.019239 0.017289
v 0.035667 -0.019239 0.017289
v 0.036862 -0.016775 0.017467
v 0.036736 -0.017051 0.019471
v 0.035667 -0.019239 0.017289
v 0.036736 -0.017051 0.019471
v 0.035357 -0.020215 0.022574
v 0.033476 -0.023767 0.020961
v 0.032864 -0.023669 0.016472
v 0.035264 -0.019918 0.016473
v 0.032864 -0.023669 0.016472
v 0.033476 -0.023767 0.020961
v 0.031664 -0.025251 0.016471
v 0.031664 -0.025251 0.016471
v 0.033476 -0.023767 0.020961
v 0.031282 -0.027195 0.019815
v 0.031664 -0.025251 0.016471
v 0.031282 -0.027195 0.019815
v 0.030921 -0.026156 0.016471
v 0.025251 -0.031664 0.016471
v 0.026351 -0.030755 0.016471
v 0.027512 -0.032145 0.018810
v 0.027512 -0.032145 0.018810
v 0.026351 -0.030755 0.016471
v 0.026948 -0.030233 0.016471
v 0.027512 -0.032145 0.018810
v 0.026948 -0.030233 0.016471
v 0.028815 -0.030514 0.019077
v 0.028815 -0.030514 0.019077
v 0.026948 -0.030233 0.016471
v 0.029491 -0.027759 0.016471
v 0.023477 -0.033001 0.016471
v 0.026185 -0.033768 0.018580
v 0.023199 -0.033197 0.016471
v 0.023199 -0.033197 0.016471
v 0.026185 -0.033768 0.018580
v 0.024850 -0.035386 0.018362
v 0.012493 -0.038525 0.016471
v 0.013404 -0.038217 0.016471
v 0.016732 -0.039656 0.016809
v 0.016732 -0.039656 0.016809
v 0.013404 -0.038217 0.016471
v 0.017315 -0.036612 0.016471
v 0.016732 -0.039656 0.016809
v 0.017315 -0.036612 0.016471
v 0.018176 -0.038080 0.016865
v 0.018176 -0.038080 0.016865
v 0.017315 -0.036612 0.016471
v 0.019708 -0.035382 0.016471
v 0.018176 -0.038080 0.016865
v 0.019708 -0.035382 0.016471
v 0.019687 -0.036531 0.016821
v 0.019687 -0.036531 0.016821
v 0.019708 -0.035382 0.016471
v 0.020888 -0.034698 0.016471
v 0.019687 -0.036531 0.016821
v 0.020888 -0.034698 0.016471
v 0.021252 -0.035004 0.016695
v 0.021252 -0.035004 0.016695
v 0.020888 -0.034698 0.016471
v 0.022816 -0.033462 0.016471
v 0.021252 -0.035004 0.016695
v 0.022816 -0.033462 0.016471
v 0.022860 -0.033494 0.016507
v 0.016732 -0.039656 0.016809
v 0.015365 -0.041262 0.016638
v 0.012493 -0.038525 0.016471
v 0.012493 -0.038525 0.016471
v 0.015365 -0.041262 0.016638
v 0.012228 -0.038912 0.016494
v 0.012493 -0.038525 0.016471
v 0.012228 -0.038912 0.016494
v 0.009012 -0.039485 0.016471
v 0.009012 -0.039485 0.016471
v 0.012228 -0.038912 0.016494
v 0.008416 -0.039616 0.016471
v 0.012892 -0.044578 0.015909
v 0.008072 -0.043709 0.016064
v 0.009370 -0.042075 0.016337
v 0.009370 -0.042075 0.016337
v 0.008072 -0.043709 0.016064
v 0.005673 -0.040101 0.016471
v 0.009370 -0.042075 0.016337
v 0.005673 -0.040101 0.016471
v 0.006434 -0.039986 0.016471
v 0.008072 -0.043709 0.016064
v 0.004995 -0.044084 0.016032
v 0.005673 -0.040101 0.016471
v 0.005673 -0.040101 0.016471
v 0.004995 -0.044084 0.016032
v 0.003210 -0.042823 0.016282
v 0.005673 -0.040101 0.016471
v 0.003210 -0.042823 0.016282
v 0.004248 -0.040277 0.016471
v 0.004248 -0.040277 0.016471
v 0.003210 -0.042823 0.016282
v 0.000001 -0.040500 0.016470
v 0.000731 -0.046137 0.015561
v 0.002702 -0.047472 0.015034
v 0.002920 -0.050000 0.013751
v 0.002920 -0.050000 0.013751
v 0.002702 -0.047472 0.015034
v 0.004274 -0.050000 0.013714
v -0.000000 -0.050000 0.013795
v -0.000000 -0.049251 0.014223
v 0.002920 -0.050000 0.013751
v 0.002920 -0.050000 0.013751
v -0.000000 -0.049251 0.014223
v -0.000000 -0.046631 0.015396
v 0.002920 -0.050000 0.013751
v -0.000000 -0.046631 0.015396
v 0.000731 -0.046137 0.015561
v 0.004649 -0.050000 0.013703
v 0.004792 -0.048855 0.014329
v 0.006561 -0.050000 0.013649
v 0.006561 -0.050000 0.013649
v 0.004792 -0.048855 0.014329
v 0.005758 -0.047089 0.015098
v 0.006561 -0.050000 0.013649
v 0.005758 -0.047089 0.015098
v 0.009759 -0.050000 0.013605
v 0.014485 -0.050000 0.013794
v 0.009759 -0.050000 0.013605
v 0.009938 -0.049854 0.013687
v 0.023104 -0.050000 0.016277
v 0.024243 -0.048098 0.017869
v 0.024909 -0.050000 0.017651
v 0.024909 -0.050000 0.017651
v 0.024243 -0.048098 0.017869
v 0.025406 -0.049111 0.018546
v 0.024909 -0.050000 0.017651
v 0.025406 -0.049111 0.018546
v 0.026236 -0.050000 0.019216
v 0.027720 -0.050000 0.023129
v 0.027174 -0.050000 0.021020
v 0.027820 -0.046871 0.024188
v 0.027820 -0.046871 0.024188
v 0.027174 -0.050000 0.021020
v 0.026236 -0.050000 0.019216
v 0.028241 -0.043097 0.024911
v 0.028006 -0.041544 0.023504
v 0.029170 -0.038678 0.025787
v 0.029170 -0.038678 0.025787
v 0.028006 -0.041544 0.023504
v 0.027376 -0.040743 0.022032
v 0.029170 -0.038678 0.025787
v 0.027376 -0.040743 0.022032
v 0.028973 -0.037077 0.024069
v 0.036581 -0.018229 0.029839
v 0.033140 -0.027042 0.028205
v 0.035241 -0.021268 0.027569
v 0.039635 -0.007991 0.031130
v 0.039408 -0.008923 0.029785
v 0.039922 -0.006477 0.031245
v 0.039922 -0.006477 0.031245
v 0.039408 -0.008923 0.029785
v 0.039866 -0.006939 0.019471
v 0.039922 -0.006477 0.031245
v 0.039866 -0.006939 0.019471
v 0.040272 -0.004021 0.031383
v 0.040500 -0.000000 0.031471
v 0.040389 -0.002814 0.023094
v 0.040500 -0.000000 0.019471
v 0.040289 -0.004000 0.019471
v 0.040333 -0.003556 0.019471
v 0.040389 -0.002814 0.023094
v 0.040389 -0.002814 0.023094
v 0.040333 -0.003556 0.019471
v 0.040372 -0.003112 0.019471
v 0.040389 -0.002814 0.023094
v 0.040372 -0.003112 0.019471
v 0.040500 -0.000000 0.019471
v 0.040272 -0.004021 0.031383
v 0.039866 -0.006939 0.019471
v 0.040389 -0.002814 0.023094
v 0.040389 -0.002814 0.023094
v 0.039866 -0.006939 0.019471
v 0.040186 -0.004883 0.019471
v 0.040389 -0.002814 0.023094
v 0.040186 -0.004883 0.019471
v 0.040289 -0.004000 0.019471
v 0.038307 -0.012787 0.027008
v 0.038915 -0.011010 0.019471
v 0.039444 -0.008969 0.019471
v 0.036581 -0.018229 0.029839
v 0.036794 -0.017585 0.029670
v 0.038517 -0.012438 0.030672
v 0.038517 -0.012438 0.030672
v 0.036794 -0.017585 0.029670
v 0.038307 -0.012787 0.027008
v 0.038517 -0.012438 0.030672
v 0.038307 -0.012787 0.027008
v 0.039408 -0.008923 0.029785
v 0.039408 -0.008923 0.029785
v 0.038307 -0.012787 0.027008
v 0.039444 -0.008969 0.019471
v 0.039408 -0.008923 0.029785
v 0.039444 -0.008969 0.019471
v 0.039668 -0.007957 0.019471
v 0.017903 -0.050000 0.014297
v 0.016479 -0.047107 0.015384
v 0.019933 -0.049583 0.015056
v 0.019933 -0.049583 0.015056
v 0.016479 -0.047107 0.015384
v 0.021551 -0.045926 0.017061
v 0.019933 -0.049583 0.015056
v 0.021551 -0.045926 0.017061
v 0.020878 -0.050000 0.015181
v 0.020924 -0.040275 0.017591
v 0.022205 -0.038634 0.017888
v 0.024612 -0.037992 0.018919
v 0.024612 -0.037992 0.018919
v 0.022205 -0.038634 0.017888
v 0.023519 -0.037007 0.018138
v 0.024612 -0.037992 0.018919
v 0.023519 -0.037007 0.018138
v 0.026995 -0.034640 0.019783
v 0.023519 -0.037007 0.018138
v 0.024850 -0.035386 0.018362
v 0.026995 -0.034640 0.019783
v 0.026995 -0.034640 0.019783
v 0.024850 -0.035386 0.018362
v 0.026185 -0.033768 0.018580
v 0.026995 -0.034640 0.019783
v 0.026185 -0.033768 0.018580
v 0.029322 -0.031265 0.020732
v 0.024243 -0.048098 0.017869
v 0.025768 -0.044404 0.020013
v 0.025406 -0.049111 0.018546
v 0.025406 -0.049111 0.018546
v 0.025768 -0.044404 0.020013
v 0.026670 -0.045313 0.021079
v 0.025406 -0.049111 0.018546
v 0.026670 -0.045313 0.021079
v 0.026236 -0.050000 0.019216
v 0.026236 -0.050000 0.019216
v 0.026670 -0.045313 0.021079
v 0.027375 -0.046144 0.022440
v 0.026236 -0.050000 0.019216
v 0.027375 -0.046144 0.022440
v 0.027820 -0.046871 0.024188
v 0.025768 -0.044404 0.020013
v 0.027376 -0.040743 0.022032
v 0.026670 -0.045313 0.021079
v 0.026670 -0.045313 0.021079
v 0.027376 -0.040743 0.022032
v 0.028006 -0.041544 0.023504
v 0.026670 -0.045313 0.021079
v 0.028006 -0.041544 0.023504
v 0.027375 -0.046144 0.022440
v 0.027375 -0.046144 0.022440
v 0.028006 -0.041544 0.023504
v 0.028241 -0.043097 0.024911
v 0.027375 -0.046144 0.022440
v 0.028241 -0.043097 0.024911
v 0.027820 -0.046871 0.024188
v 0.027820 -0.046871 0.024188
v 0.028241 -0.043097 0.024911
v 0.027811 -0.047124 0.024178
v 0.027820 -0.046871 0.024188
v 0.027811 -0.047124 0.024178
v 0.027720 -0.050000 0.023129
v 0.027720 -0.050000 0.023129
v 0.027811 -0.047124 0.024178
v 0.027786 -0.050000 0.023704
v 0.030668 -0.033697 0.026822
v 0.029170 -0.038678 0.025787
v 0.030573 -0.033413 0.026099
v 0.030573 -0.033413 0.026099
v 0.029170 -0.038678 0.025787
v 0.028973 -0.037077 0.024069
v 0.030573 -0.033413 0.026099
v 0.028973 -0.037077 0.024069
v 0.028419 -0.036307 0.022483
v 0.028419 -0.036307 0.022483
v 0.028973 -0.037077 0.024069
v 0.027376 -0.040743 0.022032
v 0.028419 -0.036307 0.022483
v 0.027376 -0.040743 0.022032
v 0.026575 -0.039874 0.020815
v 0.026575 -0.039874 0.020815
v 0.027376 -0.040743 0.022032
v 0.025768 -0.044404 0.020013
v 0.026575 -0.039874 0.020815
v 0.025768 -0.044404 0.020013
v 0.024708 -0.043432 0.019182
v 0.024708 -0.043432 0.019182
v 0.025768 -0.044404 0.020013
v 0.024243 -0.048098 0.017869
v 0.024708 -0.043432 0.019182
v 0.024243 -0.048098 0.017869
v 0.021551 -0.045926 0.017061
v 0.021551 -0.045926 0.017061
v 0.024243 -0.048098 0.017869
v 0.023104 -0.050000 0.016277
v 0.021551 -0.045926 0.017061
v 0.023104 -0.050000 0.016277
v 0.020878 -0.050000 0.015181
v 0.023477 -0.033001 0.016471
v 0.025251 -0.031664 0.016471
v 0.026185 -0.033768 0.018580
v 0.026185 -0.033768 0.018580
v 0.025251 -0.031664 0.016471
v 0.027512 -0.032145 0.018810
v 0.026185 -0.033768 0.018580
v 0.027512 -0.032145 0.018810
v 0.029322 -0.031265 0.020732
v 0.029322 -0.031265 0.020732
v 0.027512 -0.032145 0.018810
v 0.028815 -0.030514 0.019077
v 0.029322 -0.031265 0.020732
v 0.028815 -0.030514 0.019077
v 0.030076 -0.028865 0.019404
v 0.030076 -0.028865 0.019404
v 0.028815 -0.030514 0.019077
v 0.029491 -0.027759 0.016471
v 0.030076 -0.028865 0.019404
v 0.029491 -0.027759 0.016471
v 0.031282 -0.027195 0.019815
v 0.031282 -0.027195 0.019815
v 0.029491 -0.027759 0.016471
v 0.030083 -0.027115 0.016471
v 0.031282 -0.027195 0.019815
v 0.030083 -0.027115 0.016471
v 0.030921 -0.026156 0.016471
v 0.018531 -0.043623 0.016741
v 0.020924 -0.040275 0.017591
v 0.023527 -0.042411 0.018532
v 0.023527 -0.042411 0.018532
v 0.020924 -0.040275 0.017591
v 0.024612 -0.037992 0.018919
v 0.023527 -0.042411 0.018532
v 0.024612 -0.037992 0.018919
v 0.025642 -0.038952 0.019795
v 0.025642 -0.038952 0.019795
v 0.024612 -0.037992 0.018919
v 0.026995 -0.034640 0.019783
v 0.025642 -0.038952 0.019795
v 0.026995 -0.034640 0.019783
v 0.027750 -0.035490 0.021070
v 0.027750 -0.035490 0.021070
v 0.026995 -0.034640 0.019783
v 0.029322 -0.031265 0.020732
v 0.027750 -0.035490 0.021070
v 0.029322 -0.031265 0.020732
v 0.029797 -0.032004 0.022435
v 0.029797 -0.032004 0.022435
v 0.029322 -0.031265 0.020732
v 0.031282 -0.027195 0.019815
v 0.029797 -0.032004 0.022435
v 0.031282 -0.027195 0.019815
v 0.031741 -0.028477 0.023953
v 0.031741 -0.028477 0.023953
v 0.031282 -0.027195 0.019815
v 0.033555 -0.024898 0.025665
v 0.036581 -0.018229 0.029839
v 0.035241 -0.021268 0.027569
v 0.036794 -0.017585 0.029670
v 0.036794 -0.017585 0.029670
v 0.035241 -0.021268 0.027569
v 0.035357 -0.020215 0.022574
v 0.036794 -0.017585 0.029670
v 0.035357 -0.020215 0.022574
v 0.036954 -0.016549 0.024610
v 0.036954 -0.016549 0.024610
v 0.035357 -0.020215 0.022574
v 0.036736 -0.017051 0.019471
v 0.036954 -0.016549 0.024610
v 0.036736 -0.017051 0.019471
v 0.038307 -0.012787 0.027008
v 0.038307 -0.012787 0.027008
v 0.036736 -0.017051 0.019471
v 0.038288 -0.013025 0.019471
v 0.038307 -0.012787 0.027008
v 0.038288 -0.013025 0.019471
v 0.038915 -0.011010 0.019471
v 0.004649 -0.050000 0.013703
v 0.004274 -0.050000 0.013714
v 0.004792 -0.048855 0.014329
v 0.004792 -0.048855 0.014329
v 0.004274 -0.050000 0.013714
v 0.002702 -0.047472 0.015034
v 0.004792 -0.048855 0.014329
v 0.002702 -0.047472 0.015034
v 0.005758 -0.047089 0.015098
v 0.005758 -0.047089 0.015098
v 0.002702 -0.047472 0.015034
v 0.006863 -0.045378 0.015659
v 0.005758 -0.047089 0.015098
v 0.006863 -0.045378 0.015659
v 0.010802 -0.048047 0.014608
v 0.010802 -0.048047 0.014608
v 0.006863 -0.045378 0.015659
v 0.011794 -0.046292 0.015338
v 0.009759 -0.050000 0.013605
v 0.005758 -0.047089 0.015098
v 0.009938 -0.049854 0.013687
v 0.009938 -0.049854 0.013687
v 0.005758 -0.047089 0.015098
v 0.010802 -0.048047 0.014608
v 0.009938 -0.049854 0.013687
v 0.010802 -0.048047 0.014608
v 0.014485 -0.050000 0.013794
v 0.014485 -0.050000 0.013794
v 0.010802 -0.048047 0.014608
v 0.011794 -0.046292 0.015338
v 0.014485 -0.050000 0.013794
v 0.011794 -0.046292 0.015338
v 0.016479 -0.047107 0.015384
v -0.000000 -0.046631 0.015396
v -0.000000 -0.043628 0.016186
v 0.000731 -0.046137 0.015561
v 0.000731 -0.046137 0.015561
v -0.000000 -0.043628 0.016186
v 0.003210 -0.042823 0.016282
v 0.000731 -0.046137 0.015561
v 0.003210 -0.042823 0.016282
v 0.002702 -0.047472 0.015034
v 0.002702 -0.047472 0.015034
v 0.003210 -0.042823 0.016282
v 0.004995 -0.044084 0.016032
v 0.002702 -0.047472 0.015034
v 0.004995 -0.044084 0.016032
v 0.006863 -0.045378 0.015659
v 0.006863 -0.045378 0.015659
v 0.004995 -0.044084 0.016032
v 0.008072 -0.043709 0.016064
v 0.006863 -0.045378 0.015659
v 0.008072 -0.043709 0.016064
v 0.011794 -0.046292 0.015338
v 0.011794 -0.046292 0.015338
v 0.008072 -0.043709 0.016064
v 0.012892 -0.044578 0.015909
v 0.011794 -0.046292 0.015338
v 0.012892 -0.044578 0.015909
v 0.016479 -0.047107 0.015384
v 0.022816 -0.033462 0.016471
v 0.023199 -0.033197 0.016471
v 0.022860 -0.033494 0.016507
v 0.022860 -0.033494 0.016507
v 0.023199 -0.033197 0.016471
v 0.024850 -0.035386 0.018362
v 0.022860 -0.033494 0.016507
v 0.024850 -0.035386 0.018362
v 0.021252 -0.035004 0.016695
v 0.021252 -0.035004 0.016695
v 0.024850 -0.035386 0.018362
v 0.023519 -0.037007 0.018138
v 0.021252 -0.035004 0.016695
v 0.023519 -0.037007 0.018138
v 0.019687 -0.036531 0.016821
v 0.019687 -0.036531 0.016821
v 0.023519 -0.037007 0.018138
v 0.022205 -0.038634 0.017888
v 0.019687 -0.036531 0.016821
v 0.022205 -0.038634 0.017888
v 0.018176 -0.038080 0.016865
v 0.018176 -0.038080 0.016865
v 0.022205 -0.038634 0.017888
v 0.020924 -0.040275 0.017591
v 0.018176 -0.038080 0.016865
v 0.020924 -0.040275 0.017591
v 0.016732 -0.039656 0.016809
v 0.016732 -0.039656 0.016809
v 0.020924 -0.040275 0.017591
v 0.018531 -0.043623 0.016741
v 0.016732 -0.039656 0.016809
v 0.018531 -0.043623 0.016741
v 0.015365 -0.041262 0.016638
v 0.006434 -0.039986 0.016471
v 0.008416 -0.039616 0.016471
v 0.009370 -0.042075 0.016337
v 0.009370 -0.042075 0.016337
v 0.008416 -0.039616 0.016471
v 0.012228 -0.038912 0.016494
v 0.009370 -0.042075 0.016337
v 0.012228 -0.038912 0.016494
v 0.012892 -0.044578 0.015909
v 0.012892 -0.044578 0.015909
v 0.012228 -0.038912 0.016494
v 0.015365 -0.041262 0.016638
v 0.012892 -0.044578 0.015909
v 0.015365 -0.041262 0.016638
v 0.016479 -0.047107 0.015384
v 0.016479 -0.047107 0.015384
v 0.015365 -0.041262 0.016638
v 0.018531 -0.043623 0.016741
v 0.016479 -0.047107 0.015384
v 0.018531 -0.043623 0.016741
v 0.021551 -0.045926 0.017061
v 0.021551 -0.045926 0.017061
v 0.018531 -0.043623 0.016741
v 0.023527 -0.042411 0.018532
v 0.021551 -0.045926 0.017061
v 0.023527 -0.042411 0.018532
v 0.024708 -0.043432 0.019182
v 0.024708 -0.043432 0.019182
v 0.023527 -0.042411 0.018532
v 0.025642 -0.038952 0.019795
v 0.024708 -0.043432 0.019182
v 0.025642 -0.038952 0.019795
v 0.026575 -0.039874 0.020815
v 0.026575 -0.039874 0.020815
v 0.025642 -0.038952 0.019795
v 0.027750 -0.035490 0.021070
v 0.026575 -0.039874 0.020815
v 0.027750 -0.035490 0.021070
v 0.028419 -0.036307 0.022483
v 0.028419 -0.036307 0.022483
v 0.027750 -0.035490 0.021070
v 0.029797 -0.032004 0.022435
v 0.028419 -0.036307 0.022483
v 0.029797 -0.032004 0.022435
v 0.030573 -0.033413 0.026099
v 0.030573 -0.033413 0.026099
v 0.029797 -0.032004 0.022435
v 0.031741 -0.028477 0.023953
v 0.030573 -0.033413 0.026099
v 0.031741 -0.028477 0.023953
v 0.033140 -0.027042 0.028205
v 0.033140 -0.027042 0.028205
v 0.031741 -0.028477 0.023953
v 0.033555 -0.024898 0.025665
v 0.033140 -0.027042 0.028205
v 0.033555 -0.024898 0.025665
v 0.035241 -0.021268 0.027569
v 0.035241 -0.021268 0.027569
v 0.033555 -0.024898 0.025665
v 0.033476 -0.023767 0.020961
v 0.035241 -0.021268 0.027569
v 0.033476 -0.023767 0.020961
v 0.035357 -0.020215 0.022574
v 0.035357 -0.020215 0.022574
v 0.033476 -0.023767 0.020961
v 0.035264 -0.019918 0.016473
v 0.035357 -0.020215 0.022574
v 0.035264 -0.019918 0.016473
v 0.035667 -0.019239 0.017289
v 0.035667 -0.019239 0.017289
v 0.035264 -0.019918 0.016473
v 0.036489 -0.017572 0.016474
v 0.035667 -0.019239 0.017289
v 0.036489 -0.017572 0.016474
v 0.036894 -0.016706 0.016484
v -0.034700 -0.149500 0.000000
v -0.033692 -0.142500 -0.008304
v -0.033692 -0.149500 -0.008304
v -0.033692 -0.149500 -0.008304
v -0.033692 -0.142500 -0.008304
v -0.030725 -0.142500 -0.016126
v -0.033692 -0.149500 -0.008304
v -0.030725 -0.142500 -0.016126
v -0.030725 -0.149500 -0.016126
v -0.030725 -0.149500 -0.016126
v -0.030725 -0.142500 -0.016126
v -0.025973 -0.142500 -0.023010
v -0.030725 -0.149500 -0.016126
v -0.025973 -0.142500 -0.023010
v -0.025973 -0.149500 -0.023010
v -0.025973 -0.149500 -0.023010
v -0.025973 -0.142500 -0.023010
v -0.019712 -0.142500 -0.028558
v -0.025973 -0.149500 -0.023010
v -0.019712 -0.142500 -0.028558
v -0.019712 -0.149500 -0.028558
v -0.019712 -0.149500 -0.028558
v -0.019712 -0.142500 -0.028558
v -0.012305 -0.142500 -0.032445
v -0.019712 -0.149500 -0.028558
v -0.012305 -0.142500 -0.032445
v -0.012305 -0.149500 -0.032445
v -0.012305 -0.149500 -0.032445
v -0.012305 -0.142500 -0.032445
v -0.004183 -0.142500 -0.034447
v -0.012305 -0.149500 -0.032445
v -0.004183 -0.142500 -0.034447
v -0.004183 -0.149500 -0.034447
v -0.004183 -0.149500 -0.034447
v -0.004183 -0.142500 -0.034447
v 0.004183 -0.142500 -0.034447
v -0.004183 -0.149500 -0.034447
v 0.004183 -0.142500 -0.034447
v 0.004183 -0.149500 -0.034447
v 0.004183 -0.149500 -0.034447
v 0.004183 -0.142500 -0.034447
v 0.012305 -0.142500 -0.032445
v 0.004183 -0.149500 -0.034447
v 0.012305 -0.142500 -0.032445
v 0.012305 -0.149500 -0.032445
v 0.012305 -0.149500 -0.032445
v 0.012305 -0.142500 -0.032445
v 0.019712 -0.142500 -0.028558
v 0.012305 -0.149500 -0.032445
v 0.019712 -0.142500 -0.028558
v 0.019712 -0.149500 -0.028558
v 0.019712 -0.149500 -0.028558
v 0.019712 -0.142500 -0.028558
v 0.025973 -0.142500 -0.023010
v 0.019712 -0.149500 -0.028558
v 0.025973 -0.142500 -0.023010
v 0.025973 -0.149500 -0.023010
v 0.025973 -0.149500 -0.023010
v 0.025973 -0.142500 -0.023010
v 0.030725 -0.142500 -0.016126
v 0.025973 -0.149500 -0.023010
v 0.030725 -0.142500 -0.016126
v 0.030725 -0.149500 -0.016126
v 0.030725 -0.149500 -0.016126
v 0.030725 -0.142500 -0.016126
v 0.033692 -0.142500 -0.008304
v 0.030725 -0.149500 -0.016126
v 0.033692 -0.142500 -0.008304
v 0.033692 -0.149500 -0.008304
v 0.033692 -0.149500 -0.008304
v 0.033692 -0.142500 -0.008304
v 0.034700 -0.142500 0.000000
v 0.033692 -0.149500 -0.008304
v 0.034700 -0.142500 0.000000
v 0.034700 -0.149500 0.000000
v 0.034700 -0.149500 0.000000
v 0.034700 -0.142500 0.000000
v 0.033692 -0.142500 0.008304
v 0.034700 -0.149500 0.000000
v 0.033692 -0.142500 0.008304
v 0.033692 -0.149500 0.008304
v 0.033692 -0.149500 0.008304
v 0.033692 -0.142500 0.008304
v 0.030725 -0.142500 0.016126
v 0.033692 -0.149500 0.008304
v 0.030725 -0.142500 0.016126
v 0.030725 -0.149500 0.016126
v 0.030725 -0.149500 0.016126
v 0.030725 -0.142500 0.016126
v 0.025973 -0.142500 0.023010
v 0.030725 -0.149500 0.016126
v 0.025973 -0.142500 0.023010
v 0.025973 -0.149500 0.023010
v 0.025973 -0.149500 0.023010
v 0.025973 -0.142500 0.023010
v 0.019712 -0.142500 0.028558
v 0.025973 -0.149500 0.023010
v 0.019712 -0.142500 0.028558
v 0.019712 -0.149500 0.028558
v 0.019712 -0.149500 0.028558
v 0.019712 -0.142500 0.028558
v 0.012305 -0.142500 0.032445
v 0.019712 -0.149500 0.028558
v 0.012305 -0.142500 0.032445
v 0.012305 -0.149500 0.032445
v 0.012305 -0.149500 0.032445
v 0.012305 -0.142500 0.032445
v 0.004183 -0.142500 0.034447
v 0.012305 -0.149500 0.032445
v 0.004183 -0.142500 0.034447
v 0.004183 -0.149500 0.034447
v 0.004183 -0.149500 0.034447
v 0.004183 -0.142500 0.034447
v -0.004183 -0.142500 0.034447
v 0.004183 -0.149500 0.034447
v -0.004183 -0.142500 0.034447
v -0.004183 -0.149500 0.034447
v -0.004183 -0.149500 0.034447
v -0.004183 -0.142500 0.034447
v -0.012305 -0.142500 0.032445
v -0.004183 -0.149500 0.034447
v -0.012305 -0.142500 0.032445
v -0.012305 -0.149500 0.032445
v -0.012305 -0.149500 0.032445
v -0.012305 -0.142500 0.032445
v -0.019712 -0.142500 0.028558
v -0.012305 -0.149500 0.032445
v -0.019712 -0.142500 0.028558
v -0.019712 -0.149500 0.028558
v -0.019712 -0.149500 0.028558
v -0.019712 -0.142500 0.028558
v -0.025973 -0.142500 0.023010
v -0.019712 -0.149500 0.028558
v -0.025973 -0.142500 0.023010
v -0.025973 -0.149500 0.023010
v -0.025973 -0.149500 0.023010
v -0.025973 -0.142500 0.023010
v -0.030725 -0.142500 0.016126
v -0.025973 -0.149500 0.023010
v -0.030725 -0.142500 0.016126
v -0.030725 -0.149500 0.016126
v -0.030725 -0.149500 0.016126
v -0.030725 -0.142500 0.016126
v -0.033692 -0.142500 0.008304
v -0.030725 -0.149500 0.016126
v -0.033692 -0.142500 0.008304
v -0.033692 -0.149500 0.008304
v -0.033692 -0.149500 0.008304
v -0.033692 -0.142500 0.008304
v -0.034700 -0.142500 0.000000
v -0.033692 -0.149500 0.008304
v -0.034700 -0.142500 0.000000
v -0.034700 -0.149500 0.000000
v -0.034700 -0.149500 0.000000
v -0.034700 -0.142500 0.000000
v -0.033692 -0.142500 -0.008304
v -0.031589 -0.031095 0.027369
v -0.031395 -0.031627 0.027257
v -0.031622 -0.031353 0.029323
v -0.023389 -0.050000 0.034341
v -0.022225 -0.050000 0.035362
v -0.023198 -0.043991 0.036302
v -0.028107 -0.020856 0.039986
v -0.025830 -0.025225 0.040111
v -0.025445 -0.024033 0.040635
v -0.034922 -0.002338 0.039747
v -0.035000 -0.000000 0.039764
v -0.037085 -0.000000 0.038248
v -0.034922 -0.002338 0.039747
v -0.037085 -0.000000 0.038248
v -0.034418 -0.006355 0.039651
v -0.025445 -0.024033 0.040635
v -0.025830 -0.025225 0.040111
v -0.024210 -0.025276 0.040962
v -0.024210 -0.025276 0.040962
v -0.025830 -0.025225 0.040111
v -0.024091 -0.037718 0.037546
v -0.024210 -0.025276 0.040962
v -0.024091 -0.037718 0.037546
v -0.022444 -0.026856 0.041423
v -0.024091 -0.037718 0.037546
v -0.022059 -0.037749 0.038938
v -0.022444 -0.026856 0.041423
v -0.022444 -0.026856 0.041423
v -0.022059 -0.037749 0.038938
v -0.019854 -0.037769 0.040090
v -0.022444 -0.026856 0.041423
v -0.019854 -0.037769 0.040090
v -0.019224 -0.029248 0.042179
v -0.019224 -0.029248 0.042179
v -0.019854 -0.037769 0.040090
v -0.015109 -0.037787 0.041738
v -0.019224 -0.029248 0.042179
v -0.015109 -0.037787 0.041738
v -0.015807 -0.031228 0.042802
v -0.000000 -0.035000 0.043606
v -0.004169 -0.034752 0.043598
v -0.010146 -0.037786 0.042648
v -0.010146 -0.037786 0.042648
v -0.004169 -0.034752 0.043598
v -0.008245 -0.034015 0.043500
v -0.010146 -0.037786 0.042648
v -0.008245 -0.034015 0.043500
v -0.015109 -0.037787 0.041738
v -0.015109 -0.037787 0.041738
v -0.008245 -0.034015 0.043500
v -0.012143 -0.032826 0.043245
v -0.015109 -0.037787 0.041738
v -0.012143 -0.032826 0.043245
v -0.015807 -0.031228 0.042802
v -0.010146 -0.037786 0.042648
v -0.009497 -0.050000 0.040299
v -0.005796 -0.050000 0.040690
v -0.000000 -0.035000 0.043606
v -0.010146 -0.037786 0.042648
v -0.000000 -0.042493 0.042285
v -0.000000 -0.042493 0.042285
v -0.010146 -0.037786 0.042648
v -0.005796 -0.050000 0.040690
v -0.000000 -0.042493 0.042285
v -0.005796 -0.050000 0.040690
v -0.000000 -0.050000 0.040880
v -0.019179 -0.044028 0.038874
v -0.018440 -0.050000 0.037725
v -0.017266 -0.050000 0.038254
v -0.023198 -0.043991 0.036302
v -0.022225 -0.050000 0.035362
v -0.019179 -0.044028 0.038874
v -0.019179 -0.044028 0.038874
v -0.022225 -0.050000 0.035362
v -0.020066 -0.050000 0.036851
v -0.019179 -0.044028 0.038874
v -0.020066 -0.050000 0.036851
v -0.018440 -0.050000 0.037725
v -0.027786 -0.050000 0.023704
v -0.027813 -0.050000 0.024136
v -0.027887 -0.045999 0.024376
v -0.027887 -0.045999 0.024376
v -0.027813 -0.050000 0.024136
v -0.027693 -0.050000 0.026353
v -0.027887 -0.045999 0.024376
v -0.027693 -0.050000 0.026353
v -0.028293 -0.043868 0.026625
v -0.028293 -0.043868 0.026625
v -0.027693 -0.050000 0.026353
v -0.027352 -0.050000 0.027917
v -0.028293 -0.043868 0.026625
v -0.027352 -0.050000 0.027917
v -0.028033 -0.043868 0.028750
v -0.028033 -0.043868 0.028750
v -0.027352 -0.050000 0.027917
v -0.027065 -0.050000 0.028798
v -0.028033 -0.043868 0.028750
v -0.027065 -0.050000 0.028798
v -0.027346 -0.043892 0.030850
v -0.027346 -0.043892 0.030850
v -0.027065 -0.050000 0.028798
v -0.025877 -0.050000 0.031256
v -0.027346 -0.043892 0.030850
v -0.025877 -0.050000 0.031256
v -0.026278 -0.043927 0.032843
v -0.026278 -0.043927 0.032843
v -0.025877 -0.050000 0.031256
v -0.025415 -0.050000 0.031967
v -0.026278 -0.043927 0.032843
v -0.025415 -0.050000 0.031967
v -0.024193 -0.050000 0.033510
v -0.029477 -0.037533 0.026021
v -0.028439 -0.041954 0.025132
v -0.028293 -0.043868 0.026625
v -0.028293 -0.043868 0.026625
v -0.028439 -0.041954 0.025132
v -0.028121 -0.043898 0.024760
v -0.028293 -0.043868 0.026625
v -0.028121 -0.043898 0.024760
v -0.027887 -0.045999 0.024376
v -0.031589 -0.031095 0.027369
v -0.031622 -0.031353 0.029323
v -0.033694 -0.025644 0.028485
v -0.034891 -0.022630 0.029066
v -0.033694 -0.025644 0.028485
v -0.033864 -0.025185 0.030792
v -0.033864 -0.025185 0.030792
v -0.033694 -0.025644 0.028485
v -0.031622 -0.031353 0.029323
v -0.033864 -0.025185 0.030792
v -0.031622 -0.031353 0.029323
v -0.033085 -0.025169 0.033139
v -0.033085 -0.025169 0.033139
v -0.031622 -0.031353 0.029323
v -0.031121 -0.031342 0.031554
v -0.033085 -0.025169 0.033139
v -0.031121 -0.031342 0.031554
v -0.031725 -0.025172 0.035239
v -0.031725 -0.025172 0.035239
v -0.031121 -0.031342 0.031554
v -0.030088 -0.031362 0.033656
v -0.031725 -0.025172 0.035239
v -0.030088 -0.031362 0.033656
v -0.029995 -0.025185 0.037086
v -0.029995 -0.025185 0.037086
v -0.030088 -0.031362 0.033656
v -0.028664 -0.031396 0.035585
v -0.029995 -0.025185 0.037086
v -0.028664 -0.031396 0.035585
v -0.028014 -0.025204 0.038702
v -0.028014 -0.025204 0.038702
v -0.028664 -0.031396 0.035585
v -0.025888 -0.037679 0.035928
v -0.026278 -0.043927 0.032843
v -0.027399 -0.037634 0.034115
v -0.027346 -0.043892 0.030850
v -0.027346 -0.043892 0.030850
v -0.027399 -0.037634 0.034115
v -0.028581 -0.037590 0.032132
v -0.027346 -0.043892 0.030850
v -0.028581 -0.037590 0.032132
v -0.028033 -0.043868 0.028750
v -0.028033 -0.043868 0.028750
v -0.028581 -0.037590 0.032132
v -0.029366 -0.037560 0.030031
v -0.028033 -0.043868 0.028750
v -0.029366 -0.037560 0.030031
v -0.028293 -0.043868 0.026625
v -0.028293 -0.043868 0.026625
v -0.029366 -0.037560 0.030031
v -0.029671 -0.037565 0.027885
v -0.028293 -0.043868 0.026625
v -0.029671 -0.037565 0.027885
v -0.029477 -0.037533 0.026021
v -0.031395 -0.031627 0.027257
v -0.029477 -0.037533 0.026021
v -0.031622 -0.031353 0.029323
v -0.031622 -0.031353 0.029323
v -0.029477 -0.037533 0.026021
v -0.029671 -0.037565 0.027885
v -0.031622 -0.031353 0.029323
v -0.029671 -0.037565 0.027885
v -0.031121 -0.031342 0.031554
v -0.031121 -0.031342 0.031554
v -0.029671 -0.037565 0.027885
v -0.029366 -0.037560 0.030031
v -0.031121 -0.031342 0.031554
v -0.029366 -0.037560 0.030031
v -0.030088 -0.031362 0.033656
v -0.030088 -0.031362 0.033656
v -0.029366 -0.037560 0.030031
v -0.028581 -0.037590 0.032132
v -0.030088 -0.031362 0.033656
v -0.028581 -0.037590 0.032132
v -0.028664 -0.031396 0.035585
v -0.028664 -0.031396 0.035585
v -0.028581 -0.037590 0.032132
v -0.027399 -0.037634 0.034115
v -0.028664 -0.031396 0.035585
v -0.027399 -0.037634 0.034115
v -0.025888 -0.037679 0.035928
v -0.025888 -0.037679 0.035928
v -0.027399 -0.037634 0.034115
v -0.026278 -0.043927 0.032843
v -0.025888 -0.037679 0.035928
v -0.026278 -0.043927 0.032843
v -0.023198 -0.043991 0.036302
v -0.023198 -0.043991 0.036302
v -0.026278 -0.043927 0.032843
v -0.024193 -0.050000 0.033510
v -0.023198 -0.043991 0.036302
v -0.024193 -0.050000 0.033510
v -0.023389 -0.050000 0.034341
v -0.039518 -0.006468 0.033890
v -0.040142 -0.000000 0.033879
v -0.039852 -0.006473 0.032450
v -0.039852 -0.006473 0.032450
v -0.040142 -0.000000 0.033879
v -0.040500 -0.000000 0.031471
v -0.039852 -0.006473 0.032450
v -0.040500 -0.000000 0.031471
v -0.040377 -0.002929 0.031424
v -0.038105 -0.006455 0.036454
v -0.039091 -0.000000 0.036041
v -0.039518 -0.006468 0.033890
v -0.039518 -0.006468 0.033890
v -0.039091 -0.000000 0.036041
v -0.040105 -0.000000 0.033992
v -0.039518 -0.006468 0.033890
v -0.040105 -0.000000 0.033992
v -0.040142 -0.000000 0.033879
v -0.033394 -0.010482 0.039525
v -0.034418 -0.006355 0.039651
v -0.036024 -0.006432 0.038509
v -0.036024 -0.006432 0.038509
v -0.034418 -0.006355 0.039651
v -0.037085 -0.000000 0.038248
v -0.036024 -0.006432 0.038509
v -0.037085 -0.000000 0.038248
v -0.038105 -0.006455 0.036454
v -0.038105 -0.006455 0.036454
v -0.037085 -0.000000 0.038248
v -0.038955 -0.000000 0.036237
v -0.038105 -0.006455 0.036454
v -0.038955 -0.000000 0.036237
v -0.039091 -0.000000 0.036041
v -0.032031 -0.014108 0.039484
v -0.033394 -0.010482 0.039525
v -0.034833 -0.012746 0.037847
v -0.034833 -0.012746 0.037847
v -0.033394 -0.010482 0.039525
v -0.036024 -0.006432 0.038509
v -0.034833 -0.012746 0.037847
v -0.036024 -0.006432 0.038509
v -0.036790 -0.012770 0.035770
v -0.036790 -0.012770 0.035770
v -0.036024 -0.006432 0.038509
v -0.038105 -0.006455 0.036454
v -0.036790 -0.012770 0.035770
v -0.038105 -0.006455 0.036454
v -0.038094 -0.012790 0.033224
v -0.038094 -0.012790 0.033224
v -0.038105 -0.006455 0.036454
v -0.039518 -0.006468 0.033890
v -0.038094 -0.012790 0.033224
v -0.039518 -0.006468 0.033890
v -0.038378 -0.012800 0.031805
v -0.038378 -0.012800 0.031805
v -0.039518 -0.006468 0.033890
v -0.039852 -0.006473 0.032450
v -0.038378 -0.012800 0.031805
v -0.036308 -0.019029 0.030802
v -0.038094 -0.012790 0.033224
v -0.038094 -0.012790 0.033224
v -0.036308 -0.019029 0.030802
v -0.036115 -0.019013 0.032141
v -0.038094 -0.012790 0.033224
v -0.036115 -0.019013 0.032141
v -0.036790 -0.012770 0.035770
v -0.036790 -0.012770 0.035770
v -0.036115 -0.019013 0.032141
v -0.035045 -0.018993 0.034605
v -0.036790 -0.012770 0.035770
v -0.035045 -0.018993 0.034605
v -0.034833 -0.012746 0.037847
v -0.034833 -0.012746 0.037847
v -0.035045 -0.018993 0.034605
v -0.033353 -0.018979 0.036697
v -0.034833 -0.012746 0.037847
v -0.033353 -0.018979 0.036697
v -0.032031 -0.014108 0.039484
v -0.032031 -0.014108 0.039484
v -0.033353 -0.018979 0.036697
v -0.031314 -0.018970 0.038454
v -0.032031 -0.014108 0.039484
v -0.031314 -0.018970 0.038454
v -0.030264 -0.017581 0.039614
v -0.030264 -0.017581 0.039614
v -0.031314 -0.018970 0.038454
v -0.028107 -0.020856 0.039986
v -0.040377 -0.002929 0.031424
v -0.039840 -0.006940 0.031212
v -0.039852 -0.006473 0.032450
v -0.039852 -0.006473 0.032450
v -0.039840 -0.006940 0.031212
v -0.038821 -0.011366 0.030798
v -0.039852 -0.006473 0.032450
v -0.038821 -0.011366 0.030798
v -0.038378 -0.012800 0.031805
v -0.038378 -0.012800 0.031805
v -0.038821 -0.011366 0.030798
v -0.037262 -0.016333 0.030138
v -0.038378 -0.012800 0.031805
v -0.037262 -0.016333 0.030138
v -0.036308 -0.019029 0.030802
v -0.036308 -0.019029 0.030802
v -0.037262 -0.016333 0.030138
v -0.034891 -0.022630 0.029066
v -0.036308 -0.019029 0.030802
v -0.034891 -0.022630 0.029066
v -0.036115 -0.019013 0.032141
v -0.036115 -0.019013 0.032141
v -0.034891 -0.022630 0.029066
v -0.033864 -0.025185 0.030792
v -0.036115 -0.019013 0.032141
v -0.033864 -0.025185 0.030792
v -0.035045 -0.018993 0.034605
v -0.035045 -0.018993 0.034605
v -0.033864 -0.025185 0.030792
v -0.033085 -0.025169 0.033139
v -0.035045 -0.018993 0.034605
v -0.033085 -0.025169 0.033139
v -0.033353 -0.018979 0.036697
v -0.033353 -0.018979 0.036697
v -0.033085 -0.025169 0.033139
v -0.031725 -0.025172 0.035239
v -0.033353 -0.018979 0.036697
v -0.031725 -0.025172 0.035239
v -0.031314 -0.018970 0.038454
v -0.031314 -0.018970 0.038454
v -0.031725 -0.025172 0.035239
v -0.029995 -0.025185 0.037086
v -0.031314 -0.018970 0.038454
v -0.029995 -0.025185 0.037086
v -0.028107 -0.020856 0.039986
v -0.028107 -0.020856 0.039986
v -0.029995 -0.025185 0.037086
v -0.028014 -0.025204 0.038702
v -0.028107 -0.020856 0.039986
v -0.028014 -0.025204 0.038702
v -0.025830 -0.025225 0.040111
v -0.025830 -0.025225 0.040111
v -0.028014 -0.025204 0.038702
v -0.025888 -0.037679 0.035928
v -0.025830 -0.025225 0.040111
v -0.025888 -0.037679 0.035928
v -0.024091 -0.037718 0.037546
v -0.024091 -0.037718 0.037546
v -0.025888 -0.037679 0.035928
v -0.023198 -0.043991 0.036302
v -0.024091 -0.037718 0.037546
v -0.023198 -0.043991 0.036302
v -0.022059 -0.037749 0.038938
v -0.022059 -0.037749 0.038938
v -0.023198 -0.043991 0.036302
v -0.019179 -0.044028 0.038874
v -0.022059 -0.037749 0.038938
v -0.019179 -0.044028 0.038874
v -0.019854 -0.037769 0.040090
v -0.019854 -0.037769 0.040090
v -0.019179 -0.044028 0.038874
v -0.017266 -0.050000 0.038254
v -0.019854 -0.037769 0.040090
v -0.017266 -0.050000 0.038254
v -0.015109 -0.037787 0.041738
v -0.015109 -0.037787 0.041738
v -0.017266 -0.050000 0.038254
v -0.014003 -0.050000 0.039375
v -0.015109 -0.037787 0.041738
v -0.014003 -0.050000 0.039375
v -0.010146 -0.037786 0.042648
v -0.010146 -0.037786 0.042648
v -0.014003 -0.050000 0.039375
v -0.010275 -0.050000 0.040179
v -0.010146 -0.037786 0.042648
v -0.010275 -0.050000 0.040179
v -0.009497 -0.050000 0.040299
v -0.015365 -0.041262 0.016638
v -0.012227 -0.038912 0.016494
v -0.009370 -0.042075 0.016337
v -0.026670 -0.045313 0.021079
v -0.025768 -0.044404 0.020013
v -0.024243 -0.048098 0.017869
v -0.000000 -0.046631 0.015396
v -0.000730 -0.046137 0.015561
v -0.000000 -0.043628 0.016186
v -0.000730 -0.046137 0.015561
v -0.000000 -0.046631 0.015396
v -0.002701 -0.047472 0.015034
v -0.028121 -0.043898 0.024760
v -0.028439 -0.041954 0.025132
v -0.028006 -0.041544 0.023504
v -0.039840 -0.006940 0.031212
v -0.040377 -0.002929 0.031424
v -0.040389 -0.002814 0.023093
v -0.040377 -0.002929 0.031424
v -0.040500 -0.000000 0.031471
v -0.040389 -0.002814 0.023093
v -0.040389 -0.002814 0.023093
v -0.040500 -0.000000 0.031471
v -0.040500 -0.000000 0.019471
v -0.040389 -0.002814 0.023093
v -0.040500 -0.000000 0.019471
v -0.040487 -0.001000 0.019471
v -0.036954 -0.016549 0.024609
v -0.037262 -0.016333 0.030138
v -0.038821 -0.011366 0.030798
v -0.029477 -0.037533 0.026021
v -0.031395 -0.031627 0.027257
v -0.030573 -0.033413 0.026099
v -0.025500 -0.050000 0.018263
v -0.026547 -0.050000 0.019712
v -0.025406 -0.049111 0.018546
v -0.025500 -0.050000 0.018263
v -0.025406 -0.049111 0.018546
v -0.023752 -0.050000 0.016704
v -0.018837 -0.050000 0.014518
v -0.019317 -0.050000 0.014651
v -0.019933 -0.049583 0.015056
v -0.019933 -0.049583 0.015056
v -0.019317 -0.050000 0.014651
v -0.021896 -0.050000 0.015623
v -0.019933 -0.049583 0.015056
v -0.021896 -0.050000 0.015623
v -0.021551 -0.045926 0.017061
v -0.021551 -0.045926 0.017061
v -0.021896 -0.050000 0.015623
v -0.024243 -0.048098 0.017869
v -0.014470 -0.050000 0.013793
v -0.015136 -0.050000 0.013859
v -0.016478 -0.047107 0.015384
v -0.016478 -0.047107 0.015384
v -0.015136 -0.050000 0.013859
v -0.016390 -0.050000 0.014022
v -0.007031 -0.050000 0.013638
v -0.009660 -0.050000 0.013605
v -0.009938 -0.049854 0.013687
v -0.009938 -0.049854 0.013687
v -0.009660 -0.050000 0.013605
v -0.012849 -0.050000 0.013679
v -0.009938 -0.049854 0.013687
v -0.012849 -0.050000 0.013679
v -0.010801 -0.048047 0.014609
v -0.010801 -0.048047 0.014609
v -0.012849 -0.050000 0.013679
v -0.013730 -0.050000 0.013733
v -0.010801 -0.048047 0.014609
v -0.013730 -0.050000 0.013733
v -0.011793 -0.046291 0.015338
v -0.011793 -0.046291 0.015338
v -0.013730 -0.050000 0.013733
v -0.014470 -0.050000 0.013793
v -0.011793 -0.046291 0.015338
v -0.014470 -0.050000 0.013793
v -0.012892 -0.044578 0.015909
v -0.012892 -0.044578 0.015909
v -0.014470 -0.050000 0.013793
v -0.016478 -0.047107 0.015384
v -0.012892 -0.044578 0.015909
v -0.016478 -0.047107 0.015384
v -0.018531 -0.043623 0.016741
v -0.004275 -0.050000 0.013714
v -0.004791 -0.048854 0.014329
v -0.002916 -0.050000 0.013752
v -0.002916 -0.050000 0.013752
v -0.004791 -0.048854 0.014329
v -0.002701 -0.047472 0.015034
v -0.002701 -0.047472 0.015034
v -0.000000 -0.046631 0.015396
v -0.002916 -0.050000 0.013752
v -0.002916 -0.050000 0.013752
v -0.000000 -0.046631 0.015396
v -0.000000 -0.049251 0.014223
v -0.002916 -0.050000 0.013752
v -0.000000 -0.049251 0.014223
v -0.000000 -0.050000 0.013795
v 0.000001 -0.040500 0.016470
v -0.003209 -0.042822 0.016283
v -0.001473 -0.040474 0.016471
v -0.001473 -0.040474 0.016471
v -0.003209 -0.042822 0.016283
v -0.005914 -0.040066 0.016471
v -0.005757 -0.047088 0.015098
v -0.006862 -0.045378 0.015659
v -0.004995 -0.044084 0.016032
v -0.004995 -0.044084 0.016032
v -0.006862 -0.045378 0.015659
v -0.008072 -0.043709 0.016064
v -0.003209 -0.042822 0.016283
v -0.004995 -0.044084 0.016032
v -0.005914 -0.040066 0.016471
v -0.005914 -0.040066 0.016471
v -0.004995 -0.044084 0.016032
v -0.008072 -0.043709 0.016064
v -0.005914 -0.040066 0.016471
v -0.008072 -0.043709 0.016064
v -0.006462 -0.039981 0.016471
v -0.006462 -0.039981 0.016471
v -0.008072 -0.043709 0.016064
v -0.009370 -0.042075 0.016337
v -0.006462 -0.039981 0.016471
v -0.009370 -0.042075 0.016337
v -0.009012 -0.039485 0.016471
v -0.018176 -0.038080 0.016865
v -0.018631 -0.035960 0.016471
v -0.017572 -0.036489 0.016471
v -0.018176 -0.038080 0.016865
v -0.017572 -0.036489 0.016471
v -0.016731 -0.039655 0.016809
v -0.017572 -0.036489 0.016471
v -0.014553 -0.037795 0.016471
v -0.016731 -0.039655 0.016809
v -0.016731 -0.039655 0.016809
v -0.014553 -0.037795 0.016471
v -0.014392 -0.037857 0.016471
v -0.016731 -0.039655 0.016809
v -0.014392 -0.037857 0.016471
v -0.015365 -0.041262 0.016638
v -0.015365 -0.041262 0.016638
v -0.014392 -0.037857 0.016471
v -0.012780 -0.038431 0.016471
v -0.015365 -0.041262 0.016638
v -0.012780 -0.038431 0.016471
v -0.012227 -0.038912 0.016494
v -0.012227 -0.038912 0.016494
v -0.012780 -0.038431 0.016471
v -0.011908 -0.038710 0.016471
v -0.012227 -0.038912 0.016494
v -0.011908 -0.038710 0.016471
v -0.009370 -0.042075 0.016337
v -0.009370 -0.042075 0.016337
v -0.011908 -0.038710 0.016471
v -0.010296 -0.039170 0.016471
v -0.009370 -0.042075 0.016337
v -0.010296 -0.039170 0.016471
v -0.009012 -0.039485 0.016471
v -0.025960 -0.031086 0.016471
v -0.025251 -0.031664 0.016471
v -0.026185 -0.033767 0.018580
v -0.036916 -0.016658 0.016487
v -0.036862 -0.016777 0.016483
v -0.036619 -0.017314 0.017962
v -0.036936 -0.016612 0.016515
v -0.036930 -0.016625 0.016500
v -0.036939 -0.016607 0.016535
v -0.036939 -0.016607 0.016535
v -0.036930 -0.016625 0.016500
v -0.036916 -0.016658 0.016487
v -0.036939 -0.016607 0.016535
v -0.036916 -0.016658 0.016487
v -0.036934 -0.016617 0.016640
v -0.036934 -0.016617 0.016640
v -0.036916 -0.016658 0.016487
v -0.036619 -0.017314 0.017962
v -0.036934 -0.016617 0.016640
v -0.036619 -0.017314 0.017962
v -0.036736 -0.017051 0.019471
v -0.036736 -0.017051 0.019471
v -0.036619 -0.017314 0.017962
v -0.035667 -0.019239 0.017289
v -0.036736 -0.017051 0.019471
v -0.035667 -0.019239 0.017289
v -0.036954 -0.016549 0.024609
v -0.036954 -0.016549 0.024609
v -0.035667 -0.019239 0.017289
v -0.035357 -0.020215 0.022573
v -0.036954 -0.016549 0.024609
v -0.035357 -0.020215 0.022573
v -0.037262 -0.016333 0.030138
v -0.037262 -0.016333 0.030138
v -0.035357 -0.020215 0.022573
v -0.034891 -0.022630 0.029066
v -0.036862 -0.016777 0.016483
v -0.036489 -0.017572 0.016473
v -0.036619 -0.017314 0.017962
v -0.036619 -0.017314 0.017962
v -0.036489 -0.017572 0.016473
v -0.036308 -0.017944 0.016473
v -0.036619 -0.017314 0.017962
v -0.036308 -0.017944 0.016473
v -0.035667 -0.019239 0.017289
v -0.035667 -0.019239 0.017289
v -0.036308 -0.017944 0.016473
v -0.034265 -0.021590 0.016472
v -0.035667 -0.019239 0.017289
v -0.034265 -0.021590 0.016472
v -0.035357 -0.020215 0.022573
v -0.035357 -0.020215 0.022573
v -0.034265 -0.021590 0.016472
v -0.033476 -0.023767 0.020960
v -0.035357 -0.020215 0.022573
v -0.033476 -0.023767 0.020960
v -0.034891 -0.022630 0.029066
v -0.039982 -0.006275 0.019471
v -0.039793 -0.007332 0.019471
v -0.039408 -0.008923 0.029784
v -0.039408 -0.008923 0.029784
v -0.039793 -0.007332 0.019471
v -0.039334 -0.009431 0.019471
v -0.039408 -0.008923 0.029784
v -0.039334 -0.009431 0.019471
v -0.038307 -0.012787 0.027008
v -0.038307 -0.012787 0.027008
v -0.039334 -0.009431 0.019471
v -0.038697 -0.011749 0.019471
v -0.038307 -0.012787 0.027008
v -0.038697 -0.011749 0.019471
v -0.037934 -0.014044 0.019471
v -0.040487 -0.001000 0.019471
v -0.040142 -0.005212 0.019471
v -0.040389 -0.002814 0.023093
v -0.040389 -0.002814 0.023093
v -0.040142 -0.005212 0.019471
v -0.039982 -0.006275 0.019471
v -0.040389 -0.002814 0.023093
v -0.039982 -0.006275 0.019471
v -0.039840 -0.006940 0.031212
v -0.039840 -0.006940 0.031212
v -0.039982 -0.006275 0.019471
v -0.039408 -0.008923 0.029784
v -0.039840 -0.006940 0.031212
v -0.039408 -0.008923 0.029784
v -0.038821 -0.011366 0.030798
v -0.038821 -0.011366 0.030798
v -0.039408 -0.008923 0.029784
v -0.038307 -0.012787 0.027008
v -0.038821 -0.011366 0.030798
v -0.038307 -0.012787 0.027008
v -0.036954 -0.016549 0.024609
v -0.036954 -0.016549 0.024609
v -0.038307 -0.012787 0.027008
v -0.037934 -0.014044 0.019471
v -0.036954 -0.016549 0.024609
v -0.037934 -0.014044 0.019471
v -0.036736 -0.017051 0.019471
v -0.033694 -0.025644 0.028485
v -0.034891 -0.022630 0.029066
v -0.033555 -0.024898 0.025665
v -0.033555 -0.024898 0.025665
v -0.034891 -0.022630 0.029066
v -0.033476 -0.023767 0.020960
v -0.033555 -0.024898 0.025665
v -0.033476 -0.023767 0.020960
v -0.031741 -0.028477 0.023953
v -0.031741 -0.028477 0.023953
v -0.033476 -0.023767 0.020960
v -0.031282 -0.027195 0.019815
v -0.031741 -0.028477 0.023953
v -0.031282 -0.027195 0.019815
v -0.029322 -0.031265 0.020731
v -0.016390 -0.050000 0.014022
v -0.018837 -0.050000 0.014518
v -0.016478 -0.047107 0.015384
v -0.016478 -0.047107 0.015384
v -0.018837 -0.050000 0.014518
v -0.019933 -0.049583 0.015056
v -0.016478 -0.047107 0.015384
v -0.019933 -0.049583 0.015056
v -0.018531 -0.043623 0.016741
v -0.018531 -0.043623 0.016741
v -0.019933 -0.049583 0.015056
v -0.021551 -0.045926 0.017061
v -0.018531 -0.043623 0.016741
v -0.021551 -0.045926 0.017061
v -0.020923 -0.040274 0.017591
v -0.020923 -0.040274 0.017591
v -0.021551 -0.045926 0.017061
v -0.023527 -0.042411 0.018532
v -0.031282 -0.027195 0.019815
v -0.030076 -0.028865 0.019404
v -0.029322 -0.031265 0.020731
v -0.029322 -0.031265 0.020731
v -0.030076 -0.028865 0.019404
v -0.028814 -0.030513 0.019076
v -0.029322 -0.031265 0.020731
v -0.028814 -0.030513 0.019076
v -0.027512 -0.032145 0.018810
v -0.024243 -0.048098 0.017869
v -0.025768 -0.044404 0.020013
v -0.021551 -0.045926 0.017061
v -0.021551 -0.045926 0.017061
v -0.025768 -0.044404 0.020013
v -0.024708 -0.043432 0.019182
v -0.021551 -0.045926 0.017061
v -0.024708 -0.043432 0.019182
v -0.023527 -0.042411 0.018532
v -0.027512 -0.032145 0.018810
v -0.026995 -0.034640 0.019783
v -0.029322 -0.031265 0.020731
v -0.029322 -0.031265 0.020731
v -0.026995 -0.034640 0.019783
v -0.029797 -0.032004 0.022434
v -0.029322 -0.031265 0.020731
v -0.029797 -0.032004 0.022434
v -0.031741 -0.028477 0.023953
v -0.031741 -0.028477 0.023953
v -0.029797 -0.032004 0.022434
v -0.030221 -0.032723 0.024213
v -0.031741 -0.028477 0.023953
v -0.030221 -0.032723 0.024213
v -0.033555 -0.024898 0.025665
v -0.033555 -0.024898 0.025665
v -0.030221 -0.032723 0.024213
v -0.031589 -0.031095 0.027369
v -0.033555 -0.024898 0.025665
v -0.031589 -0.031095 0.027369
v -0.033694 -0.025644 0.028485
v -0.027380 -0.050000 0.021612
v -0.027820 -0.046870 0.024188
v -0.027341 -0.050000 0.021488
v -0.027341 -0.050000 0.021488
v -0.027820 -0.046870 0.024188
v -0.027375 -0.046144 0.022440
v -0.027341 -0.050000 0.021488
v -0.027375 -0.046144 0.022440
v -0.026547 -0.050000 0.019712
v -0.026547 -0.050000 0.019712
v -0.027375 -0.046144 0.022440
v -0.026670 -0.045313 0.021079
v -0.026547 -0.050000 0.019712
v -0.026670 -0.045313 0.021079
v -0.025406 -0.049111 0.018546
v -0.025406 -0.049111 0.018546
v -0.026670 -0.045313 0.021079
v -0.024243 -0.048098 0.017869
v -0.025406 -0.049111 0.018546
v -0.024243 -0.048098 0.017869
v -0.023752 -0.050000 0.016704
v -0.023752 -0.050000 0.016704
v -0.024243 -0.048098 0.017869
v -0.021896 -0.050000 0.015623
v -0.027380 -0.050000 0.021612
v -0.027786 -0.050000 0.023704
v -0.027820 -0.046870 0.024188
v -0.027820 -0.046870 0.024188
v -0.027786 -0.050000 0.023704
v -0.027887 -0.045999 0.024376
v -0.027820 -0.046870 0.024188
v -0.027887 -0.045999 0.024376
v -0.027375 -0.046144 0.022440
v -0.027375 -0.046144 0.022440
v -0.027887 -0.045999 0.024376
v -0.028121 -0.043898 0.024760
v -0.027375 -0.046144 0.022440
v -0.028121 -0.043898 0.024760
v -0.026670 -0.045313 0.021079
v -0.026670 -0.045313 0.021079
v -0.028121 -0.043898 0.024760
v -0.028006 -0.041544 0.023504
v -0.026670 -0.045313 0.021079
v -0.028006 -0.041544 0.023504
v -0.025768 -0.044404 0.020013
v -0.025768 -0.044404 0.020013
v -0.028006 -0.041544 0.023504
v -0.027376 -0.040743 0.022032
v -0.025768 -0.044404 0.020013
v -0.027376 -0.040743 0.022032
v -0.024708 -0.043432 0.019182
v -0.024708 -0.043432 0.019182
v -0.027376 -0.040743 0.022032
v -0.026575 -0.039874 0.020815
v -0.024708 -0.043432 0.019182
v -0.026575 -0.039874 0.020815
v -0.023527 -0.042411 0.018532
v -0.023527 -0.042411 0.018532
v -0.026575 -0.039874 0.020815
v -0.025642 -0.038952 0.019795
v -0.023527 -0.042411 0.018532
v -0.025642 -0.038952 0.019795
v -0.020923 -0.040274 0.017591
v -0.031395 -0.031627 0.027257
v -0.031589 -0.031095 0.027369
v -0.030573 -0.033413 0.026099
v -0.030573 -0.033413 0.026099
v -0.031589 -0.031095 0.027369
v -0.030221 -0.032723 0.024213
v -0.030573 -0.033413 0.026099
v -0.030221 -0.032723 0.024213
v -0.028419 -0.036307 0.022483
v -0.028419 -0.036307 0.022483
v -0.030221 -0.032723 0.024213
v -0.029797 -0.032004 0.022434
v -0.028419 -0.036307 0.022483
v -0.029797 -0.032004 0.022434
v -0.027750 -0.035490 0.021070
v -0.027750 -0.035490 0.021070
v -0.029797 -0.032004 0.022434
v -0.026995 -0.034640 0.019783
v -0.027750 -0.035490 0.021070
v -0.026995 -0.034640 0.019783
v -0.024612 -0.037992 0.018919
v -0.004275 -0.050000 0.013714
v -0.006553 -0.050000 0.013649
v -0.004791 -0.048854 0.014329
v -0.004791 -0.048854 0.014329
v -0.006553 -0.050000 0.013649
v -0.005757 -0.047088 0.015098
v -0.004791 -0.048854 0.014329
v -0.005757 -0.047088 0.015098
v -0.002701 -0.047472 0.015034
v -0.002701 -0.047472 0.015034
v -0.005757 -0.047088 0.015098
v -0.004995 -0.044084 0.016032
v -0.002701 -0.047472 0.015034
v -0.004995 -0.044084 0.016032
v -0.000730 -0.046137 0.015561
v -0.000730 -0.046137 0.015561
v -0.004995 -0.044084 0.016032
v -0.003209 -0.042822 0.016283
v -0.000730 -0.046137 0.015561
v -0.003209 -0.042822 0.016283
v -0.000000 -0.043628 0.016186
v -0.000000 -0.043628 0.016186
v -0.003209 -0.042822 0.016283
v 0.000001 -0.040500 0.016470
v -0.028439 -0.041954 0.025132
v -0.029477 -0.037533 0.026021
v -0.028006 -0.041544 0.023504
v -0.028006 -0.041544 0.023504
v -0.029477 -0.037533 0.026021
v -0.030573 -0.033413 0.026099
v -0.028006 -0.041544 0.023504
v -0.030573 -0.033413 0.026099
v -0.027376 -0.040743 0.022032
v -0.027376 -0.040743 0.022032
v -0.030573 -0.033413 0.026099
v -0.028419 -0.036307 0.022483
v -0.027376 -0.040743 0.022032
v -0.028419 -0.036307 0.022483
v -0.026575 -0.039874 0.020815
v -0.026575 -0.039874 0.020815
v -0.028419 -0.036307 0.022483
v -0.027750 -0.035490 0.021070
v -0.026575 -0.039874 0.020815
v -0.027750 -0.035490 0.021070
v -0.025642 -0.038952 0.019795
v -0.025642 -0.038952 0.019795
v -0.027750 -0.035490 0.021070
v -0.024612 -0.037992 0.018919
v -0.025642 -0.038952 0.019795
v -0.024612 -0.037992 0.018919
v -0.020923 -0.040274 0.017591
v -0.020923 -0.040274 0.017591
v -0.024612 -0.037992 0.018919
v -0.022205 -0.038634 0.017888
v -0.020923 -0.040274 0.017591
v -0.022205 -0.038634 0.017888
v -0.019686 -0.036531 0.016821
v -0.021252 -0.035004 0.016695
v -0.023519 -0.037007 0.018138
v -0.022860 -0.033494 0.016506
v -0.022860 -0.033494 0.016506
v -0.023519 -0.037007 0.018138
v -0.024850 -0.035386 0.018362
v -0.022860 -0.033494 0.016506
v -0.024850 -0.035386 0.018362
v -0.023295 -0.033130 0.016471
v -0.023295 -0.033130 0.016471
v -0.024850 -0.035386 0.018362
v -0.026185 -0.033767 0.018580
v -0.023295 -0.033130 0.016471
v -0.026185 -0.033767 0.018580
v -0.024634 -0.032147 0.016471
v -0.024634 -0.032147 0.016471
v -0.026185 -0.033767 0.018580
v -0.025251 -0.031664 0.016471
v -0.034265 -0.021590 0.016472
v -0.033505 -0.022752 0.016472
v -0.033476 -0.023767 0.020960
v -0.033476 -0.023767 0.020960
v -0.033505 -0.022752 0.016472
v -0.031855 -0.025010 0.016471
v -0.033476 -0.023767 0.020960
v -0.031855 -0.025010 0.016471
v -0.031282 -0.027195 0.019815
v -0.031282 -0.027195 0.019815
v -0.031855 -0.025010 0.016471
v -0.031664 -0.025251 0.016471
v -0.031282 -0.027195 0.019815
v -0.031664 -0.025251 0.016471
v -0.030076 -0.028865 0.019404
v -0.030076 -0.028865 0.019404
v -0.031664 -0.025251 0.016471
v -0.029076 -0.028193 0.016471
v -0.030076 -0.028865 0.019404
v -0.029076 -0.028193 0.016471
v -0.028814 -0.030513 0.019076
v -0.028814 -0.030513 0.019076
v -0.029076 -0.028193 0.016471
v -0.025960 -0.031086 0.016471
v -0.028814 -0.030513 0.019076
v -0.025960 -0.031086 0.016471
v -0.027512 -0.032145 0.018810
v -0.027512 -0.032145 0.018810
v -0.025960 -0.031086 0.016471
v -0.026185 -0.033767 0.018580
v -0.027512 -0.032145 0.018810
v -0.026185 -0.033767 0.018580
v -0.026995 -0.034640 0.019783
v -0.026995 -0.034640 0.019783
v -0.026185 -0.033767 0.018580
v -0.024850 -0.035386 0.018362
v -0.026995 -0.034640 0.019783
v -0.024850 -0.035386 0.018362
v -0.024612 -0.037992 0.018919
v -0.024612 -0.037992 0.018919
v -0.024850 -0.035386 0.018362
v -0.023519 -0.037007 0.018138
v -0.024612 -0.037992 0.018919
v -0.023519 -0.037007 0.018138
v -0.022205 -0.038634 0.017888
v -0.022205 -0.038634 0.017888
v -0.023519 -0.037007 0.018138
v -0.021252 -0.035004 0.016695
v -0.022205 -0.038634 0.017888
v -0.021252 -0.035004 0.016695
v -0.019686 -0.036531 0.016821
v -0.006553 -0.050000 0.013649
v -0.007031 -0.050000 0.013638
v -0.005757 -0.047088 0.015098
v -0.005757 -0.047088 0.015098
v -0.007031 -0.050000 0.013638
v -0.009938 -0.049854 0.013687
v -0.005757 -0.047088 0.015098
v -0.009938 -0.049854 0.013687
v -0.006862 -0.045378 0.015659
v -0.006862 -0.045378 0.015659
v -0.009938 -0.049854 0.013687
v -0.010801 -0.048047 0.014609
v -0.006862 -0.045378 0.015659
v -0.010801 -0.048047 0.014609
v -0.008072 -0.043709 0.016064
v -0.008072 -0.043709 0.016064
v -0.010801 -0.048047 0.014609
v -0.011793 -0.046291 0.015338
v -0.008072 -0.043709 0.016064
v -0.011793 -0.046291 0.015338
v -0.009370 -0.042075 0.016337
v -0.009370 -0.042075 0.016337
v -0.011793 -0.046291 0.015338
v -0.012892 -0.044578 0.015909
v -0.009370 -0.042075 0.016337
v -0.012892 -0.044578 0.015909
v -0.015365 -0.041262 0.016638
v -0.015365 -0.041262 0.016638
v -0.012892 -0.044578 0.015909
v -0.018531 -0.043623 0.016741
v -0.015365 -0.041262 0.016638
v -0.018531 -0.043623 0.016741
v -0.016731 -0.039655 0.016809
v -0.016731 -0.039655 0.016809
v -0.018531 -0.043623 0.016741
v -0.020923 -0.040274 0.017591
v -0.016731 -0.039655 0.016809
v -0.020923 -0.040274 0.017591
v -0.018176 -0.038080 0.016865
v -0.018176 -0.038080 0.016865
v -0.020923 -0.040274 0.017591
v -0.019686 -0.036531 0.016821
v -0.018176 -0.038080 0.016865
v -0.019686 -0.036531 0.016821
v -0.018631 -0.035960 0.016471
v -0.018631 -0.035960 0.016471
v -0.019686 -0.036531 0.016821
v -0.021252 -0.035004 0.016695
v -0.018631 -0.035960 0.016471
v -0.021252 -0.035004 0.016695
v -0.022484 -0.033686 0.016471
v -0.022484 -0.033686 0.016471
v -0.021252 -0.035004 0.016695
v -0.022860 -0.033494 0.016506
v -0.022484 -0.033686 0.016471
v -0.022860 -0.033494 0.016506
v -0.022820 -0.033459 0.016471
v -0.022820 -0.033459 0.016471
v -0.022860 -0.033494 0.016506
v -0.023295 -0.033130 0.016471
v 0.032117 -0.076081 0.011925
v 0.030451 -0.069231 0.015800
v 0.029288 -0.068034 0.020773
v 0.030451 -0.069231 0.015800
v 0.032117 -0.076081 0.011925
v 0.030734 -0.069783 0.013242
v 0.027993 -0.071440 -0.000606
v 0.030075 -0.071044 0.004988
v 0.031809 -0.077188 -0.000106
v 0.010758 -0.087056 -0.031949
v 0.007025 -0.086864 -0.032898
v 0.007228 -0.083634 -0.031125
v 0.021202 -0.079071 -0.019797
v 0.020858 -0.076386 -0.016700
v 0.023554 -0.076678 -0.014449
v -0.000000 -0.060386 0.002737
v -0.000001 -0.057661 0.006632
v 0.005237 -0.058357 0.005788
v 0.025384 -0.050000 0.032011
v 0.024928 -0.050000 0.032632
v 0.025780 -0.050738 0.031205
v 0.021815 -0.056986 0.033837
v 0.018340 -0.050000 0.037773
v 0.019914 -0.056494 0.035261
v 0.019914 -0.056494 0.035261
v 0.018340 -0.050000 0.037773
v 0.015408 -0.050000 0.038949
v 0.030991 -0.094000 0.016265
v 0.029373 -0.087828 0.019395
v 0.027509 -0.087675 0.022019
v 0.032431 -0.094000 -0.013161
v 0.032884 -0.091431 -0.011640
v 0.033905 -0.091456 -0.008296
v -0.000000 -0.093167 -0.034984
v 0.000000 -0.090119 -0.034624
v 0.003021 -0.090220 -0.034512
v 0.004137 -0.094000 -0.034755
v 0.000000 -0.094000 -0.035000
v -0.000000 -0.093167 -0.034984
v -0.000000 -0.093167 -0.034984
v 0.003021 -0.090220 -0.034512
v 0.004137 -0.094000 -0.034755
v 0.004137 -0.094000 -0.034755
v 0.003021 -0.090220 -0.034512
v 0.006704 -0.090320 -0.034007
v 0.004137 -0.094000 -0.034755
v 0.006704 -0.090320 -0.034007
v 0.008218 -0.094000 -0.034022
v 0.006704 -0.090320 -0.034007
v 0.010292 -0.090434 -0.033116
v 0.008218 -0.094000 -0.034022
v 0.008218 -0.094000 -0.034022
v 0.010292 -0.090434 -0.033116
v 0.013745 -0.090561 -0.031859
v 0.008218 -0.094000 -0.034022
v 0.013745 -0.090561 -0.031859
v 0.012184 -0.094000 -0.032811
v 0.012184 -0.094000 -0.032811
v 0.013745 -0.090561 -0.031859
v 0.017025 -0.090695 -0.030258
v 0.012184 -0.094000 -0.032811
v 0.017025 -0.090695 -0.030258
v 0.015978 -0.094000 -0.031140
v 0.015978 -0.094000 -0.031140
v 0.017025 -0.090695 -0.030258
v 0.020100 -0.090832 -0.028336
v 0.015978 -0.094000 -0.031140
v 0.020100 -0.090832 -0.028336
v 0.019549 -0.094000 -0.029032
v 0.019549 -0.094000 -0.029032
v 0.020100 -0.090832 -0.028336
v 0.019882 -0.094000 -0.028804
v 0.019882 -0.094000 -0.028804
v 0.020100 -0.090832 -0.028336
v 0.022942 -0.090966 -0.026120
v 0.019882 -0.094000 -0.028804
v 0.022942 -0.090966 -0.026120
v 0.022845 -0.094000 -0.026516
v 0.022845 -0.094000 -0.026516
v 0.022942 -0.090966 -0.026120
v 0.025526 -0.091094 -0.023637
v 0.022845 -0.094000 -0.026516
v 0.025526 -0.091094 -0.023637
v 0.025820 -0.094000 -0.023629
v 0.025820 -0.094000 -0.023629
v 0.025526 -0.091094 -0.023637
v 0.027830 -0.091209 -0.020916
v 0.025820 -0.094000 -0.023629
v 0.027830 -0.091209 -0.020916
v 0.026198 -0.094000 -0.023209
v 0.026198 -0.094000 -0.023209
v 0.027830 -0.091209 -0.020916
v 0.029835 -0.091306 -0.017987
v 0.026198 -0.094000 -0.023209
v 0.029835 -0.091306 -0.017987
v 0.028433 -0.094000 -0.020410
v 0.028433 -0.094000 -0.020410
v 0.029835 -0.091306 -0.017987
v 0.031524 -0.091381 -0.014883
v 0.028433 -0.094000 -0.020410
v 0.031524 -0.091381 -0.014883
v 0.030647 -0.094000 -0.016904
v 0.032884 -0.091431 -0.011640
v 0.032431 -0.094000 -0.013161
v 0.031524 -0.091381 -0.014883
v 0.031524 -0.091381 -0.014883
v 0.032431 -0.094000 -0.013161
v 0.030991 -0.094000 -0.016265
v 0.031524 -0.091381 -0.014883
v 0.030991 -0.094000 -0.016265
v 0.030647 -0.094000 -0.016904
v 0.034582 -0.091456 -0.004889
v 0.033983 -0.094000 -0.008376
v 0.033905 -0.091456 -0.008296
v 0.033905 -0.091456 -0.008296
v 0.033983 -0.094000 -0.008376
v 0.033760 -0.094000 -0.009234
v 0.033905 -0.091456 -0.008296
v 0.033760 -0.094000 -0.009234
v 0.032431 -0.094000 -0.013161
v 0.035000 -0.094000 0.000000
v 0.034984 -0.094000 -0.001047
v 0.034788 -0.088661 0.000615
v 0.034788 -0.088661 0.000615
v 0.034984 -0.094000 -0.001047
v 0.034827 -0.094000 -0.003472
v 0.034788 -0.088661 0.000615
v 0.034827 -0.094000 -0.003472
v 0.034582 -0.091456 -0.004889
v 0.034582 -0.091456 -0.004889
v 0.034827 -0.094000 -0.003472
v 0.034615 -0.094000 -0.005177
v 0.034582 -0.091456 -0.004889
v 0.034615 -0.094000 -0.005177
v 0.033983 -0.094000 -0.008376
v 0.034788 -0.088661 0.000615
v 0.034643 -0.088567 0.003974
v 0.035000 -0.094000 0.000000
v 0.035000 -0.094000 0.000000
v 0.034643 -0.088567 0.003974
v 0.034182 -0.088446 0.007277
v 0.035000 -0.094000 0.000000
v 0.034182 -0.088446 0.007277
v 0.034755 -0.094000 0.004137
v 0.034755 -0.094000 0.004137
v 0.034182 -0.088446 0.007277
v 0.033412 -0.088305 0.010498
v 0.034755 -0.094000 0.004137
v 0.033412 -0.088305 0.010498
v 0.034022 -0.094000 0.008218
v 0.034022 -0.094000 0.008218
v 0.033412 -0.088305 0.010498
v 0.032344 -0.088151 0.013610
v 0.034022 -0.094000 0.008218
v 0.032344 -0.088151 0.013610
v 0.032811 -0.094000 0.012184
v 0.032811 -0.094000 0.012184
v 0.032344 -0.088151 0.013610
v 0.030991 -0.087989 0.016585
v 0.032811 -0.094000 0.012184
v 0.030991 -0.087989 0.016585
v 0.031140 -0.094000 0.015978
v 0.030991 -0.094000 0.016265
v 0.027509 -0.087675 0.022019
v 0.029032 -0.094000 0.019549
v 0.029032 -0.094000 0.019549
v 0.027509 -0.087675 0.022019
v 0.025421 -0.087535 0.024437
v 0.029032 -0.094000 0.019549
v 0.025421 -0.087535 0.024437
v 0.026516 -0.094000 0.022845
v 0.019100 -0.094000 0.029329
v 0.019882 -0.094000 0.028804
v 0.017983 -0.087230 0.030353
v 0.017983 -0.087230 0.030353
v 0.019882 -0.094000 0.028804
v 0.020410 -0.094000 0.028433
v 0.017983 -0.087230 0.030353
v 0.020410 -0.094000 0.028433
v 0.023126 -0.087413 0.026638
v 0.023126 -0.087413 0.026638
v 0.020410 -0.094000 0.028433
v 0.023629 -0.094000 0.025820
v 0.023126 -0.087413 0.026638
v 0.023629 -0.094000 0.025820
v 0.025421 -0.087535 0.024437
v 0.025421 -0.087535 0.024437
v 0.023629 -0.094000 0.025820
v 0.026198 -0.094000 0.023209
v 0.025421 -0.087535 0.024437
v 0.026198 -0.094000 0.023209
v 0.026516 -0.094000 0.022845
v 0.012203 -0.087132 0.033075
v 0.005928 -0.087106 0.034727
v 0.009234 -0.094000 0.033760
v 0.009234 -0.094000 0.033760
v 0.012411 -0.094000 0.032726
v 0.012203 -0.087132 0.033075
v 0.012203 -0.087132 0.033075
v 0.012411 -0.094000 0.032726
v 0.013161 -0.094000 0.032431
v 0.012203 -0.087132 0.033075
v 0.013161 -0.094000 0.032431
v 0.017983 -0.087230 0.030353
v 0.017983 -0.087230 0.030353
v 0.013161 -0.094000 0.032431
v 0.016904 -0.094000 0.030647
v 0.017983 -0.087230 0.030353
v 0.016904 -0.094000 0.030647
v 0.019100 -0.094000 0.029329
v -0.000000 -0.080937 0.035765
v -0.000000 -0.094000 0.035000
v 0.001047 -0.094000 0.034984
v -0.000000 -0.080937 0.035765
v 0.001047 -0.094000 0.034984
v 0.002668 -0.087111 0.035127
v 0.002668 -0.087111 0.035127
v 0.001047 -0.094000 0.034984
v 0.004219 -0.094000 0.034745
v 0.002668 -0.087111 0.035127
v 0.004219 -0.094000 0.034745
v 0.005928 -0.087106 0.034727
v 0.005928 -0.087106 0.034727
v 0.004219 -0.094000 0.034745
v 0.005177 -0.094000 0.034615
v 0.005928 -0.087106 0.034727
v 0.005177 -0.094000 0.034615
v 0.009234 -0.094000 0.033760
v -0.000000 -0.050000 0.040880
v 0.000000 -0.063115 0.038431
v 0.003410 -0.050000 0.040819
v 0.003410 -0.050000 0.040819
v 0.000000 -0.063115 0.038431
v 0.005301 -0.063847 0.038012
v 0.015912 -0.064217 0.035372
v 0.011979 -0.050000 0.039864
v 0.010857 -0.063907 0.037056
v 0.010857 -0.063907 0.037056
v 0.011979 -0.050000 0.039864
v 0.008081 -0.050000 0.040480
v 0.010857 -0.063907 0.037056
v 0.008081 -0.050000 0.040480
v 0.005301 -0.063847 0.038012
v 0.005301 -0.063847 0.038012
v 0.008081 -0.050000 0.040480
v 0.005137 -0.050000 0.040734
v 0.005301 -0.063847 0.038012
v 0.005137 -0.050000 0.040734
v 0.003410 -0.050000 0.040819
v 0.024928 -0.050000 0.032632
v 0.023095 -0.050000 0.034617
v 0.023523 -0.057556 0.032206
v 0.023523 -0.057556 0.032206
v 0.023095 -0.050000 0.034617
v 0.022268 -0.050000 0.035328
v 0.023523 -0.057556 0.032206
v 0.022268 -0.050000 0.035328
v 0.021815 -0.056986 0.033837
v 0.021815 -0.056986 0.033837
v 0.022268 -0.050000 0.035328
v 0.020881 -0.050000 0.036340
v 0.021815 -0.056986 0.033837
v 0.020881 -0.050000 0.036340
v 0.018340 -0.050000 0.037773
v 0.025384 -0.050000 0.032011
v 0.025780 -0.050738 0.031205
v 0.026326 -0.050000 0.030463
v 0.026326 -0.050000 0.030463
v 0.025780 -0.050738 0.031205
v 0.027394 -0.052473 0.027176
v 0.026326 -0.050000 0.030463
v 0.027394 -0.052473 0.027176
v 0.027297 -0.050000 0.028101
v 0.027394 -0.052473 0.027176
v 0.028028 -0.054296 0.022964
v 0.027835 -0.050563 0.024465
v 0.027297 -0.050000 0.028101
v 0.027394 -0.052473 0.027176
v 0.027744 -0.049999 0.025971
v 0.027744 -0.049999 0.025971
v 0.027394 -0.052473 0.027176
v 0.027835 -0.050563 0.024465
v 0.027744 -0.049999 0.025971
v 0.027835 -0.050563 0.024465
v 0.027786 -0.050000 0.023704
v 0.027748 -0.051530 0.022392
v 0.027415 -0.052476 0.020330
v 0.027720 -0.050000 0.023129
v 0.027720 -0.050000 0.023129
v 0.027415 -0.052476 0.020330
v 0.027174 -0.050000 0.021020
v 0.026236 -0.050000 0.019216
v 0.025596 -0.050921 0.017910
v 0.024909 -0.050000 0.017651
v 0.024909 -0.050000 0.017651
v 0.025596 -0.050921 0.017910
v 0.022952 -0.052567 0.014700
v 0.024909 -0.050000 0.017651
v 0.022952 -0.052567 0.014700
v 0.023104 -0.050000 0.016277
v 0.023104 -0.050000 0.016277
v 0.022952 -0.052567 0.014700
v 0.021298 -0.053275 0.013343
v 0.009913 -0.052482 0.011964
v 0.014485 -0.050000 0.013794
v 0.014724 -0.051855 0.012682
v 0.014724 -0.051855 0.012682
v 0.014485 -0.050000 0.013794
v 0.017903 -0.050000 0.014297
v 0.014724 -0.051855 0.012682
v 0.017903 -0.050000 0.014297
v 0.019011 -0.050830 0.014104
v 0.019011 -0.050830 0.014104
v 0.017903 -0.050000 0.014297
v 0.020878 -0.050000 0.015181
v 0.019011 -0.050830 0.014104
v 0.020878 -0.050000 0.015181
v 0.020899 -0.050173 0.015098
v 0.004274 -0.050000 0.013714
v 0.004649 -0.050000 0.013703
v 0.004772 -0.052757 0.011769
v 0.004772 -0.052757 0.011769
v 0.004649 -0.050000 0.013703
v 0.006561 -0.050000 0.013649
v 0.004772 -0.052757 0.011769
v 0.006561 -0.050000 0.013649
v 0.009913 -0.052482 0.011964
v 0.009913 -0.052482 0.011964
v 0.006561 -0.050000 0.013649
v 0.009759 -0.050000 0.013605
v 0.009913 -0.052482 0.011964
v 0.009759 -0.050000 0.013605
v 0.014485 -0.050000 0.013794
v 0.004274 -0.050000 0.013714
v 0.004772 -0.052757 0.011769
v 0.002920 -0.050000 0.013751
v 0.002920 -0.050000 0.013751
v 0.004772 -0.052757 0.011769
v 0.000001 -0.052634 0.011928
v 0.002920 -0.050000 0.013751
v 0.000001 -0.052634 0.011928
v -0.000000 -0.050000 0.013795
v 0.003268 -0.083437 -0.031653
v 0.000000 -0.079240 -0.028272
v 0.003314 -0.080412 -0.029241
v 0.003314 -0.080412 -0.029241
v 0.000000 -0.079240 -0.028272
v 0.000000 -0.076566 -0.025152
v 0.003314 -0.080412 -0.029241
v 0.000000 -0.076566 -0.025152
v 0.003312 -0.077605 -0.026260
v 0.003312 -0.077605 -0.026260
v 0.000000 -0.076566 -0.025152
v -0.000000 -0.073684 -0.021013
v 0.003312 -0.077605 -0.026260
v -0.000000 -0.073684 -0.021013
v 0.003267 -0.074987 -0.022798
v 0.003267 -0.074987 -0.022798
v -0.000000 -0.073684 -0.021013
v -0.000001 -0.070856 -0.016247
v 0.003267 -0.074987 -0.022798
v -0.000001 -0.070856 -0.016247
v 0.003076 -0.070167 -0.014841
v 0.003076 -0.070167 -0.014841
v -0.000001 -0.070856 -0.016247
v 0.000001 -0.064914 -0.005096
v 0.003076 -0.070167 -0.014841
v 0.000001 -0.064914 -0.005096
v 0.002798 -0.065596 -0.006265
v 0.002798 -0.065596 -0.006265
v 0.000001 -0.064914 -0.005096
v 0.000000 -0.061041 0.001699
v 0.002798 -0.065596 -0.006265
v 0.000000 -0.061041 0.001699
v 0.005534 -0.060912 0.002120
v 0.000000 -0.087181 -0.033769
v 0.000000 -0.086594 -0.033531
v 0.003171 -0.086702 -0.033426
v 0.003171 -0.086702 -0.033426
v 0.000000 -0.086594 -0.033531
v 0.000000 -0.084302 -0.032366
v 0.003171 -0.086702 -0.033426
v 0.000000 -0.084302 -0.032366
v 0.003268 -0.083437 -0.031653
v 0.003268 -0.083437 -0.031653
v 0.000000 -0.084302 -0.032366
v 0.000000 -0.081767 -0.030596
v 0.003268 -0.083437 -0.031653
v 0.000000 -0.081767 -0.030596
v 0.000000 -0.079240 -0.028272
v 0.013702 -0.070756 -0.012796
v 0.016818 -0.070985 -0.011442
v 0.017848 -0.076069 -0.018651
v 0.020858 -0.076386 -0.016700
v 0.019663 -0.071192 -0.009777
v 0.023554 -0.076678 -0.014449
v 0.023554 -0.076678 -0.014449
v 0.019663 -0.071192 -0.009777
v 0.022217 -0.071357 -0.007829
v 0.023554 -0.076678 -0.014449
v 0.022217 -0.071357 -0.007829
v 0.025922 -0.076928 -0.011941
v 0.025922 -0.076928 -0.011941
v 0.022217 -0.071357 -0.007829
v 0.024467 -0.071463 -0.005631
v 0.025922 -0.076928 -0.011941
v 0.024467 -0.071463 -0.005631
v 0.027953 -0.077118 -0.009215
v 0.013702 -0.070756 -0.012796
v 0.017848 -0.076069 -0.018651
v 0.014547 -0.075748 -0.020266
v 0.014547 -0.075748 -0.020266
v 0.017848 -0.076069 -0.018651
v 0.018131 -0.078733 -0.021842
v 0.014547 -0.075748 -0.020266
v 0.018131 -0.078733 -0.021842
v 0.014769 -0.078398 -0.023545
v 0.014769 -0.078398 -0.023545
v 0.018131 -0.078733 -0.021842
v 0.018215 -0.081517 -0.024654
v 0.014769 -0.078398 -0.023545
v 0.018215 -0.081517 -0.024654
v 0.014820 -0.081191 -0.026406
v 0.014820 -0.081191 -0.026406
v 0.018215 -0.081517 -0.024654
v 0.018072 -0.084438 -0.027023
v 0.014820 -0.081191 -0.026406
v 0.018072 -0.084438 -0.027023
v 0.014677 -0.084146 -0.028778
v 0.014677 -0.084146 -0.028778
v 0.018072 -0.084438 -0.027023
v 0.017680 -0.087500 -0.028901
v 0.014677 -0.084146 -0.028778
v 0.017680 -0.087500 -0.028901
v 0.014323 -0.087270 -0.030607
v 0.021326 -0.081849 -0.022558
v 0.021202 -0.079071 -0.019797
v 0.024129 -0.082169 -0.020160
v 0.024129 -0.082169 -0.020160
v 0.021202 -0.079071 -0.019797
v 0.023554 -0.076678 -0.014449
v 0.024129 -0.082169 -0.020160
v 0.023554 -0.076678 -0.014449
v 0.026607 -0.082461 -0.017501
v 0.026607 -0.082461 -0.017501
v 0.023554 -0.076678 -0.014449
v 0.025922 -0.076928 -0.011941
v 0.026607 -0.082461 -0.017501
v 0.025922 -0.076928 -0.011941
v 0.028746 -0.082709 -0.014620
v 0.028746 -0.082709 -0.014620
v 0.025922 -0.076928 -0.011941
v 0.027953 -0.077118 -0.009215
v 0.028746 -0.082709 -0.014620
v 0.027953 -0.077118 -0.009215
v 0.030526 -0.082898 -0.011548
v 0.030075 -0.071044 0.004988
v 0.030796 -0.070279 0.010585
v 0.032558 -0.076782 0.006097
v 0.030526 -0.082898 -0.011548
v 0.030601 -0.085720 -0.013914
v 0.028746 -0.082709 -0.014620
v 0.028746 -0.082709 -0.014620
v 0.030601 -0.085720 -0.013914
v 0.028752 -0.085532 -0.016991
v 0.028746 -0.082709 -0.014620
v 0.028752 -0.085532 -0.016991
v 0.026607 -0.082461 -0.017501
v 0.026607 -0.082461 -0.017501
v 0.028752 -0.085532 -0.016991
v 0.026557 -0.085296 -0.019874
v 0.026607 -0.082461 -0.017501
v 0.026557 -0.085296 -0.019874
v 0.024129 -0.082169 -0.020160
v 0.024129 -0.082169 -0.020160
v 0.026557 -0.085296 -0.019874
v 0.024034 -0.085027 -0.022533
v 0.024129 -0.082169 -0.020160
v 0.024034 -0.085027 -0.022533
v 0.021326 -0.081849 -0.022558
v 0.021326 -0.081849 -0.022558
v 0.024034 -0.085027 -0.022533
v 0.021199 -0.084736 -0.024928
v 0.020797 -0.087734 -0.026864
v 0.021199 -0.084736 -0.024928
v 0.023645 -0.087964 -0.024528
v 0.023645 -0.087964 -0.024528
v 0.021199 -0.084736 -0.024928
v 0.024034 -0.085027 -0.022533
v 0.023645 -0.087964 -0.024528
v 0.024034 -0.085027 -0.022533
v 0.026203 -0.088180 -0.021928
v 0.026203 -0.088180 -0.021928
v 0.024034 -0.085027 -0.022533
v 0.026557 -0.085296 -0.019874
v 0.026203 -0.088180 -0.021928
v 0.026557 -0.085296 -0.019874
v 0.028454 -0.088372 -0.019098
v 0.028454 -0.088372 -0.019098
v 0.026557 -0.085296 -0.019874
v 0.028752 -0.085532 -0.016991
v 0.028454 -0.088372 -0.019098
v 0.028752 -0.085532 -0.016991
v 0.030378 -0.088530 -0.016068
v 0.030378 -0.088530 -0.016068
v 0.028752 -0.085532 -0.016991
v 0.030601 -0.085720 -0.013914
v 0.030378 -0.088530 -0.016068
v 0.030601 -0.085720 -0.013914
v 0.031961 -0.088647 -0.012878
v 0.031961 -0.088647 -0.012878
v 0.030601 -0.085720 -0.013914
v 0.033194 -0.088719 -0.009570
v 0.026403 -0.071495 -0.003216
v 0.027993 -0.071440 -0.000606
v 0.029619 -0.077230 -0.006298
v 0.029619 -0.077230 -0.006298
v 0.027993 -0.071440 -0.000606
v 0.031809 -0.077188 -0.000106
v 0.029619 -0.077230 -0.006298
v 0.031809 -0.077188 -0.000106
v 0.032966 -0.083059 -0.005030
v 0.032966 -0.083059 -0.005030
v 0.031809 -0.077188 -0.000106
v 0.033630 -0.083024 -0.001702
v 0.032966 -0.083059 -0.005030
v 0.033630 -0.083024 -0.001702
v 0.033213 -0.085918 -0.007360
v 0.033213 -0.085918 -0.007360
v 0.033630 -0.083024 -0.001702
v 0.034074 -0.088743 -0.006191
v 0.030075 -0.071044 0.004988
v 0.032558 -0.076782 0.006097
v 0.031809 -0.077188 -0.000106
v 0.031809 -0.077188 -0.000106
v 0.032558 -0.076782 0.006097
v 0.033944 -0.082916 0.001598
v 0.031809 -0.077188 -0.000106
v 0.033944 -0.082916 0.001598
v 0.033630 -0.083024 -0.001702
v 0.033630 -0.083024 -0.001702
v 0.033944 -0.082916 0.001598
v 0.034602 -0.088723 -0.002783
v 0.033630 -0.083024 -0.001702
v 0.034602 -0.088723 -0.002783
v 0.034074 -0.088743 -0.006191
v 0.030734 -0.069783 0.013242
v 0.032117 -0.076081 0.011925
v 0.032466 -0.076462 0.009064
v 0.032466 -0.076462 0.009064
v 0.032117 -0.076081 0.011925
v 0.033618 -0.082515 0.007974
v 0.032466 -0.076462 0.009064
v 0.033618 -0.082515 0.007974
v 0.033930 -0.082742 0.004829
v 0.000000 -0.063115 0.038431
v 0.002551 -0.079630 0.035817
v 0.005301 -0.063847 0.038012
v 0.005301 -0.063847 0.038012
v 0.002551 -0.079630 0.035817
v 0.005662 -0.079617 0.035463
v 0.005301 -0.063847 0.038012
v 0.005662 -0.079617 0.035463
v 0.010857 -0.063907 0.037056
v 0.010857 -0.063907 0.037056
v 0.005662 -0.079617 0.035463
v 0.011621 -0.079663 0.034048
v 0.010857 -0.063907 0.037056
v 0.011621 -0.079663 0.034048
v 0.015912 -0.064217 0.035372
v 0.015912 -0.064217 0.035372
v 0.011621 -0.079663 0.034048
v 0.017091 -0.079849 0.031738
v 0.015912 -0.064217 0.035372
v 0.017091 -0.079849 0.031738
v 0.020375 -0.064821 0.032887
v 0.020375 -0.064821 0.032887
v 0.017091 -0.079849 0.031738
v 0.021979 -0.080200 0.028541
v 0.020375 -0.064821 0.032887
v 0.021979 -0.080200 0.028541
v 0.022363 -0.065231 0.031338
v 0.022363 -0.065231 0.031338
v 0.021979 -0.080200 0.028541
v 0.024184 -0.080434 0.026621
v 0.022363 -0.065231 0.031338
v 0.024184 -0.080434 0.026621
v 0.024175 -0.065708 0.029578
v 0.024175 -0.065708 0.029578
v 0.024184 -0.080434 0.026621
v 0.026213 -0.080704 0.024485
v 0.024175 -0.065708 0.029578
v 0.026213 -0.080704 0.024485
v 0.027192 -0.066816 0.025464
v 0.027192 -0.066816 0.025464
v 0.026213 -0.080704 0.024485
v 0.029668 -0.081317 0.019593
v 0.027192 -0.066816 0.025464
v 0.029668 -0.081317 0.019593
v 0.029288 -0.068034 0.020773
v 0.029288 -0.068034 0.020773
v 0.029668 -0.081317 0.019593
v 0.032176 -0.081953 0.014017
v 0.029288 -0.068034 0.020773
v 0.032176 -0.081953 0.014017
v 0.032117 -0.076081 0.011925
v 0.032117 -0.076081 0.011925
v 0.032176 -0.081953 0.014017
v 0.033033 -0.082249 0.011041
v 0.032117 -0.076081 0.011925
v 0.033033 -0.082249 0.011041
v 0.033618 -0.082515 0.007974
v 0.034788 -0.088661 0.000615
v 0.033930 -0.082742 0.004829
v 0.034643 -0.088567 0.003974
v 0.034643 -0.088567 0.003974
v 0.033930 -0.082742 0.004829
v 0.033618 -0.082515 0.007974
v 0.034643 -0.088567 0.003974
v 0.033618 -0.082515 0.007974
v 0.034182 -0.088446 0.007277
v 0.034182 -0.088446 0.007277
v 0.033618 -0.082515 0.007974
v 0.033033 -0.082249 0.011041
v 0.034182 -0.088446 0.007277
v 0.033033 -0.082249 0.011041
v 0.033412 -0.088305 0.010498
v 0.033412 -0.088305 0.010498
v 0.033033 -0.082249 0.011041
v 0.032176 -0.081953 0.014017
v 0.033412 -0.088305 0.010498
v 0.032176 -0.081953 0.014017
v 0.032344 -0.088151 0.013610
v 0.032344 -0.088151 0.013610
v 0.032176 -0.081953 0.014017
v 0.029668 -0.081317 0.019593
v 0.032344 -0.088151 0.013610
v 0.029668 -0.081317 0.019593
v 0.030991 -0.087989 0.016585
v 0.000000 -0.063115 0.038431
v -0.000000 -0.080937 0.035765
v 0.002551 -0.079630 0.035817
v 0.002551 -0.079630 0.035817
v -0.000000 -0.080937 0.035765
v 0.002668 -0.087111 0.035127
v 0.002551 -0.079630 0.035817
v 0.002668 -0.087111 0.035127
v 0.005662 -0.079617 0.035463
v 0.005662 -0.079617 0.035463
v 0.002668 -0.087111 0.035127
v 0.005928 -0.087106 0.034727
v 0.005662 -0.079617 0.035463
v 0.005928 -0.087106 0.034727
v 0.011621 -0.079663 0.034048
v 0.011621 -0.079663 0.034048
v 0.005928 -0.087106 0.034727
v 0.012203 -0.087132 0.033075
v 0.011621 -0.079663 0.034048
v 0.012203 -0.087132 0.033075
v 0.017091 -0.079849 0.031738
v 0.017091 -0.079849 0.031738
v 0.012203 -0.087132 0.033075
v 0.017983 -0.087230 0.030353
v 0.017091 -0.079849 0.031738
v 0.017983 -0.087230 0.030353
v 0.021979 -0.080200 0.028541
v 0.021979 -0.080200 0.028541
v 0.017983 -0.087230 0.030353
v 0.023126 -0.087413 0.026638
v 0.021979 -0.080200 0.028541
v 0.023126 -0.087413 0.026638
v 0.024184 -0.080434 0.026621
v 0.024184 -0.080434 0.026621
v 0.023126 -0.087413 0.026638
v 0.025421 -0.087535 0.024437
v 0.024184 -0.080434 0.026621
v 0.025421 -0.087535 0.024437
v 0.026213 -0.080704 0.024485
v 0.026213 -0.080704 0.024485
v 0.025421 -0.087535 0.024437
v 0.027509 -0.087675 0.022019
v 0.026213 -0.080704 0.024485
v 0.027509 -0.087675 0.022019
v 0.029668 -0.081317 0.019593
v 0.029668 -0.081317 0.019593
v 0.027509 -0.087675 0.022019
v 0.029373 -0.087828 0.019395
v 0.029668 -0.081317 0.019593
v 0.029373 -0.087828 0.019395
v 0.030991 -0.087989 0.016585
v 0.030991 -0.087989 0.016585
v 0.029373 -0.087828 0.019395
v 0.030991 -0.094000 0.016265
v 0.030991 -0.087989 0.016585
v 0.030991 -0.094000 0.016265
v 0.031140 -0.094000 0.015978
v -0.000000 -0.055141 0.009588
v 0.000001 -0.052634 0.011928
v 0.004979 -0.055651 0.009037
v 0.004979 -0.055651 0.009037
v 0.000001 -0.052634 0.011928
v 0.004772 -0.052757 0.011769
v 0.004979 -0.055651 0.009037
v 0.004772 -0.052757 0.011769
v 0.010278 -0.055413 0.009414
v 0.010278 -0.055413 0.009414
v 0.004772 -0.052757 0.011769
v 0.009913 -0.052482 0.011964
v 0.010278 -0.055413 0.009414
v 0.009913 -0.052482 0.011964
v 0.015162 -0.054846 0.010410
v 0.015162 -0.054846 0.010410
v 0.009913 -0.052482 0.011964
v 0.014724 -0.051855 0.012682
v 0.015162 -0.054846 0.010410
v 0.014724 -0.051855 0.012682
v 0.019438 -0.053895 0.012171
v 0.019438 -0.053895 0.012171
v 0.014724 -0.051855 0.012682
v 0.019011 -0.050830 0.014104
v 0.019438 -0.053895 0.012171
v 0.019011 -0.050830 0.014104
v 0.021298 -0.053275 0.013343
v 0.021298 -0.053275 0.013343
v 0.019011 -0.050830 0.014104
v 0.020899 -0.050173 0.015098
v 0.021298 -0.053275 0.013343
v 0.020899 -0.050173 0.015098
v 0.023104 -0.050000 0.016277
v 0.023104 -0.050000 0.016277
v 0.020899 -0.050173 0.015098
v 0.020878 -0.050000 0.015181
v -0.000001 -0.057661 0.006632
v -0.000000 -0.055141 0.009588
v 0.005237 -0.058357 0.005788
v 0.005237 -0.058357 0.005788
v -0.000000 -0.055141 0.009588
v 0.004979 -0.055651 0.009037
v 0.005237 -0.058357 0.005788
v 0.004979 -0.055651 0.009037
v 0.010751 -0.058201 0.006367
v 0.010751 -0.058201 0.006367
v 0.004979 -0.055651 0.009037
v 0.010278 -0.055413 0.009414
v 0.010751 -0.058201 0.006367
v 0.010278 -0.055413 0.009414
v 0.015754 -0.057752 0.007676
v 0.015754 -0.057752 0.007676
v 0.010278 -0.055413 0.009414
v 0.015162 -0.054846 0.010410
v 0.015754 -0.057752 0.007676
v 0.015162 -0.054846 0.010410
v 0.020058 -0.056942 0.009811
v 0.020058 -0.056942 0.009811
v 0.015162 -0.054846 0.010410
v 0.019438 -0.053895 0.012171
v 0.020058 -0.056942 0.009811
v 0.019438 -0.053895 0.012171
v 0.021903 -0.056396 0.011181
v 0.021903 -0.056396 0.011181
v 0.019438 -0.053895 0.012171
v 0.021298 -0.053275 0.013343
v 0.021903 -0.056396 0.011181
v 0.021298 -0.053275 0.013343
v 0.023515 -0.055761 0.012742
v 0.023515 -0.055761 0.012742
v 0.021298 -0.053275 0.013343
v 0.022952 -0.052567 0.014700
v 0.023515 -0.055761 0.012742
v 0.022952 -0.052567 0.014700
v 0.025984 -0.054245 0.016336
v 0.025984 -0.054245 0.016336
v 0.022952 -0.052567 0.014700
v 0.025596 -0.050921 0.017910
v 0.025984 -0.054245 0.016336
v 0.025596 -0.050921 0.017910
v 0.027415 -0.052476 0.020330
v 0.027415 -0.052476 0.020330
v 0.025596 -0.050921 0.017910
v 0.026236 -0.050000 0.019216
v 0.027415 -0.052476 0.020330
v 0.026236 -0.050000 0.019216
v 0.027174 -0.050000 0.021020
v 0.018078 -0.066009 -0.002442
v 0.016818 -0.070985 -0.011442
v 0.012531 -0.065909 -0.004782
v 0.012531 -0.065909 -0.004782
v 0.016818 -0.070985 -0.011442
v 0.013702 -0.070756 -0.012796
v 0.012531 -0.065909 -0.004782
v 0.013702 -0.070756 -0.012796
v 0.010345 -0.070527 -0.013820
v 0.010345 -0.070527 -0.013820
v 0.013702 -0.070756 -0.012796
v 0.014547 -0.075748 -0.020266
v 0.010345 -0.070527 -0.013820
v 0.014547 -0.075748 -0.020266
v 0.010986 -0.075446 -0.021511
v 0.010986 -0.075446 -0.021511
v 0.014547 -0.075748 -0.020266
v 0.014769 -0.078398 -0.023545
v 0.010986 -0.075446 -0.021511
v 0.014769 -0.078398 -0.023545
v 0.011147 -0.078085 -0.024869
v 0.011147 -0.078085 -0.024869
v 0.014769 -0.078398 -0.023545
v 0.014820 -0.081191 -0.026406
v 0.011147 -0.078085 -0.024869
v 0.014820 -0.081191 -0.026406
v 0.011174 -0.080887 -0.027777
v 0.011174 -0.080887 -0.027777
v 0.014820 -0.081191 -0.026406
v 0.014677 -0.084146 -0.028778
v 0.011174 -0.080887 -0.027777
v 0.014677 -0.084146 -0.028778
v 0.011049 -0.083873 -0.030156
v 0.011049 -0.083873 -0.030156
v 0.014677 -0.084146 -0.028778
v 0.014323 -0.087270 -0.030607
v 0.011049 -0.083873 -0.030156
v 0.014323 -0.087270 -0.030607
v 0.010758 -0.087056 -0.031949
v 0.010758 -0.087056 -0.031949
v 0.007228 -0.083634 -0.031125
v 0.011049 -0.083873 -0.030156
v 0.011049 -0.083873 -0.030156
v 0.007228 -0.083634 -0.031125
v 0.007320 -0.080622 -0.028731
v 0.011049 -0.083873 -0.030156
v 0.007320 -0.080622 -0.028731
v 0.011174 -0.080887 -0.027777
v 0.011174 -0.080887 -0.027777
v 0.007320 -0.080622 -0.028731
v 0.007310 -0.077814 -0.025782
v 0.011174 -0.080887 -0.027777
v 0.007310 -0.077814 -0.025782
v 0.011147 -0.078085 -0.024869
v 0.011147 -0.078085 -0.024869
v 0.007310 -0.077814 -0.025782
v 0.007208 -0.075184 -0.022361
v 0.011147 -0.078085 -0.024869
v 0.007208 -0.075184 -0.022361
v 0.010986 -0.075446 -0.021511
v 0.010986 -0.075446 -0.021511
v 0.007208 -0.075184 -0.022361
v 0.006786 -0.070322 -0.014502
v 0.010986 -0.075446 -0.021511
v 0.006786 -0.070322 -0.014502
v 0.010345 -0.070527 -0.013820
v 0.010345 -0.070527 -0.013820
v 0.006786 -0.070322 -0.014502
v 0.006181 -0.065693 -0.006032
v 0.010345 -0.070527 -0.013820
v 0.006181 -0.065693 -0.006032
v 0.012531 -0.065909 -0.004782
v 0.029072 -0.063335 0.014882
v 0.030796 -0.070279 0.010585
v 0.028186 -0.064525 0.009964
v 0.028186 -0.064525 0.009964
v 0.030796 -0.070279 0.010585
v 0.030075 -0.071044 0.004988
v 0.028186 -0.064525 0.009964
v 0.030075 -0.071044 0.004988
v 0.026060 -0.065378 0.005139
v 0.026060 -0.065378 0.005139
v 0.030075 -0.071044 0.004988
v 0.027993 -0.071440 -0.000606
v 0.026060 -0.065378 0.005139
v 0.027993 -0.071440 -0.000606
v 0.024500 -0.065665 0.002930
v 0.024500 -0.065665 0.002930
v 0.027993 -0.071440 -0.000606
v 0.026403 -0.071495 -0.003216
v 0.024500 -0.065665 0.002930
v 0.026403 -0.071495 -0.003216
v 0.022631 -0.065861 0.000918
v 0.024928 -0.050000 0.032632
v 0.023523 -0.057556 0.032206
v 0.025780 -0.050738 0.031205
v 0.025780 -0.050738 0.031205
v 0.023523 -0.057556 0.032206
v 0.026290 -0.058889 0.028385
v 0.025780 -0.050738 0.031205
v 0.026290 -0.058889 0.028385
v 0.027394 -0.052473 0.027176
v 0.027394 -0.052473 0.027176
v 0.026290 -0.058889 0.028385
v 0.028100 -0.060383 0.024057
v 0.027394 -0.052473 0.027176
v 0.028100 -0.060383 0.024057
v 0.028028 -0.054296 0.022964
v 0.028028 -0.054296 0.022964
v 0.028100 -0.060383 0.024057
v 0.028976 -0.061909 0.019535
v 0.028028 -0.054296 0.022964
v 0.028976 -0.061909 0.019535
v 0.027787 -0.056075 0.018712
v 0.027787 -0.056075 0.018712
v 0.028976 -0.061909 0.019535
v 0.029072 -0.063335 0.014882
v 0.027787 -0.056075 0.018712
v 0.029072 -0.063335 0.014882
v 0.026570 -0.057680 0.014438
v 0.026570 -0.057680 0.014438
v 0.029072 -0.063335 0.014882
v 0.028186 -0.064525 0.009964
v 0.026570 -0.057680 0.014438
v 0.028186 -0.064525 0.009964
v 0.024249 -0.059003 0.010440
v 0.024249 -0.059003 0.010440
v 0.028186 -0.064525 0.009964
v 0.026060 -0.065378 0.005139
v 0.024249 -0.059003 0.010440
v 0.026060 -0.065378 0.005139
v 0.022667 -0.059536 0.008666
v 0.022667 -0.059536 0.008666
v 0.026060 -0.065378 0.005139
v 0.024500 -0.065665 0.002930
v 0.022667 -0.059536 0.008666
v 0.024500 -0.065665 0.002930
v 0.020826 -0.059978 0.007087
v 0.020826 -0.059978 0.007087
v 0.024500 -0.065665 0.002930
v 0.022631 -0.065861 0.000918
v 0.020826 -0.059978 0.007087
v 0.022631 -0.065861 0.000918
v 0.016464 -0.060589 0.004554
v 0.016464 -0.060589 0.004554
v 0.022631 -0.065861 0.000918
v 0.018078 -0.066009 -0.002442
v 0.016464 -0.060589 0.004554
v 0.018078 -0.066009 -0.002442
v 0.011304 -0.060872 0.002913
v 0.011304 -0.060872 0.002913
v 0.018078 -0.066009 -0.002442
v 0.012531 -0.065909 -0.004782
v 0.011304 -0.060872 0.002913
v 0.012531 -0.065909 -0.004782
v 0.005534 -0.060912 0.002120
v 0.005534 -0.060912 0.002120
v 0.012531 -0.065909 -0.004782
v 0.006181 -0.065693 -0.006032
v 0.005534 -0.060912 0.002120
v 0.006181 -0.065693 -0.006032
v 0.002798 -0.065596 -0.006265
v 0.002798 -0.065596 -0.006265
v 0.006181 -0.065693 -0.006032
v 0.006786 -0.070322 -0.014502
v 0.002798 -0.065596 -0.006265
v 0.006786 -0.070322 -0.014502
v 0.003076 -0.070167 -0.014841
v 0.003076 -0.070167 -0.014841
v 0.006786 -0.070322 -0.014502
v 0.007208 -0.075184 -0.022361
v 0.003076 -0.070167 -0.014841
v 0.007208 -0.075184 -0.022361
v 0.003267 -0.074987 -0.022798
v 0.003267 -0.074987 -0.022798
v 0.007208 -0.075184 -0.022361
v 0.007310 -0.077814 -0.025782
v 0.003267 -0.074987 -0.022798
v 0.007310 -0.077814 -0.025782
v 0.003312 -0.077605 -0.026260
v 0.003312 -0.077605 -0.026260
v 0.007310 -0.077814 -0.025782
v 0.007320 -0.080622 -0.028731
v 0.003312 -0.077605 -0.026260
v 0.007320 -0.080622 -0.028731
v 0.003314 -0.080412 -0.029241
v 0.003314 -0.080412 -0.029241
v 0.007320 -0.080622 -0.028731
v 0.007228 -0.083634 -0.031125
v 0.003314 -0.080412 -0.029241
v 0.007228 -0.083634 -0.031125
v 0.003268 -0.083437 -0.031653
v 0.003268 -0.083437 -0.031653
v 0.007228 -0.083634 -0.031125
v 0.007025 -0.086864 -0.032898
v 0.003268 -0.083437 -0.031653
v 0.007025 -0.086864 -0.032898
v 0.003171 -0.086702 -0.033426
v 0.034074 -0.088743 -0.006191
v 0.033194 -0.088719 -0.009570
v 0.033213 -0.085918 -0.007360
v 0.033213 -0.085918 -0.007360
v 0.033194 -0.088719 -0.009570
v 0.030601 -0.085720 -0.013914
v 0.033213 -0.085918 -0.007360
v 0.030601 -0.085720 -0.013914
v 0.032966 -0.083059 -0.005030
v 0.032966 -0.083059 -0.005030
v 0.030601 -0.085720 -0.013914
v 0.030526 -0.082898 -0.011548
v 0.032966 -0.083059 -0.005030
v 0.030526 -0.082898 -0.011548
v 0.029619 -0.077230 -0.006298
v 0.029619 -0.077230 -0.006298
v 0.030526 -0.082898 -0.011548
v 0.027953 -0.077118 -0.009215
v 0.029619 -0.077230 -0.006298
v 0.027953 -0.077118 -0.009215
v 0.026403 -0.071495 -0.003216
v 0.026403 -0.071495 -0.003216
v 0.027953 -0.077118 -0.009215
v 0.024467 -0.071463 -0.005631
v 0.026403 -0.071495 -0.003216
v 0.024467 -0.071463 -0.005631
v 0.022631 -0.065861 0.000918
v 0.022631 -0.065861 0.000918
v 0.024467 -0.071463 -0.005631
v 0.022217 -0.071357 -0.007829
v 0.022631 -0.065861 0.000918
v 0.022217 -0.071357 -0.007829
v 0.018078 -0.066009 -0.002442
v 0.018078 -0.066009 -0.002442
v 0.022217 -0.071357 -0.007829
v 0.019663 -0.071192 -0.009777
v 0.018078 -0.066009 -0.002442
v 0.019663 -0.071192 -0.009777
v 0.016818 -0.070985 -0.011442
v 0.016818 -0.070985 -0.011442
v 0.019663 -0.071192 -0.009777
v 0.020858 -0.076386 -0.016700
v 0.016818 -0.070985 -0.011442
v 0.020858 -0.076386 -0.016700
v 0.017848 -0.076069 -0.018651
v 0.017848 -0.076069 -0.018651
v 0.020858 -0.076386 -0.016700
v 0.021202 -0.079071 -0.019797
v 0.017848 -0.076069 -0.018651
v 0.021202 -0.079071 -0.019797
v 0.018131 -0.078733 -0.021842
v 0.018131 -0.078733 -0.021842
v 0.021202 -0.079071 -0.019797
v 0.021326 -0.081849 -0.022558
v 0.018131 -0.078733 -0.021842
v 0.021326 -0.081849 -0.022558
v 0.018215 -0.081517 -0.024654
v 0.018215 -0.081517 -0.024654
v 0.021326 -0.081849 -0.022558
v 0.021199 -0.084736 -0.024928
v 0.018215 -0.081517 -0.024654
v 0.021199 -0.084736 -0.024928
v 0.018072 -0.084438 -0.027023
v 0.018072 -0.084438 -0.027023
v 0.021199 -0.084736 -0.024928
v 0.020797 -0.087734 -0.026864
v 0.018072 -0.084438 -0.027023
v 0.020797 -0.087734 -0.026864
v 0.017680 -0.087500 -0.028901
v 0.000000 -0.061041 0.001699
v -0.000000 -0.060386 0.002737
v 0.005534 -0.060912 0.002120
v 0.005534 -0.060912 0.002120
v -0.000000 -0.060386 0.002737
v 0.005237 -0.058357 0.005788
v 0.005534 -0.060912 0.002120
v 0.005237 -0.058357 0.005788
v 0.011304 -0.060872 0.002913
v 0.011304 -0.060872 0.002913
v 0.005237 -0.058357 0.005788
v 0.010751 -0.058201 0.006367
v 0.011304 -0.060872 0.002913
v 0.010751 -0.058201 0.006367
v 0.016464 -0.060589 0.004554
v 0.016464 -0.060589 0.004554
v 0.010751 -0.058201 0.006367
v 0.015754 -0.057752 0.007676
v 0.016464 -0.060589 0.004554
v 0.015754 -0.057752 0.007676
v 0.020826 -0.059978 0.007087
v 0.020826 -0.059978 0.007087
v 0.015754 -0.057752 0.007676
v 0.020058 -0.056942 0.009811
v 0.020826 -0.059978 0.007087
v 0.020058 -0.056942 0.009811
v 0.022667 -0.059536 0.008666
v 0.022667 -0.059536 0.008666
v 0.020058 -0.056942 0.009811
v 0.021903 -0.056396 0.011181
v 0.022667 -0.059536 0.008666
v 0.021903 -0.056396 0.011181
v 0.024249 -0.059003 0.010440
v 0.024249 -0.059003 0.010440
v 0.021903 -0.056396 0.011181
v 0.023515 -0.055761 0.012742
v 0.024249 -0.059003 0.010440
v 0.023515 -0.055761 0.012742
v 0.026570 -0.057680 0.014438
v 0.026570 -0.057680 0.014438
v 0.023515 -0.055761 0.012742
v 0.025984 -0.054245 0.016336
v 0.026570 -0.057680 0.014438
v 0.025984 -0.054245 0.016336
v 0.027787 -0.056075 0.018712
v 0.027787 -0.056075 0.018712
v 0.025984 -0.054245 0.016336
v 0.027415 -0.052476 0.020330
v 0.027787 -0.056075 0.018712
v 0.027415 -0.052476 0.020330
v 0.028028 -0.054296 0.022964
v 0.028028 -0.054296 0.022964
v 0.027415 -0.052476 0.020330
v 0.027748 -0.051530 0.022392
v 0.028028 -0.054296 0.022964
v 0.027748 -0.051530 0.022392
v 0.027835 -0.050563 0.024465
v 0.027835 -0.050563 0.024465
v 0.027748 -0.051530 0.022392
v 0.027720 -0.050000 0.023129
v 0.027835 -0.050563 0.024465
v 0.027720 -0.050000 0.023129
v 0.027786 -0.050000 0.023704
v 0.000000 -0.090119 -0.034624
v 0.000000 -0.087181 -0.033769
v 0.003021 -0.090220 -0.034512
v 0.003021 -0.090220 -0.034512
v 0.000000 -0.087181 -0.033769
v 0.003171 -0.086702 -0.033426
v 0.003021 -0.090220 -0.034512
v 0.003171 -0.086702 -0.033426
v 0.006704 -0.090320 -0.034007
v 0.006704 -0.090320 -0.034007
v 0.003171 -0.086702 -0.033426
v 0.007025 -0.086864 -0.032898
v 0.006704 -0.090320 -0.034007
v 0.007025 -0.086864 -0.032898
v 0.010292 -0.090434 -0.033116
v 0.010292 -0.090434 -0.033116
v 0.007025 -0.086864 -0.032898
v 0.010758 -0.087056 -0.031949
v 0.010292 -0.090434 -0.033116
v 0.010758 -0.087056 -0.031949
v 0.013745 -0.090561 -0.031859
v 0.013745 -0.090561 -0.031859
v 0.010758 -0.087056 -0.031949
v 0.014323 -0.087270 -0.030607
v 0.013745 -0.090561 -0.031859
v 0.014323 -0.087270 -0.030607
v 0.017025 -0.090695 -0.030258
v 0.017025 -0.090695 -0.030258
v 0.014323 -0.087270 -0.030607
v 0.017680 -0.087500 -0.028901
v 0.017025 -0.090695 -0.030258
v 0.017680 -0.087500 -0.028901
v 0.020100 -0.090832 -0.028336
v 0.020100 -0.090832 -0.028336
v 0.017680 -0.087500 -0.028901
v 0.020797 -0.087734 -0.026864
v 0.020100 -0.090832 -0.028336
v 0.020797 -0.087734 -0.026864
v 0.022942 -0.090966 -0.026120
v 0.022942 -0.090966 -0.026120
v 0.020797 -0.087734 -0.026864
v 0.023645 -0.087964 -0.024528
v 0.022942 -0.090966 -0.026120
v 0.023645 -0.087964 -0.024528
v 0.025526 -0.091094 -0.023637
v 0.025526 -0.091094 -0.023637
v 0.023645 -0.087964 -0.024528
v 0.026203 -0.088180 -0.021928
v 0.025526 -0.091094 -0.023637
v 0.026203 -0.088180 -0.021928
v 0.027830 -0.091209 -0.020916
v 0.027830 -0.091209 -0.020916
v 0.026203 -0.088180 -0.021928
v 0.028454 -0.088372 -0.019098
v 0.027830 -0.091209 -0.020916
v 0.028454 -0.088372 -0.019098
v 0.029835 -0.091306 -0.017987
v 0.029835 -0.091306 -0.017987
v 0.028454 -0.088372 -0.019098
v 0.030378 -0.088530 -0.016068
v 0.029835 -0.091306 -0.017987
v 0.030378 -0.088530 -0.016068
v 0.031524 -0.091381 -0.014883
v 0.031524 -0.091381 -0.014883
v 0.030378 -0.088530 -0.016068
v 0.031961 -0.088647 -0.012878
v 0.031524 -0.091381 -0.014883
v 0.031961 -0.088647 -0.012878
v 0.032884 -0.091431 -0.011640
v 0.032884 -0.091431 -0.011640
v 0.031961 -0.088647 -0.012878
v 0.033194 -0.088719 -0.009570
v 0.032884 -0.091431 -0.011640
v 0.033194 -0.088719 -0.009570
v 0.033905 -0.091456 -0.008296
v 0.033905 -0.091456 -0.008296
v 0.033194 -0.088719 -0.009570
v 0.034074 -0.088743 -0.006191
v 0.033905 -0.091456 -0.008296
v 0.034074 -0.088743 -0.006191
v 0.034582 -0.091456 -0.004889
v 0.034582 -0.091456 -0.004889
v 0.034074 -0.088743 -0.006191
v 0.034602 -0.088723 -0.002783
v 0.034582 -0.091456 -0.004889
v 0.034602 -0.088723 -0.002783
v 0.034788 -0.088661 0.000615
v 0.034788 -0.088661 0.000615
v 0.034602 -0.088723 -0.002783
v 0.033944 -0.082916 0.001598
v 0.034788 -0.088661 0.000615
v 0.033944 -0.082916 0.001598
v 0.033930 -0.082742 0.004829
v 0.033930 -0.082742 0.004829
v 0.033944 -0.082916 0.001598
v 0.032558 -0.076782 0.006097
v 0.033930 -0.082742 0.004829
v 0.032558 -0.076782 0.006097
v 0.032466 -0.076462 0.009064
v 0.032466 -0.076462 0.009064
v 0.032558 -0.076782 0.006097
v 0.030796 -0.070279 0.010585
v 0.032466 -0.076462 0.009064
v 0.030796 -0.070279 0.010585
v 0.030734 -0.069783 0.013242
v 0.030734 -0.069783 0.013242
v 0.030796 -0.070279 0.010585
v 0.029072 -0.063335 0.014882
v 0.030734 -0.069783 0.013242
v 0.029072 -0.063335 0.014882
v 0.030451 -0.069231 0.015800
v 0.030451 -0.069231 0.015800
v 0.029072 -0.063335 0.014882
v 0.028976 -0.061909 0.019535
v 0.030451 -0.069231 0.015800
v 0.028976 -0.061909 0.019535
v 0.029288 -0.068034 0.020773
v 0.029288 -0.068034 0.020773
v 0.028976 -0.061909 0.019535
v 0.028100 -0.060383 0.024057
v 0.029288 -0.068034 0.020773
v 0.028100 -0.060383 0.024057
v 0.027192 -0.066816 0.025464
v 0.027192 -0.066816 0.025464
v 0.028100 -0.060383 0.024057
v 0.026290 -0.058889 0.028385
v 0.027192 -0.066816 0.025464
v 0.026290 -0.058889 0.028385
v 0.024175 -0.065708 0.029578
v 0.024175 -0.065708 0.029578
v 0.026290 -0.058889 0.028385
v 0.023523 -0.057556 0.032206
v 0.024175 -0.065708 0.029578
v 0.023523 -0.057556 0.032206
v 0.022363 -0.065231 0.031338
v 0.022363 -0.065231 0.031338
v 0.023523 -0.057556 0.032206
v 0.021815 -0.056986 0.033837
v 0.022363 -0.065231 0.031338
v 0.021815 -0.056986 0.033837
v 0.020375 -0.064821 0.032887
v 0.020375 -0.064821 0.032887
v 0.021815 -0.056986 0.033837
v 0.019914 -0.056494 0.035261
v 0.020375 -0.064821 0.032887
v 0.019914 -0.056494 0.035261
v 0.015912 -0.064217 0.035372
v 0.015912 -0.064217 0.035372
v 0.019914 -0.056494 0.035261
v 0.015408 -0.050000 0.038949
v 0.015912 -0.064217 0.035372
v 0.015408 -0.050000 0.038949
v 0.011979 -0.050000 0.039864
v -0.025973 -0.142500 -0.023010
v -0.026198 -0.142500 -0.023209
v -0.019712 -0.142500 -0.028558
v -0.019712 -0.142500 -0.028558
v -0.026198 -0.142500 -0.023209
v -0.019882 -0.142500 -0.028804
v -0.019712 -0.142500 -0.028558
v -0.019882 -0.142500 -0.028804
v -0.012305 -0.142500 -0.032445
v -0.012305 -0.142500 -0.032445
v -0.019882 -0.142500 -0.028804
v -0.012411 -0.142500 -0.032726
v -0.012305 -0.142500 -0.032445
v -0.012411 -0.142500 -0.032726
v -0.004183 -0.142500 -0.034447
v -0.004183 -0.142500 -0.034447
v -0.012411 -0.142500 -0.032726
v -0.004219 -0.142500 -0.034745
v -0.004183 -0.142500 -0.034447
v -0.004219 -0.142500 -0.034745
v 0.004183 -0.142500 -0.034447
v 0.004183 -0.142500 -0.034447
v -0.004219 -0.142500 -0.034745
v 0.004219 -0.142500 -0.034745
v 0.004183 -0.142500 -0.034447
v 0.004219 -0.142500 -0.034745
v 0.012305 -0.142500 -0.032445
v 0.012305 -0.142500 -0.032445
v 0.004219 -0.142500 -0.034745
v 0.012411 -0.142500 -0.032726
v 0.012305 -0.142500 -0.032445
v 0.012411 -0.142500 -0.032726
v 0.019712 -0.142500 -0.028558
v 0.019712 -0.142500 -0.028558
v 0.012411 -0.142500 -0.032726
v 0.019882 -0.142500 -0.028804
v 0.019712 -0.142500 -0.028558
v 0.019882 -0.142500 -0.028804
v 0.025973 -0.142500 -0.023010
v 0.025973 -0.142500 -0.023010
v 0.019882 -0.142500 -0.028804
v 0.026198 -0.142500 -0.023209
v 0.025973 -0.142500 -0.023010
v 0.026198 -0.142500 -0.023209
v 0.030725 -0.142500 -0.016126
v 0.030725 -0.142500 -0.016126
v 0.026198 -0.142500 -0.023209
v 0.030991 -0.142500 -0.016265
v 0.030725 -0.142500 -0.016126
v 0.030991 -0.142500 -0.016265
v 0.033692 -0.142500 -0.008304
v 0.033692 -0.142500 -0.008304
v 0.030991 -0.142500 -0.016265
v 0.033983 -0.142500 -0.008376
v 0.033692 -0.142500 -0.008304
v 0.033983 -0.142500 -0.008376
v 0.034700 -0.142500 0.000000
v 0.034700 -0.142500 0.000000
v 0.033983 -0.142500 -0.008376
v 0.035000 -0.142500 0.000000
v 0.034700 -0.142500 0.000000
v 0.035000 -0.142500 0.000000
v 0.033692 -0.142500 0.008304
v 0.033692 -0.142500 0.008304
v 0.035000 -0.142500 0.000000
v 0.033983 -0.142500 0.008376
v 0.033692 -0.142500 0.008304
v 0.033983 -0.142500 0.008376
v 0.030725 -0.142500 0.016126
v 0.030725 -0.142500 0.016126
v 0.033983 -0.142500 0.008376
v 0.030991 -0.142500 0.016265
v 0.030725 -0.142500 0.016126
v 0.030991 -0.142500 0.016265
v 0.025973 -0.142500 0.023010
v 0.025973 -0.142500 0.023010
v 0.030991 -0.142500 0.016265
v 0.026198 -0.142500 0.023209
v 0.025973 -0.142500 0.023010
v 0.026198 -0.142500 0.023209
v 0.019712 -0.142500 0.028558
v 0.019712 -0.142500 0.028558
v 0.026198 -0.142500 0.023209
v 0.019882 -0.142500 0.028804
v 0.019712 -0.142500 0.028558
v 0.019882 -0.142500 0.028804
v 0.012305 -0.142500 0.032445
v 0.012305 -0.142500 0.032445
v 0.019882 -0.142500 0.028804
v 0.012411 -0.142500 0.032726
v 0.012305 -0.142500 0.032445
v 0.012411 -0.142500 0.032726
v 0.004183 -0.142500 0.034447
v 0.004183 -0.142500 0.034447
v 0.012411 -0.142500 0.032726
v 0.004219 -0.142500 0.034745
v 0.004183 -0.142500 0.034447
v 0.004219 -0.142500 0.034745
v -0.004183 -0.142500 0.034447
v -0.004183 -0.142500 0.034447
v 0.004219 -0.142500 0.034745
v -0.004219 -0.142500 0.034745
v -0.004183 -0.142500 0.034447
v -0.004219 -0.142500 0.034745
v -0.012305 -0.142500 0.032445
v -0.012305 -0.142500 0.032445
v -0.004219 -0.142500 0.034745
v -0.012411 -0.142500 0.032726
v -0.012305 -0.142500 0.032445
v -0.012411 -0.142500 0.032726
v -0.019712 -0.142500 0.028558
v -0.019712 -0.142500 0.028558
v -0.012411 -0.142500 0.032726
v -0.019882 -0.142500 0.028804
v -0.019712 -0.142500 0.028558
v -0.019882 -0.142500 0.028804
v -0.025973 -0.142500 0.023010
v -0.025973 -0.142500 0.023010
v -0.019882 -0.142500 0.028804
v -0.026198 -0.142500 0.023209
v -0.025973 -0.142500 0.023010
v -0.026198 -0.142500 0.023209
v -0.030725 -0.142500 0.016126
v -0.030725 -0.142500 0.016126
v -0.026198 -0.142500 0.023209
v -0.030991 -0.142500 0.016265
v -0.030725 -0.142500 0.016126
v -0.030991 -0.142500 0.016265
v -0.033692 -0.142500 0.008304
v -0.033692 -0.142500 0.008304
v -0.030991 -0.142500 0.016265
v -0.033983 -0.142500 0.008376
v -0.033692 -0.142500 0.008304
v -0.033983 -0.142500 0.008376
v -0.034700 -0.142500 0.000000
v -0.034700 -0.142500 0.000000
v -0.033983 -0.142500 0.008376
v -0.035000 -0.142500 0.000000
v -0.034700 -0.142500 0.000000
v -0.035000 -0.142500 0.000000
v -0.033692 -0.142500 -0.008304
v -0.033692 -0.142500 -0.008304
v -0.035000 -0.142500 0.000000
v -0.033983 -0.142500 -0.008376
v -0.033692 -0.142500 -0.008304
v -0.033983 -0.142500 -0.008376
v -0.030725 -0.142500 -0.016126
v -0.030725 -0.142500 -0.016126
v -0.033983 -0.142500 -0.008376
v -0.030991 -0.142500 -0.016265
v -0.030725 -0.142500 -0.016126
v -0.030991 -0.142500 -0.016265
v -0.025973 -0.142500 -0.023010
v -0.025973 -0.142500 -0.023010
v -0.030991 -0.142500 -0.016265
v -0.026198 -0.142500 -0.023209
v -0.022574 -0.059562 0.008575
v -0.020731 -0.059997 0.007016
v -0.022534 -0.065868 0.000827
v -0.034018 -0.088743 -0.006455
v -0.034571 -0.088726 -0.003068
v -0.033931 -0.082927 0.001324
v -0.033931 -0.082927 0.001324
v -0.034571 -0.088726 -0.003068
v -0.033944 -0.082760 0.004543
v -0.031867 -0.088641 -0.013092
v -0.033117 -0.088715 -0.009811
v -0.033145 -0.085916 -0.007601
v -0.033145 -0.085916 -0.007601
v -0.033117 -0.088715 -0.009811
v -0.034018 -0.088743 -0.006455
v -0.016727 -0.070978 -0.011488
v -0.013623 -0.070750 -0.012825
v -0.014463 -0.075741 -0.020301
v -0.002775 -0.065596 -0.006266
v -0.006139 -0.065692 -0.006036
v -0.005496 -0.060912 0.002117
v -0.034243 -0.088459 0.006945
v -0.034021 -0.094000 0.008219
v -0.033509 -0.088321 0.010158
v -0.033509 -0.088321 0.010158
v -0.034021 -0.094000 0.008219
v -0.032479 -0.088169 0.013264
v -0.025500 -0.050000 0.018263
v -0.025517 -0.050985 0.017785
v -0.026547 -0.050000 0.019712
v -0.006553 -0.050000 0.013649
v -0.004275 -0.050000 0.013714
v -0.004739 -0.052758 0.011769
v -0.004739 -0.052758 0.011769
v -0.004275 -0.050000 0.013714
v -0.002916 -0.050000 0.013752
v -0.009851 -0.052487 0.011958
v -0.009660 -0.050000 0.013605
v -0.007031 -0.050000 0.013638
v -0.015136 -0.050000 0.013859
v -0.014470 -0.050000 0.013793
v -0.014641 -0.051870 0.012663
v -0.014641 -0.051870 0.012663
v -0.014470 -0.050000 0.013793
v -0.013730 -0.050000 0.013733
v -0.014641 -0.051870 0.012663
v -0.013730 -0.050000 0.013733
v -0.012849 -0.050000 0.013679
v -0.022859 -0.052612 0.014614
v -0.023752 -0.050000 0.016704
v -0.021896 -0.050000 0.015623
v -0.025517 -0.050985 0.017785
v -0.025913 -0.054304 0.016198
v -0.026547 -0.050000 0.019712
v -0.026547 -0.050000 0.019712
v -0.025913 -0.054304 0.016198
v -0.027376 -0.052553 0.020159
v -0.026547 -0.050000 0.019712
v -0.027376 -0.052553 0.020159
v -0.027341 -0.050000 0.021488
v -0.027341 -0.050000 0.021488
v -0.027376 -0.052553 0.020159
v -0.027380 -0.050000 0.021612
v -0.027380 -0.050000 0.021612
v -0.027376 -0.052553 0.020159
v -0.027786 -0.050000 0.023704
v -0.027786 -0.050000 0.023704
v -0.027376 -0.052553 0.020159
v -0.027837 -0.050656 0.024268
v -0.027786 -0.050000 0.023704
v -0.027837 -0.050656 0.024268
v -0.027813 -0.050000 0.024136
v -0.027452 -0.052570 0.026952
v -0.027352 -0.050000 0.027917
v -0.027693 -0.050000 0.026353
v -0.027452 -0.052570 0.026952
v -0.027693 -0.050000 0.026353
v -0.028037 -0.054383 0.022763
v -0.024193 -0.050000 0.033510
v -0.025415 -0.050000 0.031967
v -0.025904 -0.050836 0.030976
v -0.025904 -0.050836 0.030976
v -0.025415 -0.050000 0.031967
v -0.025877 -0.050000 0.031256
v -0.025904 -0.050836 0.030976
v -0.025877 -0.050000 0.031256
v -0.027452 -0.052570 0.026952
v -0.027452 -0.052570 0.026952
v -0.025877 -0.050000 0.031256
v -0.027065 -0.050000 0.028798
v -0.027452 -0.052570 0.026952
v -0.027065 -0.050000 0.028798
v -0.027352 -0.050000 0.027917
v -0.020196 -0.056559 0.035070
v -0.020066 -0.050000 0.036851
v -0.022225 -0.050000 0.035362
v -0.020196 -0.056559 0.035070
v -0.022225 -0.050000 0.035362
v -0.023732 -0.057636 0.031978
v -0.017266 -0.050000 0.038254
v -0.016279 -0.064253 0.035210
v -0.014003 -0.050000 0.039375
v -0.014003 -0.050000 0.039375
v -0.016279 -0.064253 0.035210
v -0.011298 -0.063922 0.036945
v -0.014003 -0.050000 0.039375
v -0.011298 -0.063922 0.036945
v -0.010275 -0.050000 0.040179
v -0.010275 -0.050000 0.040179
v -0.011298 -0.063922 0.036945
v -0.009497 -0.050000 0.040299
v -0.009497 -0.050000 0.040299
v -0.011298 -0.063922 0.036945
v -0.005812 -0.063844 0.037954
v -0.009497 -0.050000 0.040299
v -0.005812 -0.063844 0.037954
v -0.005796 -0.050000 0.040690
v -0.005796 -0.050000 0.040690
v -0.005812 -0.063844 0.037954
v 0.000000 -0.063115 0.038431
v -0.005796 -0.050000 0.040690
v 0.000000 -0.063115 0.038431
v -0.000000 -0.050000 0.040880
v -0.009234 -0.094000 0.033760
v -0.006869 -0.094000 0.034319
v -0.006502 -0.087106 0.034625
v -0.006502 -0.087106 0.034625
v -0.006869 -0.094000 0.034319
v -0.005176 -0.094000 0.034615
v -0.000000 -0.094000 0.035000
v -0.000000 -0.080937 0.035765
v -0.001047 -0.094000 0.034984
v -0.001047 -0.094000 0.034984
v -0.000000 -0.080937 0.035765
v -0.004219 -0.094000 0.034745
v -0.009234 -0.094000 0.033760
v -0.006502 -0.087106 0.034625
v -0.012411 -0.094000 0.032726
v -0.012411 -0.094000 0.032726
v -0.006502 -0.087106 0.034625
v -0.012704 -0.087137 0.032888
v -0.012411 -0.094000 0.032726
v -0.012704 -0.087137 0.032888
v -0.013161 -0.094000 0.032431
v -0.013161 -0.094000 0.032431
v -0.012704 -0.087137 0.032888
v -0.016903 -0.094000 0.030648
v -0.016903 -0.094000 0.030648
v -0.012704 -0.087137 0.032888
v -0.018404 -0.087241 0.030100
v -0.016903 -0.094000 0.030648
v -0.018404 -0.087241 0.030100
v -0.019882 -0.094000 0.028804
v -0.019882 -0.094000 0.028804
v -0.018404 -0.087241 0.030100
v -0.020409 -0.094000 0.028433
v -0.020409 -0.094000 0.028433
v -0.018404 -0.087241 0.030100
v -0.021022 -0.087324 0.028336
v -0.020409 -0.094000 0.028433
v -0.021022 -0.087324 0.028336
v -0.023629 -0.094000 0.025820
v -0.023465 -0.087429 0.026338
v -0.026198 -0.094000 0.023209
v -0.023629 -0.094000 0.025820
v -0.026198 -0.094000 0.023209
v -0.023465 -0.087429 0.026338
v -0.026516 -0.094000 0.022845
v -0.026516 -0.094000 0.022845
v -0.023465 -0.087429 0.026338
v -0.027766 -0.087694 0.021687
v -0.026516 -0.094000 0.022845
v -0.027766 -0.087694 0.021687
v -0.029032 -0.094000 0.019549
v -0.029032 -0.094000 0.019549
v -0.027766 -0.087694 0.021687
v -0.029589 -0.087848 0.019054
v -0.029032 -0.094000 0.019549
v -0.029589 -0.087848 0.019054
v -0.030991 -0.094000 0.016265
v -0.030991 -0.094000 0.016265
v -0.029589 -0.087848 0.019054
v -0.031140 -0.094000 0.015979
v -0.031140 -0.094000 0.015979
v -0.029589 -0.087848 0.019054
v -0.031166 -0.088009 0.016239
v -0.031140 -0.094000 0.015979
v -0.031166 -0.088009 0.016239
v -0.032811 -0.094000 0.012184
v -0.034671 -0.088577 0.003656
v -0.035000 -0.094000 0.000000
v -0.034755 -0.094000 0.004138
v -0.034755 -0.094000 -0.004137
v -0.035000 -0.094000 0.000000
v -0.034785 -0.088668 0.000312
v -0.034785 -0.088668 0.000312
v -0.035000 -0.094000 0.000000
v -0.034671 -0.088577 0.003656
v -0.034785 -0.088668 0.000312
v -0.034671 -0.088577 0.003656
v -0.033659 -0.082539 0.007678
v -0.034539 -0.091457 -0.005175
v -0.033838 -0.091455 -0.008558
v -0.034022 -0.094000 -0.008218
v -0.034022 -0.094000 -0.008218
v -0.033838 -0.091455 -0.008558
v -0.032811 -0.094000 -0.012184
v -0.032811 -0.094000 -0.012184
v -0.033838 -0.091455 -0.008558
v -0.032797 -0.091428 -0.011877
v -0.032811 -0.094000 -0.012184
v -0.032797 -0.091428 -0.011877
v -0.031140 -0.094000 -0.015978
v -0.031140 -0.094000 -0.015978
v -0.032797 -0.091428 -0.011877
v -0.031423 -0.091377 -0.015092
v -0.031140 -0.094000 -0.015978
v -0.031423 -0.091377 -0.015092
v -0.030991 -0.094000 -0.016265
v -0.030991 -0.094000 -0.016265
v -0.031423 -0.091377 -0.015092
v -0.029724 -0.091301 -0.018168
v -0.030991 -0.094000 -0.016265
v -0.029724 -0.091301 -0.018168
v -0.029032 -0.094000 -0.019549
v -0.026516 -0.094000 -0.022845
v -0.027713 -0.091203 -0.021069
v -0.026198 -0.094000 -0.023209
v -0.026198 -0.094000 -0.023209
v -0.027713 -0.091203 -0.021069
v -0.025408 -0.091088 -0.023762
v -0.026198 -0.094000 -0.023209
v -0.025408 -0.091088 -0.023762
v -0.023629 -0.094000 -0.025820
v -0.023629 -0.094000 -0.025820
v -0.025408 -0.091088 -0.023762
v -0.022827 -0.090961 -0.026219
v -0.023629 -0.094000 -0.025820
v -0.022827 -0.090961 -0.026219
v -0.020410 -0.094000 -0.028433
v -0.020410 -0.094000 -0.028433
v -0.022827 -0.090961 -0.026219
v -0.019993 -0.090827 -0.028411
v -0.020410 -0.094000 -0.028433
v -0.019993 -0.090827 -0.028411
v -0.019882 -0.094000 -0.028804
v -0.019882 -0.094000 -0.028804
v -0.019993 -0.090827 -0.028411
v -0.016928 -0.090691 -0.030312
v -0.019882 -0.094000 -0.028804
v -0.016928 -0.090691 -0.030312
v -0.016904 -0.094000 -0.030647
v -0.016904 -0.094000 -0.030647
v -0.016928 -0.090691 -0.030312
v -0.013662 -0.090557 -0.031894
v -0.016904 -0.094000 -0.030647
v -0.013662 -0.090557 -0.031894
v -0.013161 -0.094000 -0.032431
v -0.013161 -0.094000 -0.032431
v -0.013662 -0.090557 -0.031894
v -0.012411 -0.094000 -0.032726
v -0.012411 -0.094000 -0.032726
v -0.013662 -0.090557 -0.031894
v -0.010227 -0.090432 -0.033136
v -0.012411 -0.094000 -0.032726
v -0.010227 -0.090432 -0.033136
v -0.009234 -0.094000 -0.033760
v -0.009234 -0.094000 -0.033760
v -0.010227 -0.090432 -0.033136
v -0.006657 -0.090318 -0.034015
v -0.009234 -0.094000 -0.033760
v -0.006657 -0.090318 -0.034015
v -0.005177 -0.094000 -0.034615
v -0.005177 -0.094000 -0.034615
v -0.006657 -0.090318 -0.034015
v -0.002996 -0.090220 -0.034514
v -0.005177 -0.094000 -0.034615
v -0.002996 -0.090220 -0.034514
v -0.004219 -0.094000 -0.034745
v 0.000000 -0.094000 -0.035000
v -0.001047 -0.094000 -0.034984
v -0.000000 -0.093167 -0.034984
v -0.000000 -0.093167 -0.034984
v -0.001047 -0.094000 -0.034984
v -0.004219 -0.094000 -0.034745
v -0.000000 -0.093167 -0.034984
v -0.004219 -0.094000 -0.034745
v 0.000000 -0.090119 -0.034624
v 0.000000 -0.090119 -0.034624
v -0.004219 -0.094000 -0.034745
v -0.002996 -0.090220 -0.034514
v 0.000000 -0.090119 -0.034624
v -0.002996 -0.090220 -0.034514
v 0.000000 -0.087181 -0.033769
v 0.000000 -0.084302 -0.032366
v -0.003241 -0.083436 -0.031655
v 0.000000 -0.081767 -0.030596
v 0.000000 -0.081767 -0.030596
v -0.003241 -0.083436 -0.031655
v -0.003286 -0.080411 -0.029242
v 0.000000 -0.081767 -0.030596
v -0.003286 -0.080411 -0.029242
v 0.000000 -0.079240 -0.028272
v 0.000000 -0.079240 -0.028272
v -0.003286 -0.080411 -0.029242
v -0.003284 -0.077604 -0.026261
v 0.000000 -0.079240 -0.028272
v -0.003284 -0.077604 -0.026261
v 0.000000 -0.076566 -0.025152
v 0.000000 -0.076566 -0.025152
v -0.003284 -0.077604 -0.026261
v -0.003240 -0.074986 -0.022799
v 0.000000 -0.076566 -0.025152
v -0.003240 -0.074986 -0.022799
v -0.000000 -0.073684 -0.021013
v -0.000000 -0.073684 -0.021013
v -0.003240 -0.074986 -0.022799
v -0.003050 -0.070166 -0.014843
v -0.000000 -0.073684 -0.021013
v -0.003050 -0.070166 -0.014843
v -0.000001 -0.070856 -0.016247
v 0.000001 -0.064914 -0.005096
v -0.002775 -0.065596 -0.006266
v 0.000000 -0.061041 0.001699
v 0.000000 -0.061041 0.001699
v -0.002775 -0.065596 -0.006266
v -0.005496 -0.060912 0.002117
v 0.000000 -0.061041 0.001699
v -0.005496 -0.060912 0.002117
v -0.000000 -0.060386 0.002737
v -0.000000 -0.060386 0.002737
v -0.005496 -0.060912 0.002117
v -0.000001 -0.057661 0.006632
v -0.030486 -0.069285 0.015558
v -0.032160 -0.076120 0.011656
v -0.033104 -0.082277 0.010734
v -0.032281 -0.081986 0.013703
v -0.033104 -0.082277 0.010734
v -0.034243 -0.088459 0.006945
v -0.034243 -0.088459 0.006945
v -0.033509 -0.088321 0.010158
v -0.032281 -0.081986 0.013703
v -0.032281 -0.081986 0.013703
v -0.033509 -0.088321 0.010158
v -0.032479 -0.088169 0.013264
v -0.032281 -0.081986 0.013703
v -0.032479 -0.088169 0.013264
v -0.029845 -0.081356 0.019279
v -0.023465 -0.087429 0.026338
v -0.022304 -0.080231 0.028280
v -0.027766 -0.087694 0.021687
v -0.027766 -0.087694 0.021687
v -0.022304 -0.080231 0.028280
v -0.026465 -0.080742 0.024189
v -0.027766 -0.087694 0.021687
v -0.026465 -0.080742 0.024189
v -0.029589 -0.087848 0.019054
v -0.029589 -0.087848 0.019054
v -0.026465 -0.080742 0.024189
v -0.029845 -0.081356 0.019279
v -0.029589 -0.087848 0.019054
v -0.029845 -0.081356 0.019279
v -0.031166 -0.088009 0.016239
v -0.031166 -0.088009 0.016239
v -0.029845 -0.081356 0.019279
v -0.032479 -0.088169 0.013264
v -0.031166 -0.088009 0.016239
v -0.032479 -0.088169 0.013264
v -0.032811 -0.094000 0.012184
v -0.032811 -0.094000 0.012184
v -0.032479 -0.088169 0.013264
v -0.034021 -0.094000 0.008219
v -0.028998 -0.061981 0.019318
v -0.030035 -0.068704 0.018056
v -0.028169 -0.060465 0.023817
v -0.028169 -0.060465 0.023817
v -0.030035 -0.068704 0.018056
v -0.029373 -0.068100 0.020512
v -0.028169 -0.060465 0.023817
v -0.029373 -0.068100 0.020512
v -0.026425 -0.058974 0.028138
v -0.026425 -0.058974 0.028138
v -0.029373 -0.068100 0.020512
v -0.027343 -0.066887 0.025198
v -0.026425 -0.058974 0.028138
v -0.027343 -0.066887 0.025198
v -0.023732 -0.057636 0.031978
v -0.023732 -0.057636 0.031978
v -0.027343 -0.066887 0.025198
v -0.024398 -0.065775 0.029332
v -0.023732 -0.057636 0.031978
v -0.024398 -0.065775 0.029332
v -0.020196 -0.056559 0.035070
v -0.020196 -0.056559 0.035070
v -0.024398 -0.065775 0.029332
v -0.020668 -0.064875 0.032678
v -0.020196 -0.056559 0.035070
v -0.020668 -0.064875 0.032678
v -0.018551 -0.064527 0.034045
v -0.018551 -0.064527 0.034045
v -0.020668 -0.064875 0.032678
v -0.019973 -0.080030 0.030009
v -0.018551 -0.064527 0.034045
v -0.019973 -0.080030 0.030009
v -0.017490 -0.079871 0.031522
v -0.019973 -0.080030 0.030009
v -0.021022 -0.087324 0.028336
v -0.017490 -0.079871 0.031522
v -0.017490 -0.079871 0.031522
v -0.021022 -0.087324 0.028336
v -0.018404 -0.087241 0.030100
v -0.017490 -0.079871 0.031522
v -0.018404 -0.087241 0.030100
v -0.012096 -0.079673 0.033890
v -0.012096 -0.079673 0.033890
v -0.018404 -0.087241 0.030100
v -0.012704 -0.087137 0.032888
v -0.012096 -0.079673 0.033890
v -0.012704 -0.087137 0.032888
v -0.006208 -0.079616 0.035374
v -0.006208 -0.079616 0.035374
v -0.012704 -0.087137 0.032888
v -0.006502 -0.087106 0.034625
v -0.006208 -0.079616 0.035374
v -0.006502 -0.087106 0.034625
v -0.000000 -0.080937 0.035765
v -0.000000 -0.080937 0.035765
v -0.006502 -0.087106 0.034625
v -0.005176 -0.094000 0.034615
v -0.000000 -0.080937 0.035765
v -0.005176 -0.094000 0.034615
v -0.004219 -0.094000 0.034745
v -0.000000 -0.080937 0.035765
v 0.000000 -0.063115 0.038431
v -0.006208 -0.079616 0.035374
v -0.006208 -0.079616 0.035374
v 0.000000 -0.063115 0.038431
v -0.005812 -0.063844 0.037954
v -0.006208 -0.079616 0.035374
v -0.005812 -0.063844 0.037954
v -0.012096 -0.079673 0.033890
v -0.012096 -0.079673 0.033890
v -0.005812 -0.063844 0.037954
v -0.011298 -0.063922 0.036945
v -0.012096 -0.079673 0.033890
v -0.011298 -0.063922 0.036945
v -0.017490 -0.079871 0.031522
v -0.017490 -0.079871 0.031522
v -0.011298 -0.063922 0.036945
v -0.016279 -0.064253 0.035210
v -0.017490 -0.079871 0.031522
v -0.016279 -0.064253 0.035210
v -0.018551 -0.064527 0.034045
v -0.018551 -0.064527 0.034045
v -0.016279 -0.064253 0.035210
v -0.017266 -0.050000 0.038254
v -0.018551 -0.064527 0.034045
v -0.017266 -0.050000 0.038254
v -0.020196 -0.056559 0.035070
v -0.020196 -0.056559 0.035070
v -0.017266 -0.050000 0.038254
v -0.018440 -0.050000 0.037725
v -0.020196 -0.056559 0.035070
v -0.018440 -0.050000 0.037725
v -0.020066 -0.050000 0.036851
v -0.026495 -0.082447 -0.017634
v -0.028640 -0.082697 -0.014780
v -0.026274 -0.079662 -0.014973
v -0.026274 -0.079662 -0.014973
v -0.028640 -0.082697 -0.014780
v -0.025816 -0.076917 -0.012067
v -0.026274 -0.079662 -0.014973
v -0.025816 -0.076917 -0.012067
v -0.023847 -0.079378 -0.017554
v -0.023847 -0.079378 -0.017554
v -0.025816 -0.076917 -0.012067
v -0.023446 -0.076667 -0.014550
v -0.023847 -0.079378 -0.017554
v -0.023446 -0.076667 -0.014550
v -0.021096 -0.079059 -0.019877
v -0.021096 -0.079059 -0.019877
v -0.023446 -0.076667 -0.014550
v -0.020754 -0.076375 -0.016776
v -0.021096 -0.079059 -0.019877
v -0.020754 -0.076375 -0.016776
v -0.018033 -0.078723 -0.021899
v -0.018033 -0.078723 -0.021899
v -0.020754 -0.076375 -0.016776
v -0.017752 -0.076059 -0.018705
v -0.018033 -0.078723 -0.021899
v -0.017752 -0.076059 -0.018705
v -0.014683 -0.078390 -0.023583
v -0.031756 -0.077196 -0.000332
v -0.032904 -0.083058 -0.005269
v -0.033592 -0.083029 -0.001960
v -0.031756 -0.077196 -0.000332
v -0.033592 -0.083029 -0.001960
v -0.032552 -0.076806 0.005844
v -0.032904 -0.083058 -0.005269
v -0.031756 -0.077196 -0.000332
v -0.030430 -0.082889 -0.011737
v -0.030430 -0.082889 -0.011737
v -0.031756 -0.077196 -0.000332
v -0.029530 -0.077226 -0.006477
v -0.030430 -0.082889 -0.011737
v -0.029530 -0.077226 -0.006477
v -0.028640 -0.082697 -0.014780
v -0.028640 -0.082697 -0.014780
v -0.029530 -0.077226 -0.006477
v -0.027852 -0.077109 -0.009367
v -0.028640 -0.082697 -0.014780
v -0.027852 -0.077109 -0.009367
v -0.025816 -0.076917 -0.012067
v -0.032160 -0.076120 0.011656
v -0.030486 -0.069285 0.015558
v -0.032552 -0.076806 0.005844
v -0.032552 -0.076806 0.005844
v -0.030486 -0.069285 0.015558
v -0.030790 -0.070318 0.010358
v -0.032552 -0.076806 0.005844
v -0.030790 -0.070318 0.010358
v -0.031756 -0.077196 -0.000332
v -0.031756 -0.077196 -0.000332
v -0.030790 -0.070318 0.010358
v -0.030025 -0.071065 0.004783
v -0.031756 -0.077196 -0.000332
v -0.030025 -0.071065 0.004783
v -0.029530 -0.077226 -0.006477
v -0.029530 -0.077226 -0.006477
v -0.030025 -0.071065 0.004783
v -0.027908 -0.071446 -0.000767
v -0.029530 -0.077226 -0.006477
v -0.027908 -0.071446 -0.000767
v -0.027852 -0.077109 -0.009367
v -0.027852 -0.077109 -0.009367
v -0.027908 -0.071446 -0.000767
v -0.026307 -0.071495 -0.003352
v -0.027852 -0.077109 -0.009367
v -0.026307 -0.071495 -0.003352
v -0.025816 -0.076917 -0.012067
v -0.025816 -0.076917 -0.012067
v -0.026307 -0.071495 -0.003352
v -0.024366 -0.071459 -0.005742
v -0.025816 -0.076917 -0.012067
v -0.024366 -0.071459 -0.005742
v -0.023446 -0.076667 -0.014550
v -0.023446 -0.076667 -0.014550
v -0.024366 -0.071459 -0.005742
v -0.022115 -0.071351 -0.007917
v -0.023446 -0.076667 -0.014550
v -0.022115 -0.071351 -0.007917
v -0.020754 -0.076375 -0.016776
v -0.020754 -0.076375 -0.016776
v -0.022115 -0.071351 -0.007917
v -0.019565 -0.071185 -0.009843
v -0.020754 -0.076375 -0.016776
v -0.019565 -0.071185 -0.009843
v -0.017752 -0.076059 -0.018705
v -0.026495 -0.082447 -0.017634
v -0.026274 -0.079662 -0.014973
v -0.024017 -0.082156 -0.020267
v -0.024017 -0.082156 -0.020267
v -0.026274 -0.079662 -0.014973
v -0.023847 -0.079378 -0.017554
v -0.024017 -0.082156 -0.020267
v -0.023847 -0.079378 -0.017554
v -0.021218 -0.081837 -0.022640
v -0.021218 -0.081837 -0.022640
v -0.023847 -0.079378 -0.017554
v -0.021096 -0.079059 -0.019877
v -0.021218 -0.081837 -0.022640
v -0.021096 -0.079059 -0.019877
v -0.018116 -0.081507 -0.024712
v -0.018116 -0.081507 -0.024712
v -0.021096 -0.079059 -0.019877
v -0.018033 -0.078723 -0.021899
v -0.018116 -0.081507 -0.024712
v -0.018033 -0.078723 -0.021899
v -0.014733 -0.081183 -0.026444
v -0.014733 -0.081183 -0.026444
v -0.018033 -0.078723 -0.021899
v -0.014683 -0.078390 -0.023583
v -0.014733 -0.081183 -0.026444
v -0.014683 -0.078390 -0.023583
v -0.011104 -0.080882 -0.027798
v -0.007179 -0.083631 -0.031135
v -0.010979 -0.083869 -0.030178
v -0.011104 -0.080882 -0.027798
v -0.003241 -0.083436 -0.031655
v -0.007271 -0.080619 -0.028741
v -0.003286 -0.080411 -0.029242
v -0.003286 -0.080411 -0.029242
v -0.007271 -0.080619 -0.028741
v -0.007260 -0.077811 -0.025791
v -0.003286 -0.080411 -0.029242
v -0.007260 -0.077811 -0.025791
v -0.003284 -0.077604 -0.026261
v -0.003284 -0.077604 -0.026261
v -0.007260 -0.077811 -0.025791
v -0.007159 -0.075181 -0.022369
v -0.003284 -0.077604 -0.026261
v -0.007159 -0.075181 -0.022369
v -0.003240 -0.074986 -0.022799
v -0.003240 -0.074986 -0.022799
v -0.007159 -0.075181 -0.022369
v -0.006740 -0.070320 -0.014509
v -0.003240 -0.074986 -0.022799
v -0.006740 -0.070320 -0.014509
v -0.003050 -0.070166 -0.014843
v -0.030272 -0.088522 -0.016255
v -0.030500 -0.085710 -0.014103
v -0.028340 -0.088363 -0.019256
v -0.028340 -0.088363 -0.019256
v -0.030500 -0.085710 -0.014103
v -0.028642 -0.085520 -0.017152
v -0.028340 -0.088363 -0.019256
v -0.028642 -0.085520 -0.017152
v -0.026087 -0.088170 -0.022059
v -0.026087 -0.088170 -0.022059
v -0.028642 -0.085520 -0.017152
v -0.026443 -0.085284 -0.020008
v -0.026087 -0.088170 -0.022059
v -0.026443 -0.085284 -0.020008
v -0.023531 -0.087955 -0.024632
v -0.023531 -0.087955 -0.024632
v -0.026443 -0.085284 -0.020008
v -0.023921 -0.085015 -0.022639
v -0.023531 -0.087955 -0.024632
v -0.023921 -0.085015 -0.022639
v -0.020688 -0.087726 -0.026943
v -0.020688 -0.087726 -0.026943
v -0.023921 -0.085015 -0.022639
v -0.021091 -0.084725 -0.025010
v -0.020688 -0.087726 -0.026943
v -0.021091 -0.084725 -0.025010
v -0.017582 -0.087493 -0.028958
v -0.017582 -0.087493 -0.028958
v -0.021091 -0.084725 -0.025010
v -0.017973 -0.084429 -0.027081
v -0.017582 -0.087493 -0.028958
v -0.017973 -0.084429 -0.027081
v -0.014238 -0.087265 -0.030644
v -0.014238 -0.087265 -0.030644
v -0.017973 -0.084429 -0.027081
v -0.014591 -0.084139 -0.028816
v -0.014238 -0.087265 -0.030644
v -0.014591 -0.084139 -0.028816
v -0.010690 -0.087052 -0.031970
v -0.010690 -0.087052 -0.031970
v -0.014591 -0.084139 -0.028816
v -0.010979 -0.083869 -0.030178
v -0.010690 -0.087052 -0.031970
v -0.010979 -0.083869 -0.030178
v -0.006977 -0.086862 -0.032907
v -0.006977 -0.086862 -0.032907
v -0.010979 -0.083869 -0.030178
v -0.007179 -0.083631 -0.031135
v -0.006977 -0.086862 -0.032907
v -0.007179 -0.083631 -0.031135
v -0.003145 -0.086701 -0.033428
v -0.011104 -0.080882 -0.027798
v -0.010979 -0.083869 -0.030178
v -0.014733 -0.081183 -0.026444
v -0.014733 -0.081183 -0.026444
v -0.010979 -0.083869 -0.030178
v -0.014591 -0.084139 -0.028816
v -0.014733 -0.081183 -0.026444
v -0.014591 -0.084139 -0.028816
v -0.018116 -0.081507 -0.024712
v -0.018116 -0.081507 -0.024712
v -0.014591 -0.084139 -0.028816
v -0.017973 -0.084429 -0.027081
v -0.018116 -0.081507 -0.024712
v -0.017973 -0.084429 -0.027081
v -0.021218 -0.081837 -0.022640
v -0.021218 -0.081837 -0.022640
v -0.017973 -0.084429 -0.027081
v -0.021091 -0.084725 -0.025010
v -0.021218 -0.081837 -0.022640
v -0.021091 -0.084725 -0.025010
v -0.024017 -0.082156 -0.020267
v -0.024017 -0.082156 -0.020267
v -0.021091 -0.084725 -0.025010
v -0.023921 -0.085015 -0.022639
v -0.024017 -0.082156 -0.020267
v -0.023921 -0.085015 -0.022639
v -0.026495 -0.082447 -0.017634
v -0.026495 -0.082447 -0.017634
v -0.023921 -0.085015 -0.022639
v -0.026443 -0.085284 -0.020008
v -0.026495 -0.082447 -0.017634
v -0.026443 -0.085284 -0.020008
v -0.028640 -0.082697 -0.014780
v -0.028640 -0.082697 -0.014780
v -0.026443 -0.085284 -0.020008
v -0.028642 -0.085520 -0.017152
v -0.028640 -0.082697 -0.014780
v -0.028642 -0.085520 -0.017152
v -0.030430 -0.082889 -0.011737
v -0.030430 -0.082889 -0.011737
v -0.028642 -0.085520 -0.017152
v -0.030500 -0.085710 -0.014103
v -0.030430 -0.082889 -0.011737
v -0.030500 -0.085710 -0.014103
v -0.032904 -0.083058 -0.005269
v 0.000000 -0.086594 -0.033531
v 0.000000 -0.087181 -0.033769
v -0.003145 -0.086701 -0.033428
v -0.003145 -0.086701 -0.033428
v 0.000000 -0.087181 -0.033769
v -0.002996 -0.090220 -0.034514
v -0.003145 -0.086701 -0.033428
v -0.002996 -0.090220 -0.034514
v -0.006977 -0.086862 -0.032907
v -0.006977 -0.086862 -0.032907
v -0.002996 -0.090220 -0.034514
v -0.006657 -0.090318 -0.034015
v -0.006977 -0.086862 -0.032907
v -0.006657 -0.090318 -0.034015
v -0.010690 -0.087052 -0.031970
v -0.010690 -0.087052 -0.031970
v -0.006657 -0.090318 -0.034015
v -0.010227 -0.090432 -0.033136
v -0.010690 -0.087052 -0.031970
v -0.010227 -0.090432 -0.033136
v -0.014238 -0.087265 -0.030644
v -0.014238 -0.087265 -0.030644
v -0.010227 -0.090432 -0.033136
v -0.013662 -0.090557 -0.031894
v -0.014238 -0.087265 -0.030644
v -0.013662 -0.090557 -0.031894
v -0.017582 -0.087493 -0.028958
v -0.017582 -0.087493 -0.028958
v -0.013662 -0.090557 -0.031894
v -0.016928 -0.090691 -0.030312
v -0.017582 -0.087493 -0.028958
v -0.016928 -0.090691 -0.030312
v -0.020688 -0.087726 -0.026943
v -0.020688 -0.087726 -0.026943
v -0.016928 -0.090691 -0.030312
v -0.019993 -0.090827 -0.028411
v -0.020688 -0.087726 -0.026943
v -0.019993 -0.090827 -0.028411
v -0.023531 -0.087955 -0.024632
v -0.023531 -0.087955 -0.024632
v -0.019993 -0.090827 -0.028411
v -0.022827 -0.090961 -0.026219
v -0.023531 -0.087955 -0.024632
v -0.022827 -0.090961 -0.026219
v -0.026087 -0.088170 -0.022059
v -0.026087 -0.088170 -0.022059
v -0.022827 -0.090961 -0.026219
v -0.025408 -0.091088 -0.023762
v -0.026087 -0.088170 -0.022059
v -0.025408 -0.091088 -0.023762
v -0.028340 -0.088363 -0.019256
v -0.028340 -0.088363 -0.019256
v -0.025408 -0.091088 -0.023762
v -0.027713 -0.091203 -0.021069
v -0.028340 -0.088363 -0.019256
v -0.027713 -0.091203 -0.021069
v -0.030272 -0.088522 -0.016255
v -0.034539 -0.091457 -0.005175
v -0.034571 -0.088726 -0.003068
v -0.033838 -0.091455 -0.008558
v -0.033838 -0.091455 -0.008558
v -0.034571 -0.088726 -0.003068
v -0.034018 -0.088743 -0.006455
v -0.033838 -0.091455 -0.008558
v -0.034018 -0.088743 -0.006455
v -0.032797 -0.091428 -0.011877
v -0.032797 -0.091428 -0.011877
v -0.034018 -0.088743 -0.006455
v -0.033117 -0.088715 -0.009811
v -0.032797 -0.091428 -0.011877
v -0.033117 -0.088715 -0.009811
v -0.031423 -0.091377 -0.015092
v -0.031423 -0.091377 -0.015092
v -0.033117 -0.088715 -0.009811
v -0.031867 -0.088641 -0.013092
v -0.031423 -0.091377 -0.015092
v -0.031867 -0.088641 -0.013092
v -0.029724 -0.091301 -0.018168
v -0.034022 -0.094000 -0.008218
v -0.034253 -0.094000 -0.007193
v -0.034539 -0.091457 -0.005175
v -0.034539 -0.091457 -0.005175
v -0.034253 -0.094000 -0.007193
v -0.034755 -0.094000 -0.004137
v -0.034539 -0.091457 -0.005175
v -0.034755 -0.094000 -0.004137
v -0.034571 -0.088726 -0.003068
v -0.034571 -0.088726 -0.003068
v -0.034755 -0.094000 -0.004137
v -0.034785 -0.088668 0.000312
v -0.034571 -0.088726 -0.003068
v -0.034785 -0.088668 0.000312
v -0.033944 -0.082760 0.004543
v -0.033944 -0.082760 0.004543
v -0.034785 -0.088668 0.000312
v -0.033659 -0.082539 0.007678
v -0.026516 -0.094000 -0.022845
v -0.029032 -0.094000 -0.019549
v -0.027713 -0.091203 -0.021069
v -0.027713 -0.091203 -0.021069
v -0.029032 -0.094000 -0.019549
v -0.029724 -0.091301 -0.018168
v -0.027713 -0.091203 -0.021069
v -0.029724 -0.091301 -0.018168
v -0.030272 -0.088522 -0.016255
v -0.030272 -0.088522 -0.016255
v -0.029724 -0.091301 -0.018168
v -0.031867 -0.088641 -0.013092
v -0.030272 -0.088522 -0.016255
v -0.031867 -0.088641 -0.013092
v -0.030500 -0.085710 -0.014103
v -0.030500 -0.085710 -0.014103
v -0.031867 -0.088641 -0.013092
v -0.033145 -0.085916 -0.007601
v -0.030500 -0.085710 -0.014103
v -0.033145 -0.085916 -0.007601
v -0.032904 -0.083058 -0.005269
v -0.032904 -0.083058 -0.005269
v -0.033145 -0.085916 -0.007601
v -0.034018 -0.088743 -0.006455
v -0.032904 -0.083058 -0.005269
v -0.034018 -0.088743 -0.006455
v -0.033592 -0.083029 -0.001960
v -0.033592 -0.083029 -0.001960
v -0.034018 -0.088743 -0.006455
v -0.033931 -0.082927 0.001324
v -0.033592 -0.083029 -0.001960
v -0.033931 -0.082927 0.001324
v -0.032552 -0.076806 0.005844
v -0.032552 -0.076806 0.005844
v -0.033931 -0.082927 0.001324
v -0.033944 -0.082760 0.004543
v -0.032552 -0.076806 0.005844
v -0.033944 -0.082760 0.004543
v -0.032160 -0.076120 0.011656
v -0.032160 -0.076120 0.011656
v -0.033944 -0.082760 0.004543
v -0.033659 -0.082539 0.007678
v -0.032160 -0.076120 0.011656
v -0.033659 -0.082539 0.007678
v -0.033104 -0.082277 0.010734
v -0.033104 -0.082277 0.010734
v -0.033659 -0.082539 0.007678
v -0.034671 -0.088577 0.003656
v -0.033104 -0.082277 0.010734
v -0.034671 -0.088577 0.003656
v -0.034243 -0.088459 0.006945
v -0.034243 -0.088459 0.006945
v -0.034671 -0.088577 0.003656
v -0.034755 -0.094000 0.004138
v -0.034243 -0.088459 0.006945
v -0.034755 -0.094000 0.004138
v -0.034021 -0.094000 0.008219
v -0.013623 -0.070750 -0.012825
v -0.016727 -0.070978 -0.011488
v -0.012458 -0.065907 -0.004804
v -0.004944 -0.055651 0.009036
v -0.005201 -0.058358 0.005787
v -0.010686 -0.058205 0.006356
v -0.010686 -0.058205 0.006356
v -0.005201 -0.058358 0.005787
v -0.011236 -0.060873 0.002898
v -0.010686 -0.058205 0.006356
v -0.011236 -0.060873 0.002898
v -0.016377 -0.060597 0.004516
v -0.016377 -0.060597 0.004516
v -0.011236 -0.060873 0.002898
v -0.012458 -0.065907 -0.004804
v -0.016377 -0.060597 0.004516
v -0.012458 -0.065907 -0.004804
v -0.017986 -0.066009 -0.002494
v -0.017986 -0.066009 -0.002494
v -0.012458 -0.065907 -0.004804
v -0.016727 -0.070978 -0.011488
v -0.004739 -0.052758 0.011769
v -0.004944 -0.055651 0.009036
v -0.010215 -0.055418 0.009406
v -0.010215 -0.055418 0.009406
v -0.004944 -0.055651 0.009036
v -0.010686 -0.058205 0.006356
v -0.010215 -0.055418 0.009406
v -0.010686 -0.058205 0.006356
v -0.015669 -0.057763 0.007645
v -0.015669 -0.057763 0.007645
v -0.010686 -0.058205 0.006356
v -0.016377 -0.060597 0.004516
v -0.015669 -0.057763 0.007645
v -0.016377 -0.060597 0.004516
v -0.020731 -0.059997 0.007016
v -0.020731 -0.059997 0.007016
v -0.016377 -0.060597 0.004516
v -0.017986 -0.066009 -0.002494
v -0.020731 -0.059997 0.007016
v -0.017986 -0.066009 -0.002494
v -0.022534 -0.065868 0.000827
v -0.007271 -0.080619 -0.028741
v -0.011078 -0.078079 -0.024890
v -0.007260 -0.077811 -0.025791
v -0.007260 -0.077811 -0.025791
v -0.011078 -0.078079 -0.024890
v -0.010918 -0.075441 -0.021531
v -0.007260 -0.077811 -0.025791
v -0.010918 -0.075441 -0.021531
v -0.007159 -0.075181 -0.022369
v -0.007159 -0.075181 -0.022369
v -0.010918 -0.075441 -0.021531
v -0.010281 -0.070523 -0.013836
v -0.007159 -0.075181 -0.022369
v -0.010281 -0.070523 -0.013836
v -0.006740 -0.070320 -0.014509
v -0.006740 -0.070320 -0.014509
v -0.010281 -0.070523 -0.013836
v -0.006139 -0.065692 -0.006036
v -0.006740 -0.070320 -0.014509
v -0.006139 -0.065692 -0.006036
v -0.003050 -0.070166 -0.014843
v -0.003050 -0.070166 -0.014843
v -0.006139 -0.065692 -0.006036
v -0.002775 -0.065596 -0.006266
v -0.003050 -0.070166 -0.014843
v -0.002775 -0.065596 -0.006266
v -0.000001 -0.070856 -0.016247
v -0.000001 -0.070856 -0.016247
v -0.002775 -0.065596 -0.006266
v 0.000001 -0.064914 -0.005096
v -0.011078 -0.078079 -0.024890
v -0.014463 -0.075741 -0.020301
v -0.010918 -0.075441 -0.021531
v -0.010918 -0.075441 -0.021531
v -0.014463 -0.075741 -0.020301
v -0.013623 -0.070750 -0.012825
v -0.010918 -0.075441 -0.021531
v -0.013623 -0.070750 -0.012825
v -0.010281 -0.070523 -0.013836
v -0.010281 -0.070523 -0.013836
v -0.013623 -0.070750 -0.012825
v -0.012458 -0.065907 -0.004804
v -0.010281 -0.070523 -0.013836
v -0.012458 -0.065907 -0.004804
v -0.006139 -0.065692 -0.006036
v -0.006139 -0.065692 -0.006036
v -0.012458 -0.065907 -0.004804
v -0.011236 -0.060873 0.002898
v -0.006139 -0.065692 -0.006036
v -0.011236 -0.060873 0.002898
v -0.005496 -0.060912 0.002117
v -0.005496 -0.060912 0.002117
v -0.011236 -0.060873 0.002898
v -0.005201 -0.058358 0.005787
v -0.005496 -0.060912 0.002117
v -0.005201 -0.058358 0.005787
v -0.000001 -0.057661 0.006632
v -0.000001 -0.057661 0.006632
v -0.005201 -0.058358 0.005787
v -0.004944 -0.055651 0.009036
v -0.000001 -0.057661 0.006632
v -0.004944 -0.055651 0.009036
v -0.000000 -0.055141 0.009588
v -0.000000 -0.055141 0.009588
v -0.004944 -0.055651 0.009036
v -0.004739 -0.052758 0.011769
v -0.000000 -0.055141 0.009588
v -0.004739 -0.052758 0.011769
v 0.000001 -0.052634 0.011928
v 0.000001 -0.052634 0.011928
v -0.004739 -0.052758 0.011769
v -0.002916 -0.050000 0.013752
v 0.000001 -0.052634 0.011928
v -0.002916 -0.050000 0.013752
v -0.000000 -0.050000 0.013795
v -0.021203 -0.053311 0.013275
v -0.020802 -0.050211 0.015040
v -0.019344 -0.053922 0.012119
v -0.019344 -0.053922 0.012119
v -0.020802 -0.050211 0.015040
v -0.018915 -0.050859 0.014061
v -0.019344 -0.053922 0.012119
v -0.018915 -0.050859 0.014061
v -0.014641 -0.051870 0.012663
v -0.021809 -0.056428 0.011102
v -0.021203 -0.053311 0.013275
v -0.019964 -0.056966 0.009750
v -0.019964 -0.056966 0.009750
v -0.021203 -0.053311 0.013275
v -0.019344 -0.053922 0.012119
v -0.019964 -0.056966 0.009750
v -0.019344 -0.053922 0.012119
v -0.015078 -0.054860 0.010386
v -0.015078 -0.054860 0.010386
v -0.019344 -0.053922 0.012119
v -0.014641 -0.051870 0.012663
v -0.015078 -0.054860 0.010386
v -0.014641 -0.051870 0.012663
v -0.009851 -0.052487 0.011958
v -0.009851 -0.052487 0.011958
v -0.014641 -0.051870 0.012663
v -0.012849 -0.050000 0.013679
v -0.009851 -0.052487 0.011958
v -0.012849 -0.050000 0.013679
v -0.009660 -0.050000 0.013605
v -0.022574 -0.059562 0.008575
v -0.021809 -0.056428 0.011102
v -0.020731 -0.059997 0.007016
v -0.020731 -0.059997 0.007016
v -0.021809 -0.056428 0.011102
v -0.019964 -0.056966 0.009750
v -0.020731 -0.059997 0.007016
v -0.019964 -0.056966 0.009750
v -0.015669 -0.057763 0.007645
v -0.015669 -0.057763 0.007645
v -0.019964 -0.056966 0.009750
v -0.015078 -0.054860 0.010386
v -0.015669 -0.057763 0.007645
v -0.015078 -0.054860 0.010386
v -0.010215 -0.055418 0.009406
v -0.010215 -0.055418 0.009406
v -0.015078 -0.054860 0.010386
v -0.009851 -0.052487 0.011958
v -0.010215 -0.055418 0.009406
v -0.009851 -0.052487 0.011958
v -0.004739 -0.052758 0.011769
v -0.004739 -0.052758 0.011769
v -0.009851 -0.052487 0.011958
v -0.007031 -0.050000 0.013638
v -0.004739 -0.052758 0.011769
v -0.007031 -0.050000 0.013638
v -0.006553 -0.050000 0.013649
v -0.025500 -0.050000 0.018263
v -0.023752 -0.050000 0.016704
v -0.025517 -0.050985 0.017785
v -0.025517 -0.050985 0.017785
v -0.023752 -0.050000 0.016704
v -0.022859 -0.052612 0.014614
v -0.025517 -0.050985 0.017785
v -0.022859 -0.052612 0.014614
v -0.025913 -0.054304 0.016198
v -0.025913 -0.054304 0.016198
v -0.022859 -0.052612 0.014614
v -0.023425 -0.055801 0.012643
v -0.022574 -0.059562 0.008575
v -0.023425 -0.055801 0.012643
v -0.021809 -0.056428 0.011102
v -0.021809 -0.056428 0.011102
v -0.023425 -0.055801 0.012643
v -0.022859 -0.052612 0.014614
v -0.021809 -0.056428 0.011102
v -0.022859 -0.052612 0.014614
v -0.021203 -0.053311 0.013275
v -0.021203 -0.053311 0.013275
v -0.022859 -0.052612 0.014614
v -0.021896 -0.050000 0.015623
v -0.021203 -0.053311 0.013275
v -0.021896 -0.050000 0.015623
v -0.020802 -0.050211 0.015040
v -0.020802 -0.050211 0.015040
v -0.021896 -0.050000 0.015623
v -0.019317 -0.050000 0.014651
v -0.020802 -0.050211 0.015040
v -0.019317 -0.050000 0.014651
v -0.018915 -0.050859 0.014061
v -0.018915 -0.050859 0.014061
v -0.019317 -0.050000 0.014651
v -0.018837 -0.050000 0.014518
v -0.018915 -0.050859 0.014061
v -0.018837 -0.050000 0.014518
v -0.014641 -0.051870 0.012663
v -0.014641 -0.051870 0.012663
v -0.018837 -0.050000 0.014518
v -0.016390 -0.050000 0.014022
v -0.014641 -0.051870 0.012663
v -0.016390 -0.050000 0.014022
v -0.015136 -0.050000 0.013859
v -0.022225 -0.050000 0.035362
v -0.023389 -0.050000 0.034341
v -0.023732 -0.057636 0.031978
v -0.023732 -0.057636 0.031978
v -0.023389 -0.050000 0.034341
v -0.024193 -0.050000 0.033510
v -0.023732 -0.057636 0.031978
v -0.024193 -0.050000 0.033510
v -0.026425 -0.058974 0.028138
v -0.026425 -0.058974 0.028138
v -0.024193 -0.050000 0.033510
v -0.025904 -0.050836 0.030976
v -0.026425 -0.058974 0.028138
v -0.025904 -0.050836 0.030976
v -0.028169 -0.060465 0.023817
v -0.028169 -0.060465 0.023817
v -0.025904 -0.050836 0.030976
v -0.027452 -0.052570 0.026952
v -0.028169 -0.060465 0.023817
v -0.027452 -0.052570 0.026952
v -0.028998 -0.061981 0.019318
v -0.028998 -0.061981 0.019318
v -0.027452 -0.052570 0.026952
v -0.028037 -0.054383 0.022763
v -0.028998 -0.061981 0.019318
v -0.028037 -0.054383 0.022763
v -0.029057 -0.063391 0.014681
v -0.029057 -0.063391 0.014681
v -0.028037 -0.054383 0.022763
v -0.027757 -0.056147 0.018533
v -0.029057 -0.063391 0.014681
v -0.027757 -0.056147 0.018533
v -0.028133 -0.064561 0.009786
v -0.028133 -0.064561 0.009786
v -0.027757 -0.056147 0.018533
v -0.026506 -0.057733 0.014288
v -0.028133 -0.064561 0.009786
v -0.026506 -0.057733 0.014288
v -0.025975 -0.065398 0.005001
v -0.025975 -0.065398 0.005001
v -0.026506 -0.057733 0.014288
v -0.024162 -0.059038 0.010329
v -0.025975 -0.065398 0.005001
v -0.024162 -0.059038 0.010329
v -0.024406 -0.065678 0.002816
v -0.022534 -0.065868 0.000827
v -0.024406 -0.065678 0.002816
v -0.022574 -0.059562 0.008575
v -0.022574 -0.059562 0.008575
v -0.024406 -0.065678 0.002816
v -0.024162 -0.059038 0.010329
v -0.022574 -0.059562 0.008575
v -0.024162 -0.059038 0.010329
v -0.023425 -0.055801 0.012643
v -0.023425 -0.055801 0.012643
v -0.024162 -0.059038 0.010329
v -0.026506 -0.057733 0.014288
v -0.023425 -0.055801 0.012643
v -0.026506 -0.057733 0.014288
v -0.025913 -0.054304 0.016198
v -0.025913 -0.054304 0.016198
v -0.026506 -0.057733 0.014288
v -0.027757 -0.056147 0.018533
v -0.025913 -0.054304 0.016198
v -0.027757 -0.056147 0.018533
v -0.027376 -0.052553 0.020159
v -0.027376 -0.052553 0.020159
v -0.027757 -0.056147 0.018533
v -0.028037 -0.054383 0.022763
v -0.027376 -0.052553 0.020159
v -0.028037 -0.054383 0.022763
v -0.027837 -0.050656 0.024268
v -0.027837 -0.050656 0.024268
v -0.028037 -0.054383 0.022763
v -0.027693 -0.050000 0.026353
v -0.027837 -0.050656 0.024268
v -0.027693 -0.050000 0.026353
v -0.027813 -0.050000 0.024136
v -0.023629 -0.094000 0.025820
v -0.021022 -0.087324 0.028336
v -0.023465 -0.087429 0.026338
v -0.023465 -0.087429 0.026338
v -0.021022 -0.087324 0.028336
v -0.019973 -0.080030 0.030009
v -0.023465 -0.087429 0.026338
v -0.019973 -0.080030 0.030009
v -0.022304 -0.080231 0.028280
v -0.022304 -0.080231 0.028280
v -0.019973 -0.080030 0.030009
v -0.020668 -0.064875 0.032678
v -0.022304 -0.080231 0.028280
v -0.020668 -0.064875 0.032678
v -0.026465 -0.080742 0.024189
v -0.026465 -0.080742 0.024189
v -0.020668 -0.064875 0.032678
v -0.024398 -0.065775 0.029332
v -0.026465 -0.080742 0.024189
v -0.024398 -0.065775 0.029332
v -0.029845 -0.081356 0.019279
v -0.029845 -0.081356 0.019279
v -0.024398 -0.065775 0.029332
v -0.027343 -0.066887 0.025198
v -0.029845 -0.081356 0.019279
v -0.027343 -0.066887 0.025198
v -0.032281 -0.081986 0.013703
v -0.032281 -0.081986 0.013703
v -0.027343 -0.066887 0.025198
v -0.029373 -0.068100 0.020512
v -0.032281 -0.081986 0.013703
v -0.029373 -0.068100 0.020512
v -0.033104 -0.082277 0.010734
v -0.033104 -0.082277 0.010734
v -0.029373 -0.068100 0.020512
v -0.030035 -0.068704 0.018056
v -0.033104 -0.082277 0.010734
v -0.030035 -0.068704 0.018056
v -0.030486 -0.069285 0.015558
v -0.030486 -0.069285 0.015558
v -0.030035 -0.068704 0.018056
v -0.028998 -0.061981 0.019318
v -0.030486 -0.069285 0.015558
v -0.028998 -0.061981 0.019318
v -0.030790 -0.070318 0.010358
v -0.030790 -0.070318 0.010358
v -0.028998 -0.061981 0.019318
v -0.029057 -0.063391 0.014681
v -0.030790 -0.070318 0.010358
v -0.029057 -0.063391 0.014681
v -0.030025 -0.071065 0.004783
v -0.030025 -0.071065 0.004783
v -0.029057 -0.063391 0.014681
v -0.028133 -0.064561 0.009786
v -0.030025 -0.071065 0.004783
v -0.028133 -0.064561 0.009786
v -0.027908 -0.071446 -0.000767
v -0.027908 -0.071446 -0.000767
v -0.028133 -0.064561 0.009786
v -0.025975 -0.065398 0.005001
v -0.027908 -0.071446 -0.000767
v -0.025975 -0.065398 0.005001
v -0.026307 -0.071495 -0.003352
v -0.026307 -0.071495 -0.003352
v -0.025975 -0.065398 0.005001
v -0.024406 -0.065678 0.002816
v -0.026307 -0.071495 -0.003352
v -0.024406 -0.065678 0.002816
v -0.024366 -0.071459 -0.005742
v -0.024366 -0.071459 -0.005742
v -0.024406 -0.065678 0.002816
v -0.022534 -0.065868 0.000827
v -0.024366 -0.071459 -0.005742
v -0.022534 -0.065868 0.000827
v -0.022115 -0.071351 -0.007917
v -0.022115 -0.071351 -0.007917
v -0.022534 -0.065868 0.000827
v -0.017986 -0.066009 -0.002494
v -0.022115 -0.071351 -0.007917
v -0.017986 -0.066009 -0.002494
v -0.019565 -0.071185 -0.009843
v -0.019565 -0.071185 -0.009843
v -0.017986 -0.066009 -0.002494
v -0.016727 -0.070978 -0.011488
v -0.019565 -0.071185 -0.009843
v -0.016727 -0.070978 -0.011488
v -0.017752 -0.076059 -0.018705
v -0.017752 -0.076059 -0.018705
v -0.016727 -0.070978 -0.011488
v -0.014463 -0.075741 -0.020301
v -0.017752 -0.076059 -0.018705
v -0.014463 -0.075741 -0.020301
v -0.014683 -0.078390 -0.023583
v -0.014683 -0.078390 -0.023583
v -0.014463 -0.075741 -0.020301
v -0.011078 -0.078079 -0.024890
v -0.014683 -0.078390 -0.023583
v -0.011078 -0.078079 -0.024890
v -0.011104 -0.080882 -0.027798
v -0.011104 -0.080882 -0.027798
v -0.011078 -0.078079 -0.024890
v -0.007271 -0.080619 -0.028741
v -0.011104 -0.080882 -0.027798
v -0.007271 -0.080619 -0.028741
v -0.007179 -0.083631 -0.031135
v -0.007179 -0.083631 -0.031135
v -0.007271 -0.080619 -0.028741
v -0.003241 -0.083436 -0.031655
v -0.007179 -0.083631 -0.031135
v -0.003241 -0.083436 -0.031655
v -0.003145 -0.086701 -0.033428
v -0.003145 -0.086701 -0.033428
v -0.003241 -0.083436 -0.031655
v 0.000000 -0.084302 -0.032366
v -0.003145 -0.086701 -0.033428
v 0.000000 -0.084302 -0.032366
v 0.000000 -0.086594 -0.033531
v -0.001047 -0.094000 0.034984
v -0.004219 -0.094000 0.034745
v -0.004219 -0.142500 0.034745
v -0.029032 -0.094000 0.019549
v -0.030991 -0.094000 0.016265
v -0.030991 -0.142500 0.016265
v -0.004219 -0.094000 -0.034745
v -0.001047 -0.094000 -0.034984
v -0.004219 -0.142500 -0.034745
v -0.004219 -0.142500 -0.034745
v -0.001047 -0.094000 -0.034984
v 0.000000 -0.094000 -0.035000
v -0.004219 -0.142500 -0.034745
v 0.000000 -0.094000 -0.035000
v 0.004219 -0.142500 -0.034745
v -0.013161 -0.094000 -0.032431
v -0.012411 -0.094000 -0.032726
v -0.012411 -0.142500 -0.032726
v -0.012411 -0.142500 -0.032726
v -0.012411 -0.094000 -0.032726
v -0.009234 -0.094000 -0.033760
v -0.012411 -0.142500 -0.032726
v -0.009234 -0.094000 -0.033760
v -0.004219 -0.142500 -0.034745
v -0.004219 -0.142500 -0.034745
v -0.009234 -0.094000 -0.033760
v -0.005177 -0.094000 -0.034615
v -0.004219 -0.142500 -0.034745
v -0.005177 -0.094000 -0.034615
v -0.004219 -0.094000 -0.034745
v -0.013161 -0.094000 -0.032431
v -0.012411 -0.142500 -0.032726
v -0.016904 -0.094000 -0.030647
v -0.016904 -0.094000 -0.030647
v -0.012411 -0.142500 -0.032726
v -0.019882 -0.142500 -0.028804
v -0.016904 -0.094000 -0.030647
v -0.019882 -0.142500 -0.028804
v -0.019882 -0.094000 -0.028804
v -0.026516 -0.094000 -0.022845
v -0.026198 -0.094000 -0.023209
v -0.026198 -0.142500 -0.023209
v -0.026198 -0.142500 -0.023209
v -0.026198 -0.094000 -0.023209
v -0.023629 -0.094000 -0.025820
v -0.026198 -0.142500 -0.023209
v -0.023629 -0.094000 -0.025820
v -0.019882 -0.142500 -0.028804
v -0.019882 -0.142500 -0.028804
v -0.023629 -0.094000 -0.025820
v -0.020410 -0.094000 -0.028433
v -0.019882 -0.142500 -0.028804
v -0.020410 -0.094000 -0.028433
v -0.019882 -0.094000 -0.028804
v -0.026516 -0.094000 -0.022845
v -0.026198 -0.142500 -0.023209
v -0.029032 -0.094000 -0.019549
v -0.029032 -0.094000 -0.019549
v -0.026198 -0.142500 -0.023209
v -0.030991 -0.142500 -0.016265
v -0.029032 -0.094000 -0.019549
v -0.030991 -0.142500 -0.016265
v -0.030991 -0.094000 -0.016265
v -0.034253 -0.094000 -0.007193
v -0.034022 -0.094000 -0.008218
v -0.033983 -0.142500 -0.008376
v -0.033983 -0.142500 -0.008376
v -0.034022 -0.094000 -0.008218
v -0.032811 -0.094000 -0.012184
v -0.033983 -0.142500 -0.008376
v -0.032811 -0.094000 -0.012184
v -0.030991 -0.142500 -0.016265
v -0.030991 -0.142500 -0.016265
v -0.032811 -0.094000 -0.012184
v -0.031140 -0.094000 -0.015978
v -0.030991 -0.142500 -0.016265
v -0.031140 -0.094000 -0.015978
v -0.030991 -0.094000 -0.016265
v -0.034253 -0.094000 -0.007193
v -0.033983 -0.142500 -0.008376
v -0.034755 -0.094000 -0.004137
v -0.034755 -0.094000 -0.004137
v -0.033983 -0.142500 -0.008376
v -0.035000 -0.142500 0.000000
v -0.034755 -0.094000 -0.004137
v -0.035000 -0.142500 0.000000
v -0.035000 -0.094000 0.000000
v -0.030991 -0.094000 0.016265
v -0.031140 -0.094000 0.015979
v -0.030991 -0.142500 0.016265
v -0.030991 -0.142500 0.016265
v -0.031140 -0.094000 0.015979
v -0.032811 -0.094000 0.012184
v -0.030991 -0.142500 0.016265
v -0.032811 -0.094000 0.012184
v -0.033983 -0.142500 0.008376
v -0.033983 -0.142500 0.008376
v -0.032811 -0.094000 0.012184
v -0.034021 -0.094000 0.008219
v -0.033983 -0.142500 0.008376
v -0.034021 -0.094000 0.008219
v -0.035000 -0.142500 0.000000
v -0.035000 -0.142500 0.000000
v -0.034021 -0.094000 0.008219
v -0.034755 -0.094000 0.004138
v -0.035000 -0.142500 0.000000
v -0.034755 -0.094000 0.004138
v -0.035000 -0.094000 0.000000
v -0.029032 -0.094000 0.019549
v -0.030991 -0.142500 0.016265
v -0.026516 -0.094000 0.022845
v -0.026516 -0.094000 0.022845
v -0.030991 -0.142500 0.016265
v -0.026198 -0.142500 0.023209
v -0.026516 -0.094000 0.022845
v -0.026198 -0.142500 0.023209
v -0.026198 -0.094000 0.023209
v -0.019882 -0.142500 0.028804
v -0.020409 -0.094000 0.028433
v -0.026198 -0.142500 0.023209
v -0.026198 -0.142500 0.023209
v -0.020409 -0.094000 0.028433
v -0.023629 -0.094000 0.025820
v -0.026198 -0.142500 0.023209
v -0.023629 -0.094000 0.025820
v -0.026198 -0.094000 0.023209
v -0.012411 -0.094000 0.032726
v -0.013161 -0.094000 0.032431
v -0.012411 -0.142500 0.032726
v -0.012411 -0.142500 0.032726
v -0.013161 -0.094000 0.032431
v -0.016903 -0.094000 0.030648
v -0.012411 -0.142500 0.032726
v -0.016903 -0.094000 0.030648
v -0.019882 -0.142500 0.028804
v -0.019882 -0.142500 0.028804
v -0.016903 -0.094000 0.030648
v -0.019882 -0.094000 0.028804
v -0.019882 -0.142500 0.028804
v -0.019882 -0.094000 0.028804
v -0.020409 -0.094000 0.028433
v -0.004219 -0.094000 0.034745
v -0.005176 -0.094000 0.034615
v -0.004219 -0.142500 0.034745
v -0.004219 -0.142500 0.034745
v -0.005176 -0.094000 0.034615
v -0.006869 -0.094000 0.034319
v -0.004219 -0.142500 0.034745
v -0.006869 -0.094000 0.034319
v -0.012411 -0.142500 0.032726
v -0.012411 -0.142500 0.032726
v -0.006869 -0.094000 0.034319
v -0.009234 -0.094000 0.033760
v -0.012411 -0.142500 0.032726
v -0.009234 -0.094000 0.033760
v -0.012411 -0.094000 0.032726
v 0.004219 -0.142500 0.034745
v 0.004219 -0.094000 0.034745
v 0.001047 -0.094000 0.034984
v 0.004219 -0.142500 0.034745
v 0.001047 -0.094000 0.034984
v -0.004219 -0.142500 0.034745
v -0.004219 -0.142500 0.034745
v 0.001047 -0.094000 0.034984
v -0.000000 -0.094000 0.035000
v -0.004219 -0.142500 0.034745
v -0.000000 -0.094000 0.035000
v -0.001047 -0.094000 0.034984
v 0.004219 -0.094000 0.034745
v 0.004219 -0.142500 0.034745
v 0.005177 -0.094000 0.034615
v 0.005177 -0.094000 0.034615
v 0.004219 -0.142500 0.034745
v 0.012411 -0.142500 0.032726
v 0.005177 -0.094000 0.034615
v 0.012411 -0.142500 0.032726
v 0.009234 -0.094000 0.033760
v 0.019882 -0.142500 0.028804
v 0.019882 -0.094000 0.028804
v 0.019100 -0.094000 0.029329
v 0.019100 -0.094000 0.029329
v 0.016904 -0.094000 0.030647
v 0.019882 -0.142500 0.028804
v 0.019882 -0.142500 0.028804
v 0.016904 -0.094000 0.030647
v 0.013161 -0.094000 0.032431
v 0.019882 -0.142500 0.028804
v 0.013161 -0.094000 0.032431
v 0.012411 -0.142500 0.032726
v 0.012411 -0.142500 0.032726
v 0.013161 -0.094000 0.032431
v 0.012411 -0.094000 0.032726
v 0.012411 -0.142500 0.032726
v 0.012411 -0.094000 0.032726
v 0.009234 -0.094000 0.033760
v 0.019882 -0.094000 0.028804
v 0.019882 -0.142500 0.028804
v 0.020410 -0.094000 0.028433
v 0.020410 -0.094000 0.028433
v 0.019882 -0.142500 0.028804
v 0.026198 -0.142500 0.023209
v 0.020410 -0.094000 0.028433
v 0.026198 -0.142500 0.023209
v 0.023629 -0.094000 0.025820
v 0.030991 -0.094000 0.016265
v 0.029032 -0.094000 0.019549
v 0.030991 -0.142500 0.016265
v 0.030991 -0.142500 0.016265
v 0.029032 -0.094000 0.019549
v 0.026516 -0.094000 0.022845
v 0.030991 -0.142500 0.016265
v 0.026516 -0.094000 0.022845
v 0.026198 -0.142500 0.023209
v 0.026198 -0.142500 0.023209
v 0.026516 -0.094000 0.022845
v 0.026198 -0.094000 0.023209
v 0.026198 -0.142500 0.023209
v 0.026198 -0.094000 0.023209
v 0.023629 -0.094000 0.025820
v 0.030991 -0.094000 0.016265
v 0.030991 -0.142500 0.016265
v 0.031140 -0.094000 0.015978
v 0.031140 -0.094000 0.015978
v 0.030991 -0.142500 0.016265
v 0.033983 -0.142500 0.008376
v 0.031140 -0.094000 0.015978
v 0.033983 -0.142500 0.008376
v 0.032811 -0.094000 0.012184
v 0.035000 -0.142500 0.000000
v 0.034755 -0.094000 0.004137
v 0.033983 -0.142500 0.008376
v 0.033983 -0.142500 0.008376
v 0.034755 -0.094000 0.004137
v 0.034022 -0.094000 0.008218
v 0.033983 -0.142500 0.008376
v 0.034022 -0.094000 0.008218
v 0.032811 -0.094000 0.012184
v 0.033983 -0.142500 -0.008376
v 0.034615 -0.094000 -0.005177
v 0.035000 -0.142500 0.000000
v 0.035000 -0.142500 0.000000
v 0.034615 -0.094000 -0.005177
v 0.034827 -0.094000 -0.003472
v 0.034827 -0.094000 -0.003472
v 0.034984 -0.094000 -0.001047
v 0.035000 -0.142500 0.000000
v 0.035000 -0.142500 0.000000
v 0.034984 -0.094000 -0.001047
v 0.035000 -0.094000 0.000000
v 0.035000 -0.142500 0.000000
v 0.035000 -0.094000 0.000000
v 0.034755 -0.094000 0.004137
v 0.030991 -0.094000 -0.016265
v 0.032431 -0.094000 -0.013161
v 0.030991 -0.142500 -0.016265
v 0.030991 -0.142500 -0.016265
v 0.032431 -0.094000 -0.013161
v 0.033760 -0.094000 -0.009234
v 0.030991 -0.142500 -0.016265
v 0.033760 -0.094000 -0.009234
v 0.033983 -0.142500 -0.008376
v 0.033983 -0.142500 -0.008376
v 0.033760 -0.094000 -0.009234
v 0.033983 -0.094000 -0.008376
v 0.033983 -0.142500 -0.008376
v 0.033983 -0.094000 -0.008376
v 0.034615 -0.094000 -0.005177
v 0.030991 -0.094000 -0.016265
v 0.030991 -0.142500 -0.016265
v 0.030647 -0.094000 -0.016904
v 0.030647 -0.094000 -0.016904
v 0.030991 -0.142500 -0.016265
v 0.026198 -0.142500 -0.023209
v 0.030647 -0.094000 -0.016904
v 0.026198 -0.142500 -0.023209
v 0.028433 -0.094000 -0.020410
v 0.019882 -0.094000 -0.028804
v 0.022845 -0.094000 -0.026516
v 0.019882 -0.142500 -0.028804
v 0.019882 -0.142500 -0.028804
v 0.022845 -0.094000 -0.026516
v 0.025820 -0.094000 -0.023629
v 0.019882 -0.142500 -0.028804
v 0.025820 -0.094000 -0.023629
v 0.026198 -0.142500 -0.023209
v 0.026198 -0.142500 -0.023209
v 0.025820 -0.094000 -0.023629
v 0.026198 -0.094000 -0.023209
v 0.026198 -0.142500 -0.023209
v 0.026198 -0.094000 -0.023209
v 0.028433 -0.094000 -0.020410
v 0.019882 -0.094000 -0.028804
v 0.019882 -0.142500 -0.028804
v 0.019549 -0.094000 -0.029032
v 0.019549 -0.094000 -0.029032
v 0.019882 -0.142500 -0.028804
v 0.012411 -0.142500 -0.032726
v 0.019549 -0.094000 -0.029032
v 0.012411 -0.142500 -0.032726
v 0.015978 -0.094000 -0.031140
v 0.000000 -0.094000 -0.035000
v 0.004137 -0.094000 -0.034755
v 0.004219 -0.142500 -0.034745
v 0.004219 -0.142500 -0.034745
v 0.004137 -0.094000 -0.034755
v 0.008218 -0.094000 -0.034022
v 0.004219 -0.142500 -0.034745
v 0.008218 -0.094000 -0.034022
v 0.012411 -0.142500 -0.032726
v 0.012411 -0.142500 -0.032726
v 0.008218 -0.094000 -0.034022
v 0.012184 -0.094000 -0.032811
v 0.012411 -0.142500 -0.032726
v 0.012184 -0.094000 -0.032811
v 0.015978 -0.094000 -0.031140
vn 0.000000 -1.000000 -0.000000
vn -0.000000 -1.000000 0.000000
vn 0.000000 -1.000000 0.000000
vn 0.000000 -1.000000 -0.000000
vn 0.000000 -1.000000 0.000000
vn 0.000000 -1.000000 0.000000
vn -0.000000 -1.000000 0.000000
vn 0.000000 -1.000000 0.000000
vn 0.000000 -1.000000 0.000000
vn -0.000000 -1.000000 0.000000
vn 0.000000 -1.000000 0.000000
vn 0.000000 -1.000000 0.000000
vn 0.000000 -1.000000 0.000000
vn 0.000000 -1.000000 0.000000
vn 0.000000 -1.000000 0.000000
vn 0.000000 -1.000000 0.000000
vn 0.000000 -1.000000 0.000000
vn 0.000000 -1.000000 0.000000
vn 0.000000 -1.000000 0.000000
vn 0.000000 -1.000000 -0.000000
vn 0.000000 -1.000000 0.000000
vn 0.000000 -1.000000 0.000000
vn 0.000000 -1.000000 0.000000
vn 0.000000 -1.000000 0.000000
vn 0.092973 0.073809 0.992929
vn 0.102254 0.090014 0.990677
vn 0.093541 0.061304 0.993726
vn 0.096495 0.061982 0.993402
vn 0.098376 0.063291 0.993135
vn 0.100622 0.066629 0.992691
vn 0.095699 0.103151 0.990051
vn 0.106828 0.110615 0.988105
vn 0.131840 0.078556 0.988153
vn 0.106760 0.093806 0.989850
vn 0.100469 0.098258 0.990076
vn 0.106873 0.110326 0.988133
vn 0.094269 0.073764 0.992810
vn 0.087704 0.062647 0.994175
vn 0.085042 0.068644 0.994010
vn 0.083239 0.106591 0.990813
vn 0.109562 0.073437 0.991263
vn 0.087995 0.113682 0.989613
vn 0.092297 0.107334 0.989930
vn 0.057971 0.030398 0.997855
vn 0.057800 0.064950 0.996213
vn 0.044478 0.053528 0.997575
vn 0.098161 -0.000849 0.995170
vn 0.098069 0.001283 0.995179
vn 0.098415 -0.000516 0.995145
vn 0.094150 0.008579 0.995521
vn 0.071927 0.019310 0.997223
vn 0.070201 0.006397 0.997512
vn 0.063646 0.017187 0.997825
vn 0.061856 0.022434 0.997833
vn 0.059691 0.029671 0.997776
vn 0.060930 0.017388 0.997991
vn 0.052648 0.030951 0.998133
vn 0.098916 0.040590 0.994268
vn 0.075878 0.045391 0.996083
vn 0.021524 0.052882 0.998369
vn 0.026787 0.096772 0.994946
vn 0.016042 0.069388 0.997461
vn 0.053081 0.052277 0.997221
vn 0.030072 0.103031 0.994223
vn 0.031609 0.114081 0.992968
vn 0.054321 0.101489 0.993352
vn 0.036887 0.101959 0.994104
vn 0.033322 0.102344 0.994191
vn 0.017784 0.108416 0.993947
vn 0.036843 0.090520 0.995213
vn 0.030652 0.093343 0.995162
vn 0.016681 0.109186 0.993881
vn 0.022906 0.105779 0.994126
vn 0.027030 0.104002 0.994210
vn 0.054249 0.027689 0.998143
vn 0.051200 0.029590 0.998250
vn 0.041750 0.034826 0.998521
vn 0.046847 0.027789 0.998515
vn 0.034944 0.041575 0.998524
vn 0.044397 0.030315 0.998554
vn 0.035752 0.039346 0.998586
vn 0.031147 0.048056 0.998359
vn 0.030998 0.048206 0.998356
vn 0.045214 0.070315 0.996500
vn 0.043454 0.078119 0.995997
vn 0.094872 -0.004979 0.995477
vn 0.091756 0.016588 0.995643
vn 0.081110 0.023147 0.996436
vn 0.080899 0.024775 0.996414
vn 0.075865 0.036660 0.996444
vn 0.991445 0.000000 0.130526
vn 0.991445 0.000000 0.130526
vn 0.923879 0.000000 0.382684
vn 0.923879 0.000000 0.382684
vn 0.793353 0.000000 0.608761
vn 0.793353 0.000000 0.608761
vn 0.608761 0.000000 0.793353
vn 0.608761 0.000000 0.793353
vn 0.382683 0.000000 0.923880
vn 0.382683 0.000000 0.923880
vn 0.130526 0.000000 0.991445
vn 0.130526 -0.000000 0.991445
vn -0.130526 0.000000 0.991445
vn -0.130526 0.000000 0.991445
vn -0.382684 0.000000 0.923880
vn -0.382684 0.000000 0.923880
vn -0.608761 0.000000 0.793354
vn -0.608761 0.000000 0.793354
vn -0.793354 0.000000 0.608761
vn -0.793354 0.000000 0.608761
vn -0.923879 0.000000 0.382684
vn -0.923879 0.000000 0.382684
vn -0.991445 0.000000 0.130526
vn -0.991445 0.000000 0.130526
vn -0.991445 -0.000000 -0.130526
vn -0.991445 -0.000000 -0.130526
vn -0.923879 -0.000000 -0.382684
vn -0.923879 -0.000000 -0.382684
vn -0.793353 -0.000000 -0.608761
vn -0.793353 -0.000000 -0.608761
vn -0.608761 -0.000000 -0.793353
vn -0.608761 -0.000000 -0.793353
vn -0.382683 -0.000000 -0.923880
vn -0.382683 -0.000000 -0.923880
vn -0.130526 -0.000000 -0.991445
vn -0.130526 0.000000 -0.991445
vn 0.130526 -0.000000 -0.991445
vn 0.130526 0.000000 -0.991445
vn 0.382683 0.000000 -0.923880
vn 0.382683 0.000000 -0.923880
vn 0.608762 0.000000 -0.793353
vn 0.608762 0.000000 -0.793353
vn 0.793353 0.000000 -0.608761
vn 0.793353 0.000000 -0.608761
vn 0.923879 0.000000 -0.382684
vn 0.923879 0.000000 -0.382684
vn 0.991445 0.000000 -0.130526
vn 0.991445 0.000000 -0.130526
vn -1.000000 0.000000 0.000000
vn -1.000000 -0.000000 0.000000
vn -1.000000 0.000000 0.000000
vn -0.109629 0.119448 0.986769
vn -0.112024 0.117197 0.986770
vn -0.099741 0.118936 0.987880
vn -0.102730 0.120450 0.987390
vn -0.106278 0.120667 0.986988
vn -0.115097 0.073485 0.990632
vn -0.118849 0.070291 0.990421
vn -0.092681 0.094474 0.991204
vn -0.097362 0.116105 0.988453
vn -0.101055 0.089798 0.990820
vn -0.092415 0.074031 0.992965
vn -0.090738 0.061692 0.993962
vn -0.087026 0.063066 0.994208
vn -0.083012 0.067366 0.994269
vn -0.082056 0.106678 0.990902
vn -0.098790 0.085005 0.991471
vn -0.112454 0.107270 0.987850
vn -0.114332 0.112828 0.987015
vn -0.106675 0.111268 0.988049
vn -0.098741 0.066739 0.992873
vn -0.096826 0.063795 0.993255
vn -0.094231 0.062115 0.993611
vn 0.006780 0.107440 0.994188
vn -0.026832 0.103068 0.994312
vn -0.023348 0.104253 0.994277
vn -0.030591 0.112380 0.993194
vn -0.031484 0.101915 0.994295
vn -0.038062 0.101614 0.994096
vn -0.046608 0.101969 0.993695
vn -0.022231 0.086572 0.995998
vn -0.008831 0.058540 0.998246
vn -0.056322 0.100069 0.993385
vn -0.097241 0.109694 0.989197
vn -0.069368 0.104621 0.992090
vn -0.015786 0.107630 0.994066
vn -0.037271 0.093346 0.994936
vn -0.022132 0.055430 0.998217
vn -0.043411 0.040183 0.998249
vn -0.033230 0.039647 0.998661
vn -0.042721 0.029726 0.998645
vn -0.033286 0.041570 0.998581
vn -0.034415 0.040282 0.998596
vn -0.046659 0.027143 0.998542
vn -0.038312 0.038626 0.998519
vn -0.054931 0.024396 0.998192
vn -0.051563 0.031202 0.998182
vn -0.054036 0.025800 0.998206
vn -0.046208 0.033317 0.998376
vn -0.042901 0.038183 0.998349
vn -0.059641 0.010096 0.998169
vn -0.062416 0.015148 0.997935
vn -0.064644 0.012396 0.997831
vn -0.070160 0.005912 0.997518
vn -0.109813 0.001386 0.993951
vn -0.096397 0.005742 0.995326
vn -0.096607 0.000911 0.995322
vn -0.062041 0.016590 0.997936
vn -0.081106 0.021688 0.996469
vn -0.085295 0.018825 0.996178
vn -0.090917 0.010519 0.995803
vn -0.092866 0.002523 0.995675
vn -0.091733 0.007730 0.995754
vn -0.096099 0.001372 0.995371
vn -0.097157 -0.000844 0.995269
vn -0.050362 0.026702 0.998374
vn -0.069951 0.050437 0.996275
vn -0.068133 0.032531 0.997146
vn -0.074467 0.033667 0.996655
vn -0.080516 0.025106 0.996437
vn -0.052835 0.061545 0.996705
vn -0.043551 0.068795 0.996680
vn -0.040816 0.086595 0.995407
vn -0.043830 0.068686 0.996675
vn -0.029574 0.046346 0.998488
vn -0.031949 0.044216 0.998511
vn -0.023964 0.053663 0.998272
vn -0.000000 0.000000 -1.000000
vn 0.000000 -0.000000 -1.000000
vn 0.000000 0.000000 -1.000000
vn -0.000000 0.000000 -1.000000
vn 0.000000 0.000000 -1.000000
vn 0.000000 0.000000 -1.000000
vn 0.000000 -0.000000 -1.000000
vn 0.000000 0.000000 -1.000000
vn 0.000000 0.000000 -1.000000
vn 0.000000 -0.000000 -1.000000
vn 0.000000 0.000000 -1.000000
vn 0.000000 0.000000 -1.000000
vn 0.000000 0.000000 -1.000000
vn 0.000000 0.000000 -1.000000
vn 0.000000 0.000000 -1.000000
vn 0.000000 0.000000 -1.000000
vn 0.000000 0.000000 -1.000000
vn 0.000000 0.000000 -1.000000
vn 0.000000 0.000000 -1.000000
vn -0.000000 0.000000 -1.000000
vn 0.000000 0.000000 -1.000000
vn 0.000000 0.000000 -1.000000
vn 0.000000 0.000000 -1.000000
vn 0.000000 0.000000 -1.000000
vn 0.000000 0.000000 -1.000000
vn 0.000000 0.000000 -1.000000
vn -0.000000 0.000000 -1.000000
vn 0.033427 -0.023179 0.999172
vn 0.033907 -0.023841 0.999141
vn 0.026263 -0.020562 0.999444
vn 0.023127 -0.018811 0.999556
vn 0.028081 -0.020250 0.999400
vn 0.032155 -0.022124 0.999238
vn 0.031547 -0.028659 0.999091
vn 0.029582 -0.015322 0.999445
vn 0.028949 -0.014279 0.999479
vn 0.028819 -0.014099 0.999485
vn 0.036433 -0.017270 0.999187
vn 0.039724 -0.019109 0.999028
vn 0.034586 -0.017620 0.999246
vn 0.030495 -0.015740 0.999411
vn 0.031094 -0.009267 0.999474
vn 0.821924 -0.569542 -0.007943
vn 0.743092 -0.644986 0.178346
vn 0.697200 -0.716449 0.024764
vn 0.316919 -0.944516 0.086322
vn 0.319032 -0.943493 0.089660
vn 0.002859 -0.991901 0.126978
vn 0.004452 -0.991611 0.129184
vn -0.306609 -0.939313 0.153892
vn -0.304795 -0.939400 0.156933
vn -0.606277 -0.777259 0.168218
vn -0.604662 -0.777834 0.171340
vn -0.831633 -0.530209 0.165122
vn -0.830440 -0.531118 0.168175
vn -0.967499 -0.208131 0.143625
vn -0.966679 -0.209402 0.147248
vn -0.979000 0.176692 0.101683
vn -0.978894 0.176245 0.103459
vn -0.918179 0.389022 0.074889
vn -0.918297 0.388994 0.073586
vn -0.767695 0.639443 0.041928
vn -0.791709 0.608934 -0.048953
vn -0.549437 0.832457 0.071651
vn -0.486729 0.872378 -0.045282
vn -0.247537 0.968808 0.011661
vn -0.200220 0.977408 -0.067718
vn 0.016665 0.999470 -0.027960
vn 0.044898 0.998991 0.001290
vn 0.167510 0.981893 -0.088467
vn 0.358037 0.933105 -0.033526
vn 0.403922 0.904235 -0.138583
vn 0.651258 0.757246 -0.049410
vn 0.687897 0.709674 -0.152183
vn 0.865024 0.498874 -0.053458
vn 0.885347 0.441576 -0.145508
vn 0.983094 0.179732 -0.034959
vn 0.985400 0.146792 -0.086250
vn 0.978161 -0.199125 -0.059581
vn 0.978100 -0.199316 -0.059950
vn 0.921395 -0.386685 -0.038802
vn 0.921264 -0.386878 -0.039975
vn 0.999893 -0.001243 -0.014582
vn 0.999910 -0.000906 -0.013367
vn 0.999883 -0.000798 -0.015283
vn 0.999883 -0.000430 -0.015312
vn 0.999881 -0.000461 -0.015448
vn 0.999881 -0.000522 -0.015444
vn 0.999884 -0.000466 -0.015252
vn 0.999890 -0.000820 -0.014782
vn 0.999890 -0.000760 -0.014813
vn 0.999884 -0.000982 -0.015170
vn 0.999884 -0.000847 -0.015177
vn -0.971626 -0.224153 0.075488
vn -0.971866 -0.223731 0.073624
vn -0.817068 -0.565863 0.110451
vn -0.808187 -0.573025 0.135931
vn -0.693947 -0.709761 0.121153
vn -0.555196 -0.821423 0.130468
vn -0.565830 -0.808922 0.159628
vn -0.424288 -0.895682 0.133170
vn -0.251136 -0.958354 0.135970
vn 0.977702 -0.209773 0.009728
vn 0.929853 -0.305428 0.205150
vn 0.917383 -0.396434 0.035342
vn 0.663388 -0.744128 0.078673
vn 0.664667 -0.742654 0.081745
vn 0.391802 -0.913701 0.107898
vn 0.392928 -0.912981 0.109883
vn 0.087540 -0.988244 0.125345
vn 0.089049 -0.987735 0.128259
vn -0.249811 -0.959125 0.132945
vn -0.998639 0.003436 0.052046
vn -0.998614 0.003544 0.052513
vn -0.998613 0.002979 0.052560
vn -0.998526 0.003412 0.054176
vn -0.998631 0.002244 0.052254
vn -0.998484 0.002774 0.054963
vn -0.998532 0.002294 0.054119
vn -0.998678 0.003103 0.051313
vn -0.998672 0.003019 0.051424
vn -0.998696 0.003097 0.050965
vn -0.489714 -0.869270 0.067447
vn -0.489826 -0.869185 0.067730
vn -0.489799 -0.869202 0.067708
vn -0.489810 -0.869099 0.068943
vn -0.489938 -0.869014 0.069110
vn -0.490007 -0.868953 0.069381
vn -0.490231 -0.868826 0.069395
vn -0.490260 -0.868783 0.069721
vn -0.490498 -0.868617 0.070112
vn -0.490509 -0.868611 0.070112
vn -0.490584 -0.868543 0.070433
vn -0.490629 -0.868520 0.070404
vn -0.490918 -0.868356 0.070413
vn -0.490732 -0.868460 0.070422
vn -0.490775 -0.868430 0.070485
vn -0.490744 -0.868446 0.070515
vn -0.747836 -0.657410 0.092483
vn -0.747888 -0.657257 0.093150
vn -0.975127 -0.190210 0.113785
vn -0.974961 -0.190596 0.114564
vn 0.493484 0.869286 -0.028555
vn 0.493214 0.869437 -0.028612
vn 0.492788 0.869684 -0.028439
vn 0.492972 0.869611 -0.027489
vn 0.492340 0.869913 -0.029204
vn 0.491391 0.870385 -0.031061
vn 0.490771 0.870752 -0.030578
vn 0.490305 0.871004 -0.030870
vn 0.489025 0.871725 -0.030822
vn 0.488749 0.871853 -0.031581
vn 0.488099 0.872227 -0.031297
vn 0.487638 0.872484 -0.031332
vn 0.487619 0.872494 -0.031331
vn 0.487668 0.872462 -0.031465
vn 0.487183 0.872734 -0.031437
vn 0.487194 0.872727 -0.031464
vn 0.889557 0.456037 -0.026807
vn 0.977913 0.207847 -0.022061
vn 0.977918 0.207815 -0.022131
vn 0.774397 0.632233 0.024304
vn 0.620185 0.703494 0.347083
vn 0.741193 0.670617 -0.030108
vn -0.992640 -0.032917 0.116545
vn -0.992673 -0.032588 0.116355
vn 0.069532 -0.010931 0.997520
vn 0.058614 -0.053427 0.996850
vn 0.055323 -0.056598 0.996863
vn 0.022839 -0.060423 0.997912
vn 0.024048 -0.061790 0.997799
vn 0.021194 -0.060178 0.997963
vn 0.021483 -0.060256 0.997952
vn 0.049600 -0.055801 0.997209
vn 0.032462 -0.058345 0.997769
vn 0.032745 -0.058178 0.997769
vn 0.027314 -0.060233 0.997811
vn 0.028260 -0.052433 0.998224
vn 0.078677 -0.042763 0.995983
vn 0.072306 -0.042189 0.996490
vn 0.059952 -0.052305 0.996830
vn 0.092128 -0.038168 0.995015
vn 0.098850 -0.033083 0.994552
vn 0.100664 -0.031091 0.994435
vn 0.104163 -0.018217 0.994393
vn 0.104196 -0.018192 0.994390
vn 0.099029 -0.033640 0.994516
vn 0.099234 -0.033237 0.994509
vn 0.098144 -0.018579 0.994999
vn 0.098194 0.010343 0.995114
vn 0.064477 0.000780 0.997919
vn 0.064477 0.000780 0.997919
vn 0.069532 -0.010931 0.997520
vn 0.071939 -0.006732 0.997386
vn 0.098191 0.002893 0.995163
vn 0.098176 -0.000934 0.995169
vn 0.000000 0.000000 -1.000000
vn -0.000000 0.000000 -1.000000
vn -0.000000 -1.000000 0.000000
vn 0.000000 -1.000000 0.000000
vn -0.000000 -1.000000 0.000000
vn 0.000000 -1.000000 0.000000
vn 0.000000 -1.000000 0.000000
vn 0.000000 -1.000000 -0.000000
vn -0.000000 -1.000000 0.000000
vn 0.000000 -1.000000 -0.000000
vn -0.000000 -1.000000 0.000000
vn 0.000000 -1.000000 -0.000000
vn -0.000000 -1.000000 0.000000
vn 0.000000 -1.000000 -0.000000
vn -0.000000 -1.000000 0.000000
vn 0.000000 -1.000000 -0.000000
vn 0.000000 -1.000000 0.000000
vn 0.000000 -1.000000 -0.000000
vn 0.000000 -1.000000 0.000000
vn 0.000000 -1.000000 -0.000000
vn 0.000000 -1.000000 0.000000
vn 0.000000 -1.000000 -0.000000
vn 0.000000 -1.000000 -0.000000
vn 0.000000 -1.000000 0.000000
vn 0.000000 -1.000000 -0.000000
vn 0.000000 -1.000000 0.000000
vn 0.000000 -1.000000 -0.000000
vn 0.000000 -1.000000 0.000000
vn 0.000000 -1.000000 0.000000
vn 0.000000 -1.000000 -0.000000
vn 0.000000 -1.000000 0.000000
vn 0.000000 -1.000000 0.000000
vn 0.000000 -1.000000 0.000000
vn 0.000000 -1.000000 -0.000000
vn 0.000000 -1.000000 0.000000
vn 0.000000 -1.000000 -0.000000
vn 0.000000 -1.000000 0.000000
vn 0.000000 -1.000000 -0.000000
vn 0.000000 -1.000000 0.000000
vn 0.000000 -1.000000 -0.000000
vn 0.000000 -1.000000 0.000000
vn 0.000000 -1.000000 -0.000000
vn 0.000000 -1.000000 0.000000
vn 0.000000 -1.000000 -0.000000
vn 0.000000 -1.000000 0.000000
vn -0.000000 -1.000000 0.000000
vn 0.000000 -1.000000 -0.000000
vn -0.000000 -1.000000 0.000000
vn 0.000000 -1.000000 -0.000000
vn -0.000000 -1.000000 0.000000
vn 0.000000 -1.000000 -0.000000
vn -0.000000 -1.000000 0.000000
vn 0.000000 -1.000000 -0.000000
vn -0.000000 -1.000000 0.000000
vn 0.000000 0.000000 1.000000
vn 0.000000 0.000000 1.000000
vn -0.025555 -0.019514 0.999483
vn -0.024015 -0.019966 0.999512
vn -0.028108 -0.017970 0.999443
vn -0.024984 -0.018877 0.999510
vn -0.019504 -0.019173 0.999626
vn -0.021155 -0.019262 0.999591
vn -0.020437 -0.019100 0.999609
vn -0.022244 -0.019199 0.999568
vn -0.029913 -0.013084 0.999467
vn -0.037068 -0.008604 0.999276
vn -0.044177 -0.012819 0.998941
vn -0.033832 -0.021049 0.999206
vn -0.040519 -0.018597 0.999006
vn -0.040171 -0.018903 0.999014
vn -0.019639 -0.029492 0.999372
vn -0.027830 -0.023074 0.999346
vn -0.029183 -0.011444 0.999509
vn -0.032435 -0.018029 0.999311
vn -0.034416 -0.016816 0.999266
vn -0.034339 -0.016883 0.999268
vn -0.456541 0.889219 -0.029335
vn -0.118511 0.005891 0.992935
vn -0.118343 0.002664 0.992969
vn -0.096990 0.000858 0.995285
vn -0.102386 -0.018238 0.994578
vn -0.102370 -0.018250 0.994579
vn -0.096961 -0.034402 0.994693
vn -0.088757 -0.050302 0.994782
vn -0.096034 -0.029566 0.994939
vn -0.081122 -0.052656 0.995312
vn -0.081756 -0.051118 0.995341
vn -0.065033 -0.049173 0.996671
vn -0.118032 0.000065 0.993010
vn -0.109039 -0.041669 0.993164
vn -0.096398 0.001765 0.995341
vn -0.070258 -0.006192 0.997510
vn -0.070152 0.016454 0.997401
vn -0.017121 -0.063188 0.997855
vn -0.018790 -0.060896 0.997967
vn -0.015948 -0.059545 0.998098
vn -0.015826 -0.060786 0.998025
vn -0.016016 -0.061621 0.997971
vn -0.031587 -0.064874 0.997393
vn -0.024904 -0.066041 0.997506
vn -0.020032 -0.065063 0.997680
vn -0.041226 -0.054138 0.997682
vn -0.045184 -0.054894 0.997469
vn -0.035792 -0.049361 0.998140
vn -0.019494 -0.056912 0.998189
vn 0.918406 0.389052 0.071898
vn 0.918218 0.389250 0.073214
vn -0.813396 -0.581695 -0.004174
vn -0.813616 -0.581371 -0.006040
vn -0.531852 -0.844899 0.057259
vn -0.533000 -0.844432 0.053346
vn -0.208944 -0.972227 0.105434
vn -0.210165 -0.972323 0.102068
vn 0.120374 -0.982588 0.141529
vn 0.119169 -0.983199 0.138270
vn 0.443045 -0.881264 0.164573
vn 0.442008 -0.882389 0.161303
vn 0.697615 -0.695829 0.170748
vn 0.696938 -0.697076 0.168409
vn 0.885173 -0.436326 0.161520
vn 0.884762 -0.438452 0.157974
vn 0.991810 -0.013311 0.127026
vn 0.992159 -0.014796 0.124104
vn 0.977168 0.187352 0.100211
vn 0.977157 0.187389 0.100253
vn -0.921321 -0.386918 -0.038238
vn -0.921388 -0.386875 -0.037040
vn 0.812218 0.581280 0.049149
vn 0.809188 0.584688 0.057917
vn 0.689520 0.723718 0.028194
vn 0.528315 0.849030 0.005602
vn -0.981546 -0.181764 -0.059405
vn -0.935412 -0.000010 -0.353561
vn -0.996414 -0.050263 -0.068064
vn -0.889962 0.444812 -0.100549
vn -0.891042 0.443436 -0.097000
vn -0.702756 0.704201 -0.101172
vn -0.703900 0.703391 -0.098821
vn -0.449124 0.888744 -0.091774
vn -0.450751 0.888230 -0.088713
vn -0.126647 0.989559 -0.068806
vn -0.128363 0.989531 -0.065971
vn 0.204994 0.978076 -0.036686
vn 0.203502 0.978475 -0.034250
vn 0.527434 0.849592 0.002636
vn 0.000000 -1.000000 0.000000
vn -0.000906 -1.000000 -0.000254
vn 0.993134 -0.023304 0.114640
vn 0.992498 0.006205 0.122105
vn 0.969981 0.215996 0.111728
vn 0.834188 0.543091 0.095819
vn 0.834518 0.542613 0.095662
vn 0.938185 -0.328574 0.108849
vn 0.937797 -0.329071 0.110672
vn 0.646416 -0.758742 0.080354
vn 0.646806 -0.758252 0.081826
vn 0.491016 -0.868364 0.069621
vn 0.490978 -0.868382 0.069670
vn 0.491045 -0.868359 0.069481
vn 0.490818 -0.868499 0.069337
vn 0.490841 -0.868491 0.069267
vn 0.490448 -0.868757 0.068719
vn 0.490535 -0.868726 0.068494
vn 0.490279 -0.868871 0.068478
vn 0.490443 -0.868806 0.068134
vn 0.490117 -0.868981 0.068250
vn 0.490333 -0.868902 0.067697
vn 0.489960 -0.869115 0.067668
vn 0.490204 -0.869031 0.066970
vn 0.490118 -0.869070 0.067091
vn 0.489945 -0.869169 0.067075
vn 0.490148 -0.869059 0.067017
vn 0.489976 -0.869157 0.067000
vn 0.490181 -0.869070 0.066631
vn 0.998791 0.003295 0.049042
vn 0.998638 0.002464 0.052109
vn 0.998647 0.002638 0.051933
vn 0.998641 0.002747 0.052042
vn 0.998669 0.002880 0.051505
vn 0.998669 0.002813 0.051510
vn 0.998683 0.002905 0.051223
vn 0.998707 0.003402 0.050726
vn 0.998762 0.003436 0.049616
vn 0.998761 0.003459 0.049654
vn -0.973389 -0.228738 0.013882
vn -0.973484 -0.228418 0.012448
vn -0.811527 -0.581158 0.060656
vn -0.812311 -0.580379 0.057538
vn -0.558118 -0.824225 0.095694
vn -0.559177 -0.823834 0.092841
vn -0.253897 -0.959731 0.120222
vn -0.255207 -0.959759 0.117188
vn 0.081857 -0.987655 0.133551
vn 0.083887 -0.986863 0.138073
vn 0.251373 -0.958535 0.134246
vn 0.387734 -0.911942 0.134254
vn 0.976017 -0.205530 0.071747
vn 0.916084 -0.301895 0.263911
vn 0.914814 -0.392978 0.093183
vn 0.659355 -0.742192 0.120005
vn 0.660479 -0.740657 0.123270
vn 0.388912 -0.911749 0.132144
vn -0.999901 -0.000816 -0.014045
vn -0.999908 -0.000724 -0.013537
vn -0.999918 -0.000880 -0.012742
vn -0.999919 -0.001589 -0.012592
vn -0.999920 -0.001516 -0.012565
vn -0.999918 -0.001472 -0.012731
vn -0.999918 -0.001290 -0.012750
vn -0.999915 -0.001265 -0.012952
vn -0.999915 -0.001082 -0.012970
vn -0.999912 -0.001056 -0.013245
vn -0.999912 -0.000565 -0.013283
vn -0.608173 0.783543 0.127224
vn -0.662083 0.749307 -0.013635
vn -0.576597 0.816554 -0.027836
vn -0.745548 0.665863 -0.028000
vn -0.865669 0.499996 -0.024923
vn -0.939520 0.316601 0.130638
vn -0.957178 0.286548 0.041237
vn -0.981380 0.191079 -0.019538
vn -0.509289 0.860065 -0.030201
vn -0.518411 0.854587 -0.030509
vn -0.522143 0.851908 -0.040238
vn -0.529792 0.847592 -0.030145
vn -0.537319 0.842757 -0.032392
vn -0.538415 0.841796 -0.038593
vn -0.535178 0.844085 -0.033242
vn -0.508375 0.860623 -0.029726
vn -0.497967 0.866617 -0.031690
vn -0.498339 0.866439 -0.030697
vn -0.490705 0.870856 -0.028600
vn -0.490078 0.871210 -0.028587
vn -0.485892 0.873601 -0.027030
vn -0.482425 0.875518 -0.027102
vn -0.486799 0.873001 -0.029932
vn -0.483389 0.874976 -0.027423
vn -0.482944 0.875222 -0.027418
vn -0.482499 0.875474 -0.027196
vn 0.130526 0.991445 0.000000
vn 0.130526 0.991445 0.000000
vn 0.382683 0.923880 0.000000
vn 0.382683 0.923880 0.000000
vn 0.608761 0.793354 0.000000
vn 0.608761 0.793354 0.000000
vn 0.793354 0.608761 0.000000
vn 0.793354 0.608761 0.000000
vn 0.923880 0.382684 0.000000
vn 0.923880 0.382684 0.000000
vn 0.991445 0.130526 0.000000
vn 0.991445 0.130526 0.000000
vn 0.991445 -0.130526 0.000000
vn 0.991445 -0.130526 0.000000
vn 0.923880 -0.382684 0.000000
vn 0.923880 -0.382684 0.000000
vn 0.793353 -0.608762 0.000000
vn 0.793353 -0.608762 0.000000
vn 0.608762 -0.793353 0.000000
vn 0.608762 -0.793353 0.000000
vn 0.382683 -0.923880 0.000000
vn 0.382683 -0.923880 0.000000
vn 0.130526 -0.991445 0.000000
vn 0.130526 -0.991445 0.000000
vn -0.130526 -0.991445 -0.000000
vn -0.130526 -0.991445 -0.000000
vn -0.382683 -0.923880 -0.000000
vn -0.382683 -0.923880 -0.000000
vn -0.608762 -0.793353 -0.000000
vn -0.608762 -0.793353 -0.000000
vn -0.793353 -0.608762 -0.000000
vn -0.793353 -0.608762 -0.000000
vn -0.923880 -0.382684 -0.000000
vn -0.923880 -0.382684 -0.000000
vn -0.991445 -0.130526 -0.000000
vn -0.991445 -0.130526 -0.000000
vn -0.991445 0.130526 0.000000
vn -0.991445 0.130526 0.000000
vn -0.923880 0.382684 0.000000
vn -0.923880 0.382684 0.000000
vn -0.793354 0.608761 0.000000
vn -0.793354 0.608761 0.000000
vn -0.608761 0.793354 0.000000
vn -0.608761 0.793354 0.000000
vn -0.382683 0.923880 0.000000
vn -0.382683 0.923880 0.000000
vn -0.130526 0.991445 0.000000
vn -0.130526 0.991445 -0.000000
vn -1.000000 0.000000 0.000000
vn -1.000000 0.000000 0.000000
vn -0.972810 -0.226602 0.047874
vn -0.972907 -0.226335 0.047172
vn -0.812598 -0.581836 0.033930
vn -0.813193 -0.581104 0.032169
vn -0.562777 -0.826404 0.018383
vn -0.564083 -0.825571 0.015569
vn -0.260142 -0.965563 0.003871
vn -0.262071 -0.965048 0.000169
vn 0.078983 -0.996843 -0.008094
vn 0.077148 -0.996952 -0.011648
vn 0.384591 -0.922963 -0.015138
vn 0.383573 -0.923354 -0.016990
vn 0.657088 -0.753600 -0.017971
vn 0.656421 -0.754139 -0.019640
vn 0.940916 -0.338345 -0.014140
vn 0.940826 -0.338553 -0.015110
vn 0.974225 0.225531 -0.004570
vn -0.655586 0.753480 0.049754
vn -0.939426 0.337937 0.057239
vn -0.939409 0.338081 0.056675
vn -0.654875 0.753988 0.051389
vn -0.382344 0.923074 0.041810
vn -0.383183 0.922644 0.043575
vn -0.076515 0.996587 0.030968
vn -0.078021 0.996359 0.034388
vn 0.262335 0.964763 0.020337
vn 0.260727 0.965115 0.023975
vn 0.563495 0.826038 0.011551
vn 0.564690 0.825179 0.014286
vn 0.751100 0.660155 0.006620
vn 0.751741 0.659416 0.007534
vn 0.864812 0.502091 0.001953
vn 0.865080 0.501627 0.002498
vn 0.974266 0.225341 -0.005134
vn 0.996550 -0.000037 -0.082998
vn 0.996608 0.000008 -0.082290
vn 0.492033 0.869999 -0.031716
vn 0.492192 0.869781 -0.035052
vn 0.704925 0.707825 -0.045438
vn 0.065162 -0.997866 -0.004208
vn 0.704925 0.707825 -0.045438
vn 0.065015 -0.997875 -0.004191
vn 0.019939 -0.007507 0.999773
vn 0.016890 -0.001466 0.999856
vn 0.008803 0.007916 0.999930
vn 0.002668 0.013062 0.999911
vn -0.008559 0.044992 0.998951
vn 0.369005 0.030806 0.928917
vn 0.011175 0.036808 0.999260
vn 0.132825 0.091981 0.986862
vn 0.104945 0.017181 0.994330
vn 0.093451 0.033801 0.995050
vn 0.066347 0.060055 0.995988
vn 0.066251 0.059000 0.996057
vn 0.064528 0.062205 0.995975
vn 0.088401 0.040217 0.995273
vn 0.082198 0.046870 0.995513
vn 0.076691 0.050501 0.995775
vn 0.073997 0.052923 0.995853
vn 0.070605 0.054756 0.996000
vn 0.066695 0.059526 0.995996
vn 0.106056 0.048269 0.993188
vn 0.145797 0.066900 0.987050
vn 0.138018 0.117219 0.983469
vn 0.145323 0.103398 0.983967
vn 0.181926 0.055930 0.981720
vn 0.134818 0.128133 0.982551
vn 0.134301 0.133165 0.981952
vn 0.126176 0.135145 0.982759
vn 0.046085 0.150359 0.987557
vn 0.072002 0.147415 0.986451
vn 0.094318 0.147538 0.984549
vn 0.105064 0.148997 0.983240
vn 0.106558 0.147484 0.983308
vn 0.116416 0.139801 0.983312
vn 0.045857 -0.007110 0.998923
vn 0.045412 -0.011489 0.998902
vn 0.046140 -0.014124 0.998835
vn 0.047227 -0.024928 0.998573
vn 0.005669 0.124683 0.992180
vn 0.006845 0.125652 0.992051
vn 0.012682 0.135218 0.990735
vn 0.019083 0.155477 0.987655
vn 0.028710 0.159627 0.986760
vn 0.016426 0.186734 0.982273
vn 0.023545 0.267658 0.963226
vn 0.036483 0.345979 0.937533
vn 0.031328 0.394003 0.918575
vn 0.050108 0.447185 0.893037
vn 0.019410 0.474554 0.880012
vn 0.160260 0.425283 0.890759
vn 0.139191 0.432922 0.890620
vn 0.115398 0.428244 0.896265
vn 0.100666 0.443660 0.890524
vn 0.058237 0.451053 0.890595
vn 0.184227 0.412344 0.892207
vn 0.189025 0.402883 0.895519
vn 0.217340 0.399280 0.890696
vn 0.237458 0.387602 0.890718
vn 0.257090 0.364594 0.894973
vn 0.263242 0.365153 0.892954
vn 0.350535 0.289239 0.890767
vn 0.335336 0.307356 0.890552
vn 0.314967 0.312304 0.896249
vn 0.307014 0.335451 0.890626
vn 0.288992 0.350775 0.890753
vn 0.365464 0.268990 0.891112
vn 0.365225 0.252919 0.895903
vn 0.387520 0.237764 0.890672
vn 0.399079 0.217543 0.890736
vn 0.406630 0.186587 0.894336
vn 0.406859 0.186491 0.894252
vn 0.447483 0.079375 0.890763
vn 0.439893 0.104070 0.892000
vn 0.430124 0.111994 0.895796
vn 0.432753 0.139329 0.890681
vn 0.425236 0.160500 0.890738
vn 0.450955 0.058385 0.890635
vn 0.442938 0.036993 0.895789
vn 0.454280 0.020574 0.890621
vn 0.318612 0.026664 0.947510
vn 0.249643 0.042416 0.967408
vn 0.139217 0.009304 0.990218
vn 0.227322 0.003461 0.973814
vn 0.162921 0.007171 0.986613
vn 0.085206 0.049326 0.995142
vn 0.092919 0.043171 0.994737
vn 0.097422 0.041115 0.994394
vn 0.102284 0.030732 0.994280
vn 0.109650 0.028550 0.993560
vn 0.111105 0.022086 0.993563
vn 0.114920 0.013988 0.993276
vn 0.057753 0.109802 0.992274
vn 0.053922 0.100951 0.993429
vn 0.064079 0.090874 0.993799
vn 0.063845 0.089145 0.993970
vn 0.069355 0.075207 0.994753
vn 0.091378 0.126346 0.987769
vn 0.085817 0.130961 0.987666
vn 0.054416 0.149145 0.987317
vn 0.076286 0.108186 0.991199
vn 0.120737 0.083302 0.989183
vn 0.057774 0.086527 0.994573
vn 0.061589 0.080213 0.994873
vn 0.065234 0.069677 0.995434
vn 0.010722 0.162725 0.986613
vn 0.028069 0.160926 0.986567
vn 0.043315 0.160742 0.986046
vn 0.044869 0.159801 0.986129
vn 0.053170 0.155752 0.986364
vn 0.060504 0.152246 0.986489
vn 0.069772 0.148708 0.986417
vn 0.069079 0.149521 0.986342
vn 0.075320 0.142295 0.986954
vn -0.031023 0.076508 0.996586
vn 0.007077 0.106198 0.994320
vn 0.007404 0.117809 0.993009
vn 0.006619 0.052598 0.998594
vn -0.030194 0.069331 0.997137
vn -0.119262 0.087808 0.988972
vn -0.018965 0.025197 0.999503
vn 0.014103 0.037645 0.999192
vn 0.016267 0.041629 0.999001
vn 0.011455 0.042510 0.999030
vn 0.004479 0.016621 0.999852
vn -0.019092 0.025248 0.999499
vn 0.055777 0.084617 0.994851
vn -0.028808 0.022513 0.999331
vn -0.004841 0.017395 0.999837
vn 0.013467 0.002728 0.999906
vn 0.022689 -0.013749 0.999648
vn 0.047007 0.005908 0.998877
vn 0.041622 0.009222 0.999091
vn 0.015132 0.013385 0.999796
vn 0.159870 -0.008345 0.987103
vn 0.151879 0.039546 0.987608
vn 0.151879 0.039546 0.987608
vn 0.146069 0.055883 0.987695
vn 0.116012 0.053174 0.991823
vn 0.239942 0.020080 0.970580
vn 0.233091 0.060692 0.970559
vn 0.233091 0.060692 0.970559
vn 0.218916 0.100452 0.970559
vn 0.218916 0.100452 0.970559
vn 0.198018 0.137128 0.970559
vn 0.198018 0.137128 0.970559
vn 0.171038 0.169591 0.970559
vn 0.171038 0.169591 0.970559
vn 0.138804 0.196846 0.970559
vn 0.138804 0.196846 0.970559
vn 0.102308 0.218055 0.970559
vn 0.102308 0.218055 0.970559
vn 0.062669 0.232568 0.970559
vn 0.062669 0.232568 0.970559
vn 0.040355 0.236578 0.970774
vn 0.019420 0.220777 0.975131
vn 0.334325 0.039874 0.941614
vn 0.326608 0.085041 0.941326
vn 0.326607 0.085041 0.941327
vn 0.306745 0.140753 0.941326
vn 0.306745 0.140753 0.941326
vn 0.277463 0.192143 0.941327
vn 0.277462 0.192143 0.941327
vn 0.239657 0.237631 0.941327
vn 0.239658 0.237631 0.941327
vn 0.194492 0.275821 0.941327
vn 0.194493 0.275821 0.941326
vn 0.143354 0.305539 0.941326
vn 0.143354 0.305539 0.941326
vn 0.087812 0.325873 0.941326
vn 0.087812 0.325873 0.941327
vn 0.041719 0.334144 0.941598
vn 0.027120 0.308306 0.950901
vn -0.993145 -0.010350 0.116428
vn -0.993157 -0.009411 0.116404
vn -0.903931 0.414331 0.106009
vn -0.901960 0.418676 0.105730
vn -0.724382 0.684140 0.084983
vn -0.725211 0.683246 0.085111
vn -0.993217 0.000036 0.116279
vn -0.993198 0.000026 0.116435
vn -0.965944 0.228531 0.121353
vn -0.864961 0.417783 -0.278028
vn -0.938049 0.324636 0.121146
vn -0.652229 0.750680 0.105248
vn -0.652071 0.750903 0.104632
vn -0.501122 0.861732 0.079338
vn -0.501197 0.860968 0.086812
vn -0.499012 0.862246 0.086716
vn -0.499176 0.861834 0.089813
vn -0.497631 0.862737 0.089714
vn -0.497853 0.862412 0.091587
vn -0.497031 0.862892 0.091524
vn -0.497313 0.862610 0.092649
vn 0.968158 0.250244 0.006882
vn 0.968374 0.249472 0.003835
vn 0.805479 0.591755 0.032088
vn 0.807024 0.589889 0.027245
vn 0.576275 0.815792 0.048888
vn 0.578139 0.814750 0.044022
vn 0.309885 0.948775 0.061613
vn 0.312455 0.948251 0.056499
vn -0.047043 0.996095 0.074715
vn -0.044955 0.996532 0.070019
vn -0.321053 0.943886 0.077488
vn -0.321165 0.943826 0.077752
vn 0.980263 -0.196648 -0.020354
vn 0.935751 -0.302675 0.180992
vn 0.906240 -0.421459 -0.033200
vn 0.682616 -0.729126 -0.049091
vn 0.682242 -0.729391 -0.050344
vn 0.508639 -0.858342 -0.067343
vn 0.509464 -0.858269 -0.061809
vn 0.509077 -0.858500 -0.061798
vn 0.509689 -0.858143 -0.061702
vn 0.509874 -0.858033 -0.061707
vn 0.510430 -0.857740 -0.061183
vn 0.510559 -0.857663 -0.061186
vn 0.511340 -0.857439 -0.057704
vn 0.511176 -0.857537 -0.057703
vn 0.511984 -0.857315 -0.053696
vn -0.988304 0.000000 -0.152498
vn -0.988304 0.000000 -0.152498
vn -0.920227 0.000000 -0.391386
vn -0.920227 0.000000 -0.391386
vn -0.795370 0.000000 -0.606124
vn -0.795370 0.000000 -0.606124
vn -0.621437 0.000000 -0.783464
vn -0.621437 0.000000 -0.783464
vn -0.409161 0.000000 -0.912462
vn -0.409161 0.000000 -0.912462
vn -0.171639 0.000000 -0.985160
vn -0.171639 0.000000 -0.985160
vn 0.076473 0.000000 -0.997072
vn 0.076473 0.000000 -0.997072
vn 0.319867 0.000000 -0.947462
vn 0.319867 0.000000 -0.947462
vn 0.543525 0.000000 -0.839393
vn 0.543525 0.000000 -0.839393
vn 0.733646 0.000000 -0.679532
vn 0.733646 0.000000 -0.679532
vn 0.878500 0.000000 -0.477742
vn 0.878500 0.000000 -0.477742
vn 0.969149 0.000000 -0.246475
vn 0.969149 0.000000 -0.246475
vn 1.000000 0.000000 0.000000
vn 1.000000 0.000000 0.000000
vn 0.969149 -0.000000 0.246475
vn 0.969149 0.000000 0.246475
vn 0.878500 -0.000000 0.477742
vn 0.878500 0.000000 0.477742
vn 0.733646 -0.000000 0.679532
vn 0.733646 0.000000 0.679532
vn 0.543525 -0.000000 0.839393
vn 0.543525 0.000000 0.839393
vn 0.319867 -0.000000 0.947462
vn 0.319867 0.000000 0.947462
vn 0.076473 -0.000000 0.997072
vn 0.076473 0.000000 0.997072
vn -0.171640 0.000000 0.985160
vn -0.171640 0.000000 0.985160
vn -0.409161 0.000000 0.912462
vn -0.409161 0.000000 0.912462
vn -0.621438 0.000000 0.783464
vn -0.621438 0.000000 0.783464
vn -0.795370 0.000000 0.606124
vn -0.795370 0.000000 0.606124
vn -0.920227 0.000000 0.391386
vn -0.920227 0.000000 0.391386
vn -0.988304 0.000000 0.152498
vn -0.988304 0.000000 0.152498
vn 0.984054 -0.171466 0.047306
vn 0.984036 -0.171533 0.047436
vn 0.877068 -0.478988 0.036359
vn 0.877165 -0.478770 0.036884
vn 0.664945 -0.746590 0.021264
vn 0.665390 -0.746152 0.022674
vn 0.381468 -0.924363 0.005846
vn 0.382517 -0.923911 0.008374
vn 0.053810 -0.998522 -0.007654
vn 0.051909 -0.998643 -0.004132
vn -0.205526 -0.978559 -0.013470
vn -0.206736 -0.978322 -0.012125
vn -0.366949 -0.930115 -0.015286
vn -0.368102 -0.929676 -0.014252
vn -0.581744 -0.813150 -0.019010
vn -0.583086 -0.812256 -0.015833
vn -0.816671 -0.576849 -0.017110
vn -0.816168 -0.577612 -0.015290
vn -0.975602 -0.219220 -0.012004
vn -0.975541 -0.219530 -0.011200
vn 0.585724 0.809228 0.045577
vn 0.280431 0.959050 0.039759
vn 0.282057 0.958697 0.036649
vn -0.054660 0.998045 0.030294
vn -0.053157 0.998210 0.027414
vn -0.379741 0.924859 0.020788
vn -0.379019 0.925187 0.019326
vn -0.665966 0.745885 0.012005
vn -0.665781 0.746058 0.011521
vn -0.875647 0.482938 0.003670
vn -0.875660 0.482915 0.003721
vn -0.985925 0.167144 -0.003818
vn -0.985923 0.167155 -0.003840
vn 0.818397 0.572160 0.053467
vn 0.818062 0.572766 0.052101
vn 0.584569 0.809912 0.048184
vn 0.917550 0.393870 0.054489
vn 0.981247 0.177764 -0.074533
vn 0.973079 0.224014 0.054179
vn -0.996762 -0.000336 -0.080412
vn -0.996705 -0.000264 -0.081115
vn -0.510910 -0.858027 -0.052543
vn -0.511294 -0.857252 -0.060806
vn -0.509307 -0.858438 -0.060753
vn -0.509631 -0.858028 -0.063745
vn -0.508153 -0.858909 -0.063679
vn -0.508476 -0.858596 -0.065305
vn -0.508221 -0.858748 -0.065291
vn -0.508527 -0.858481 -0.066407
vn 0.295829 0.952152 0.076761
vn 0.297582 0.951956 0.072286
vn -0.086424 0.993702 0.071330
vn -0.083108 0.994429 0.064839
vn -0.417796 0.906681 0.058106
vn -0.424506 0.902587 0.071637
vn -0.561883 0.825779 0.048750
vn -0.699208 0.713692 0.041857
vn -0.700321 0.712790 0.038474
vn -0.896915 0.441618 0.022721
vn -0.898801 0.437256 0.031048
vn -0.959582 0.281219 0.010849
vn -0.990372 0.138395 0.003032
vn -0.679951 -0.731629 -0.048840
vn -0.781668 -0.556059 -0.282478
vn -0.770548 -0.636178 -0.039151
vn -0.983232 -0.181250 -0.020078
vn -0.982921 -0.183286 -0.016486
vn -0.990526 0.137320 0.000798
vn 0.501885 0.861382 0.078311
vn 0.498322 0.861473 0.097668
vn 0.498977 0.861730 0.091887
vn 0.682631 0.723109 0.105488
vn 0.717336 0.631632 0.294058
vn 0.823773 0.554880 0.116218
vn 0.974720 0.189379 0.118558
vn 0.974594 0.189650 0.119164
vn 0.993398 0.000292 0.114721
vn 0.993426 0.000284 0.114475
vn 0.993319 0.012603 0.114714
vn 0.993270 0.015501 0.114779
vn 0.975663 -0.188055 0.112774
vn 0.973518 -0.199111 0.112325
vn 0.843790 -0.527664 0.097925
vn 0.835522 -0.540870 0.096761
vn 0.570614 -0.818579 0.065790
vn 0.573552 -0.816491 0.066191
vn 0.114866 0.993357 0.006925
vn -0.232297 0.972598 -0.009560
vn -0.301220 0.953084 -0.029939
vn 0.088048 0.995991 0.015816
vn -0.492041 0.869904 -0.034102
vn -0.492727 0.869646 -0.030590
vn -0.008216 0.022522 0.999713
vn -0.065773 0.101189 0.992691
vn 0.029558 0.027128 0.999195
vn 0.015376 0.021742 0.999645
vn -0.014392 0.000657 0.999896
vn -0.018727 -0.006475 0.999804
vn -0.020859 -0.010859 0.999723
vn -0.121198 0.082393 0.989203
vn -0.118696 0.137464 0.983369
vn -0.118914 0.137490 0.983339
vn -0.108451 0.138561 0.984398
vn -0.097959 0.142524 0.984932
vn -0.076745 0.155341 0.984875
vn -0.135975 0.118645 0.983582
vn -0.129490 0.122477 0.983988
vn -0.123557 0.128664 0.983961
vn -0.143903 0.081182 0.986256
vn -0.136993 0.102538 0.985251
vn -0.135289 0.111651 0.984495
vn -0.088065 0.041163 0.995264
vn -0.133284 0.004603 0.991067
vn -0.117827 0.043547 0.992079
vn -0.112522 0.056908 0.992018
vn -0.111913 0.085210 0.990058
vn -0.025604 -0.030363 0.999211
vn -0.026250 -0.036591 0.998985
vn -0.024160 -0.022085 0.999464
vn -0.043687 -0.018632 0.998872
vn -0.009873 0.178031 0.983975
vn -0.022734 -0.016896 0.999599
vn -0.016880 -0.002821 0.999853
vn -0.009879 0.005659 0.999935
vn -0.007836 0.007688 0.999940
vn -0.002719 0.011522 0.999930
vn -0.012656 0.002826 0.999916
vn 0.003119 0.015161 0.999880
vn 0.077793 0.043910 0.996002
vn 0.214981 0.107022 0.970737
vn 0.144001 0.099173 0.984596
vn 0.063288 0.086417 0.994247
vn 0.013750 0.072817 0.997250
vn -0.010711 0.059540 0.998168
vn 0.002678 0.085659 0.996321
vn -0.001880 0.084749 0.996401
vn -0.006317 0.113638 0.993502
vn -0.004136 0.022990 0.999727
vn -0.022921 0.059103 0.997989
vn 0.017271 0.028267 0.999451
vn -0.018570 0.130426 0.991284
vn -0.010410 0.127938 0.991727
vn 0.046388 0.131771 0.990194
vn -0.023800 0.138065 0.990137
vn -0.026897 0.149516 0.988393
vn -0.031671 0.125208 0.991625
vn -0.038244 0.141363 0.989219
vn -0.070176 0.220865 0.972777
vn -0.053896 0.166564 0.984557
vn -0.060929 0.104558 0.992651
vn -0.056837 0.116920 0.991514
vn -0.056599 0.119966 0.991163
vn -0.048250 0.121285 0.991444
vn -0.045158 0.128802 0.990642
vn -0.079391 0.048014 0.995687
vn -0.073000 0.050860 0.996034
vn -0.071394 0.053056 0.996036
vn -0.063849 0.059968 0.996156
vn -0.063910 0.059855 0.996159
vn -0.070402 0.051818 0.996172
vn -0.053701 0.075770 0.995678
vn -0.072422 0.059783 0.995581
vn -0.044071 0.103126 0.993692
vn -0.090486 0.069897 0.993442
vn -0.073117 0.084826 0.993709
vn -0.102136 0.047404 0.993640
vn -0.101828 0.025393 0.994478
vn -0.159381 -0.054618 0.985705
vn -0.090972 0.059627 0.994067
vn -0.095928 0.053582 0.993945
vn -0.112144 0.036798 0.993010
vn -0.110941 0.040073 0.993019
vn -0.112437 0.034471 0.993061
vn -0.106058 0.041881 0.993478
vn -0.101521 0.048778 0.993637
vn -0.117724 -0.001979 0.993044
vn -0.124703 -0.002575 0.992191
vn -0.124743 -0.001514 0.992188
vn -0.124878 0.001659 0.992171
vn -0.125242 0.006471 0.992105
vn -0.123052 0.010170 0.992348
vn -0.121692 0.020776 0.992350
vn -0.118622 0.024313 0.992642
vn -0.113764 0.032674 0.992970
vn -0.225154 0.044519 0.973306
vn -0.201143 0.005204 0.979548
vn -0.243082 0.013157 0.969916
vn -0.362763 0.019521 0.931677
vn -0.439947 0.034631 0.897356
vn -0.450451 0.024272 0.892471
vn -0.430101 0.073428 0.899789
vn -0.432303 0.084715 0.897740
vn -0.424400 0.118393 0.897702
vn -0.416412 0.127663 0.900168
vn -0.415253 0.146700 0.897800
vn -0.400150 0.185720 0.897434
vn -0.398144 0.176907 0.900103
vn -0.376648 0.244063 0.893627
vn -0.373401 0.228821 0.899006
vn -0.335246 0.292519 0.895569
vn -0.335130 0.286227 0.897642
vn -0.289009 0.334155 0.897115
vn -0.288334 0.337596 0.896043
vn -0.239027 0.367737 0.898686
vn -0.233289 0.380695 0.894789
vn -0.186196 0.394654 0.899766
vn -0.180619 0.401999 0.897649
vn -0.148427 0.414677 0.897782
vn -0.131880 0.415067 0.900182
vn -0.120924 0.423595 0.897744
vn -0.078085 0.434045 0.897501
vn -0.086113 0.425827 0.900698
vn -0.056956 0.437315 0.897503
vn -0.037330 0.474313 0.879564
vn -0.037822 0.308199 0.950570
vn -0.019752 0.346142 0.937974
vn -0.022489 0.394097 0.918794
vn -0.008557 0.186752 0.982370
vn -0.024312 0.220753 0.975027
vn -0.006690 0.124986 0.992136
vn -0.007115 0.124682 0.992171
vn -0.008874 0.155499 0.987796
vn -0.134882 0.087402 0.986999
vn -0.145773 0.067657 0.987002
vn -0.145773 0.067657 0.987002
vn -0.153630 0.047100 0.987005
vn -0.153630 0.047100 0.987005
vn -0.158330 0.027031 0.987016
vn -0.158330 0.027031 0.987016
vn -0.159464 0.016658 0.987063
vn -0.156990 0.008190 0.987566
vn -0.219117 0.033403 0.975127
vn -0.218680 0.037334 0.975082
vn -0.218680 0.037334 0.975082
vn -0.212187 0.065052 0.975062
vn -0.212187 0.065052 0.975062
vn -0.201335 0.093445 0.975055
vn -0.201335 0.093445 0.975055
vn -0.186292 0.120714 0.975050
vn -0.186292 0.120714 0.975050
vn -0.167270 0.145952 0.975048
vn -0.167270 0.145952 0.975048
vn -0.145192 0.167873 0.975058
vn -0.145192 0.167873 0.975058
vn -0.120955 0.186085 0.975060
vn -0.120955 0.186086 0.975060
vn -0.094697 0.200717 0.975062
vn -0.094697 0.200717 0.975062
vn -0.067196 0.211490 0.975068
vn -0.067196 0.211489 0.975068
vn -0.039287 0.218379 0.975073
vn -0.039287 0.218379 0.975073
vn -0.023090 0.220256 0.975169
vn -0.010538 0.267718 0.963440
vn -0.040536 0.305722 0.951258
vn -0.054698 0.304044 0.951086
vn -0.054698 0.304044 0.951086
vn -0.093556 0.294450 0.951076
vn -0.093556 0.294450 0.951076
vn -0.131843 0.279451 0.951065
vn -0.131843 0.279451 0.951065
vn -0.168400 0.259080 0.951062
vn -0.168401 0.259079 0.951062
vn -0.202145 0.233723 0.951058
vn -0.202145 0.233722 0.951058
vn -0.232881 0.203200 0.951039
vn -0.232881 0.203201 0.951039
vn -0.259364 0.168064 0.951044
vn -0.259364 0.168064 0.951044
vn -0.280309 0.130098 0.951053
vn -0.280309 0.130099 0.951053
vn -0.295419 0.090569 0.951065
vn -0.295419 0.090569 0.951065
vn -0.304465 0.051979 0.951104
vn -0.304465 0.051980 0.951104
vn -0.307906 0.020586 0.951194
vn -0.306139 0.016574 0.951843
vn -0.019837 0.159107 0.987062
vn -0.028445 0.158113 0.987011
vn -0.028444 0.158113 0.987011
vn -0.048652 0.153125 0.987008
vn -0.048652 0.153125 0.987009
vn -0.068564 0.145326 0.987005
vn -0.068564 0.145325 0.987005
vn -0.087576 0.134732 0.987004
vn -0.087575 0.134732 0.987004
vn 0.402163 0.462697 0.790048
vn 0.026541 0.202798 0.978861
vn 0.000031 1.000000 -0.000005
vn 0.000000 1.000000 0.000000
vn 0.000000 0.000000 -1.000000
vn 0.000000 0.000000 -1.000000
vn 0.000000 0.000000 -1.000000
vn 0.000000 0.000000 -1.000000
vn 0.000000 0.000000 -1.000000
vn 0.000000 -0.000000 -1.000000
vn 0.000000 0.000000 -1.000000
vn 0.000000 0.000000 -1.000000
vn 0.000000 0.000000 -1.000000
vn 0.000000 0.000000 -1.000000
vn 0.000000 0.000000 -1.000000
vn 0.000000 0.000000 -1.000000
vn 0.000000 0.000000 -1.000000
vn 0.000000 0.000000 -1.000000
vn 0.000000 0.000000 -1.000000
vn 0.000000 0.000000 -1.000000
vn 0.000000 0.000000 -1.000000
vn 0.000000 0.000000 -1.000000
vn 0.000000 0.000000 -1.000000
vn 0.000000 0.000000 -1.000000
vn 0.000000 0.000000 -1.000000
vn 0.000000 0.000000 -1.000000
vn 0.000000 0.000000 -1.000000
vn 0.000000 0.000000 -1.000000
vn 0.000000 0.000000 -1.000000
vn 0.000000 0.000000 -1.000000
vn 0.000000 0.000000 -1.000000
vn 0.000000 -0.000000 -1.000000
vn 0.000000 0.000000 -1.000000
vn 0.000000 -0.000000 -1.000000
vn 0.000000 0.000000 -1.000000
vn 0.000000 -0.000000 -1.000000
vn 0.000000 0.000000 -1.000000
vn 0.000000 0.000000 -1.000000
vn 0.000000 0.000000 -1.000000
vn 0.000000 0.000000 -1.000000
vn 0.000000 0.000000 -1.000000
vn 0.000000 0.000000 -1.000000
vn 0.000000 0.000000 -1.000000
vn 0.000000 0.000000 -1.000000
vn 0.000000 0.000000 -1.000000
vn 0.000000 0.000000 -1.000000
vn 0.000000 0.000000 -1.000000
vn 0.000000 0.000000 -1.000000
vn 0.000000 0.000000 -1.000000
vn 0.000000 0.000000 -1.000000
vn 0.000000 0.000000 -1.000000
vn 0.000000 0.000000 -1.000000
vn 0.000000 0.000000 -1.000000
vn 0.000000 0.000000 -1.000000
vn 0.000000 0.000000 -1.000000
vn 0.000000 0.000000 -1.000000
vn 0.000000 0.000000 -1.000000
vn 0.000000 0.000000 -1.000000
vn 0.000000 0.000000 -1.000000
vn 0.000000 -1.000000 0.000000
vn 0.000000 -1.000000 0.000000
vn 0.542541 0.024574 0.839670
vn 0.646200 0.089299 0.757925
vn 0.516773 0.166380 0.839800
vn 0.476573 0.259786 0.839874
vn 0.303129 0.913176 0.272439
vn 0.281851 0.849083 0.446787
vn 0.253344 0.763209 0.594414
vn 0.022192 0.542575 0.839714
vn 0.009874 0.597147 0.802071
vn 0.065517 0.648698 0.758220
vn -0.032641 0.805276 0.592000
vn 0.065541 0.735245 0.674625
vn 0.003839 0.894950 0.446150
vn 0.044728 0.865718 0.498529
vn 0.036084 0.938603 0.343107
vn 0.049065 0.960867 0.272631
vn 0.035162 0.974080 0.223452
vn 0.046665 0.994931 0.089077
vn 0.040750 0.996476 0.073311
vn 0.152421 0.987938 0.027324
vn 0.127546 0.987828 0.089034
vn 0.123210 0.954242 0.272473
vn 0.123208 0.954241 0.272476
vn 0.114559 0.887256 0.446825
vn 0.114555 0.887252 0.446834
vn 0.102967 0.797500 0.594467
vn 0.102969 0.797503 0.594463
vn 0.083533 0.646969 0.757927
vn 0.083533 0.646969 0.757927
vn 0.069548 0.538655 0.839651
vn 0.069547 0.538654 0.839652
vn 0.205530 0.619164 0.757887
vn 0.171129 0.515529 0.839610
vn 0.173704 0.540269 0.823368
vn 0.191382 0.507873 0.839903
vn 0.221583 0.495956 0.839600
vn 0.291095 0.534778 0.793269
vn 0.270718 0.470957 0.839590
vn 0.221583 0.495957 0.839600
vn 0.283563 0.462859 0.839853
vn 0.317672 0.440654 0.839588
vn 0.317669 0.440652 0.839591
vn 0.345107 0.418886 0.839902
vn 0.378978 0.424847 0.822120
vn 0.366615 0.400572 0.839724
vn 0.401778 0.365624 0.839579
vn 0.407485 0.373486 0.833345
vn 0.205529 0.619164 0.757888
vn 0.266127 0.595657 0.757871
vn 0.266129 0.595658 0.757870
vn 0.325139 0.565631 0.757857
vn 0.325141 0.565631 0.757856
vn 0.381536 0.529244 0.757846
vn 0.381536 0.529244 0.757846
vn 0.434312 0.486878 0.757841
vn 0.434310 0.486878 0.757842
vn 0.482543 0.439122 0.757841
vn 0.482540 0.439123 0.757843
vn 0.253345 0.763210 0.594413
vn 0.328039 0.734226 0.594393
vn 0.328037 0.734225 0.594395
vn 0.400773 0.697205 0.594379
vn 0.400772 0.697204 0.594381
vn 0.470283 0.652349 0.594370
vn 0.470283 0.652349 0.594369
vn 0.535331 0.600127 0.594363
vn 0.535331 0.600127 0.594363
vn 0.594781 0.541265 0.594363
vn 0.594784 0.541265 0.594360
vn 0.281854 0.849085 0.446781
vn 0.364945 0.816834 0.446763
vn 0.364942 0.816833 0.446768
vn 0.445860 0.775642 0.446753
vn 0.445861 0.775642 0.446752
vn 0.523190 0.725737 0.446741
vn 0.523191 0.725737 0.446740
vn 0.595555 0.667640 0.446734
vn 0.595553 0.667640 0.446737
vn 0.661693 0.602154 0.446736
vn 0.661696 0.602154 0.446732
vn 0.303125 0.913175 0.272447
vn 0.392487 0.878484 0.272433
vn 0.392489 0.878485 0.272428
vn 0.479511 0.834181 0.272417
vn 0.479511 0.834181 0.272417
vn 0.562675 0.780507 0.272409
vn 0.562673 0.780507 0.272412
vn 0.640497 0.718023 0.272408
vn 0.640500 0.718023 0.272400
vn 0.711631 0.647595 0.272400
vn 0.711628 0.647596 0.272406
vn 0.120186 0.529688 0.839634
vn 0.120192 0.529702 0.839625
vn 0.144356 0.636193 0.757905
vn 0.144352 0.636192 0.757907
vn 0.177937 0.784205 0.594442
vn 0.177940 0.784208 0.594437
vn 0.197963 0.872456 0.446801
vn 0.197959 0.872453 0.446808
vn 0.212904 0.938317 0.272456
vn 0.212904 0.938318 0.272455
vn 0.219685 0.968201 0.119690
vn 0.315042 0.949075 -0.002407
vn 0.291596 0.952402 0.088896
vn 0.406299 0.909394 0.089018
vn 0.395191 0.910985 0.118030
vn 0.497661 0.865756 0.052911
vn 0.486972 0.868875 0.088960
vn 0.582468 0.807965 0.089012
vn 0.580958 0.808561 0.093364
vn 0.663294 0.743575 0.084485
vn 0.661855 0.744329 0.089005
vn 0.736662 0.670377 0.089012
vn 0.736661 0.670378 0.089014
vn 0.774647 0.626081 0.089132
vn 0.806015 0.585160 0.089038
vn 0.800938 0.589511 0.104760
vn 0.774911 0.570355 0.272411
vn 0.774912 0.570355 0.272409
vn 0.720535 0.530331 0.446742
vn 0.720538 0.530331 0.446737
vn 0.647677 0.476704 0.594364
vn 0.647675 0.476704 0.594365
vn 0.525451 0.386744 0.757846
vn 0.525448 0.386744 0.757848
vn 0.507738 0.311524 0.803215
vn 0.869003 0.492674 0.045899
vn 0.858638 0.504794 0.089012
vn 0.829456 0.487638 0.272418
vn 0.829456 0.487638 0.272418
vn 0.771251 0.453418 0.446748
vn 0.771248 0.453419 0.446752
vn 0.693256 0.407567 0.594379
vn 0.693259 0.407567 0.594375
vn 0.562428 0.330651 0.757855
vn 0.562428 0.330651 0.757855
vn 0.468287 0.275306 0.839592
vn 0.437499 0.322012 0.839585
vn 0.437508 0.322016 0.839579
vn 0.418617 0.345416 0.839909
vn 0.911851 0.400741 0.089074
vn 0.902701 0.413768 0.118015
vn 0.874669 0.400919 0.272428
vn 0.874669 0.400919 0.272428
vn 0.813286 0.372783 0.446765
vn 0.813287 0.372783 0.446763
vn 0.731040 0.335083 0.594390
vn 0.731036 0.335084 0.594394
vn 0.593072 0.271846 0.757869
vn 0.593073 0.271845 0.757868
vn 0.493797 0.226340 0.839604
vn 0.493798 0.226341 0.839603
vn 0.954680 0.297275 0.014630
vn 0.942312 0.322681 0.089019
vn 0.910282 0.311713 0.272437
vn 0.910280 0.311714 0.272442
vn 0.846394 0.289837 0.446779
vn 0.846391 0.289838 0.446783
vn 0.760789 0.260525 0.594413
vn 0.760792 0.260524 0.594409
vn 0.617203 0.211354 0.757885
vn 0.617203 0.211354 0.757885
vn 0.542144 0.185651 0.819521
vn 0.507810 0.191666 0.839877
vn 0.534385 0.094790 0.839909
vn 0.953106 0.131711 0.272472
vn 0.953107 0.131710 0.272470
vn 0.886198 0.122464 0.446829
vn 0.886198 0.122464 0.446829
vn 0.796555 0.110076 0.594461
vn 0.554677 0.076651 0.828528
vn 0.538497 0.069719 0.839738
vn 0.542549 0.024572 0.839665
vn 0.591219 0.026778 0.806066
vn 0.648763 0.064330 0.758267
vn 0.646201 0.089298 0.757925
vn 0.796556 0.110076 0.594459
vn 0.961174 0.043533 0.272486
vn 0.961173 0.043535 0.272490
vn 0.893690 0.040479 0.446855
vn 0.893690 0.040478 0.446854
vn 0.822070 0.037234 0.568168
vn 0.802722 0.045009 0.594653
vn 0.773782 0.035049 0.632481
vn 0.690207 0.031263 0.722937
vn 0.528566 0.125049 0.839631
vn 0.528567 0.125049 0.839631
vn 0.634842 0.150191 0.757904
vn 0.634842 0.150191 0.757904
vn 0.782542 0.185133 0.594436
vn 0.782543 0.185133 0.594434
vn 0.870602 0.205965 0.446801
vn 0.870599 0.205967 0.446806
vn 0.936323 0.221516 0.272453
vn 0.936323 0.221516 0.272453
vn 0.966218 0.228589 0.119041
vn 0.990449 0.136871 0.016626
vn 0.983715 0.156191 0.088930
vn 0.995008 0.045066 0.089038
vn 0.995005 0.045076 0.089064
vn 0.137114 -0.078156 0.987467
vn 0.368994 -0.031765 0.928889
vn 0.343562 -0.041254 0.938224
vn 0.342785 -0.075236 0.936396
vn 0.131069 -0.089313 0.987342
vn 0.102270 -0.055831 0.993189
vn 0.080973 -0.046630 0.995625
vn 0.121812 -0.171229 0.977672
vn 0.073996 -0.076125 0.994349
vn 0.045409 -0.095221 0.994420
vn 0.037573 -0.101303 0.994146
vn 0.030591 -0.097338 0.994781
vn 0.015912 -0.090396 0.995779
vn 0.095601 -0.016040 0.995290
vn 0.117247 -0.000186 0.993103
vn 0.162780 -0.042215 0.985759
vn 0.162883 -0.015766 0.986519
vn 0.208975 -0.036166 0.977252
vn 0.117262 -0.000646 0.993101
vn 0.162030 -0.018196 0.986618
vn 0.159491 -0.018197 0.987032
vn 0.145254 -0.049427 0.988159
vn 0.138100 -0.074345 0.987624
vn 0.273033 -0.031301 0.961495
vn 0.222420 -0.061353 0.973018
vn 0.249789 -0.025185 0.967973
vn 0.318643 -0.022673 0.947603
vn 0.463496 -0.157003 0.872079
vn 0.460591 -0.108288 0.880982
vn 0.467957 -0.209571 0.858543
vn 0.477805 -0.201732 0.854989
vn 0.471118 -0.165286 0.866446
vn 0.272241 -0.152852 0.950011
vn 0.331842 -0.192752 0.923433
vn 0.371003 -0.157327 0.915208
vn 0.144518 -0.135829 0.980135
vn 0.204363 -0.157176 0.966194
vn 0.248516 -0.164232 0.954603
vn 0.066521 -0.151685 0.986188
vn 0.094611 -0.152141 0.983820
vn 0.145446 -0.134816 0.980138
vn 0.005492 -0.138154 0.990395
vn 0.045688 0.254296 0.966047
vn 0.011182 0.002345 0.999935
vn 0.020164 -0.002451 0.999794
vn 0.029557 -0.004249 0.999554
vn 0.039582 -0.000378 0.999216
vn 0.047149 0.005832 0.998871
vn 0.055609 -0.008120 0.998420
vn 0.050713 0.000002 0.998713
vn 0.066859 -0.015725 0.997638
vn 0.064703 -0.001098 0.997904
vn 0.070372 -0.018198 0.997355
vn 0.077155 -0.010425 0.996965
vn 0.065870 -0.027783 0.997441
vn 0.065321 -0.030356 0.997402
vn 0.050864 -0.033293 0.998151
vn 0.049182 -0.034087 0.998208
vn 0.047549 -0.034814 0.998262
vn 0.042830 -0.036272 0.998424
vn 0.039268 -0.038403 0.998491
vn 0.001165 -0.031520 0.999502
vn 0.003840 -0.023226 0.999723
vn 0.001583 -0.010548 0.999943
vn 0.000121 -0.011297 0.999936
vn 0.009013 -0.001494 0.999958
vn 0.020303 -0.037764 0.999080
vn 0.033974 -0.043240 0.998487
vn -0.000738 -0.035572 0.999367
vn 0.021703 -0.043123 0.998834
vn 0.009850 -0.041031 0.999109
vn -0.001428 -0.040482 0.999179
vn -0.002850 -0.040477 0.999176
vn -0.013991 -0.044164 0.998926
vn 0.006164 -0.038684 0.999232
vn 0.003380 -0.057697 0.998329
vn 0.004391 -0.055917 0.998426
vn -0.001224 -0.065924 0.997824
vn -0.015836 -0.080460 0.996632
vn -0.008624 -0.082160 0.996582
vn 0.004591 -0.086047 0.996280
vn 0.032762 -0.133681 0.990483
vn 0.011100 -0.142439 0.989741
vn 0.037493 -0.118198 0.992282
vn 0.144811 -0.120473 0.982098
vn 0.136411 -0.127997 0.982349
vn 0.272966 -0.133291 0.952745
vn 0.232990 -0.150615 0.960745
vn 0.370801 -0.156430 0.915443
vn 0.314722 -0.186185 0.930745
vn 0.433767 -0.189776 0.880813
vn 0.454053 -0.037722 0.890176
vn 0.456057 -0.035514 0.889242
vn 0.456418 -0.103256 0.883754
vn 0.355733 -0.091086 0.930138
vn 0.353228 -0.145618 0.924135
vn 0.308197 -0.184932 0.933175
vn 0.555948 -0.205374 0.805446
vn 0.134035 -0.093205 0.986584
vn 0.134177 -0.080860 0.987653
vn 0.208353 -0.085556 0.974304
vn 0.234417 -0.100470 0.966930
vn 0.271639 -0.103226 0.956847
vn 0.317487 -0.130612 0.939224
vn 0.420142 -0.138807 0.896780
vn 0.415722 -0.200024 0.887224
vn 0.486990 -0.228073 0.843103
vn 0.000000 -0.000000 1.000000
vn 0.000000 0.000000 1.000000
vn 0.000000 -0.000000 1.000000
vn 0.000000 0.000000 1.000000
vn 0.000000 0.000000 1.000000
vn 0.000000 -0.000000 1.000000
vn 0.000000 0.000000 1.000000
vn 0.000000 0.000000 1.000000
vn 0.000000 0.000000 1.000000
vn 0.000000 0.000000 1.000000
vn 0.000000 0.000000 1.000000
vn 0.000000 -0.000000 1.000000
vn 0.000000 0.000000 1.000000
vn 0.000000 -0.000000 1.000000
vn 0.000000 0.000000 1.000000
vn -0.000000 1.000000 0.000000
vn 0.000000 1.000000 0.000000
vn 0.000000 1.000000 -0.000000
vn 0.000000 1.000000 -0.000000
vn 0.000000 1.000000 0.000000
vn 0.000000 1.000000 -0.000000
vn 0.000000 1.000000 0.000000
vn 0.000000 1.000000 -0.000000
vn 0.000000 1.000000 0.000000
vn 0.000000 1.000000 -0.000000
vn 0.000000 1.000000 0.000000
vn 0.000000 1.000000 -0.000000
vn 0.000000 1.000000 0.000000
vn 0.000000 1.000000 -0.000000
vn 0.000000 1.000000 0.000000
vn -0.000000 1.000000 -0.000000
vn 0.000000 1.000000 0.000000
vn -0.000000 1.000000 -0.000000
vn 0.000000 1.000000 0.000000
vn -0.000000 1.000000 -0.000000
vn 0.000000 1.000000 0.000000
vn -0.000000 1.000000 -0.000000
vn 0.000000 1.000000 0.000000
vn -0.000000 1.000000 -0.000000
vn 0.000000 1.000000 0.000000
vn -0.000000 1.000000 -0.000000
vn 0.000000 1.000000 0.000000
vn -0.000000 1.000000 0.000000
vn 0.000000 1.000000 0.000000
vn -0.000000 1.000000 0.000000
vn 0.000000 1.000000 0.000000
vn -0.000000 1.000000 0.000000
vn 0.000000 1.000000 0.000000
vn -0.000000 1.000000 0.000000
vn 0.000000 1.000000 0.000000
vn -0.000000 1.000000 0.000000
vn 0.000000 1.000000 0.000000
vn -0.000000 1.000000 0.000000
vn 0.000000 1.000000 0.000000
vn -0.000000 1.000000 0.000000
vn 0.000000 1.000000 0.000000
vn 0.000000 1.000000 0.000000
vn 0.000000 1.000000 0.000000
vn 0.000000 1.000000 0.000000
vn 0.000000 1.000000 0.000000
vn 0.000000 1.000000 0.000000
vn 0.000000 1.000000 0.000000
vn 0.000000 1.000000 0.000000
vn 0.000000 1.000000 0.000000
vn 0.000000 1.000000 0.000000
vn 0.000000 1.000000 0.000000
vn 0.000000 1.000000 0.000000
vn 0.000000 1.000000 0.000000
vn -0.415101 -0.194954 0.888642
vn -0.468461 -0.142979 0.871838
vn -0.425452 -0.189311 0.884959
vn -0.366075 -0.140765 0.919877
vn -0.009767 -0.133596 0.990988
vn -0.042798 0.003752 0.999077
vn -0.043694 0.004566 0.999035
vn -0.050202 -0.003407 0.998733
vn -0.013968 0.008480 0.999866
vn -0.010033 -0.000276 0.999950
vn -0.023492 -0.003758 0.999717
vn -0.030606 -0.003455 0.999526
vn -0.009240 -0.000291 0.999957
vn -0.003285 -0.007026 0.999970
vn 0.001784 -0.010548 0.999943
vn -0.001543 -0.015181 0.999884
vn -0.002532 -0.040480 0.999177
vn 0.025017 -0.043890 0.998723
vn -0.015682 -0.040329 0.999063
vn -0.026827 -0.042001 0.998757
vn -0.032648 -0.043948 0.998500
vn -0.037725 -0.039038 0.998525
vn -0.053606 -0.029927 0.998114
vn -0.049584 -0.038872 0.998013
vn -0.062712 -0.021479 0.997800
vn -0.058534 -0.033438 0.997725
vn -0.068778 -0.016378 0.997497
vn -0.065779 -0.024855 0.997525
vn -0.070082 -0.018245 0.997374
vn -0.067365 -0.013949 0.997631
vn -0.066738 -0.012413 0.997693
vn -0.057784 -0.008187 0.998296
vn -0.059116 -0.009231 0.998208
vn -0.061885 -0.011305 0.998019
vn -0.002917 -0.021951 0.999755
vn 0.001463 -0.039811 0.999206
vn -0.001084 -0.038685 0.999251
vn -0.004124 -0.047704 0.998853
vn -0.002833 -0.055918 0.998431
vn -0.002537 -0.057901 0.998319
vn 0.000700 -0.063065 0.998009
vn 0.017887 -0.080458 0.996598
vn 0.038480 -0.076773 0.996306
vn 0.021326 -0.079866 0.996577
vn 0.003601 -0.083960 0.996463
vn -0.020916 -0.113617 0.993304
vn -0.036765 -0.099241 0.994384
vn -0.009485 -0.088070 0.996069
vn -0.003087 -0.086045 0.996286
vn -0.354690 -0.188262 0.915834
vn -0.265132 -0.158387 0.951114
vn -0.269702 -0.162779 0.949086
vn -0.186290 -0.157794 0.969741
vn -0.142511 -0.130065 0.981210
vn -0.110263 -0.150721 0.982408
vn -0.051276 -0.152612 0.986955
vn -0.313419 -0.184246 0.931570
vn -0.437664 -0.187265 0.879421
vn -0.413477 -0.213519 0.885125
vn -0.490884 -0.227802 0.840915
vn -0.493936 -0.201143 0.845913
vn -0.471599 -0.207861 0.856965
vn -0.440111 -0.021256 0.897692
vn -0.441076 -0.018905 0.897270
vn -0.362612 -0.034772 0.931291
vn -0.463243 -0.079116 0.882693
vn -0.451457 -0.102419 0.886396
vn -0.208752 -0.072085 0.975308
vn -0.355665 -0.064236 0.932403
vn -0.305936 -0.040042 0.951210
vn -0.271750 -0.046443 0.961247
vn -0.136984 -0.072821 0.987893
vn -0.132698 -0.093162 0.986768
vn 0.015831 0.097213 0.995138
vn -0.124639 0.001900 0.992200
vn -0.124626 0.006017 0.992186
vn -0.124533 -0.052334 0.990834
vn -0.156937 -0.027138 0.987236
vn -0.201047 -0.031347 0.979080
vn -0.207780 -0.035008 0.977549
vn -0.225237 -0.035378 0.973662
vn -0.242941 -0.036528 0.969353
vn -0.140618 -0.059851 0.988253
vn -0.146170 -0.043981 0.988281
vn -0.152860 -0.029036 0.987821
vn -0.124782 -0.018241 0.992016
vn -0.124648 0.000118 0.992201
vn -0.369100 -0.155872 0.916226
vn -0.270142 -0.151998 0.950747
vn -0.231994 -0.131622 0.963771
vn -0.142551 -0.127986 0.981478
vn -0.134867 -0.120347 0.983528
vn 0.008196 -0.116923 0.993107
vn -0.036606 -0.138064 0.989747
vn -0.041556 -0.096748 0.994441
vn -0.072075 -0.076139 0.994489
vn -0.135433 -0.078144 0.987700
vn -0.132841 -0.080546 0.987859
vn -0.233087 -0.086765 0.968577
vn -0.206918 -0.097983 0.973439
vn -0.316953 -0.106009 0.942498
vn -0.269801 -0.125965 0.954641
vn -0.364669 -0.134110 0.921429
vn -0.352356 -0.145220 0.924530
vn -0.490571 -0.159223 0.856731
vn -0.450026 -0.178985 0.874895
vn -0.263148 0.953484 0.147045
vn -0.971182 0.187523 0.147109
vn -0.625404 0.383248 0.679699
vn -0.116625 0.576707 0.808584
vn -0.198221 0.553792 0.808717
vn -0.382669 0.448047 0.807972
vn -0.448047 0.382668 0.807972
vn -0.566734 0.158100 0.808590
vn -0.587402 0.046236 0.807973
vn -0.078249 0.994247 0.073146
vn -0.092139 0.984851 0.146898
vn -0.076485 0.971828 0.222935
vn -0.070609 0.897168 0.436008
vn -0.113178 0.933180 0.341124
vn -0.036107 0.822152 0.568122
vn -0.064943 0.864756 0.497975
vn -0.061009 0.730825 0.679833
vn -0.064383 0.735301 0.674675
vn -0.040597 0.588131 0.807746
vn -0.046948 0.596518 0.801225
vn -0.502392 0.307866 0.807973
vn -0.502392 0.307866 0.807973
vn -0.537869 0.238991 0.808443
vn -0.254735 0.566958 0.783370
vn -0.554567 0.195916 0.808747
vn -0.560876 0.232323 0.794635
vn -0.677658 0.280695 0.679699
vn -0.677657 0.280695 0.679699
vn -0.759459 0.314578 0.569441
vn -0.587414 0.046231 0.807965
vn -0.731230 0.057549 0.679700
vn -0.731229 0.057549 0.679700
vn -0.819509 0.064497 0.569425
vn -0.819508 0.064497 0.569427
vn -0.577307 0.113131 0.808652
vn -0.592734 0.142303 0.792727
vn -0.713224 0.171230 0.679700
vn -0.713225 0.171230 0.679699
vn -0.799332 0.191903 0.569422
vn -0.799322 0.191900 0.569438
vn -0.875077 0.210087 0.436009
vn -0.684322 0.584466 0.436008
vn -0.584467 0.684322 0.436007
vn -0.584467 0.684321 0.436008
vn -0.533867 0.625076 0.569443
vn -0.439134 0.886283 0.147185
vn -0.516841 0.843410 0.146750
vn -0.470218 0.767329 0.436006
vn -0.470218 0.767328 0.436007
vn -0.429520 0.700914 0.569414
vn -0.429510 0.700895 0.569445
vn -0.383248 0.625402 0.679701
vn -0.893926 0.070354 0.442658
vn -0.896914 0.073285 0.436090
vn -0.949709 0.074744 0.304081
vn -0.986125 0.077610 0.146747
vn -0.986123 0.077614 0.146759
vn -0.448045 0.382667 0.807973
vn -0.557750 0.476364 0.679700
vn -0.625404 0.383248 0.679700
vn -0.700905 0.429515 0.569429
vn -0.759467 0.314582 0.569428
vn -0.831439 0.344394 0.436007
vn -0.875078 0.210088 0.436007
vn -0.961843 0.230918 0.146746
vn -0.938041 0.258883 0.230346
vn -0.886285 0.439132 0.147183
vn -0.382668 0.448047 0.807972
vn -0.476363 0.557750 0.679701
vn -0.557750 0.476363 0.679701
vn -0.625086 0.533873 0.569427
vn -0.700906 0.429516 0.569426
vn -0.767328 0.470219 0.436008
vn -0.831439 0.344394 0.436007
vn -0.910242 0.377035 0.171183
vn -0.918052 0.368256 0.146863
vn -0.307868 0.502393 0.807972
vn -0.383248 0.625402 0.679701
vn -0.476363 0.557750 0.679701
vn -0.533882 0.625096 0.569407
vn -0.625095 0.533882 0.569408
vn -0.684322 0.584467 0.436007
vn -0.767328 0.470219 0.436007
vn -0.843409 0.516842 0.146747
vn -0.843409 0.516842 0.146748
vn -0.516842 0.843410 0.146746
vn -0.599196 0.786962 0.147154
vn -0.637955 0.746947 0.187306
vn -0.659112 0.737545 0.146965
vn -0.752174 0.642417 0.146747
vn -0.730121 0.652477 0.202971
vn -0.786964 0.599194 0.147155
vn -0.368255 0.918052 0.146863
vn -0.377035 0.910242 0.171185
vn -0.344394 0.831438 0.436008
vn -0.344393 0.831440 0.436006
vn -0.314582 0.759470 0.569423
vn -0.314584 0.759476 0.569414
vn -0.280695 0.677659 0.679698
vn -0.280695 0.677655 0.679701
vn -0.225485 0.544367 0.807974
vn -0.307865 0.502392 0.807974
vn -0.187519 0.971183 0.147109
vn -0.228949 0.953642 0.195319
vn -0.210087 0.875077 0.436009
vn -0.210087 0.875077 0.436009
vn -0.191905 0.799344 0.569404
vn -0.191903 0.799331 0.569423
vn -0.171230 0.713223 0.679701
vn -0.171229 0.713226 0.679698
vn -0.142295 0.592707 0.792749
vn -0.161486 0.565682 0.808657
vn -0.980893 0.189398 -0.044464
vn -0.999311 0.012330 0.035013
vn -0.996917 0.078464 -0.000003
vn -0.997228 -0.074408 0.000193
vn -0.990033 -0.123947 -0.066873
vn -0.988289 -0.148870 -0.033503
vn -0.221945 -0.077662 -0.971961
vn -0.302745 -0.104887 -0.947283
vn -0.913670 -0.307877 -0.265366
vn -0.927886 -0.372781 0.007852
vn -0.928813 -0.370520 0.004591
vn -0.980178 -0.198118 0.000000
vn -0.948066 -0.318073 -0.000000
vn -0.954314 -0.271255 -0.125320
vn -0.956802 -0.241947 -0.161221
vn -0.934149 -0.356585 -0.014560
vn -0.528959 -0.386455 -0.755549
vn -0.784202 -0.620504 -0.001468
vn -0.047072 -0.030446 -0.998427
vn -0.018644 -0.010243 -0.999774
vn -0.216886 -0.136279 -0.966638
vn -0.898735 -0.438492 -0.000013
vn -0.905617 -0.424098 -0.000035
vn -0.750772 -0.660560 -0.001501
vn -0.028832 -0.028832 -0.999168
vn -0.116333 -0.125284 -0.985277
vn -0.233444 -0.317816 -0.918965
vn -0.615819 -0.787817 -0.010558
vn -0.632215 -0.774721 -0.010539
vn -0.062671 -0.090397 -0.993932
vn -0.023330 -0.037129 -0.999038
vn -0.013109 -0.019427 -0.999725
vn -0.396966 -0.917782 -0.009664
vn -0.446995 -0.894484 -0.009649
vn -0.061240 -0.103773 -0.992714
vn -0.054573 -0.191376 -0.979999
vn -0.020923 -0.065358 -0.997643
vn -0.013196 -0.037713 -0.999202
vn -0.015345 -0.043015 -0.998957
vn -0.025749 -0.067197 -0.997407
vn -0.017866 -0.999840 0.001074
vn -0.008382 -0.091328 -0.995786
vn -0.003196 -0.020584 -0.999783
vn -0.005366 -0.047625 -0.998851
vn -0.191033 -0.981383 -0.019826
vn -0.238378 -0.970970 -0.019818
vn 0.215161 -0.976578 0.000000
vn 0.052532 -0.998614 -0.003158
vn 0.004417 -0.039203 -0.999221
vn 0.005931 -0.048306 -0.998815
vn 0.063277 -0.357998 -0.931576
vn 0.000052 -0.000277 -1.000000
vn 0.265764 -0.964038 0.000000
vn 0.013507 -0.038600 -0.999163
vn 0.010518 -0.031144 -0.999460
vn 0.059728 -0.086474 -0.994462
vn 0.027275 -0.042534 -0.998723
vn 0.011631 -0.020037 -0.999732
vn 0.026840 -0.042716 -0.998727
vn 0.349002 -0.678670 0.646224
vn 0.202223 -0.492597 -0.846436
vn 0.772710 -0.634746 -0.004044
vn 0.637039 -0.770628 0.017691
vn 0.601813 -0.798441 0.017673
vn 0.081872 -0.116085 -0.989859
vn 0.209801 -0.183115 -0.960444
vn 0.073626 -0.067814 -0.994978
vn 0.030111 -0.030111 -0.999093
vn 0.042725 -0.043806 -0.998126
vn 0.159897 -0.182932 -0.970036
vn 0.796859 -0.604152 -0.004026
vn 0.051567 -0.032402 -0.998144
vn 0.043345 -0.027514 -0.998681
vn 0.946938 -0.321263 0.009923
vn 0.953758 -0.271096 -0.129820
vn 0.927612 -0.373441 0.008785
vn 0.927889 -0.372783 0.007379
vn 0.951634 -0.305128 -0.035905
vn 0.952700 -0.255262 -0.164933
vn 0.948052 -0.318114 0.000000
vn 0.871602 -0.294296 -0.392046
vn 0.265543 -0.092214 -0.959679
vn 0.215313 -0.075341 -0.973634
vn 0.906034 -0.423204 -0.000570
vn 0.886316 -0.463081 -0.000499
vn 0.997040 -0.070032 -0.031728
vn 0.993186 -0.097822 -0.063341
vn 0.990175 -0.111567 -0.084301
vn 0.989296 -0.139665 -0.042281
vn 0.980785 -0.195091 0.000000
vn 0.998975 0.045256 -0.000004
vn 0.999607 -0.028041 0.000005
vn 0.993712 0.111965 0.000005
vn 0.994212 0.105824 -0.018549
vn 0.943784 0.330244 -0.014500
vn 0.954782 0.297307 -0.000000
vn 0.987628 0.156812 -0.000000
vn 0.846611 0.531961 -0.016327
vn 0.869919 0.493194 -0.000000
vn 0.915490 0.402340 -0.000000
vn 0.664492 0.747295 0.000000
vn 0.739254 0.672737 -0.030484
vn 0.707102 0.707102 -0.003722
vn 0.777742 0.628583 -0.000000
vn 0.809229 0.587493 -0.000000
vn 0.583507 0.812108 0.000000
vn 0.531958 0.846605 -0.016773
vn 0.488911 0.872334 0.000000
vn 0.397973 0.917397 0.000000
vn 0.330240 0.943770 -0.015476
vn 0.292755 0.956187 0.000000
vn 0.152478 0.988307 0.000000
vn 0.111950 0.993590 -0.015714
vn 0.040860 0.999165 0.000000
vn -0.078459 0.996917 -0.000000
vn -0.111952 0.993612 -0.014247
vn -0.189581 0.981865 0.000000
vn -0.266039 0.963962 0.000000
vn -0.330235 0.943758 -0.016284
vn -0.372292 0.928116 0.000000
vn -0.443969 0.896042 0.000000
vn -0.532023 0.846708 -0.006103
vn -0.522459 0.852577 -0.012206
vn -0.795625 0.605789 0.000000
vn -0.745642 0.666347 0.000000
vn -0.707005 0.707005 -0.016963
vn -0.666347 0.745642 0.000000
vn -0.605791 0.795624 0.000000
vn -0.852576 0.522460 -0.012205
vn -0.846708 0.532022 -0.006103
vn -0.896043 0.443967 0.000000
vn -0.928115 0.372293 0.000000
vn -0.943758 0.330235 -0.016284
vn -0.963963 0.266037 0.000000
vn -0.992254 0.124225 0.000000
vn -0.992254 0.124225 0.000000
vn 0.000000 0.000000 1.000000
vn -0.000000 -0.000000 1.000000
vn 0.000000 0.000000 1.000000
vn 0.000000 0.000000 1.000000
vn -0.000000 -0.000000 1.000000
vn 0.000000 0.000000 1.000000
vn -0.000000 -0.000000 1.000000
vn 0.000000 0.000000 1.000000
vn 0.000000 0.000000 1.000000
vn -0.000000 -0.000000 1.000000
vn 0.621761 -0.291050 0.727120
vn 0.819486 -0.087493 0.566382
vn 0.958425 -0.087159 0.271706
vn 0.919035 -0.255115 0.300486
vn 0.459447 -0.218131 0.861004
vn 0.987891 -0.143737 0.058402
vn 0.948185 -0.317676 0.005152
vn 0.933065 -0.358234 -0.032523
vn 0.993108 -0.093110 -0.071181
vn 0.976750 -0.183408 -0.111002
vn 0.973506 -0.186380 -0.132470
vn 0.958920 -0.270804 -0.084480
vn 0.955504 -0.275642 -0.105043
vn 0.939278 -0.341058 -0.037902
vn 0.941246 -0.337114 -0.020244
vn 0.929298 -0.369282 0.006036
vn 0.969411 -0.137726 0.203161
vn 0.914412 -0.150180 0.375893
vn 0.935519 -0.175033 0.306867
vn 0.841247 -0.173774 0.511963
vn 0.722095 -0.185333 0.666506
vn 0.478433 -0.226160 0.848500
vn 0.448891 -0.219174 0.866291
vn 0.316690 -0.215109 0.923816
vn 0.364854 -0.197242 0.909932
vn 0.153218 -0.197211 0.968314
vn 0.253723 -0.176671 0.951006
vn 0.084356 -0.188405 0.978462
vn 0.073642 -0.184426 0.980084
vn 0.048302 -0.185205 0.981512
vn 0.021332 -0.182213 0.983028
vn 0.017460 -0.183924 0.982785
vn 0.036760 -0.162678 0.985994
vn 0.007316 -0.182965 0.983092
vn 0.012797 -0.173636 0.984727
vn 0.073007 -0.182425 0.980506
vn 0.073665 -0.182961 0.980356
vn 0.099225 -0.169588 0.980507
vn 0.172117 -0.216100 0.961081
vn 0.173244 -0.185206 0.967308
vn 0.160134 -0.175741 0.971325
vn 0.513407 -0.251072 0.820595
vn 0.524468 -0.245166 0.815369
vn 0.525159 -0.239772 0.816528
vn 0.456017 -0.238583 0.857395
vn 0.549048 -0.227116 0.804341
vn 0.412128 -0.213598 0.885735
vn 0.450046 -0.206730 0.868747
vn 0.333892 -0.196241 0.921958
vn 0.317583 -0.201508 0.926572
vn 0.256286 -0.180094 0.949676
vn 0.213783 -0.178992 0.960343
vn 0.554028 -0.123277 0.823320
vn 0.598445 -0.201593 0.775386
vn 0.542219 -0.042282 0.839172
vn 0.625648 -0.062488 0.777599
vn 0.590037 -0.068631 0.804454
vn 0.688305 -0.080464 0.720945
vn 0.999761 -0.011835 0.018389
vn 0.992825 -0.079065 -0.089711
vn 0.987245 -0.101666 0.122523
vn 0.964634 -0.234841 0.119717
vn 0.962773 -0.231623 0.139349
vn 0.935858 -0.325229 0.135634
vn 0.925924 -0.312794 0.211719
vn 0.902760 -0.377205 0.206739
vn 0.832807 -0.247990 0.494908
vn 0.813604 -0.325681 0.481643
vn 0.537667 -0.287663 0.792569
vn 0.609619 -0.258998 0.749190
vn 0.607991 -0.268770 0.747068
vn 0.644660 -0.268071 0.715927
vn 0.649946 -0.235249 0.722654
vn 0.547875 -0.236603 0.802404
vn 0.590242 -0.218074 0.777212
vn 0.574893 -0.221570 0.787657
vn 0.585907 -0.192683 0.787138
vn 0.684554 -0.202186 0.700361
vn 0.697069 -0.085897 0.711840
vn 0.771606 -0.082693 0.630702
vn 0.890367 -0.095125 0.445193
vn 0.869166 -0.106491 0.482919
vn 0.850780 -0.228240 0.473371
vn 0.706494 -0.219805 0.672719
vn 0.693519 -0.286064 0.661211
vn 0.556188 -0.276185 0.783821
vn 0.629091 -0.251630 0.735477
vn 0.578270 -0.246137 0.777830
vn 0.538884 -0.254834 0.802910
vn 0.779227 -0.367438 0.507735
vn 0.853687 -0.359859 0.376458
vn 0.860701 -0.339524 0.379365
vn 0.925771 -0.327153 0.189521
vn 0.950866 -0.241289 0.193995
vn 0.789882 -0.196453 0.580941
vn 0.865203 -0.190250 0.463928
vn 0.851664 -0.259364 0.455411
vn 0.908066 -0.246612 0.338524
vn 0.891795 -0.307878 0.331532
vn 0.830765 -0.341772 0.439343
vn 0.776238 -0.376366 0.505770
vn 0.884818 -0.357640 0.298648
vn 0.874934 -0.383619 0.295512
vn 0.920331 -0.365801 0.138490
vn 0.932697 -0.332419 0.139907
vn 0.948152 -0.317454 0.015202
vn 0.971876 -0.231053 0.045513
vn 0.957416 -0.254831 0.135708
vn 0.980036 -0.190140 0.058095
vn 0.636000 -0.218328 0.740160
vn 0.731538 -0.193897 0.653648
vn 0.718795 -0.269645 0.640800
vn 0.742793 -0.256923 0.618263
vn 0.734270 -0.297741 0.610080
vn 0.695364 -0.299915 0.653085
vn 0.687693 -0.332042 0.645621
vn 0.730336 -0.331798 0.597093
vn 0.734108 -0.317806 0.600071
vn 0.841791 -0.317330 0.436680
vn 0.861746 -0.241111 0.446385
vn 0.945904 -0.236415 0.222202
vn 0.969194 -0.095018 0.227231
vn 0.980463 -0.091704 0.174019
vn 0.994315 -0.058452 0.089002
vn 0.854381 -0.501791 -0.135053
vn 0.786982 -0.469162 -0.400681
vn 0.981476 -0.191464 0.006814
vn 0.998365 -0.056851 0.005869
vn 0.969638 -0.244486 0.005324
vn 0.947329 -0.318306 -0.035328
vn 0.925705 -0.294617 -0.237214
vn 0.268197 0.336967 -0.902509
vn 0.132989 0.405322 -0.904449
vn 0.007334 0.090626 -0.995858
vn 0.911126 -0.412129 -0.000066
vn 0.912191 -0.409765 -0.000015
vn 0.901586 -0.432406 0.012957
vn 0.902265 -0.430717 0.020042
vn 0.911599 -0.411079 -0.000665
vn 0.912023 -0.410139 -0.000301
vn 0.912208 -0.409727 0.000111
vn 0.899798 -0.436272 -0.005530
vn 0.899740 -0.436416 -0.003147
vn 0.907532 -0.419289 -0.024145
vn 0.835707 -0.534612 -0.125633
vn 0.791022 -0.599709 -0.120970
vn 0.854603 -0.485438 -0.184402
vn 0.744028 -0.611121 -0.270097
vn 0.503766 -0.609459 -0.612192
vn 0.520330 -0.595472 -0.612102
vn 0.695106 -0.465432 -0.547906
vn 0.604204 -0.620807 -0.499535
vn 0.400064 -0.567247 -0.719847
vn 0.507937 -0.310989 -0.803297
vn 0.044157 -0.130830 -0.990421
vn 0.049114 -0.119640 -0.991602
vn 0.195659 -0.145310 -0.969847
vn 0.103210 -0.200673 -0.974206
vn 0.265492 -0.285024 -0.921019
vn 0.167817 -0.289703 -0.942289
vn 0.263922 -0.344762 -0.900824
vn 0.238579 -0.372101 -0.897007
vn 0.329946 -0.454610 -0.827324
vn 0.087832 0.031313 -0.995643
vn 0.001539 -0.059391 -0.998234
vn 0.019808 -0.071846 -0.997219
vn 0.036100 -0.163852 -0.985824
vn -0.001653 0.166433 -0.986051
vn 0.037016 0.136372 -0.989966
vn -0.007964 0.052747 -0.998576
vn -0.003051 0.110177 -0.993907
vn -0.055408 0.118806 -0.991370
vn -0.009631 0.077767 -0.996925
vn -0.003768 0.075392 -0.997147
vn 0.071899 0.456273 -0.886930
vn -0.024735 0.450689 -0.892339
vn -0.013076 0.496119 -0.868156
vn -0.042709 0.408184 -0.911900
vn -0.060164 0.395335 -0.916565
vn -0.024485 0.481867 -0.875902
vn -0.068073 0.429217 -0.900632
vn -0.012591 0.442550 -0.896656
vn 0.035597 0.459943 -0.887235
vn 0.579527 0.290467 -0.761431
vn 0.665793 0.311132 -0.678172
vn 0.744116 0.219694 -0.630893
vn 0.966704 0.053923 -0.250150
vn 0.853303 0.273484 -0.443937
vn 0.941438 -0.136938 -0.308127
vn 0.910178 -0.041369 -0.412146
vn 0.921470 -0.225569 -0.316245
vn 0.933410 -0.348759 -0.084334
vn 0.982296 -0.183166 -0.039290
vn 0.978155 -0.207846 0.003515
vn 0.990036 -0.140815 0.000825
vn 0.999223 -0.039401 -0.000004
vn 0.995086 -0.098893 0.004991
vn 0.996178 -0.087309 0.002600
vn 0.999160 -0.040968 -0.001223
vn 0.992472 -0.122411 -0.003766
vn 0.987619 -0.153505 0.032340
vn 0.993176 -0.116133 0.010687
vn 0.967741 -0.251249 0.018725
vn 0.948710 -0.316063 -0.007281
vn 0.949450 -0.312960 -0.024483
vn 0.966956 -0.253027 -0.031192
vn 0.960851 -0.277027 0.004629
vn 0.976437 -0.215757 0.004412
vn 0.233549 0.440674 -0.866753
vn 0.202241 0.400561 -0.893672
vn 0.278381 0.364187 -0.888747
vn 0.426249 -0.171897 -0.888123
vn 0.432363 -0.214631 -0.875783
vn 0.495527 -0.130975 -0.858661
vn 0.598804 -0.395377 -0.696499
vn 0.598699 -0.400603 -0.693596
vn 0.686412 -0.285184 -0.668961
vn 0.613122 0.191733 -0.766368
vn 0.805348 0.119124 -0.580710
vn 0.732366 0.191829 -0.653331
vn 0.904696 0.082315 -0.418030
vn 0.961301 -0.058883 -0.269133
vn 0.768948 0.014539 -0.639146
vn 0.907232 -0.053099 -0.417267
vn 0.884595 -0.013622 -0.466161
vn 0.966523 -0.076018 -0.245061
vn 0.961774 -0.056007 -0.268057
vn 0.892263 -0.013085 -0.451326
vn 0.999384 -0.034279 0.007528
vn 0.993551 0.009844 -0.112957
vn 0.946157 -0.239181 -0.218125
vn 0.920920 -0.226580 -0.317124
vn 0.900807 -0.172773 -0.398368
vn 0.901282 -0.171421 -0.397877
vn 0.786300 -0.123290 -0.605419
vn 0.819457 -0.045026 -0.571369
vn 0.630931 0.024701 -0.775446
vn 0.684539 0.133418 -0.716663
vn 0.429322 0.204690 -0.879650
vn 0.515448 0.347250 -0.783410
vn 0.418153 0.322807 -0.849084
vn 0.412368 -0.547206 -0.728366
vn 0.613997 -0.406045 -0.676857
vn 0.724788 -0.530321 -0.439820
vn 0.730642 -0.508943 -0.455126
vn 0.749908 -0.484835 -0.450080
vn 0.775485 -0.523782 -0.352526
vn 0.799374 -0.491760 -0.345215
vn 0.708357 -0.652438 -0.269362
vn 0.724295 -0.632450 -0.274598
vn 0.338022 -0.002685 -0.941134
vn 0.339349 -0.000861 -0.940660
vn 0.602573 -0.078356 -0.794208
vn 0.540408 -0.171903 -0.823655
vn 0.759793 -0.240145 -0.604189
vn 0.712860 -0.315378 -0.626392
vn 0.852768 -0.348445 -0.389066
vn 0.777020 -0.468746 -0.420139
vn 0.891190 -0.395844 -0.221558
vn 0.908804 -0.359247 -0.212171
vn 0.936042 -0.336818 -0.101875
vn 0.930752 -0.361553 -0.054592
vn 0.925185 -0.376476 -0.047932
vn 0.916737 -0.399492 0.000134
vn 0.942403 -0.334399 -0.007306
vn 0.932979 -0.359819 0.009040
vn 0.954956 -0.296665 0.006987
vn -0.025644 0.481965 -0.875815
vn 0.012129 0.468843 -0.883198
vn -0.033073 0.414013 -0.909670
vn -0.021023 0.323932 -0.945847
vn -0.029117 0.328563 -0.944033
vn 0.009879 0.378790 -0.925430
vn 0.018507 0.476289 -0.879094
vn -0.000087 0.454201 -0.890899
vn 0.035204 0.440483 -0.897071
vn -0.000619 0.383874 -0.923385
vn 0.084451 0.434512 -0.896698
vn 0.046449 0.253918 -0.966110
vn -0.029174 0.233335 -0.971959
vn -0.076537 0.266341 -0.960835
vn 0.044047 0.254564 -0.966052
vn 0.002884 0.280597 -0.959821
vn -0.020304 0.249533 -0.968154
vn -0.017273 0.247477 -0.968740
vn 0.023931 0.302395 -0.952882
vn 0.058478 0.281852 -0.957674
vn 0.320838 -0.464637 -0.825333
vn 0.323313 -0.467177 -0.822930
vn 0.333351 -0.457841 -0.824172
vn 0.394466 -0.199836 -0.896918
vn 0.266105 -0.346880 -0.899368
vn 0.311390 -0.106456 -0.944301
vn 0.209570 -0.231303 -0.950042
vn 0.244291 -0.014934 -0.969587
vn 0.165252 -0.117105 -0.979274
vn 0.197358 0.106306 -0.974551
vn 0.068194 0.048112 -0.996511
vn -0.009452 0.050663 -0.998671
vn -0.003819 0.052843 -0.998595
vn -0.052348 0.096456 -0.993960
vn 0.133133 0.117185 -0.984146
vn 0.005539 0.210882 -0.977496
vn 0.212362 0.243595 -0.946343
vn 0.261818 0.212548 -0.941422
vn 0.277256 0.234124 -0.931834
vn 0.522183 0.062399 -0.850548
vn 0.492993 0.016290 -0.869881
vn 0.712343 -0.052725 -0.699848
vn 0.666473 -0.135895 -0.733039
vn 0.838065 -0.194859 -0.509585
vn 0.804012 -0.263435 -0.533073
vn 0.906038 -0.293543 -0.304840
vn 0.881140 -0.347755 -0.320404
vn 0.929722 -0.307825 -0.202141
vn 0.909370 -0.379032 -0.171406
vn 0.924367 -0.352300 -0.146392
vn 0.921936 -0.372789 -0.105180
vn 0.894668 -0.440867 -0.072149
vn 0.889842 -0.454872 -0.035675
vn 0.877981 -0.477295 -0.036587
vn 0.885107 -0.462423 -0.052453
vn 0.904797 -0.423173 0.047620
vn -0.992709 0.000000 -0.120536
vn -0.935016 0.000000 -0.354605
vn -0.935016 0.000000 -0.354605
vn -0.822984 0.000000 -0.568065
vn -0.822984 0.000000 -0.568065
vn -0.663122 0.000000 -0.748511
vn -0.663122 0.000000 -0.748511
vn -0.464723 0.000000 -0.885456
vn -0.464723 0.000000 -0.885456
vn -0.239316 0.000000 -0.970942
vn -0.239316 0.000000 -0.970942
vn 0.000000 0.000000 -1.000000
vn 0.000000 0.000000 -1.000000
vn 0.239316 0.000000 -0.970942
vn 0.239316 0.000000 -0.970942
vn 0.464723 0.000000 -0.885456
vn 0.464723 0.000000 -0.885456
vn 0.663123 0.000000 -0.748511
vn 0.663123 0.000000 -0.748511
vn 0.822984 0.000000 -0.568065
vn 0.822984 0.000000 -0.568065
vn 0.935016 0.000000 -0.354605
vn 0.935016 0.000000 -0.354605
vn 0.992709 0.000000 -0.120536
vn 0.992709 0.000000 -0.120536
vn 0.992709 0.000000 0.120536
vn 0.992709 0.000000 0.120536
vn 0.935016 -0.000000 0.354605
vn 0.935016 0.000000 0.354605
vn 0.822984 -0.000000 0.568065
vn 0.822984 0.000000 0.568065
vn 0.663122 -0.000000 0.748511
vn 0.663122 0.000000 0.748511
vn 0.464723 -0.000000 0.885456
vn 0.464723 0.000000 0.885456
vn 0.239316 -0.000000 0.970942
vn 0.239316 0.000000 0.970942
vn 0.000000 -0.000000 1.000000
vn 0.000000 0.000000 1.000000
vn -0.239316 0.000000 0.970942
vn -0.239316 0.000000 0.970942
vn -0.464723 0.000000 0.885456
vn -0.464723 0.000000 0.885456
vn -0.663122 0.000000 0.748511
vn -0.663122 0.000000 0.748511
vn -0.822984 0.000000 0.568065
vn -0.822984 0.000000 0.568065
vn -0.935016 0.000000 0.354605
vn -0.935016 0.000000 0.354605
vn -0.992709 0.000000 0.120536
vn -0.992709 0.000000 0.120536
vn -0.992709 0.000000 -0.120536
vn -0.941612 -0.331402 -0.059490
vn -0.643548 -0.218940 0.733425
vn -0.472544 -0.221914 0.852910
vn -0.587851 -0.025540 0.808566
vn -0.636176 -0.098001 0.765294
vn -0.458461 -0.229011 0.858701
vn -0.457542 -0.239538 0.856316
vn -0.441667 -0.241512 0.864062
vn -0.555730 -0.203522 0.806066
vn -0.453739 -0.213407 0.865204
vn -0.360179 -0.196905 0.911866
vn -0.321923 -0.202897 0.924769
vn -0.277668 -0.182520 0.943179
vn -0.017657 -0.267002 0.963534
vn -0.058239 -0.192106 0.979645
vn -0.178836 -0.130298 0.975213
vn -0.129415 -0.216683 0.967626
vn -0.194141 -0.177147 0.964846
vn -0.103215 -0.193153 0.975725
vn -0.045252 -0.173471 0.983799
vn -0.045434 -0.173858 0.983722
vn -0.032128 -0.183857 0.982428
vn -0.401014 -0.220689 0.889092
vn -0.527868 -0.214036 0.821915
vn -0.557225 -0.190944 0.808109
vn -0.461504 -0.222351 0.858821
vn -0.997826 -0.014437 -0.064310
vn -0.998287 -0.021562 0.054387
vn -0.991516 -0.092999 -0.090816
vn -0.971695 -0.104524 0.211858
vn -0.984726 -0.125785 0.120386
vn -0.940749 -0.146118 0.306009
vn -0.940726 -0.146114 0.306080
vn -0.884898 -0.184405 0.427728
vn -0.868719 -0.178223 0.462130
vn -0.822539 -0.194099 0.534561
vn -0.768686 -0.197118 0.608495
vn -0.968086 -0.195934 -0.156269
vn -0.985617 -0.144160 -0.088183
vn -0.991505 -0.094367 -0.089518
vn -0.935288 -0.348479 -0.061633
vn -0.928998 -0.370051 0.005086
vn -0.939945 -0.341324 -0.001437
vn -0.874177 -0.387448 0.292745
vn -0.915624 -0.344496 0.207255
vn -0.777692 -0.376637 0.503329
vn -0.848355 -0.330144 0.413882
vn -0.686307 -0.345136 0.640206
vn -0.769702 -0.301009 0.562985
vn -0.603300 -0.307170 0.735986
vn -0.688179 -0.267307 0.674505
vn -0.856567 -0.244434 0.454473
vn -0.831340 -0.262646 0.489787
vn -0.923043 -0.241826 0.299186
vn -0.905957 -0.259408 0.334588
vn -0.966410 -0.228231 0.118161
vn -0.961616 -0.237665 0.137149
vn -0.975717 -0.192437 -0.104616
vn -0.953027 -0.295724 -0.065476
vn -0.955509 -0.276049 -0.103919
vn -0.918427 -0.336586 0.207848
vn -0.944488 -0.299604 0.134837
vn -0.845367 -0.339623 0.412323
vn -0.895785 -0.297486 0.330260
vn -0.764439 -0.321631 0.558737
vn -0.826757 -0.282262 0.486621
vn -0.737811 -0.292861 0.608168
vn -0.745233 -0.257099 0.615247
vn -0.721646 -0.269609 0.637604
vn -0.736134 -0.181154 0.652143
vn -0.704124 -0.200015 0.681325
vn -0.969759 -0.093135 0.225595
vn -0.986210 -0.076472 0.146772
vn -0.943544 -0.044765 0.328209
vn -0.871015 -0.102267 0.480493
vn -0.892666 -0.088053 0.442034
vn -0.948427 -0.090936 0.303671
vn -0.566528 -0.165347 0.807283
vn -0.576678 -0.062148 0.814604
vn -0.699449 -0.086652 0.709410
vn -0.730473 -0.073296 0.678997
vn -0.817993 -0.088537 0.568374
vn -0.570334 -0.223267 0.790488
vn -0.599388 -0.194417 0.776489
vn -0.711219 -0.204633 0.672527
vn -0.684494 -0.217871 0.695701
vn -0.865821 -0.228506 0.445129
vn -0.849513 -0.240845 0.469384
vn -0.952744 -0.234915 0.192600
vn -0.944798 -0.242588 0.220244
vn -0.922755 -0.336809 0.187303
vn -0.936556 -0.321899 0.138720
vn -0.835788 -0.340633 0.430614
vn -0.869653 -0.314951 0.380144
vn -0.688828 -0.315315 0.652757
vn -0.743507 -0.287927 0.603568
vn -0.581927 -0.279158 0.763827
vn -0.631814 -0.248640 0.734159
vn -0.549802 -0.249883 0.797042
vn -0.537349 -0.262891 0.801339
vn -0.990020 -0.134794 0.041119
vn -0.969947 -0.230654 0.077475
vn -0.967775 -0.234779 0.091051
vn -0.954301 -0.298787 -0.006020
vn -0.945411 -0.322119 0.049372
vn -0.937511 -0.344140 -0.051385
vn -0.898336 -0.418266 0.134332
vn -0.935962 -0.349934 0.038999
vn -0.843994 -0.388685 0.369592
vn -0.887550 -0.352248 0.296945
vn -0.721541 -0.368231 0.586331
vn -0.792671 -0.329231 0.513108
vn -0.615465 -0.330310 0.715611
vn -0.699132 -0.292106 0.652601
vn -0.545661 -0.289010 0.786592
vn -0.615704 -0.235319 0.752020
vn -0.526449 -0.251181 0.812256
vn -0.523959 -0.269040 0.808137
vn -0.652709 -0.238527 0.719080
vn -0.653157 -0.235566 0.719649
vn -0.551800 -0.237000 0.799592
vn -0.523666 -0.248579 0.814851
vn -0.453412 -0.216856 0.864518
vn -0.382728 -0.215788 0.898307
vn -0.321673 -0.206723 0.924009
vn -0.317608 -0.207775 0.925178
vn -0.176621 -0.202377 0.963249
vn -0.207135 -0.191695 0.959348
vn -0.148606 -0.194388 0.969603
vn -0.049522 0.004634 -0.998762
vn -0.779361 0.041210 -0.625219
vn -0.046573 0.253918 -0.966104
vn 0.019296 0.342327 -0.939383
vn -0.954664 -0.102435 -0.279506
vn -0.991149 -0.132751 -0.000469
vn -0.999125 -0.041805 0.000806
vn -0.999224 -0.039398 -0.000003
vn -0.999705 -0.012916 0.020582
vn -0.954830 -0.294219 -0.041650
vn -0.927383 -0.241284 -0.285905
vn -0.782087 0.262734 -0.565076
vn -0.636175 0.294614 -0.713081
vn -0.233523 0.477503 -0.847029
vn -0.328831 0.361348 -0.872524
vn -0.326882 0.339097 -0.882134
vn -0.502939 0.325299 -0.800770
vn -0.089685 0.431397 -0.897693
vn -0.116808 0.420010 -0.899971
vn 0.011032 0.509569 -0.860359
vn -0.020657 0.463760 -0.885720
vn -0.019766 0.446551 -0.894540
vn -0.053888 0.474687 -0.878503
vn 0.014720 0.390605 -0.920441
vn -0.072853 0.427875 -0.900897
vn 0.057093 0.348520 -0.935561
vn -0.146807 0.396448 -0.906243
vn -0.085560 0.317501 -0.944390
vn 0.024282 0.481503 -0.876108
vn 0.001652 0.452377 -0.891825
vn -0.021950 0.453861 -0.890802
vn 0.042732 0.408191 -0.911896
vn 0.013065 0.496119 -0.868156
vn 0.000869 0.079357 -0.996846
vn 0.006884 0.074937 -0.997164
vn -0.018307 0.300999 -0.953449
vn 0.020306 0.249512 -0.968159
vn 0.053992 0.120748 -0.991214
vn 0.002959 0.109380 -0.993996
vn 0.015740 0.101884 -0.994672
vn -0.046994 0.128524 -0.990592
vn 0.009774 0.050225 -0.998690
vn -0.101239 -0.202576 -0.974019
vn -0.210260 -0.158904 -0.964645
vn -0.051752 -0.119673 -0.991464
vn -0.047637 -0.124423 -0.991085
vn -0.135631 -0.009904 -0.990710
vn -0.015880 -0.044518 -0.998882
vn -0.005870 -0.053639 -0.998543
vn -0.023705 -0.074049 -0.996973
vn -0.064751 -0.009169 -0.997859
vn 0.014422 0.050574 -0.998616
vn 0.012247 0.049883 -0.998680
vn -0.435452 -0.533597 -0.725021
vn -0.910868 -0.412698 -0.000668
vn -0.912186 -0.409776 -0.000128
vn -0.911536 -0.411221 0.000746
vn -0.911821 -0.410588 -0.000052
vn -0.911551 -0.411187 0.000141
vn -0.912238 -0.409659 0.001110
vn -0.894990 -0.446001 0.008786
vn -0.896415 -0.443184 0.005263
vn -0.920265 -0.390875 -0.018150
vn -0.923411 -0.382076 -0.036461
vn -0.937533 -0.342638 -0.060256
vn -0.905628 -0.424036 -0.005645
vn -0.898733 -0.438488 -0.002538
vn -0.896229 -0.443592 0.000146
vn -0.868930 -0.486730 -0.089752
vn -0.864554 -0.500806 -0.041714
vn -0.893108 -0.445932 -0.059191
vn -0.897088 -0.431267 -0.096131
vn -0.984387 -0.175752 0.009647
vn -0.976870 -0.213804 0.003496
vn -0.960424 -0.278460 0.006796
vn -0.964175 -0.264934 0.013329
vn -0.948880 -0.315587 0.005569
vn -0.996571 -0.081567 -0.013876
vn -0.988281 -0.149347 0.031572
vn -0.992507 -0.122083 0.005044
vn -0.977092 -0.212818 -0.000277
vn -0.973914 -0.226110 0.019148
vn -0.967913 -0.248395 -0.038012
vn -0.941105 -0.338114 -0.000744
vn -0.938659 -0.344674 0.010927
vn -0.929024 -0.370006 -0.003263
vn -0.929406 -0.342948 -0.136346
vn -0.918541 -0.380574 -0.106988
vn -0.906959 -0.405818 -0.112862
vn -0.852117 -0.465664 -0.238858
vn -0.852886 -0.464410 -0.238555
vn -0.180928 0.414289 -0.891981
vn -0.245711 0.456138 -0.855315
vn -0.122695 0.296671 -0.947065
vn -0.344470 0.329616 -0.879030
vn -0.189079 0.112442 -0.975503
vn -0.430713 0.131518 -0.892855
vn -0.786970 -0.469177 -0.400687
vn -0.749892 -0.484852 -0.450090
vn -0.730624 -0.508959 -0.455136
vn -0.478862 0.284374 -0.830556
vn -0.585568 -0.053313 -0.808868
vn -0.522167 0.062397 -0.850558
vn -0.755027 -0.367996 -0.542691
vn -0.800115 -0.435732 -0.412254
vn -0.869543 -0.315889 -0.379618
vn -0.876923 -0.335020 -0.344626
vn -0.906547 -0.339846 -0.250355
vn -0.912113 -0.348665 -0.215599
vn -0.933389 -0.332950 -0.133899
vn -0.946602 0.115019 -0.301189
vn -0.972565 0.047656 -0.227699
vn -0.909019 0.092301 -0.406404
vn -0.906675 0.095901 -0.410783
vn -0.764150 0.161941 -0.624380
vn -0.646040 0.262765 -0.716650
vn -0.648694 0.268958 -0.711940
vn -0.467317 0.371179 -0.802397
vn -0.981581 0.018708 -0.190129
vn -0.675789 0.105307 -0.729534
vn -0.966930 -0.019709 -0.254280
vn -0.966028 -0.062005 -0.250890
vn -0.908840 0.112764 -0.401615
vn -0.938482 -0.125705 -0.321636
vn -0.799073 0.098362 -0.593134
vn -0.881181 -0.137849 -0.452236
vn -0.672921 0.107817 -0.731815
vn -0.782456 -0.131377 -0.608689
vn -0.543295 0.097493 -0.833862
vn -0.664905 -0.138489 -0.733977
vn -0.401425 0.087538 -0.911699
vn -0.932882 -0.298442 -0.201650
vn -0.927687 -0.259688 -0.268251
vn -0.904512 -0.317244 -0.284980
vn -0.897346 -0.291068 -0.331736
vn -0.804000 -0.263441 -0.533088
vn -0.771506 -0.219239 -0.597254
vn -0.699577 -0.334644 -0.631352
vn 0.024686 0.481639 -0.876022
vn 0.068244 0.429266 -0.900596
vn 0.033072 0.413987 -0.909682
vn 0.016918 0.292856 -0.956007
vn 0.044285 0.309571 -0.949845
vn -0.008439 0.206577 -0.978394
vn 0.029193 0.233325 -0.971960
vn -0.007345 0.090630 -0.995858
vn -0.942618 -0.162752 -0.291520
vn -0.954974 -0.251027 -0.158144
vn -0.882329 -0.134618 -0.450970
vn -0.900583 -0.171084 -0.399600
vn -0.786286 -0.123291 -0.605437
vn -0.838056 -0.194863 -0.509599
vn -0.666455 -0.135900 -0.733055
vn -0.604137 -0.075794 -0.793267
vn -0.468261 -0.266421 -0.842467
vn -0.426234 -0.171913 -0.888127
vn -0.327641 -0.085288 -0.940945
vn -0.243071 -0.370777 -0.896349
vn -0.491003 -0.289570 -0.821623
vn -0.323822 -0.466705 -0.822998
vn -0.512877 -0.315773 -0.798276
vn -0.407221 -0.554538 -0.725713
vn -0.422956 -0.541033 -0.726905
vn -0.831027 -0.543676 -0.117521
vn -0.800838 -0.585236 -0.127115
vn -0.854749 -0.489314 -0.173138
vn -0.756896 -0.598922 -0.261535
vn -0.816136 -0.535260 -0.217757
vn -0.695250 -0.611698 -0.377429
vn -0.769247 -0.513551 -0.380163
vn -0.587444 -0.632713 -0.504564
vn -0.656002 -0.421488 -0.626106
vn -0.644698 -0.438373 -0.626253
vn -0.603334 -0.395102 -0.692736
vn -0.598680 -0.400620 -0.693604
vn -0.590638 -0.219814 -0.776421
vn -0.423143 -0.226124 -0.877392
vn -0.432346 -0.214642 -0.875789
vn -0.403564 -0.188405 -0.895343
vn -0.181245 -0.263867 -0.947378
vn 0.021579 0.440476 -0.897505
vn 0.007214 0.445607 -0.895200
vn 0.078485 0.356183 -0.931114
vn -0.053524 0.433082 -0.899764
vn 0.065730 0.279923 -0.957770
vn -0.062454 0.352504 -0.933724
vn 0.049742 0.203237 -0.977865
vn -0.076031 0.271188 -0.959519
vn -0.022212 0.198925 -0.979763
vn -0.124282 0.123839 -0.984489
vn -0.068181 0.048095 -0.996513
vn -0.197348 0.106292 -0.974554
vn -0.165239 -0.117119 -0.979275
vn -0.132904 -0.157368 -0.978556
vn -0.197610 -0.219821 -0.955316
vn -0.175253 -0.257951 -0.950131
vn -0.204656 -0.346695 -0.915379
vn -0.295450 -0.421661 -0.857270
vn -0.316595 -0.469186 -0.824398
vn -0.321605 -0.464271 -0.825241
vn 0.972345 0.124863 0.197369
vn 0.977431 0.201074 0.064797
vn 0.798660 0.501339 -0.332868
vn 0.241199 0.455176 -0.857110
vn 0.514394 0.675436 -0.528379
vn 0.016616 0.819208 -0.573255
vn 0.787542 -0.210430 0.579221
vn 0.560263 -0.177186 0.809142
vn 0.359402 -0.259618 0.896342
vn 0.810268 -0.081862 0.580314
vn 0.956416 0.004448 -0.291972
vn 0.040603 0.117305 -0.992266
vn 0.059190 0.019381 -0.998059
vn 0.072196 0.085154 -0.993749
vn 0.137931 0.104005 -0.984966
vn 0.176296 0.076520 -0.981358
vn 0.242659 0.103761 -0.964547
vn 0.343049 0.038764 -0.938517
vn 0.289450 0.130972 -0.948190
vn 0.439755 0.048531 -0.896805
vn 0.400312 0.115754 -0.909039
vn 0.530906 0.057440 -0.845482
vn 0.505868 0.100023 -0.856792
vn 0.561365 0.083028 -0.823393
vn 0.615499 0.073586 -0.784695
vn 0.609121 0.083534 -0.788666
vn 0.692991 0.071514 -0.717390
vn 0.694801 0.068409 -0.715942
vn 0.762478 0.075447 -0.642600
vn 0.738257 0.114417 -0.664744
vn 0.824744 -0.017941 -0.565221
vn 0.772325 0.152513 -0.616647
vn 0.877814 -0.026829 -0.478250
vn 0.838546 0.127881 -0.529610
vn 0.920615 0.065780 -0.384891
vn 0.906479 0.037415 -0.420590
vn 0.878393 0.070624 -0.472693
vn 0.980137 0.036324 -0.194968
vn 0.967146 0.037704 -0.251411
vn 0.945297 0.064174 -0.319836
vn 0.999031 0.041402 -0.014929
vn 0.996305 0.056727 -0.064488
vn 0.996032 0.058623 -0.066967
vn 0.991979 0.026721 -0.123543
vn 0.980452 0.034519 -0.193706
vn 0.998507 0.034818 0.042079
vn 0.989543 -0.036963 0.139418
vn 0.995850 0.069245 0.059061
vn 0.971805 -0.031901 0.233617
vn 0.983659 0.034456 0.176711
vn 0.944920 -0.029446 0.325975
vn 0.956416 0.005205 0.291962
vn 0.909341 -0.028575 0.415069
vn 0.915044 -0.017978 0.402954
vn 0.858733 0.006606 0.512381
vn 0.752584 -0.074363 0.654284
vn 0.794859 -0.014708 0.606616
vn 0.556630 -0.033705 0.830076
vn 0.575440 -0.025541 0.817445
vn 0.584915 -0.020272 0.810841
vn 0.629497 -0.048281 0.775501
vn 0.690751 -0.036976 0.722147
vn 0.711984 -0.047471 0.700589
vn 0.752631 -0.034409 0.657542
vn 0.254556 -0.013571 0.966963
vn 0.309335 -0.038926 0.950156
vn 0.365101 -0.036223 0.930263
vn 0.425535 -0.025382 0.904586
vn 0.430080 -0.029316 0.902315
vn 0.514182 -0.044710 0.856515
vn 0.014873 -0.058462 0.998179
vn 0.122920 -0.049383 0.991187
vn 0.075250 -0.038273 0.996430
vn 0.121647 -0.027597 0.992190
vn 0.134165 -0.030705 0.990483
vn 0.206078 -0.038333 0.977784
vn 0.017462 -0.183501 0.982864
vn 0.051116 -0.191751 0.980112
vn 0.297038 -0.211940 0.931048
vn 0.152889 -0.207415 0.966232
vn 0.163769 -0.204935 0.964977
vn 0.084309 -0.191284 0.977907
vn 0.048236 -0.192158 0.980178
vn 0.723852 -0.172168 0.668129
vn 0.638433 -0.200903 0.742995
vn 0.640968 -0.199712 0.741131
vn 0.576893 -0.206082 0.790395
vn 0.476890 -0.239296 0.845762
vn 0.849129 -0.109233 0.516767
vn 0.874458 -0.206102 0.439141
vn 0.919750 -0.105413 0.378084
vn 0.988117 -0.010462 0.153344
vn 0.978010 -0.038414 0.204990
vn 0.991039 -0.093794 0.095101
vn 0.993563 0.111800 0.018242
vn 0.970148 0.119278 -0.211155
vn 0.955350 0.161858 -0.247202
vn 0.711508 0.360360 -0.603239
vn 0.657769 0.295078 -0.693014
vn 0.551671 0.412580 -0.724870
vn 0.443569 0.449853 -0.775164
vn 0.059645 0.519074 -0.852646
vn 0.124076 0.522082 -0.843822
vn 0.183258 0.447887 -0.875108
vn 0.243968 0.516274 -0.820939
vn 0.293039 0.441229 -0.848201
vn -0.023983 0.573386 -0.818934
vn -0.022873 0.573434 -0.818932
vn 0.001118 0.563000 -0.826456
vn -0.011733 0.551037 -0.834398
vn 0.033408 0.552707 -0.832706
vn -0.022694 0.573559 -0.818850
vn -0.012257 0.578320 -0.815718
vn -0.012284 0.578340 -0.815703
vn -0.007986 0.623519 -0.781768
vn 0.078092 0.756943 -0.648798
vn -0.000796 0.728035 -0.685539
vn 0.066300 0.818863 -0.570147
vn -0.011331 0.797513 -0.603196
vn 0.064247 0.858254 -0.509188
vn 0.044561 0.854893 -0.516888
vn 0.017065 0.882404 -0.470182
vn 0.018647 0.882586 -0.469781
vn 0.004640 0.868755 -0.495221
vn 0.017128 0.870516 -0.491842
vn 0.043369 0.375152 -0.925948
vn 0.044847 0.452804 -0.890482
vn 0.065778 0.474791 -0.877637
vn 0.027338 0.572195 -0.819662
vn 0.107254 0.673005 -0.731820
vn 0.286830 0.801719 -0.524381
vn 0.475939 0.740947 -0.473792
vn 0.436000 0.742368 -0.508718
vn 0.552179 0.700712 -0.451776
vn 0.513069 0.703854 -0.491273
vn 0.627579 0.654297 -0.421947
vn 0.322787 0.803366 -0.500411
vn 0.355063 0.732858 -0.580388
vn 0.362551 0.736755 -0.570744
vn 0.390850 0.659833 -0.641760
vn 0.393239 0.661383 -0.638699
vn 0.422214 0.558493 -0.714017
vn 0.418966 0.555975 -0.717886
vn 0.444034 0.426636 -0.787919
vn 0.433985 0.418013 -0.798074
vn 0.560001 0.596504 -0.574962
vn 0.583793 0.613873 -0.531362
vn 0.618809 0.596503 -0.511136
vn 0.612076 0.596933 -0.518686
vn 0.690968 0.553146 -0.465395
vn 0.685767 0.553790 -0.472272
vn 0.760393 0.503916 -0.409720
vn 0.916187 0.363949 -0.167757
vn 0.805968 0.392657 -0.442986
vn 0.800902 0.386090 -0.457702
vn 0.741317 0.432558 -0.513170
vn 0.736032 0.426831 -0.525426
vn 0.671346 0.468718 -0.574107
vn 0.665770 0.463411 -0.584808
vn 0.594705 0.501749 -0.628152
vn 0.589268 0.497044 -0.636954
vn 0.606318 0.372267 -0.702706
vn 0.618700 0.383779 -0.685510
vn 0.682874 0.346493 -0.643138
vn 0.695000 0.358664 -0.623165
vn 0.752437 0.318441 -0.576570
vn 0.763674 0.330993 -0.554297
vn 0.815266 0.287349 -0.502764
vn 0.825493 0.300599 -0.477705
vn 0.869945 0.254627 -0.422327
vn 0.895882 0.300238 -0.327493
vn 0.674124 0.605356 -0.423203
vn 0.808802 0.511832 -0.289599
vn 0.853076 0.423616 -0.304648
vn 0.921867 0.339044 -0.187647
vn 0.951653 0.239333 -0.192551
vn 0.959157 0.216874 -0.181616
vn 0.918619 0.371297 -0.135193
vn 0.940953 0.310913 -0.133943
vn 0.941688 0.321276 -0.100029
vn 0.977637 0.185544 -0.098990
vn 0.969202 0.194085 -0.151589
vn 0.976390 0.194935 0.093076
vn 0.980805 0.169131 0.097042
vn 0.981518 0.171422 0.085065
vn 0.057819 -0.147392 0.987387
vn 0.112227 -0.156032 0.981356
vn 0.165894 -0.153631 0.974103
vn 0.226264 -0.172039 0.958753
vn 0.302537 -0.164535 0.938829
vn 0.377300 -0.182652 0.907900
vn 0.462357 -0.167593 0.870712
vn 0.529465 -0.179085 0.829214
vn 0.584808 -0.163508 0.794522
vn 0.639021 -0.157134 0.752968
vn 0.669423 -0.145875 0.728419
vn 0.709216 -0.138392 0.691275
vn 0.789696 -0.098343 0.605565
vn 0.807075 -0.097926 0.582272
vn 0.911942 -0.010362 0.410189
vn 0.911505 -0.010460 0.411157
vn 0.969536 0.090707 0.227535
vn 0.958416 0.104184 0.265677
vn 0.977085 0.119825 0.175918
vn 0.992493 0.115733 0.039533
vn 0.990029 0.107955 0.090489
vn 0.987762 0.078167 0.134969
vn 0.980875 0.072123 0.180783
vn 0.972223 0.040278 0.230566
vn 0.961265 0.035760 0.273297
vn 0.945837 0.004328 0.324613
vn 0.911904 -0.002227 0.410398
vn 0.910152 -0.006265 0.414227
vn 0.055753 -0.147722 0.987456
vn 0.026727 -0.091401 0.995455
vn 0.112882 -0.089507 0.989569
vn 0.121274 -0.092801 0.988272
vn 0.229455 -0.087099 0.969414
vn 0.252795 -0.105654 0.961734
vn 0.384966 -0.089733 0.918558
vn 0.421426 -0.117761 0.899184
vn 0.540427 -0.091586 0.836392
vn 0.578395 -0.120804 0.806763
vn 0.647848 -0.096282 0.755661
vn 0.685794 -0.102124 0.720595
vn 0.716603 -0.087939 0.691916
vn 0.750995 -0.091665 0.653914
vn 0.812401 -0.054299 0.580566
vn 0.812557 -0.054440 0.580334
vn 0.864005 -0.054343 0.500542
vn 0.865670 -0.026561 0.499910
vn 0.887329 -0.024468 0.460487
vn -0.011105 0.682271 -0.731015
vn -0.006532 0.686271 -0.727316
vn 0.020795 0.687167 -0.726202
vn -0.006575 0.655845 -0.754867
vn 0.075983 0.659800 -0.747589
vn 0.039170 0.607919 -0.793032
vn 0.181110 0.611424 -0.770298
vn 0.144954 0.542234 -0.827629
vn 0.314186 0.537440 -0.782589
vn 0.260484 0.500570 -0.825577
vn 0.380176 0.492001 -0.783199
vn 0.397915 0.434582 -0.807962
vn -0.003255 0.761047 -0.648689
vn 0.007827 0.768539 -0.639755
vn 0.045083 0.769236 -0.637372
vn 0.014758 0.738753 -0.673815
vn 0.106619 0.741677 -0.662229
vn 0.066693 0.690968 -0.719802
vn 0.211976 0.692317 -0.689756
vn 0.174339 0.624794 -0.761077
vn 0.342694 0.617764 -0.707763
vn 0.285560 0.582537 -0.760991
vn 0.447072 0.566317 -0.692396
vn 0.390476 0.530380 -0.752480
vn 0.608181 0.490164 -0.624384
vn 0.596609 0.399346 -0.696118
vn 0.844866 0.306341 -0.438585
vn 0.835865 0.162206 -0.524422
vn 0.867320 0.210138 -0.451219
vn 0.224180 0.839240 -0.495399
vn 0.266167 0.841518 -0.470108
vn 0.205719 0.850374 -0.484297
vn 0.216394 0.822838 -0.525463
vn 0.247539 0.825462 -0.507284
vn 0.271941 0.757439 -0.593578
vn 0.279677 0.761367 -0.584895
vn 0.301705 0.684876 -0.663264
vn 0.305194 0.687078 -0.659378
vn 0.328324 0.581555 -0.744310
vn 0.326931 0.580498 -0.745747
vn 0.347177 0.444166 -0.825945
vn 0.339728 0.437840 -0.832395
vn 0.245303 0.458678 -0.854073
vn 0.231642 0.600920 -0.765008
vn 0.230928 0.600382 -0.765646
vn 0.215349 0.707571 -0.673029
vn 0.210933 0.704802 -0.677319
vn 0.196400 0.780249 -0.593834
vn 0.188987 0.776487 -0.601125
vn 0.173323 0.841666 -0.511428
vn 0.148735 0.838655 -0.523961
vn 0.139827 0.873052 -0.467149
vn 0.123100 0.871323 -0.475018
vn 0.891339 0.377068 -0.251662
vn 0.904237 0.391728 -0.170012
vn 0.735687 0.532570 -0.418491
vn 0.767496 0.552621 -0.324901
vn 0.577692 0.650921 -0.492517
vn 0.648566 0.642307 -0.408416
vn 0.484184 0.704745 -0.518556
vn 0.800330 -0.180940 0.571605
vn 0.770760 -0.164718 0.615465
vn 0.912550 -0.081536 0.400754
vn 0.909584 -0.079697 0.407804
vn 0.990375 0.035582 0.133759
vn 0.983429 0.043099 0.176099
vn 0.974907 0.180214 -0.130690
vn 0.980179 0.194174 -0.039325
vn 0.858010 0.350098 -0.375833
vn 0.892290 0.375029 -0.251340
vn 0.656037 0.515380 -0.551361
vn 0.722955 0.551451 -0.416220
vn 0.468121 0.639810 -0.609513
vn 0.585873 0.640190 -0.496899
vn 0.367279 0.691725 -0.621790
vn 0.489320 0.698116 -0.522685
vn 0.260133 0.735593 -0.625487
vn 0.357801 0.776344 -0.518911
vn 0.142438 0.798093 -0.585457
vn 0.229038 0.830790 -0.507277
vn 0.068160 0.839693 -0.538767
vn 0.126515 0.860022 -0.494323
vn 0.059327 0.863131 -0.501483
vn 0.057957 0.877765 -0.475572
vn 0.079545 0.880759 -0.466837
vn 0.083192 0.849444 -0.521080
vn 0.099527 0.852080 -0.513862
vn 0.106399 0.789903 -0.603930
vn 0.112837 0.793237 -0.598366
vn 0.119258 0.719226 -0.684465
vn 0.124311 0.722429 -0.680179
vn 0.131082 0.614369 -0.778054
vn 0.134017 0.616606 -0.775782
vn 0.139508 0.469630 -0.871771
vn 0.139338 0.469482 -0.871878
vn 0.950886 0.187631 -0.246190
vn 0.897312 0.269566 -0.349522
vn 0.873519 0.350720 -0.337581
vn 0.896215 0.298657 -0.328029
vn 0.852313 0.422330 -0.308544
vn 0.758100 0.504376 -0.413387
vn 0.705025 0.599152 -0.379416
vn 0.591052 0.659090 -0.465035
vn 0.561827 0.699867 -0.441063
vn 0.500412 0.722253 -0.477430
vn 0.350926 0.785339 -0.509994
vn 0.406844 0.785179 -0.466874
vn 0.345265 0.800022 -0.490669
vn 0.360196 0.774976 -0.519298
vn 0.399109 0.775216 -0.489645
vn 0.437591 0.702921 -0.560728
vn 0.444396 0.706653 -0.550594
vn 0.477247 0.630124 -0.612519
vn 0.478536 0.631006 -0.610602
vn 0.511381 0.531752 -0.675077
vn 0.506731 0.527988 -0.681507
vn 0.534830 0.406451 -0.740780
vn 0.523111 0.396099 -0.754626
vn 0.020866 0.845628 -0.533365
vn 0.014373 0.821071 -0.570645
vn 0.072045 0.821202 -0.566071
vn 0.041206 0.793620 -0.607017
vn 0.144339 0.793872 -0.590706
vn 0.104391 0.747704 -0.655775
vn 0.254666 0.743753 -0.618042
vn 0.218166 0.681804 -0.698245
vn 0.385258 0.668412 -0.636240
vn 0.328435 0.637896 -0.696576
vn 0.487764 0.614996 -0.619570
vn 0.433323 0.584808 -0.685733
vn 0.641522 0.535249 -0.549508
vn 0.633372 0.454208 -0.626526
vn 0.855874 0.354271 -0.376791
vn 0.856306 0.282715 -0.432219
vn 0.980423 0.155577 -0.120692
vn 0.980638 0.060970 -0.186099
vn 0.993176 0.084004 -0.080894
vn 0.996677 0.049284 -0.064858
vn 0.991475 -0.065349 -0.112727
vn 0.044784 0.278997 -0.959247
vn 0.059034 0.292023 -0.954588
vn 0.137800 0.286644 -0.948075
vn 0.142004 0.290462 -0.946291
vn 0.239757 0.276362 -0.930667
vn 0.249823 0.285248 -0.925323
vn 0.338369 0.265273 -0.902849
vn 0.353048 0.278024 -0.893342
vn 0.432712 0.253312 -0.865213
vn 0.450760 0.268981 -0.851155
vn 0.522077 0.240403 -0.818317
vn 0.542154 0.258148 -0.799643
vn 0.605687 0.226361 -0.762827
vn 0.626482 0.245474 -0.739772
vn 0.682728 0.210984 -0.699549
vn 0.703066 0.230887 -0.672599
vn 0.752623 0.193946 -0.629241
vn 0.771625 0.214291 -0.598894
vn 0.815134 0.174836 -0.552258
vn 0.832406 0.195768 -0.518435
vn 0.869404 0.154570 -0.469302
vn 0.884366 0.175944 -0.432367
vn 0.914708 0.133686 -0.381364
vn 0.926757 0.155128 -0.342136
vn 0.950613 0.112163 -0.289404
vn 0.959336 0.133343 -0.248785
vn 0.976806 0.089975 -0.194306
vn 0.981991 0.110743 -0.153070
vn 0.997860 0.035169 -0.055126
vn 0.986353 0.154592 -0.056652
vn 0.989288 0.145935 -0.003544
vn 0.974105 0.225959 -0.007911
vn 0.974767 0.223144 0.006032
vn 0.965513 0.260347 0.001726
vn 0.963326 0.266929 -0.027431
vn 0.966454 0.255596 -0.025240
vn 0.970168 0.235755 0.056514
vn 0.974226 0.220513 -0.047521
vn 0.974307 0.091214 0.205925
vn 0.983200 0.082911 0.162614
vn 0.908720 -0.037280 0.415738
vn 0.916502 -0.042303 0.397787
vn 0.781187 -0.135663 0.609378
vn 0.779675 -0.134823 0.611498
vn 0.660156 -0.182161 0.728706
vn 0.646735 -0.181501 0.740805
vn 0.575360 -0.201934 0.792580
vn 0.553773 -0.199874 0.808323
vn 0.451513 -0.221500 0.864334
vn 0.423666 -0.206817 0.881892
vn 0.251002 -0.227761 0.940810
vn 0.000000 -1.000000 -0.000000
vn -0.000000 -1.000000 0.000000
vn 0.000000 -1.000000 -0.000000
vn -0.000000 -1.000000 0.000000
vn 0.000000 -1.000000 -0.000000
vn -0.000000 -1.000000 0.000000
vn 0.000000 -1.000000 -0.000000
vn 0.000000 -1.000000 -0.000000
vn 0.000000 -1.000000 0.000000
vn 0.000000 -1.000000 -0.000000
vn 0.000000 -1.000000 0.000000
vn 0.000000 -1.000000 -0.000000
vn 0.000000 -1.000000 0.000000
vn 0.000000 -1.000000 -0.000000
vn 0.000000 -1.000000 0.000000
vn 0.000000 -1.000000 -0.000000
vn 0.000000 -1.000000 0.000000
vn 0.000000 -1.000000 -0.000000
vn 0.000000 -1.000000 0.000000
vn 0.000000 -1.000000 -0.000000
vn 0.000000 -1.000000 0.000000
vn 0.000000 -1.000000 0.000000
vn 0.000000 -1.000000 0.000000
vn 0.000000 -1.000000 0.000000
vn 0.000000 -1.000000 0.000000
vn 0.000000 -1.000000 0.000000
vn 0.000000 -1.000000 0.000000
vn 0.000000 -1.000000 0.000000
vn 0.000000 -1.000000 0.000000
vn 0.000000 -1.000000 0.000000
vn 0.000000 -1.000000 0.000000
vn 0.000000 -1.000000 0.000000
vn 0.000000 -1.000000 0.000000
vn 0.000000 -1.000000 0.000000
vn -0.000000 -1.000000 0.000000
vn 0.000000 -1.000000 0.000000
vn -0.000000 -1.000000 0.000000
vn 0.000000 -1.000000 0.000000
vn -0.000000 -1.000000 0.000000
vn 0.000000 -1.000000 0.000000
vn -0.000000 -1.000000 0.000000
vn 0.000000 -1.000000 0.000000
vn -0.000000 -1.000000 0.000000
vn 0.000000 -1.000000 0.000000
vn -0.000000 -1.000000 0.000000
vn -0.000000 -1.000000 0.000000
vn 0.000000 -1.000000 -0.000000
vn -0.000000 -1.000000 0.000000
vn 0.000000 -1.000000 -0.000000
vn -0.000000 -1.000000 0.000000
vn 0.000000 -1.000000 -0.000000
vn -0.000000 -1.000000 0.000000
vn -0.332437 0.730643 -0.596361
vn -0.961162 0.226104 -0.158253
vn -0.993027 0.117446 -0.010153
vn -0.904715 0.258347 -0.338745
vn -0.948556 0.190277 -0.253056
vn -0.279852 0.812707 -0.511068
vn -0.058875 0.863229 -0.501368
vn -0.974938 0.012041 0.222149
vn -0.948605 -0.022267 0.315679
vn -0.776698 0.286037 -0.561180
vn 0.023058 0.573609 -0.818805
vn 0.022690 0.573655 -0.818782
vn 0.010706 0.551316 -0.834227
vn -0.084862 0.521067 -0.849286
vn -0.068821 0.520637 -0.851000
vn -0.052467 0.515216 -0.855453
vn -0.446660 0.460843 -0.766889
vn -0.732060 0.362844 -0.576569
vn -0.882109 0.213035 -0.420119
vn -0.890618 0.219634 -0.398197
vn -0.939296 0.168571 -0.298844
vn -0.976220 0.106031 -0.189083
vn -0.994322 -0.012740 -0.105648
vn -0.997665 0.023029 -0.064304
vn -0.976195 -0.041644 0.212859
vn -0.985432 -0.054593 0.161071
vn -0.755638 -0.266837 0.598171
vn -0.828548 -0.153486 0.538470
vn -0.912687 -0.102827 0.395510
vn -0.886580 -0.174150 0.428541
vn -0.948015 -0.078582 0.308370
vn -0.555301 -0.207605 0.805321
vn -0.603239 -0.220699 0.766417
vn -0.316806 -0.219085 0.922841
vn -0.307679 -0.221290 0.925400
vn -0.206477 -0.207018 0.956301
vn -0.148005 -0.213488 0.965669
vn -0.174046 -0.209293 0.962239
vn -0.103223 -0.192739 0.975806
vn -0.056120 -0.193519 0.979490
vn -0.032130 -0.183436 0.982506
vn -0.230096 -0.030910 0.972677
vn -0.172024 -0.034525 0.984488
vn -0.014977 -0.058462 0.998177
vn -0.075149 -0.053495 0.995736
vn -0.309574 0.003322 0.950869
vn -0.269361 -0.034331 0.962427
vn -0.365077 -0.037658 0.930215
vn -0.430018 -0.031473 0.902271
vn -0.438859 -0.024740 0.898215
vn -0.525563 -0.047947 0.849402
vn -0.575362 -0.030907 0.817315
vn -0.557699 -0.039059 0.829124
vn -0.629561 -0.046437 0.775562
vn -0.712277 -0.037506 0.700896
vn -0.753058 -0.000100 0.657954
vn -0.733438 -0.020633 0.679444
vn -0.794083 -0.046134 0.606056
vn -0.821134 -0.028490 0.570023
vn -0.858181 -0.036513 0.512048
vn -0.887579 -0.006497 0.460610
vn -0.871494 -0.025125 0.489762
vn -0.914977 -0.021547 0.402931
vn -0.998032 0.020700 0.059196
vn -0.997294 0.043671 -0.059146
vn -0.998717 0.038331 0.033103
vn -0.988869 0.145767 0.029822
vn -0.978260 0.043584 -0.202753
vn -0.955996 0.030072 -0.291834
vn -0.953503 0.040737 -0.298616
vn -0.913908 0.052928 -0.402455
vn -0.919225 0.033335 -0.392319
vn -0.886006 0.059711 -0.459812
vn -0.873850 0.071168 -0.480959
vn -0.857998 0.041885 -0.511942
vn -0.749664 0.095124 -0.654946
vn -0.758808 0.083296 -0.645966
vn -0.711496 0.060193 -0.700108
vn -0.689201 0.087370 -0.719284
vn -0.628931 0.064187 -0.774807
vn -0.612072 0.085848 -0.786129
vn -0.573733 0.081005 -0.815027
vn -0.527796 0.086311 -0.844975
vn -0.524402 0.082131 -0.847500
vn -0.437306 0.087582 -0.895038
vn -0.428955 0.077937 -0.899957
vn -0.363812 0.091624 -0.926955
vn -0.341445 0.101550 -0.934400
vn -0.308579 0.079883 -0.947839
vn -0.241042 0.101703 -0.965171
vn -0.205629 0.076194 -0.975659
vn -0.136918 0.105342 -0.984965
vn -0.133517 0.103398 -0.985638
vn -0.014931 0.019403 -0.999700
vn -0.074966 0.094841 -0.992666
vn -0.079196 0.117037 -0.989965
vn -0.038922 0.073461 -0.996538
vn -0.044439 0.279007 -0.959260
vn -0.026852 0.572201 -0.819673
vn -0.065014 0.621570 -0.780656
vn -0.023795 0.676721 -0.735855
vn -0.056873 0.726898 -0.684387
vn -0.020186 0.759105 -0.650655
vn -0.048602 0.797018 -0.601997
vn -0.014862 0.820574 -0.571347
vn -0.058861 0.854429 -0.516224
vn -0.040280 0.859330 -0.509833
vn -0.004374 0.868755 -0.495222
vn -0.016969 0.870519 -0.491841
vn -0.020716 0.845622 -0.533379
vn -0.013690 0.819239 -0.573288
vn -0.970424 0.117174 0.211064
vn -0.963857 0.014505 0.266027
vn -0.973384 0.065989 0.219476
vn -0.949255 0.008183 0.314400
vn -0.916422 0.001040 0.400212
vn -0.730747 -0.065395 0.679509
vn -0.687126 -0.128714 0.715046
vn -0.819722 -0.051829 0.570411
vn -0.819544 -0.052076 0.570644
vn -0.869983 -0.051290 0.490407
vn -0.914782 -0.002884 0.403938
vn -0.914143 -0.022999 0.404739
vn -0.956422 0.000302 0.291987
vn -0.982345 0.125374 0.138852
vn -0.967293 0.044418 0.249743
vn -0.924951 -0.018491 0.379636
vn -0.912359 -0.045321 0.406874
vn -0.789502 -0.131185 0.599564
vn -0.790736 -0.129740 0.598251
vn -0.610115 -0.199326 0.766831
vn -0.632308 -0.180798 0.753325
vn -0.505247 -0.211947 0.836543
vn -0.514281 -0.171611 0.840276
vn -0.504298 -0.173971 0.845824
vn -0.510827 -0.121723 0.851022
vn -0.554686 -0.090711 0.827100
vn -0.394846 -0.126545 0.909990
vn -0.436535 -0.084638 0.895697
vn -0.241972 -0.109670 0.964065
vn -0.268296 -0.085436 0.959541
vn -0.082848 -0.095946 0.991933
vn -0.145439 -0.029419 0.988930
vn -0.134126 -0.034029 0.990380
vn -0.093319 -0.147305 0.984679
vn -0.060850 -0.159635 0.985299
vn -0.240281 -0.150809 0.958917
vn -0.175555 -0.178862 0.968085
vn -0.392255 -0.155941 0.906542
vn -0.311024 -0.195481 0.930081
vn -0.432122 -0.175353 0.884603
vn -0.424259 -0.217186 0.879110
vn -0.468931 -0.207282 0.858567
vn -0.398033 -0.250572 0.882487
vn -0.461335 -0.223910 0.858507
vn -0.704673 0.518653 -0.484185
vn -0.734564 0.547220 -0.401206
vn -0.601551 0.625837 -0.496452
vn -0.588196 0.637918 -0.497077
vn -0.524939 0.665593 -0.530495
vn -0.511315 0.676862 -0.529542
vn -0.445019 0.700782 -0.557550
vn -0.431497 0.711106 -0.555102
vn -0.362944 0.731061 -0.577773
vn -0.918989 0.343273 -0.193968
vn -0.932375 0.332765 -0.141225
vn -0.847278 0.429287 -0.312783
vn -0.850977 0.423659 -0.310405
vn -0.757505 0.504889 -0.413853
vn -0.753034 0.509468 -0.416391
vn -0.682029 0.556148 -0.474906
vn -0.975575 0.215936 0.040311
vn -0.965882 0.258935 0.004963
vn -0.926007 0.349986 -0.141491
vn -0.898609 0.401434 -0.177070
vn -0.822558 0.482863 -0.300403
vn -0.770939 0.543841 -0.331497
vn -0.711823 0.584502 -0.389442
vn -0.655847 0.628547 -0.418083
vn -0.635020 0.639373 -0.433535
vn -0.573769 0.680539 -0.455692
vn -0.559153 0.686775 -0.464423
vn -0.497914 0.722743 -0.479295
vn -0.481808 0.728429 -0.487085
vn -0.423370 0.758623 -0.495226
vn -0.403546 0.764349 -0.502912
vn -0.633158 0.560444 -0.533867
vn -0.633587 0.559989 -0.533835
vn -0.557143 0.597341 -0.576867
vn -0.556237 0.598225 -0.576825
vn -0.476356 0.630497 -0.612828
vn -0.473819 0.632794 -0.612427
vn -0.391682 0.659660 -0.641432
vn -0.387628 0.663097 -0.640349
vn -0.304098 0.684428 -0.662633
vn -0.230228 0.600488 -0.765774
vn -0.129986 0.617005 -0.776150
vn -0.123712 0.718887 -0.684030
vn -0.118109 0.723000 -0.680677
vn -0.112417 0.789523 -0.603337
vn -0.105238 0.793878 -0.598901
vn -0.099260 0.848638 -0.519578
vn -0.082162 0.853265 -0.514964
vn -0.804828 0.318084 -0.501073
vn -0.828846 0.273390 -0.488131
vn -0.742822 0.345628 -0.573373
vn -0.766183 0.306883 -0.564612
vn -0.674188 0.370864 -0.638694
vn -0.696753 0.336886 -0.633280
vn -0.598840 0.393454 -0.697556
vn -0.619565 0.364760 -0.695047
vn -0.517076 0.413548 -0.749407
vn -0.534809 0.390755 -0.749193
vn -0.429456 0.431298 -0.793441
vn -0.443269 0.414688 -0.794699
vn -0.336628 0.446737 -0.828920
vn -0.345936 0.436197 -0.830699
vn -0.239299 0.459698 -0.855227
vn -0.243964 0.454696 -0.856582
vn -0.138335 0.469721 -0.871909
vn -0.326518 0.580594 -0.745853
vn -0.324643 0.582398 -0.745265
vn -0.420578 0.555405 -0.717383
vn -0.415586 0.560477 -0.716348
vn -0.510226 0.526444 -0.680093
vn -0.502112 0.535217 -0.679283
vn -0.594231 0.494353 -0.634433
vn -0.583425 0.506898 -0.634563
vn -0.671554 0.459623 -0.581173
vn -0.658909 0.475544 -0.582835
vn -0.742090 0.422052 -0.520745
vn -0.728349 0.441061 -0.524378
vn -0.807615 0.379683 -0.451219
vn -0.792257 0.403505 -0.457725
vn -0.893043 0.301934 -0.333633
vn -0.042996 0.375159 -0.925963
vn -0.058798 0.292024 -0.954602
vn -0.140938 0.286406 -0.947686
vn -0.136740 0.291007 -0.946899
vn -0.248420 0.274900 -0.928826
vn -0.237751 0.287441 -0.927821
vn -0.351636 0.261808 -0.898782
vn -0.335183 0.282634 -0.898761
vn -0.449623 0.247253 -0.858315
vn -0.428195 0.276582 -0.860321
vn -0.541536 0.231360 -0.808215
vn -0.516160 0.269111 -0.813116
vn -0.626541 0.214177 -0.749383
vn -0.598429 0.259933 -0.757838
vn -0.703874 0.195686 -0.682839
vn -0.674307 0.248776 -0.695285
vn -0.773145 0.175657 -0.609419
vn -0.743279 0.235477 -0.626168
vn -0.834645 0.153316 -0.529020
vn -0.969083 0.143384 -0.200795
vn -0.985095 0.059672 -0.161330
vn -0.941442 0.165365 -0.293840
vn -0.962660 0.082817 -0.257734
vn -0.904652 0.185530 -0.383645
vn -0.930020 0.106227 -0.351821
vn -0.859075 0.203802 -0.469526
vn -0.973402 0.064880 -0.219725
vn -0.986635 0.017577 -0.161997
vn -0.995353 0.051110 -0.081613
vn -0.996830 0.047547 -0.063788
vn -0.980347 0.186224 -0.065113
vn -0.993137 0.080988 0.084382
vn -0.794138 0.045053 -0.606066
vn -0.820512 0.079199 -0.566115
vn -0.805095 0.220398 -0.550678
vn -0.887246 0.129819 -0.442654
vn -0.866755 0.256797 -0.427540
vn -0.888831 0.293057 -0.352275
vn -0.870421 0.353267 -0.342885
vn -0.958429 0.224532 -0.176064
vn -0.952801 0.228419 -0.199988
vn -0.981894 0.156838 -0.106236
vn -0.950075 0.293035 -0.107183
vn -0.972865 0.230823 -0.015968
vn -0.974889 0.219090 0.039893
vn -0.980391 0.181772 0.076111
vn -0.978024 0.124951 0.166901
vn -0.983473 0.048546 0.174424
vn -0.986604 0.105451 0.124472
vn -0.991426 0.026702 0.127914
vn -0.984242 0.001254 0.176825
vn -0.264370 0.842075 -0.470126
vn -0.044660 0.769349 -0.637266
vn -0.040772 0.794070 -0.606458
vn -0.143048 0.794340 -0.590390
vn -0.121416 0.839642 -0.529395
vn -0.247078 0.793605 -0.556006
vn -0.222512 0.839826 -0.495158
vn -0.020458 0.687275 -0.726110
vn -0.014451 0.739231 -0.673297
vn -0.105434 0.742137 -0.661903
vn -0.103027 0.748708 -0.654845
vn -0.251965 0.744922 -0.617742
vn -0.214874 0.796288 -0.565469
vn -0.393708 0.721385 -0.569735
vn -0.208926 0.708615 -0.673955
vn -0.196168 0.775648 -0.599907
vn -0.186678 0.781664 -0.595107
vn -0.173704 0.836275 -0.520069
vn -0.146290 0.844800 -0.514696
vn -0.138887 0.873198 -0.467157
vn -0.079412 0.877179 -0.473551
vn -0.057133 0.881827 -0.468098
vn -0.016591 0.882609 -0.469816
vn -0.018282 0.882387 -0.470169
vn -0.268337 0.763735 -0.587115
vn -0.249039 0.818199 -0.518198
vn -0.211932 0.831349 -0.513754
vn -0.204299 0.850813 -0.484127
vn -0.122271 0.871492 -0.474923
vn -0.131443 0.839281 -0.527570
vn -0.062385 0.863165 -0.501054
vn -0.071504 0.821317 -0.565973
vn -0.017352 0.821262 -0.570287
vn 0.001072 0.768340 -0.640041
vn -0.006100 0.761037 -0.648680
vn 0.010403 0.686226 -0.727314
vn 0.006708 0.682294 -0.731048
vn 0.012263 0.578337 -0.815706
vn 0.012273 0.578344 -0.815700
vn -0.333386 0.498642 -0.800131
vn -0.231693 0.543721 -0.806651
vn -0.141883 0.544038 -0.826978
vn -0.365079 0.579150 -0.728906
vn -0.252885 0.625804 -0.737847
vn -0.171284 0.626625 -0.760265
vn -0.178359 0.612538 -0.770055
vn -0.038015 0.608955 -0.792293
vn -0.058426 0.519356 -0.852558
vn -0.019432 0.552856 -0.833050
vn -0.408974 0.631123 -0.659109
vn -0.293635 0.680257 -0.671587
vn -0.215039 0.683654 -0.697406
vn -0.209309 0.693453 -0.689429
vn -0.065468 0.692003 -0.718920
vn -0.074834 0.660247 -0.747311
vn 0.006799 0.656328 -0.754445
vn -0.001024 0.560511 -0.828146
vn 0.019708 0.572158 -0.819907
vn -0.623548 0.350233 -0.698945
vn -0.623107 0.347529 -0.700686
vn -0.587752 0.404843 -0.700464
vn -0.600239 0.494895 -0.628325
vn -0.390878 0.633598 -0.667659
vn -0.473602 0.522353 -0.709119
vn -0.349538 0.580609 -0.735334
vn -0.433257 0.459226 -0.775500
vn -0.330702 0.498853 -0.801113
vn -0.281130 0.603692 -0.746004
vn -0.285547 0.448155 -0.847125
vn -0.234090 0.473545 -0.849092
vn -0.170003 0.475272 -0.863259
vn -0.175892 0.465930 -0.867163
vn -0.110347 0.514868 -0.850138
vn -0.646359 -0.198988 0.736630
vn -0.706909 -0.179990 0.684020
vn -0.778405 -0.168410 0.604751
vn -0.794661 -0.153878 0.587227
vn -0.914544 -0.079706 0.396555
vn -0.920756 -0.068913 0.384004
vn -0.984411 0.019972 0.174745
vn -0.991453 0.078126 0.104483
vn -0.989880 0.138760 -0.029703
vn -0.949700 0.261772 -0.171885
vn -0.923238 0.295936 -0.245059
vn -0.793458 0.455277 -0.403915
vn -0.772384 0.467460 -0.430006
vn -0.571501 0.616527 -0.541554
vn -0.608561 0.604271 -0.514306
vn -0.510543 0.665596 -0.544360
vn -0.426584 0.684516 -0.591155
vn -0.514731 0.573118 -0.637642
vn -0.634083 0.540060 -0.553420
vn -0.625040 0.459708 -0.630867
vn -0.848980 0.361649 -0.385282
vn -0.848949 0.289908 -0.441858
vn -0.977512 0.163771 -0.132849
vn -0.979138 0.118938 -0.164752
vn -0.997776 0.029235 0.059901
vn -0.997423 0.046868 0.054326
vn -0.631209 -0.045313 0.774288
vn -0.628395 -0.086922 0.773023
vn -0.584531 -0.122072 0.802136
vn -0.578076 -0.167210 0.798667
vn -0.686667 -0.131667 0.714949
vn -0.634763 -0.171248 0.753492
vn -0.815880 -0.083912 0.572100
vn -0.796146 -0.106062 0.595737
vn -0.916133 -0.005587 0.400835
vn -0.917335 -0.003115 0.398104
vn -0.962789 0.074179 0.259874
vn -0.966973 0.090067 0.238433
vn -0.979114 0.144007 0.143518
vn -0.981160 0.123341 0.148702
vn -0.981610 0.189891 0.019584
vn -0.955383 0.285732 -0.074831
vn -0.924896 0.338939 -0.172300
vn -0.849416 0.454054 -0.268938
vn -0.800510 0.493988 -0.339352
vn -0.677427 0.609378 -0.412009
vn -0.664495 0.615915 -0.423197
vn -0.545728 0.687000 -0.479804
vn -0.577560 0.675188 -0.458852
vn -0.455918 0.736506 -0.499698
vn -0.496747 0.724399 -0.478005
vn -0.348014 0.786671 -0.509936
vn -0.403976 0.786496 -0.467148
vn -0.342767 0.801133 -0.490609
vn -0.350403 0.788563 -0.505358
vn -0.325701 0.794272 -0.512885
vn -0.350144 0.740164 -0.574070
vn -0.279765 0.756095 -0.591652
vn -0.298986 0.688524 -0.660713
vn -0.214557 0.704316 -0.676687
vn -0.229307 0.601333 -0.765387
vn -0.133202 0.614167 -0.777853
vn -0.138472 0.469582 -0.871962
vn -0.065603 0.474808 -0.877641
vn -0.044486 0.452810 -0.890497
vn -0.075251 -0.000001 0.997165
vn -0.858754 0.000000 0.512388
vn -0.075304 -0.000000 -0.997161
vn -0.014934 -0.003961 -0.999881
vn 0.000000 -0.005261 -0.999986
vn -0.365348 0.000000 -0.930871
vn -0.309568 0.000000 -0.950877
vn -0.239313 -0.005030 -0.970930
vn -0.206229 -0.001455 -0.978503
vn -0.134236 0.000000 -0.990949
vn -0.430264 -0.001175 -0.902703
vn -0.464717 -0.005107 -0.885444
vn -0.526180 0.000000 -0.850373
vn -0.753079 0.000000 -0.657930
vn -0.712788 0.000000 -0.701379
vn -0.663114 -0.005168 -0.748501
vn -0.630231 -0.000910 -0.776407
vn -0.575625 0.000000 -0.817714
vn -0.794945 -0.000660 -0.606682
vn -0.822973 -0.005214 -0.568057
vn -0.858752 0.000000 -0.512391
vn -0.975457 -0.000058 -0.220188
vn -0.956429 0.000191 -0.291966
vn -0.935003 -0.005244 -0.354600
vn -0.915191 -0.000426 -0.403020
vn -0.887590 0.000000 -0.460634
vn -0.986786 -0.001540 -0.162022
vn -0.992695 -0.005260 -0.120535
vn -0.998246 0.000000 -0.059202
vn -0.887597 0.000000 0.460621
vn -0.915189 -0.000425 0.403026
vn -0.935003 -0.005244 0.354600
vn -0.956422 0.000190 0.291987
vn -0.992709 -0.000395 0.120537
vn -0.984192 -0.010104 0.176816
vn -0.998246 0.000000 0.059208
vn -0.794899 -0.008964 0.606676
vn -0.822983 -0.001134 0.568064
vn -0.753058 -0.000000 0.657954
vn -0.663122 -0.001481 0.748510
vn -0.630219 -0.008409 0.776372
vn -0.712777 -0.000000 0.701391
vn -0.365335 0.000001 0.930876
vn -0.430230 -0.001173 0.902719
vn -0.464717 -0.005108 0.885445
vn -0.526170 -0.000001 0.850380
vn -0.575639 -0.000001 0.817704
vn -0.134204 -0.000001 0.990954
vn -0.172128 -0.000765 0.985074
vn -0.239313 -0.004560 0.970932
vn -0.230204 -0.005673 0.973126
vn -0.309576 0.000001 0.950875
vn 0.075306 -0.000000 0.997160
vn 0.000000 -0.004939 0.999988
vn 0.014898 -0.006556 0.999868
vn -0.014996 -0.003955 0.999880
vn 0.134229 0.000000 0.990950
vn 0.239315 -0.002129 0.970940
vn 0.206224 -0.007359 0.978477
vn 0.556947 -0.000000 0.830548
vn 0.514696 -0.000971 0.857372
vn 0.430251 -0.007878 0.902675
vn 0.464722 -0.001813 0.885455
vn 0.365340 -0.000000 0.930874
vn 0.309569 -0.000000 0.950877
vn 0.575628 0.000000 0.817712
vn 0.663122 -0.001482 0.748510
vn 0.630209 -0.008411 0.776380
vn 0.858751 0.000000 0.512392
vn 0.794913 -0.008960 0.606657
vn 0.822983 -0.001135 0.568065
vn 0.753076 -0.000000 0.657934
vn 0.712788 -0.000000 0.701380
vn 0.887595 0.000000 0.460625
vn 0.935016 -0.000773 0.354605
vn 0.915150 -0.009524 0.403001
vn 0.992695 -0.005260 0.120535
vn 0.984244 -0.000206 0.176816
vn 0.956429 0.000191 0.291966
vn 0.992697 -0.004986 -0.120535
vn 0.992320 -0.005315 -0.123585
vn 0.997911 -0.001072 -0.064592
vn 0.999888 0.000000 -0.014941
vn 0.998246 0.000000 0.059202
vn 0.907114 0.000000 -0.420884
vn 0.947222 -0.007616 -0.320487
vn 0.935014 -0.001973 -0.354605
vn 0.967834 0.000000 -0.251590
vn 0.981037 0.000000 -0.193821
vn 0.880591 0.000000 -0.473876
vn 0.822983 -0.001649 -0.568064
vn 0.845460 -0.008143 -0.533977
vn 0.611258 0.000000 -0.791432
vn 0.696406 -0.008684 -0.717596
vn 0.663122 -0.001310 -0.748510
vn 0.743138 0.000000 -0.669139
vn 0.781467 0.000000 -0.623947
vn 0.563310 0.000000 -0.826246
vn 0.464723 -0.000956 -0.885455
vn 0.508396 -0.009240 -0.861074
vn 0.059201 -0.000102 -0.998246
vn 0.176814 0.000098 -0.984244
vn 0.239312 -0.005254 -0.970928
vn 0.291965 -0.000314 -0.956429
vn 0.403021 0.000279 -0.915191
f 1//1 2//1 3//1
f 4//2 5//2 6//2
f 7//3 8//3 9//3
f 10//4 11//4 12//4
f 13//5 14//5 15//5
f 16//6 17//6 18//6
f 19//7 20//7 21//7
f 22//8 23//8 24//8
f 25//9 26//9 27//9
f 28//10 29//10 30//10
f 31//11 32//11 33//11
f 34//12 35//12 36//12
f 37//13 38//13 39//13
f 40//14 41//14 42//14
f 43//15 44//15 45//15
f 46//16 47//16 48//16
f 49//17 50//17 51//17
f 52//18 53//18 54//18
f 55//19 56//19 57//19
f 58//20 59//20 60//20
f 61//21 62//21 63//21
f 64//22 65//22 66//22
f 67//23 68//23 69//23
f 70//24 71//24 72//24
f 73//25 74//25 75//25
f 76//26 77//26 78//26
f 79//27 80//27 81//27
f 82//28 83//28 84//28
f 85//29 86//29 87//29
f 88//30 89//30 90//30
f 91//31 92//31 93//31
f 94//32 95//32 96//32
f 97//33 98//33 99//33
f 100//34 101//34 102//34
f 103//35 104//35 105//35
f 106//36 107//36 108//36
f 109//37 110//37 111//37
f 112//38 113//38 114//38
f 115//39 116//39 117//39
f 118//40 119//40 120//40
f 121//41 122//41 123//41
f 124//42 125//42 126//42
f 127//43 128//43 129//43
f 130//44 131//44 132//44
f 133//45 134//45 135//45
f 136//46 137//46 138//46
f 139//47 140//47 141//47
f 142//48 143//48 144//48
f 145//49 146//49 147//49
f 148//50 149//50 150//50
f 151//51 152//51 153//51
f 154//52 155//52 156//52
f 157//53 158//53 159//53
f 160//54 161//54 162//54
f 163//55 164//55 165//55
f 166//56 167//56 168//56
f 169//57 170//57 171//57
f 172//58 173//58 174//58
f 175//59 176//59 177//59
f 178//60 179//60 180//60
f 181//61 182//61 183//61
f 184//62 185//62 186//62
f 187//63 188//63 189//63
f 190//64 191//64 192//64
f 193//65 194//65 195//65
f 196//66 197//66 198//66
f 199//67 200//67 201//67
f 202//68 203//68 204//68
f 205//69 206//69 207//69
f 208//70 209//70 210//70
f 211//71 212//71 213//71
f 214//72 215//72 216//72
f 217//73 218//73 219//73
f 220//74 221//74 222//74
f 223//75 224//75 225//75
f 226//76 227//76 228//76
f 229//77 230//77 231//77
f 232//78 233//78 234//78
f 235//79 236//79 237//79
f 238//80 239//80 240//80
f 241//81 242//81 243//81
f 244//82 245//82 246//82
f 247//83 248//83 249//83
f 250//84 251//84 252//84
f 253//85 254//85 255//85
f 256//86 257//86 258//86
f 259//87 260//87 261//87
f 262//88 263//88 264//88
f 265//89 266//89 267//89
f 268//90 269//90 270//90
f 271//91 272//91 273//91
f 274//92 275//92 276//92
f 277//93 278//93 279//93
f 280//94 281//94 282//94
f 283//95 284//95 285//95
f 286//96 287//96 288//96
f 289//97 290//97 291//97
f 292//98 293//98 294//98
f 295//99 296//99 297//99
f 298//100 299//100 300//100
f 301//101 302//101 303//101
f 304//102 305//102 306//102
f 307//103 308//103 309//103
f 310//104 311//104 312//104
f 313//105 314//105 315//105
f 316//106 317//106 318//106
f 319//107 320//107 321//107
f 322//108 323//108 324//108
f 325//109 326//109 327//109
f 328//110 329//110 330//110
f 331//111 332//111 333//111
f 334//112 335//112 336//112
f 337//113 338//113 339//113
f 340//114 341//114 342//114
f 343//115 344//115 345//115
f 346//116 347//116 348//116
f 349//117 350//117 351//117
f 352//118 353//118 354//118
f 355//119 356//119 357//119
f 358//120 359//120 360//120
f 361//121 362//121 363//121
f 364//122 365//122 366//122
f 367//123 368//123 369//123
f 370//124 371//124 372//124
f 373//125 374//125 375//125
f 376//126 377//126 378//126
f 379//127 380//127 381//127
f 382//128 383//128 384//128
f 385//129 386//129 387//129
f 388//130 389//130 390//130
f 391//131 392//131 393//131
f 394//132 395//132 396//132
f 397//133 398//133 399//133
f 400//134 401//134 402//134
f 403//135 404//135 405//135
f 406//136 407//136 408//136
f 409//137 410//137 411//137
f 412//138 413//138 414//138
f 415//139 416//139 417//139
f 418//140 419//140 420//140
f 421//141 422//141 423//141
f 424//142 425//142 426//142
f 427//143 428//143 429//143
f 430//144 431//144 432//144
f 433//145 434//145 435//145
f 436//146 437//146 438//146
f 439//147 440//147 441//147
f 442//148 443//148 444//148
f 445//149 446//149 447//149
f 448//150 449//150 450//150
f 451//151 452//151 453//151
f 454//152 455//152 456//152
f 457//153 458//153 459//153
f 460//154 461//154 462//154
f 463//155 464//155 465//155
f 466//156 467//156 468//156
f 469//157 470//157 471//157
f 472//158 473//158 474//158
f 475//159 476//159 477//159
f 478//160 479//160 480//160
f 481//161 482//161 483//161
f 484//162 485//162 486//162
f 487//163 488//163 489//163
f 490//164 491//164 492//164
f 493//165 494//165 495//165
f 496//166 497//166 498//166
f 499//167 500//167 501//167
f 502//168 503//168 504//168
f 505//169 506//169 507//169
f 508//170 509//170 510//170
f 511//171 512//171 513//171
f 514//172 515//172 516//172
f 517//173 518//173 519//173
f 520//174 521//174 522//174
f 523//175 524//175 525//175
f 526//176 527//176 528//176
f 529//177 530//177 531//177
f 532//178 533//178 534//178
f 535//179 536//179 537//179
f 538//180 539//180 540//180
f 541//181 542//181 543//181
f 544//182 545//182 546//182
f 547//183 548//183 549//183
f 550//184 551//184 552//184
f 553//185 554//185 555//185
f 556//186 557//186 558//186
f 559//187 560//187 561//187
f 562//188 563//188 564//188
f 565//189 566//189 567//189
f 568//190 569//190 570//190
f 571//191 572//191 573//191
f 574//192 575//192 576//192
f 577//193 578//193 579//193
f 580//194 581//194 582//194
f 583//195 584//195 585//195
f 586//196 587//196 588//196
f 589//197 590//197 591//197
f 592//198 593//198 594//198
f 595//199 596//199 597//199
f 598//200 599//200 600//200
f 601//201 602//201 603//201
f 604//202 605//202 606//202
f 607//203 608//203 609//203
f 610//204 611//204 612//204
f 613//205 614//205 615//205
f 616//206 617//206 618//206
f 619//207 620//207 621//207
f 622//208 623//208 624//208
f 625//209 626//209 627//209
f 628//210 629//210 630//210
f 631//211 632//211 633//211
f 634//212 635//212 636//212
f 637//213 638//213 639//213
f 640//214 641//214 642//214
f 643//215 644//215 645//215
f 646//216 647//216 648//216
f 649//217 650//217 651//217
f 652//218 653//218 654//218
f 655//219 656//219 657//219
f 658//220 659//220 660//220
f 661//221 662//221 663//221
f 664//222 665//222 666//222
f 667//223 668//223 669//223
f 670//224 671//224 672//224
f 673//225 674//225 675//225
f 676//226 677//226 678//226
f 679//227 680//227 681//227
f 682//228 683//228 684//228
f 685//229 686//229 687//229
f 688//230 689//230 690//230
f 691//231 692//231 693//231
f 694//232 695//232 696//232
f 697//233 698//233 699//233
f 700//234 701//234 702//234
f 703//235 704//235 705//235
f 706//236 707//236 708//236
f 709//237 710//237 711//237
f 712//238 713//238 714//238
f 715//239 716//239 717//239
f 718//240 719//240 720//240
f 721//241 722//241 723//241
f 724//242 725//242 726//242
f 727//243 728//243 729//243
f 730//244 731//244 732//244
f 733//245 734//245 735//245
f 736//246 737//246 738//246
f 739//247 740//247 741//247
f 742//248 743//248 744//248
f 745//249 746//249 747//249
f 748//250 749//250 750//250
f 751//251 752//251 753//251
f 754//252 755//252 756//252
f 757//253 758//253 759//253
f 760//254 761//254 762//254
f 763//255 764//255 765//255
f 766//256 767//256 768//256
f 769//257 770//257 771//257
f 772//258 773//258 774//258
f 775//259 776//259 777//259
f 778//260 779//260 780//260
f 781//261 782//261 783//261
f 784//262 785//262 786//262
f 787//263 788//263 789//263
f 790//264 791//264 792//264
f 793//265 794//265 795//265
f 796//266 797//266 798//266
f 799//267 800//267 801//267
f 802//268 803//268 804//268
f 805//269 806//269 807//269
f 808//270 809//270 810//270
f 811//271 812//271 813//271
f 814//272 815//272 816//272
f 817//273 818//273 819//273
f 820//274 821//274 822//274
f 823//275 824//275 825//275
f 826//276 827//276 828//276
f 829//277 830//277 831//277
f 832//278 833//278 834//278
f 835//279 836//279 837//279
f 838//280 839//280 840//280
f 841//281 842//281 843//281
f 844//282 845//282 846//282
f 847//283 848//283 849//283
f 850//284 851//284 852//284
f 853//285 854//285 855//285
f 856//286 857//286 858//286
f 859//287 860//287 861//287
f 862//288 863//288 864//288
f 865//289 866//289 867//289
f 868//290 869//290 870//290
f 871//291 872//291 873//291
f 874//292 875//292 876//292
f 877//293 878//293 879//293
f 880//294 881//294 882//294
f 883//295 884//295 885//295
f 886//296 887//296 888//296
f 889//297 890//297 891//297
f 892//298 893//298 894//298
f 895//299 896//299 897//299
f 898//300 899//300 900//300
f 901//301 902//301 903//301
f 904//302 905//302 906//302
f 907//303 908//303 909//303
f 910//304 911//304 912//304
f 913//305 914//305 915//305
f 916//306 917//306 918//306
f 919//307 920//307 921//307
f 922//308 923//308 924//308
f 925//309 926//309 927//309
f 928//310 929//310 930//310
f 931//311 932//311 933//311
f 934//312 935//312 936//312
f 937//313 938//313 939//313
f 940//314 941//314 942//314
f 943//315 944//315 945//315
f 946//316 947//316 948//316
f 949//317 950//317 951//317
f 952//318 953//318 954//318
f 955//319 956//319 957//319
f 958//320 959//320 960//320
f 961//321 962//321 963//321
f 964//322 965//322 966//322
f 967//323 968//323 969//323
f 970//324 971//324 972//324
f 973//325 974//325 975//325
f 976//326 977//326 978//326
f 979//327 980//327 981//327
f 982//328 983//328 984//328
f 985//329 986//329 987//329
f 988//330 989//330 990//330
f 991//331 992//331 993//331
f 994//332 995//332 996//332
f 997//333 998//333 999//333
f 1000//334 1001//334 1002//334
f 1003//335 1004//335 1005//335
f 1006//336 1007//336 1008//336
f 1009//337 1010//337 1011//337
f 1012//338 1013//338 1014//338
f 1015//339 1016//339 1017//339
f 1018//340 1019//340 1020//340
f 1021//341 1022//341 1023//341
f 1024//342 1025//342 1026//342
f 1027//343 1028//343 1029//343
f 1030//344 1031//344 1032//344
f 1033//345 1034//345 1035//345
f 1036//346 1037//346 1038//346
f 1039//347 1040//347 1041//347
f 1042//348 1043//348 1044//348
f 1045//349 1046//349 1047//349
f 1048//350 1049//350 1050//350
f 1051//351 1052//351 1053//351
f 1054//352 1055//352 1056//352
f 1057//353 1058//353 1059//353
f 1060//354 1061//354 1062//354
f 1063//355 1064//355 1065//355
f 1066//356 1067//356 1068//356
f 1069//357 1070//357 1071//357
f 1072//358 1073//358 1074//358
f 1075//359 1076//359 1077//359
f 1078//360 1079//360 1080//360
f 1081//361 1082//361 1083//361
f 1084//362 1085//362 1086//362
f 1087//363 1088//363 1089//363
f 1090//364 1091//364 1092//364
f 1093//365 1094//365 1095//365
f 1096//366 1097//366 1098//366
f 1099//367 1100//367 1101//367
f 1102//368 1103//368 1104//368
f 1105//369 1106//369 1107//369
f 1108//370 1109//370 1110//370
f 1111//371 1112//371 1113//371
f 1114//372 1115//372 1116//372
f 1117//373 1118//373 1119//373
f 1120//374 1121//374 1122//374
f 1123//375 1124//375 1125//375
f 1126//376 1127//376 1128//376
f 1129//377 1130//377 1131//377
f 1132//378 1133//378 1134//378
f 1135//379 1136//379 1137//379
f 1138//380 1139//380 1140//380
f 1141//381 1142//381 1143//381
f 1144//382 1145//382 1146//382
f 1147//383 1148//383 1149//383
f 1150//384 1151//384 1152//384
f 1153//385 1154//385 1155//385
f 1156//386 1157//386 1158//386
f 1159//387 1160//387 1161//387
f 1162//388 1163//388 1164//388
f 1165//389 1166//389 1167//389
f 1168//390 1169//390 1170//390
f 1171//391 1172//391 1173//391
f 1174//392 1175//392 1176//392
f 1177//393 1178//393 1179//393
f 1180//394 1181//394 1182//394
f 1183//395 1184//395 1185//395
f 1186//396 1187//396 1188//396
f 1189//397 1190//397 1191//397
f 1192//398 1193//398 1194//398
f 1195//399 1196//399 1197//399
f 1198//400 1199//400 1200//400
f 1201//401 1202//401 1203//401
f 1204//402 1205//402 1206//402
f 1207//403 1208//403 1209//403
f 1210//404 1211//404 1212//404
f 1213//405 1214//405 1215//405
f 1216//406 1217//406 1218//406
f 1219//407 1220//407 1221//407
f 1222//408 1223//408 1224//408
f 1225//409 1226//409 1227//409
f 1228//410 1229//410 1230//410
f 1231//411 1232//411 1233//411
f 1234//412 1235//412 1236//412
f 1237//413 1238//413 1239//413
f 1240//414 1241//414 1242//414
f 1243//415 1244//415 1245//415
f 1246//416 1247//416 1248//416
f 1249//417 1250//417 1251//417
f 1252//418 1253//418 1254//418
f 1255//419 1256//419 1257//419
f 1258//420 1259//420 1260//420
f 1261//421 1262//421 1263//421
f 1264//422 1265//422 1266//422
f 1267//423 1268//423 1269//423
f 1270//424 1271//424 1272//424
f 1273//425 1274//425 1275//425
f 1276//426 1277//426 1278//426
f 1279//427 1280//427 1281//427
f 1282//428 1283//428 1284//428
f 1285//429 1286//429 1287//429
f 1288//430 1289//430 1290//430
f 1291//431 1292//431 1293//431
f 1294//432 1295//432 1296//432
f 1297//433 1298//433 1299//433
f 1300//434 1301//434 1302//434
f 1303//435 1304//435 1305//435
f 1306//436 1307//436 1308//436
f 1309//437 1310//437 1311//437
f 1312//438 1313//438 1314//438
f 1315//439 1316//439 1317//439
f 1318//440 1319//440 1320//440
f 1321//441 1322//441 1323//441
f 1324//442 1325//442 1326//442
f 1327//443 1328//443 1329//443
f 1330//444 1331//444 1332//444
f 1333//445 1334//445 1335//445
f 1336//446 1337//446 1338//446
f 1339//447 1340//447 1341//447
f 1342//448 1343//448 1344//448
f 1345//449 1346//449 1347//449
f 1348//450 1349//450 1350//450
f 1351//451 1352//451 1353//451
f 1354//452 1355//452 1356//452
f 1357//453 1358//453 1359//453
f 1360//454 1361//454 1362//454
f 1363//455 1364//455 1365//455
f 1366//456 1367//456 1368//456
f 1369//457 1370//457 1371//457
f 1372//458 1373//458 1374//458
f 1375//459 1376//459 1377//459
f 1378//460 1379//460 1380//460
f 1381//461 1382//461 1383//461
f 1384//462 1385//462 1386//462
f 1387//463 1388//463 1389//463
f 1390//464 1391//464 1392//464
f 1393//465 1394//465 1395//465
f 1396//466 1397//466 1398//466
f 1399//467 1400//467 1401//467
f 1402//468 1403//468 1404//468
f 1405//469 1406//469 1407//469
f 1408//470 1409//470 1410//470
f 1411//471 1412//471 1413//471
f 1414//472 1415//472 1416//472
f 1417//473 1418//473 1419//473
f 1420//474 1421//474 1422//474
f 1423//475 1424//475 1425//475
f 1426//476 1427//476 1428//476
f 1429//477 1430//477 1431//477
f 1432//478 1433//478 1434//478
f 1435//479 1436//479 1437//479
f 1438//480 1439//480 1440//480
f 1441//481 1442//481 1443//481
f 1444//482 1445//482 1446//482
f 1447//483 1448//483 1449//483
f 1450//484 1451//484 1452//484
f 1453//485 1454//485 1455//485
f 1456//486 1457//486 1458//486
f 1459//487 1460//487 1461//487
f 1462//488 1463//488 1464//488
f 1465//489 1466//489 1467//489
f 1468//490 1469//490 1470//490
f 1471//491 1472//491 1473//491
f 1474//492 1475//492 1476//492
f 1477//493 1478//493 1479//493
f 1480//494 1481//494 1482//494
f 1483//495 1484//495 1485//495
f 1486//496 1487//496 1488//496
f 1489//497 1490//497 1491//497
f 1492//498 1493//498 1494//498
f 1495//499 1496//499 1497//499
f 1498//500 1499//500 1500//500
f 1501//501 1502//501 1503//501
f 1504//502 1505//502 1506//502
f 1507//503 1508//503 1509//503
f 1510//504 1511//504 1512//504
f 1513//505 1514//505 1515//505
f 1516//506 1517//506 1518//506
f 1519//507 1520//507 1521//507
f 1522//508 1523//508 1524//508
f 1525//509 1526//509 1527//509
f 1528//510 1529//510 1530//510
f 1531//511 1532//511 1533//511
f 1534//512 1535//512 1536//512
f 1537//513 1538//513 1539//513
f 1540//514 1541//514 1542//514
f 1543//515 1544//515 1545//515
f 1546//516 1547//516 1548//516
f 1549//517 1550//517 1551//517
f 1552//518 1553//518 1554//518
f 1555//519 1556//519 1557//519
f 1558//520 1559//520 1560//520
f 1561//521 1562//521 1563//521
f 1564//522 1565//522 1566//522
f 1567//523 1568//523 1569//523
f 1570//524 1571//524 1572//524
f 1573//525 1574//525 1575//525
f 1576//526 1577//526 1578//526
f 1579//527 1580//527 1581//527
f 1582//528 1583//528 1584//528
f 1585//529 1586//529 1587//529
f 1588//530 1589//530 1590//530
f 1591//531 1592//531 1593//531
f 1594//532 1595//532 1596//532
f 1597//533 1598//533 1599//533
f 1600//534 1601//534 1602//534
f 1603//535 1604//535 1605//535
f 1606//536 1607//536 1608//536
f 1609//537 1610//537 1611//537
f 1612//538 1613//538 1614//538
f 1615//539 1616//539 1617//539
f 1618//540 1619//540 1620//540
f 1621//541 1622//541 1623//541
f 1624//542 1625//542 1626//542
f 1627//543 1628//543 1629//543
f 1630//544 1631//544 1632//544
f 1633//545 1634//545 1635//545
f 1636//546 1637//546 1638//546
f 1639//547 1640//547 1641//547
f 1642//548 1643//548 1644//548
f 1645//549 1646//549 1647//549
f 1648//550 1649//550 1650//550
f 1651//551 1652//551 1653//551
f 1654//552 1655//552 1656//552
f 1657//553 1658//553 1659//553
f 1660//554 1661//554 1662//554
f 1663//555 1664//555 1665//555
f 1666//556 1667//556 1668//556
f 1669//557 1670//557 1671//557
f 1672//558 1673//558 1674//558
f 1675//559 1676//559 1677//559
f 1678//560 1679//560 1680//560
f 1681//561 1682//561 1683//561
f 1684//562 1685//562 1686//562
f 1687//563 1688//563 1689//563
f 1690//564 1691//564 1692//564
f 1693//565 1694//565 1695//565
f 1696//566 1697//566 1698//566
f 1699//567 1700//567 1701//567
f 1702//568 1703//568 1704//568
f 1705//569 1706//569 1707//569
f 1708//570 1709//570 1710//570
f 1711//571 1712//571 1713//571
f 1714//572 1715//572 1716//572
f 1717//573 1718//573 1719//573
f 1720//574 1721//574 1722//574
f 1723//575 1724//575 1725//575
f 1726//576 1727//576 1728//576
f 1729//577 1730//577 1731//577
f 1732//578 1733//578 1734//578
f 1735//579 1736//579 1737//579
f 1738//580 1739//580 1740//580
f 1741//581 1742//581 1743//581
f 1744//582 1745//582 1746//582
f 1747//583 1748//583 1749//583
f 1750//584 1751//584 1752//584
f 1753//585 1754//585 1755//585
f 1756//586 1757//586 1758//586
f 1759//587 1760//587 1761//587
f 1762//588 1763//588 1764//588
f 1765//589 1766//589 1767//589
f 1768//590 1769//590 1770//590
f 1771//591 1772//591 1773//591
f 1774//592 1775//592 1776//592
f 1777//593 1778//593 1779//593
f 1780//594 1781//594 1782//594
f 1783//595 1784//595 1785//595
f 1786//596 1787//596 1788//596
f 1789//597 1790//597 1791//597
f 1792//598 1793//598 1794//598
f 1795//599 1796//599 1797//599
f 1798//600 1799//600 1800//600
f 1801//601 1802//601 1803//601
f 1804//602 1805//602 1806//602
f 1807//603 1808//603 1809//603
f 1810//604 1811//604 1812//604
f 1813//605 1814//605 1815//605
f 1816//606 1817//606 1818//606
f 1819//607 1820//607 1821//607
f 1822//608 1823//608 1824//608
f 1825//609 1826//609 1827//609
f 1828//610 1829//610 1830//610
f 1831//611 1832//611 1833//611
f 1834//612 1835//612 1836//612
f 1837//613 1838//613 1839//613
f 1840//614 1841//614 1842//614
f 1843//615 1844//615 1845//615
f 1846//616 1847//616 1848//616
f 1849//617 1850//617 1851//617
f 1852//618 1853//618 1854//618
f 1855//619 1856//619 1857//619
f 1858//620 1859//620 1860//620
f 1861//621 1862//621 1863//621
f 1864//622 1865//622 1866//622
f 1867//623 1868//623 1869//623
f 1870//624 1871//624 1872//624
f 1873//625 1874//625 1875//625
f 1876//626 1877//626 1878//626
f 1879//627 1880//627 1881//627
f 1882//628 1883//628 1884//628
f 1885//629 1886//629 1887//629
f 1888//630 1889//630 1890//630
f 1891//631 1892//631 1893//631
f 1894//632 1895//632 1896//632
f 1897//633 1898//633 1899//633
f 1900//634 1901//634 1902//634
f 1903//635 1904//635 1905//635
f 1906//636 1907//636 1908//636
f 1909//637 1910//637 1911//637
f 1912//638 1913//638 1914//638
f 1915//639 1916//639 1917//639
f 1918//640 1919//640 1920//640
f 1921//641 1922//641 1923//641
f 1924//642 1925//642 1926//642
f 1927//643 1928//643 1929//643
f 1930//644 1931//644 1932//644
f 1933//645 1934//645 1935//645
f 1936//646 1937//646 1938//646
f 1939//647 1940//647 1941//647
f 1942//648 1943//648 1944//648
f 1945//649 1946//649 1947//649
f 1948//650 1949//650 1950//650
f 1951//651 1952//651 1953//651
f 1954//652 1955//652 1956//652
f 1957//653 1958//653 1959//653
f 1960//654 1961//654 1962//654
f 1963//655 1964//655 1965//655
f 1966//656 1967//656 1968//656
f 1969//657 1970//657 1971//657
f 1972//658 1973//658 1974//658
f 1975//659 1976//659 1977//659
f 1978//660 1979//660 1980//660
f 1981//661 1982//661 1983//661
f 1984//662 1985//662 1986//662
f 1987//663 1988//663 1989//663
f 1990//664 1991//664 1992//664
f 1993//665 1994//665 1995//665
f 1996//666 1997//666 1998//666
f 1999//667 2000//667 2001//667
f 2002//668 2003//668 2004//668
f 2005//669 2006//669 2007//669
f 2008//670 2009//670 2010//670
f 2011//671 2012//671 2013//671
f 2014//672 2015//672 2016//672
f 2017//673 2018//673 2019//673
f 2020//674 2021//674 2022//674
f 2023//675 2024//675 2025//675
f 2026//676 2027//676 2028//676
f 2029//677 2030//677 2031//677
f 2032//678 2033//678 2034//678
f 2035//679 2036//679 2037//679
f 2038//680 2039//680 2040//680
f 2041//681 2042//681 2043//681
f 2044//682 2045//682 2046//682
f 2047//683 2048//683 2049//683
f 2050//684 2051//684 2052//684
f 2053//685 2054//685 2055//685
f 2056//686 2057//686 2058//686
f 2059//687 2060//687 2061//687
f 2062//688 2063//688 2064//688
f 2065//689 2066//689 2067//689
f 2068//690 2069//690 2070//690
f 2071//691 2072//691 2073//691
f 2074//692 2075//692 2076//692
f 2077//693 2078//693 2079//693
f 2080//694 2081//694 2082//694
f 2083//695 2084//695 2085//695
f 2086//696 2087//696 2088//696
f 2089//697 2090//697 2091//697
f 2092//698 2093//698 2094//698
f 2095//699 2096//699 2097//699
f 2098//700 2099//700 2100//700
f 2101//701 2102//701 2103//701
f 2104//702 2105//702 2106//702
f 2107//703 2108//703 2109//703
f 2110//704 2111//704 2112//704
f 2113//705 2114//705 2115//705
f 2116//706 2117//706 2118//706
f 2119//707 2120//707 2121//707
f 2122//708 2123//708 2124//708
f 2125//709 2126//709 2127//709
f 2128//710 2129//710 2130//710
f 2131//711 2132//711 2133//711
f 2134//712 2135//712 2136//712
f 2137//713 2138//713 2139//713
f 2140//714 2141//714 2142//714
f 2143//715 2144//715 2145//715
f 2146//716 2147//716 2148//716
f 2149//717 2150//717 2151//717
f 2152//718 2153//718 2154//718
f 2155//719 2156//719 2157//719
f 2158//720 2159//720 2160//720
f 2161//721 2162//721 2163//721
f 2164//722 2165//722 2166//722
f 2167//723 2168//723 2169//723
f 2170//724 2171//724 2172//724
f 2173//725 2174//725 2175//725
f 2176//726 2177//726 2178//726
f 2179//727 2180//727 2181//727
f 2182//728 2183//728 2184//728
f 2185//729 2186//729 2187//729
f 2188//730 2189//730 2190//730
f 2191//731 2192//731 2193//731
f 2194//732 2195//732 2196//732
f 2197//733 2198//733 2199//733
f 2200//734 2201//734 2202//734
f 2203//735 2204//735 2205//735
f 2206//736 2207//736 2208//736
f 2209//737 2210//737 2211//737
f 2212//738 2213//738 2214//738
f 2215//739 2216//739 2217//739
f 2218//740 2219//740 2220//740
f 2221//741 2222//741 2223//741
f 2224//742 2225//742 2226//742
f 2227//743 2228//743 2229//743
f 2230//744 2231//744 2232//744
f 2233//745 2234//745 2235//745
f 2236//746 2237//746 2238//746
f 2239//747 2240//747 2241//747
f 2242//748 2243//748 2244//748
f 2245//749 2246//749 2247//749
f 2248//750 2249//750 2250//750
f 2251//751 2252//751 2253//751
f 2254//752 2255//752 2256//752
f 2257//753 2258//753 2259//753
f 2260//754 2261//754 2262//754
f 2263//755 2264//755 2265//755
f 2266//756 2267//756 2268//756
f 2269//757 2270//757 2271//757
f 2272//758 2273//758 2274//758
f 2275//759 2276//759 2277//759
f 2278//760 2279//760 2280//760
f 2281//761 2282//761 2283//761
f 2284//762 2285//762 2286//762
f 2287//763 2288//763 2289//763
f 2290//764 2291//764 2292//764
f 2293//765 2294//765 2295//765
f 2296//766 2297//766 2298//766
f 2299//767 2300//767 2301//767
f 2302//768 2303//768 2304//768
f 2305//769 2306//769 2307//769
f 2308//770 2309//770 2310//770
f 2311//771 2312//771 2313//771
f 2314//772 2315//772 2316//772
f 2317//773 2318//773 2319//773
f 2320//774 2321//774 2322//774
f 2323//775 2324//775 2325//775
f 2326//776 2327//776 2328//776
f 2329//777 2330//777 2331//777
f 2332//778 2333//778 2334//778
f 2335//779 2336//779 2337//779
f 2338//780 2339//780 2340//780
f 2341//781 2342//781 2343//781
f 2344//782 2345//782 2346//782
f 2347//783 2348//783 2349//783
f 2350//784 2351//784 2352//784
f 2353//785 2354//785 2355//785
f 2356//786 2357//786 2358//786
f 2359//787 2360//787 2361//787
f 2362//788 2363//788 2364//788
f 2365//789 2366//789 2367//789
f 2368//790 2369//790 2370//790
f 2371//791 2372//791 2373//791
f 2374//792 2375//792 2376//792
f 2377//793 2378//793 2379//793
f 2380//794 2381//794 2382//794
f 2383//795 2384//795 2385//795
f 2386//796 2387//796 2388//796
f 2389//797 2390//797 2391//797
f 2392//798 2393//798 2394//798
f 2395//799 2396//799 2397//799
f 2398//800 2399//800 2400//800
f 2401//801 2402//801 2403//801
f 2404//802 2405//802 2406//802
f 2407//803 2408//803 2409//803
f 2410//804 2411//804 2412//804
f 2413//805 2414//805 2415//805
f 2416//806 2417//806 2418//806
f 2419//807 2420//807 2421//807
f 2422//808 2423//808 2424//808
f 2425//809 2426//809 2427//809
f 2428//810 2429//810 2430//810
f 2431//811 2432//811 2433//811
f 2434//812 2435//812 2436//812
f 2437//813 2438//813 2439//813
f 2440//814 2441//814 2442//814
f 2443//815 2444//815 2445//815
f 2446//816 2447//816 2448//816
f 2449//817 2450//817 2451//817
f 2452//818 2453//818 2454//818
f 2455//819 2456//819 2457//819
f 2458//820 2459//820 2460//820
f 2461//821 2462//821 2463//821
f 2464//822 2465//822 2466//822
f 2467//823 2468//823 2469//823
f 2470//824 2471//824 2472//824
f 2473//825 2474//825 2475//825
f 2476//826 2477//826 2478//826
f 2479//827 2480//827 2481//827
f 2482//828 2483//828 2484//828
f 2485//829 2486//829 2487//829
f 2488//830 2489//830 2490//830
f 2491//831 2492//831 2493//831
f 2494//832 2495//832 2496//832
f 2497//833 2498//833 2499//833
f 2500//834 2501//834 2502//834
f 2503//835 2504//835 2505//835
f 2506//836 2507//836 2508//836
f 2509//837 2510//837 2511//837
f 2512//838 2513//838 2514//838
f 2515//839 2516//839 2517//839
f 2518//840 2519//840 2520//840
f 2521//841 2522//841 2523//841
f 2524//842 2525//842 2526//842
f 2527//843 2528//843 2529//843
f 2530//844 2531//844 2532//844
f 2533//845 2534//845 2535//845
f 2536//846 2537//846 2538//846
f 2539//847 2540//847 2541//847
f 2542//848 2543//848 2544//848
f 2545//849 2546//849 2547//849
f 2548//850 2549//850 2550//850
f 2551//851 2552//851 2553//851
f 2554//852 2555//852 2556//852
f 2557//853 2558//853 2559//853
f 2560//854 2561//854 2562//854
f 2563//855 2564//855 2565//855
f 2566//856 2567//856 2568//856
f 2569//857 2570//857 2571//857
f 2572//858 2573//858 2574//858
f 2575//859 2576//859 2577//859
f 2578//860 2579//860 2580//860
f 2581//861 2582//861 2583//861
f 2584//862 2585//862 2586//862
f 2587//863 2588//863 2589//863
f 2590//864 2591//864 2592//864
f 2593//865 2594//865 2595//865
f 2596//866 2597//866 2598//866
f 2599//867 2600//867 2601//867
f 2602//868 2603//868 2604//868
f 2605//869 2606//869 2607//869
f 2608//870 2609//870 2610//870
f 2611//871 2612//871 2613//871
f 2614//872 2615//872 2616//872
f 2617//873 2618//873 2619//873
f 2620//874 2621//874 2622//874
f 2623//875 2624//875 2625//875
f 2626//876 2627//876 2628//876
f 2629//877 2630//877 2631//877
f 2632//878 2633//878 2634//878
f 2635//879 2636//879 2637//879
f 2638//880 2639//880 2640//880
f 2641//881 2642//881 2643//881
f 2644//882 2645//882 2646//882
f 2647//883 2648//883 2649//883
f 2650//884 2651//884 2652//884
f 2653//885 2654//885 2655//885
f 2656//886 2657//886 2658//886
f 2659//887 2660//887 2661//887
f 2662//888 2663//888 2664//888
f 2665//889 2666//889 2667//889
f 2668//890 2669//890 2670//890
f 2671//891 2672//891 2673//891
f 2674//892 2675//892 2676//892
f 2677//893 2678//893 2679//893
f 2680//894 2681//894 2682//894
f 2683//895 2684//895 2685//895
f 2686//896 2687//896 2688//896
f 2689//897 2690//897 2691//897
f 2692//898 2693//898 2694//898
f 2695//899 2696//899 2697//899
f 2698//900 2699//900 2700//900
f 2701//901 2702//901 2703//901
f 2704//902 2705//902 2706//902
f 2707//903 2708//903 2709//903
f 2710//904 2711//904 2712//904
f 2713//905 2714//905 2715//905
f 2716//906 2717//906 2718//906
f 2719//907 2720//907 2721//907
f 2722//908 2723//908 2724//908
f 2725//909 2726//909 2727//909
f 2728//910 2729//910 2730//910
f 2731//911 2732//911 2733//911
f 2734//912 2735//912 2736//912
f 2737//913 2738//913 2739//913
f 2740//914 2741//914 2742//914
f 2743//915 2744//915 2745//915
f 2746//916 2747//916 2748//916
f 2749//917 2750//917 2751//917
f 2752//918 2753//918 2754//918
f 2755//919 2756//919 2757//919
f 2758//920 2759//920 2760//920
f 2761//921 2762//921 2763//921
f 2764//922 2765//922 2766//922
f 2767//923 2768//923 2769//923
f 2770//924 2771//924 2772//924
f 2773//925 2774//925 2775//925
f 2776//926 2777//926 2778//926
f 2779//927 2780//927 2781//927
f 2782//928 2783//928 2784//928
f 2785//929 2786//929 2787//929
f 2788//930 2789//930 2790//930
f 2791//931 2792//931 2793//931
f 2794//932 2795//932 2796//932
f 2797//933 2798//933 2799//933
f 2800//934 2801//934 2802//934
f 2803//935 2804//935 2805//935
f 2806//936 2807//936 2808//936
f 2809//937 2810//937 2811//937
f 2812//938 2813//938 2814//938
f 2815//939 2816//939 2817//939
f 2818//940 2819//940 2820//940
f 2821//941 2822//941 2823//941
f 2824//942 2825//942 2826//942
f 2827//943 2828//943 2829//943
f 2830//944 2831//944 2832//944
f 2833//945 2834//945 2835//945
f 2836//946 2837//946 2838//946
f 2839//947 2840//947 2841//947
f 2842//948 2843//948 2844//948
f 2845//949 2846//949 2847//949
f 2848//950 2849//950 2850//950
f 2851//951 2852//951 2853//951
f 2854//952 2855//952 2856//952
f 2857//953 2858//953 2859//953
f 2860//954 2861//954 2862//954
f 2863//955 2864//955 2865//955
f 2866//956 2867//956 2868//956
f 2869//957 2870//957 2871//957
f 2872//958 2873//958 2874//958
f 2875//959 2876//959 2877//959
f 2878//960 2879//960 2880//960
f 2881//961 2882//961 2883//961
f 2884//962 2885//962 2886//962
f 2887//963 2888//963 2889//963
f 2890//964 2891//964 2892//964
f 2893//965 2894//965 2895//965
f 2896//966 2897//966 2898//966
f 2899//967 2900//967 2901//967
f 2902//968 2903//968 2904//968
f 2905//969 2906//969 2907//969
f 2908//970 2909//970 2910//970
f 2911//971 2912//971 2913//971
f 2914//972 2915//972 2916//972
f 2917//973 2918//973 2919//973
f 2920//974 2921//974 2922//974
f 2923//975 2924//975 2925//975
f 2926//976 2927//976 2928//976
f 2929//977 2930//977 2931//977
f 2932//978 2933//978 2934//978
f 2935//979 2936//979 2937//979
f 2938//980 2939//980 2940//980
f 2941//981 2942//981 2943//981
f 2944//982 2945//982 2946//982
f 2947//983 2948//983 2949//983
f 2950//984 2951//984 2952//984
f 2953//985 2954//985 2955//985
f 2956//986 2957//986 2958//986
f 2959//987 2960//987 2961//987
f 2962//988 2963//988 2964//988
f 2965//989 2966//989 2967//989
f 2968//990 2969//990 2970//990
f 2971//991 2972//991 2973//991
f 2974//992 2975//992 2976//992
f 2977//993 2978//993 2979//993
f 2980//994 2981//994 2982//994
f 2983//995 2984//995 2985//995
f 2986//996 2987//996 2988//996
f 2989//997 2990//997 2991//997
f 2992//998 2993//998 2994//998
f 2995//999 2996//999 2997//999
f 2998//1000 2999//1000 3000//1000
f 3001//1001 3002//1001 3003//1001
f 3004//1002 3005//1002 3006//1002
f 3007//1003 3008//1003 3009//1003
f 3010//1004 3011//1004 3012//1004
f 3013//1005 3014//1005 3015//1005
f 3016//1006 3017//1006 3018//1006
f 3019//1007 3020//1007 3021//1007
f 3022//1008 3023//1008 3024//1008
f 3025//1009 3026//1009 3027//1009
f 3028//1010 3029//1010 3030//1010
f 3031//1011 3032//1011 3033//1011
f 3034//1012 3035//1012 3036//1012
f 3037//1013 3038//1013 3039//1013
f 3040//1014 3041//1014 3042//1014
f 3043//1015 3044//1015 3045//1015
f 3046//1016 3047//1016 3048//1016
f 3049//1017 3050//1017 3051//1017
f 3052//1018 3053//1018 3054//1018
f 3055//1019 3056//1019 3057//1019
f 3058//1020 3059//1020 3060//1020
f 3061//1021 3062//1021 3063//1021
f 3064//1022 3065//1022 3066//1022
f 3067//1023 3068//1023 3069//1023
f 3070//1024 3071//1024 3072//1024
f 3073//1025 3074//1025 3075//1025
f 3076//1026 3077//1026 3078//1026
f 3079//1027 3080//1027 3081//1027
f 3082//1028 3083//1028 3084//1028
f 3085//1029 3086//1029 3087//1029
f 3088//1030 3089//1030 3090//1030
f 3091//1031 3092//1031 3093//1031
f 3094//1032 3095//1032 3096//1032
f 3097//1033 3098//1033 3099//1033
f 3100//1034 3101//1034 3102//1034
f 3103//1035 3104//1035 3105//1035
f 3106//1036 3107//1036 3108//1036
f 3109//1037 3110//1037 3111//1037
f 3112//1038 3113//1038 3114//1038
f 3115//1039 3116//1039 3117//1039
f 3118//1040 3119//1040 3120//1040
f 3121//1041 3122//1041 3123//1041
f 3124//1042 3125//1042 3126//1042
f 3127//1043 3128//1043 3129//1043
f 3130//1044 3131//1044 3132//1044
f 3133//1045 3134//1045 3135//1045
f 3136//1046 3137//1046 3138//1046
f 3139//1047 3140//1047 3141//1047
f 3142//1048 3143//1048 3144//1048
f 3145//1049 3146//1049 3147//1049
f 3148//1050 3149//1050 3150//1050
f 3151//1051 3152//1051 3153//1051
f 3154//1052 3155//1052 3156//1052
f 3157//1053 3158//1053 3159//1053
f 3160//1054 3161//1054 3162//1054
f 3163//1055 3164//1055 3165//1055
f 3166//1056 3167//1056 3168//1056
f 3169//1057 3170//1057 3171//1057
f 3172//1058 3173//1058 3174//1058
f 3175//1059 3176//1059 3177//1059
f 3178//1060 3179//1060 3180//1060
f 3181//1061 3182//1061 3183//1061
f 3184//1062 3185//1062 3186//1062
f 3187//1063 3188//1063 3189//1063
f 3190//1064 3191//1064 3192//1064
f 3193//1065 3194//1065 3195//1065
f 3196//1066 3197//1066 3198//1066
f 3199//1067 3200//1067 3201//1067
f 3202//1068 3203//1068 3204//1068
f 3205//1069 3206//1069 3207//1069
f 3208//1070 3209//1070 3210//1070
f 3211//1071 3212//1071 3213//1071
f 3214//1072 3215//1072 3216//1072
f 3217//1073 3218//1073 3219//1073
f 3220//1074 3221//1074 3222//1074
f 3223//1075 3224//1075 3225//1075
f 3226//1076 3227//1076 3228//1076
f 3229//1077 3230//1077 3231//1077
f 3232//1078 3233//1078 3234//1078
f 3235//1079 3236//1079 3237//1079
f 3238//1080 3239//1080 3240//1080
f 3241//1081 3242//1081 3243//1081
f 3244//1082 3245//1082 3246//1082
f 3247//1083 3248//1083 3249//1083
f 3250//1084 3251//1084 3252//1084
f 3253//1085 3254//1085 3255//1085
f 3256//1086 3257//1086 3258//1086
f 3259//1087 3260//1087 3261//1087
f 3262//1088 3263//1088 3264//1088
f 3265//1089 3266//1089 3267//1089
f 3268//1090 3269//1090 3270//1090
f 3271//1091 3272//1091 3273//1091
f 3274//1092 3275//1092 3276//1092
f 3277//1093 3278//1093 3279//1093
f 3280//1094 3281//1094 3282//1094
f 3283//1095 3284//1095 3285//1095
f 3286//1096 3287//1096 3288//1096
f 3289//1097 3290//1097 3291//1097
f 3292//1098 3293//1098 3294//1098
f 3295//1099 3296//1099 3297//1099
f 3298//1100 3299//1100 3300//1100
f 3301//1101 3302//1101 3303//1101
f 3304//1102 3305//1102 3306//1102
f 3307//1103 3308//1103 3309//1103
f 3310//1104 3311//1104 3312//1104
f 3313//1105 3314//1105 3315//1105
f 3316//1106 3317//1106 3318//1106
f 3319//1107 3320//1107 3321//1107
f 3322//1108 3323//1108 3324//1108
f 3325//1109 3326//1109 3327//1109
f 3328//1110 3329//1110 3330//1110
f 3331//1111 3332//1111 3333//1111
f 3334//1112 3335//1112 3336//1112
f 3337//1113 3338//1113 3339//1113
f 3340//1114 3341//1114 3342//1114
f 3343//1115 3344//1115 3345//1115
f 3346//1116 3347//1116 3348//1116
f 3349//1117 3350//1117 3351//1117
f 3352//1118 3353//1118 3354//1118
f 3355//1119 3356//1119 3357//1119
f 3358//1120 3359//1120 3360//1120
f 3361//1121 3362//1121 3363//1121
f 3364//1122 3365//1122 3366//1122
f 3367//1123 3368//1123 3369//1123
f 3370//1124 3371//1124 3372//1124
f 3373//1125 3374//1125 3375//1125
f 3376//1126 3377//1126 3378//1126
f 3379//1127 3380//1127 3381//1127
f 3382//1128 3383//1128 3384//1128
f 3385//1129 3386//1129 3387//1129
f 3388//1130 3389//1130 3390//1130
f 3391//1131 3392//1131 3393//1131
f 3394//1132 3395//1132 3396//1132
f 3397//1133 3398//1133 3399//1133
f 3400//1134 3401//1134 3402//1134
f 3403//1135 3404//1135 3405//1135
f 3406//1136 3407//1136 3408//1136
f 3409//1137 3410//1137 3411//1137
f 3412//1138 3413//1138 3414//1138
f 3415//1139 3416//1139 3417//1139
f 3418//1140 3419//1140 3420//1140
f 3421//1141 3422//1141 3423//1141
f 3424//1142 3425//1142 3426//1142
f 3427//1143 3428//1143 3429//1143
f 3430//1144 3431//1144 3432//1144
f 3433//1145 3434//1145 3435//1145
f 3436//1146 3437//1146 3438//1146
f 3439//1147 3440//1147 3441//1147
f 3442//1148 3443//1148 3444//1148
f 3445//1149 3446//1149 3447//1149
f 3448//1150 3449//1150 3450//1150
f 3451//1151 3452//1151 3453//1151
f 3454//1152 3455//1152 3456//1152
f 3457//1153 3458//1153 3459//1153
f 3460//1154 3461//1154 3462//1154
f 3463//1155 3464//1155 3465//1155
f 3466//1156 3467//1156 3468//1156
f 3469//1157 3470//1157 3471//1157
f 3472//1158 3473//1158 3474//1158
f 3475//1159 3476//1159 3477//1159
f 3478//1160 3479//1160 3480//1160
f 3481//1161 3482//1161 3483//1161
f 3484//1162 3485//1162 3486//1162
f 3487//1163 3488//1163 3489//1163
f 3490//1164 3491//1164 3492//1164
f 3493//1165 3494//1165 3495//1165
f 3496//1166 3497//1166 3498//1166
f 3499//1167 3500//1167 3501//1167
f 3502//1168 3503//1168 3504//1168
f 3505//1169 3506//1169 3507//1169
f 3508//1170 3509//1170 3510//1170
f 3511//1171 3512//1171 3513//1171
f 3514//1172 3515//1172 3516//1172
f 3517//1173 3518//1173 3519//1173
f 3520//1174 3521//1174 3522//1174
f 3523//1175 3524//1175 3525//1175
f 3526//1176 3527//1176 3528//1176
f 3529//1177 3530//1177 3531//1177
f 3532//1178 3533//1178 3534//1178
f 3535//1179 3536//1179 3537//1179
f 3538//1180 3539//1180 3540//1180
f 3541//1181 3542//1181 3543//1181
f 3544//1182 3545//1182 3546//1182
f 3547//1183 3548//1183 3549//1183
f 3550//1184 3551//1184 3552//1184
f 3553//1185 3554//1185 3555//1185
f 3556//1186 3557//1186 3558//1186
f 3559//1187 3560//1187 3561//1187
f 3562//1188 3563//1188 3564//1188
f 3565//1189 3566//1189 3567//1189
f 3568//1190 3569//1190 3570//1190
f 3571//1191 3572//1191 3573//1191
f 3574//1192 3575//1192 3576//1192
f 3577//1193 3578//1193 3579//1193
f 3580//1194 3581//1194 3582//1194
f 3583//1195 3584//1195 3585//1195
f 3586//1196 3587//1196 3588//1196
f 3589//1197 3590//1197 3591//1197
f 3592//1198 3593//1198 3594//1198
f 3595//1199 3596//1199 3597//1199
f 3598//1200 3599//1200 3600//1200
f 3601//1201 3602//1201 3603//1201
f 3604//1202 3605//1202 3606//1202
f 3607//1203 3608//1203 3609//1203
f 3610//1204 3611//1204 3612//1204
f 3613//1205 3614//1205 3615//1205
f 3616//1206 3617//1206 3618//1206
f 3619//1207 3620//1207 3621//1207
f 3622//1208 3623//1208 3624//1208
f 3625//1209 3626//1209 3627//1209
f 3628//1210 3629//1210 3630//1210
f 3631//1211 3632//1211 3633//1211
f 3634//1212 3635//1212 3636//1212
f 3637//1213 3638//1213 3639//1213
f 3640//1214 3641//1214 3642//1214
f 3643//1215 3644//1215 3645//1215
f 3646//1216 3647//1216 3648//1216
f 3649//1217 3650//1217 3651//1217
f 3652//1218 3653//1218 3654//1218
f 3655//1219 3656//1219 3657//1219
f 3658//1220 3659//1220 3660//1220
f 3661//1221 3662//1221 3663//1221
f 3664//1222 3665//1222 3666//1222
f 3667//1223 3668//1223 3669//1223
f 3670//1224 3671//1224 3672//1224
f 3673//1225 3674//1225 3675//1225
f 3676//1226 3677//1226 3678//1226
f 3679//1227 3680//1227 3681//1227
f 3682//1228 3683//1228 3684//1228
f 3685//1229 3686//1229 3687//1229
f 3688//1230 3689//1230 3690//1230
f 3691//1231 3692//1231 3693//1231
f 3694//1232 3695//1232 3696//1232
f 3697//1233 3698//1233 3699//1233
f 3700//1234 3701//1234 3702//1234
f 3703//1235 3704//1235 3705//1235
f 3706//1236 3707//1236 3708//1236
f 3709//1237 3710//1237 3711//1237
f 3712//1238 3713//1238 3714//1238
f 3715//1239 3716//1239 3717//1239
f 3718//1240 3719//1240 3720//1240
f 3721//1241 3722//1241 3723//1241
f 3724//1242 3725//1242 3726//1242
f 3727//1243 3728//1243 3729//1243
f 3730//1244 3731//1244 3732//1244
f 3733//1245 3734//1245 3735//1245
f 3736//1246 3737//1246 3738//1246
f 3739//1247 3740//1247 3741//1247
f 3742//1248 3743//1248 3744//1248
f 3745//1249 3746//1249 3747//1249
f 3748//1250 3749//1250 3750//1250
f 3751//1251 3752//1251 3753//1251
f 3754//1252 3755//1252 3756//1252
f 3757//1253 3758//1253 3759//1253
f 3760//1254 3761//1254 3762//1254
f 3763//1255 3764//1255 3765//1255
f 3766//1256 3767//1256 3768//1256
f 3769//1257 3770//1257 3771//1257
f 3772//1258 3773//1258 3774//1258
f 3775//1259 3776//1259 3777//1259
f 3778//1260 3779//1260 3780//1260
f 3781//1261 3782//1261 3783//1261
f 3784//1262 3785//1262 3786//1262
f 3787//1263 3788//1263 3789//1263
f 3790//1264 3791//1264 3792//1264
f 3793//1265 3794//1265 3795//1265
f 3796//1266 3797//1266 3798//1266
f 3799//1267 3800//1267 3801//1267
f 3802//1268 3803//1268 3804//1268
f 3805//1269 3806//1269 3807//1269
f 3808//1270 3809//1270 3810//1270
f 3811//1271 3812//1271 3813//1271
f 3814//1272 3815//1272 3816//1272
f 3817//1273 3818//1273 3819//1273
f 3820//1274 3821//1274 3822//1274
f 3823//1275 3824//1275 3825//1275
f 3826//1276 3827//1276 3828//1276
f 3829//1277 3830//1277 3831//1277
f 3832//1278 3833//1278 3834//1278
f 3835//1279 3836//1279 3837//1279
f 3838//1280 3839//1280 3840//1280
f 3841//1281 3842//1281 3843//1281
f 3844//1282 3845//1282 3846//1282
f 3847//1283 3848//1283 3849//1283
f 3850//1284 3851//1284 3852//1284
f 3853//1285 3854//1285 3855//1285
f 3856//1286 3857//1286 3858//1286
f 3859//1287 3860//1287 3861//1287
f 3862//1288 3863//1288 3864//1288
f 3865//1289 3866//1289 3867//1289
f 3868//1290 3869//1290 3870//1290
f 3871//1291 3872//1291 3873//1291
f 3874//1292 3875//1292 3876//1292
f 3877//1293 3878//1293 3879//1293
f 3880//1294 3881//1294 3882//1294
f 3883//1295 3884//1295 3885//1295
f 3886//1296 3887//1296 3888//1296
f 3889//1297 3890//1297 3891//1297
f 3892//1298 3893//1298 3894//1298
f 3895//1299 3896//1299 3897//1299
f 3898//1300 3899//1300 3900//1300
f 3901//1301 3902//1301 3903//1301
f 3904//1302 3905//1302 3906//1302
f 3907//1303 3908//1303 3909//1303
f 3910//1304 3911//1304 3912//1304
f 3913//1305 3914//1305 3915//1305
f 3916//1306 3917//1306 3918//1306
f 3919//1307 3920//1307 3921//1307
f 3922//1308 3923//1308 3924//1308
f 3925//1309 3926//1309 3927//1309
f 3928//1310 3929//1310 3930//1310
f 3931//1311 3932//1311 3933//1311
f 3934//1312 3935//1312 3936//1312
f 3937//1313 3938//1313 3939//1313
f 3940//1314 3941//1314 3942//1314
f 3943//1315 3944//1315 3945//1315
f 3946//1316 3947//1316 3948//1316
f 3949//1317 3950//1317 3951//1317
f 3952//1318 3953//1318 3954//1318
f 3955//1319 3956//1319 3957//1319
f 3958//1320 3959//1320 3960//1320
f 3961//1321 3962//1321 3963//1321
f 3964//1322 3965//1322 3966//1322
f 3967//1323 3968//1323 3969//1323
f 3970//1324 3971//1324 3972//1324
f 3973//1325 3974//1325 3975//1325
f 3976//1326 3977//1326 3978//1326
f 3979//1327 3980//1327 3981//1327
f 3982//1328 3983//1328 3984//1328
f 3985//1329 3986//1329 3987//1329
f 3988//1330 3989//1330 3990//1330
f 3991//1331 3992//1331 3993//1331
f 3994//1332 3995//1332 3996//1332
f 3997//1333 3998//1333 3999//1333
f 4000//1334 4001//1334 4002//1334
f 4003//1335 4004//1335 4005//1335
f 4006//1336 4007//1336 4008//1336
f 4009//1337 4010//1337 4011//1337
f 4012//1338 4013//1338 4014//1338
f 4015//1339 4016//1339 4017//1339
f 4018//1340 4019//1340 4020//1340
f 4021//1341 4022//1341 4023//1341
f 4024//1342 4025//1342 4026//1342
f 4027//1343 4028//1343 4029//1343
f 4030//1344 4031//1344 4032//1344
f 4033//1345 4034//1345 4035//1345
f 4036//1346 4037//1346 4038//1346
f 4039//1347 4040//1347 4041//1347
f 4042//1348 4043//1348 4044//1348
f 4045//1349 4046//1349 4047//1349
f 4048//1350 4049//1350 4050//1350
f 4051//1351 4052//1351 4053//1351
f 4054//1352 4055//1352 4056//1352
f 4057//1353 4058//1353 4059//1353
f 4060//1354 4061//1354 4062//1354
f 4063//1355 4064//1355 4065//1355
f 4066//1356 4067//1356 4068//1356
f 4069//1357 4070//1357 4071//1357
f 4072//1358 4073//1358 4074//1358
f 4075//1359 4076//1359 4077//1359
f 4078//1360 4079//1360 4080//1360
f 4081//1361 4082//1361 4083//1361
f 4084//1362 4085//1362 4086//1362
f 4087//1363 4088//1363 4089//1363
f 4090//1364 4091//1364 4092//1364
f 4093//1365 4094//1365 4095//1365
f 4096//1366 4097//1366 4098//1366
f 4099//1367 4100//1367 4101//1367
f 4102//1368 4103//1368 4104//1368
f 4105//1369 4106//1369 4107//1369
f 4108//1370 4109//1370 4110//1370
f 4111//1371 4112//1371 4113//1371
f 4114//1372 4115//1372 4116//1372
f 4117//1373 4118//1373 4119//1373
f 4120//1374 4121//1374 4122//1374
f 4123//1375 4124//1375 4125//1375
f 4126//1376 4127//1376 4128//1376
f 4129//1377 4130//1377 4131//1377
f 4132//1378 4133//1378 4134//1378
f 4135//1379 4136//1379 4137//1379
f 4138//1380 4139//1380 4140//1380
f 4141//1381 4142//1381 4143//1381
f 4144//1382 4145//1382 4146//1382
f 4147//1383 4148//1383 4149//1383
f 4150//1384 4151//1384 4152//1384
f 4153//1385 4154//1385 4155//1385
f 4156//1386 4157//1386 4158//1386
f 4159//1387 4160//1387 4161//1387
f 4162//1388 4163//1388 4164//1388
f 4165//1389 4166//1389 4167//1389
f 4168//1390 4169//1390 4170//1390
f 4171//1391 4172//1391 4173//1391
f 4174//1392 4175//1392 4176//1392
f 4177//1393 4178//1393 4179//1393
f 4180//1394 4181//1394 4182//1394
f 4183//1395 4184//1395 4185//1395
f 4186//1396 4187//1396 4188//1396
f 4189//1397 4190//1397 4191//1397
f 4192//1398 4193//1398 4194//1398
f 4195//1399 4196//1399 4197//1399
f 4198//1400 4199//1400 4200//1400
f 4201//1401 4202//1401 4203//1401
f 4204//1402 4205//1402 4206//1402
f 4207//1403 4208//1403 4209//1403
f 4210//1404 4211//1404 4212//1404
f 4213//1405 4214//1405 4215//1405
f 4216//1406 4217//1406 4218//1406
f 4219//1407 4220//1407 4221//1407
f 4222//1408 4223//1408 4224//1408
f 4225//1409 4226//1409 4227//1409
f 4228//1410 4229//1410 4230//1410
f 4231//1411 4232//1411 4233//1411
f 4234//1412 4235//1412 4236//1412
f 4237//1413 4238//1413 4239//1413
f 4240//1414 4241//1414 4242//1414
f 4243//1415 4244//1415 4245//1415
f 4246//1416 4247//1416 4248//1416
f 4249//1417 4250//1417 4251//1417
f 4252//1418 4253//1418 4254//1418
f 4255//1419 4256//1419 4257//1419
f 4258//1420 4259//1420 4260//1420
f 4261//1421 4262//1421 4263//1421
f 4264//1422 4265//1422 4266//1422
f 4267//1423 4268//1423 4269//1423
f 4270//1424 4271//1424 4272//1424
f 4273//1425 4274//1425 4275//1425
f 4276//1426 4277//1426 4278//1426
f 4279//1427 4280//1427 4281//1427
f 4282//1428 4283//1428 4284//1428
f 4285//1429 4286//1429 4287//1429
f 4288//1430 4289//1430 4290//1430
f 4291//1431 4292//1431 4293//1431
f 4294//1432 4295//1432 4296//1432
f 4297//1433 4298//1433 4299//1433
f 4300//1434 4301//1434 4302//1434
f 4303//1435 4304//1435 4305//1435
f 4306//1436 4307//1436 4308//1436
f 4309//1437 4310//1437 4311//1437
f 4312//1438 4313//1438 4314//1438
f 4315//1439 4316//1439 4317//1439
f 4318//1440 4319//1440 4320//1440
f 4321//1441 4322//1441 4323//1441
f 4324//1442 4325//1442 4326//1442
f 4327//1443 4328//1443 4329//1443
f 4330//1444 4331//1444 4332//1444
f 4333//1445 4334//1445 4335//1445
f 4336//1446 4337//1446 4338//1446
f 4339//1447 4340//1447 4341//1447
f 4342//1448 4343//1448 4344//1448
f 4345//1449 4346//1449 4347//1449
f 4348//1450 4349//1450 4350//1450
f 4351//1451 4352//1451 4353//1451
f 4354//1452 4355//1452 4356//1452
f 4357//1453 4358//1453 4359//1453
f 4360//1454 4361//1454 4362//1454
f 4363//1455 4364//1455 4365//1455
f 4366//1456 4367//1456 4368//1456
f 4369//1457 4370//1457 4371//1457
f 4372//1458 4373//1458 4374//1458
f 4375//1459 4376//1459 4377//1459
f 4378//1460 4379//1460 4380//1460
f 4381//1461 4382//1461 4383//1461
f 4384//1462 4385//1462 4386//1462
f 4387//1463 4388//1463 4389//1463
f 4390//1464 4391//1464 4392//1464
f 4393//1465 4394//1465 4395//1465
f 4396//1466 4397//1466 4398//1466
f 4399//1467 4400//1467 4401//1467
f 4402//1468 4403//1468 4404//1468
f 4405//1469 4406//1469 4407//1469
f 4408//1470 4409//1470 4410//1470
f 4411//1471 4412//1471 4413//1471
f 4414//1472 4415//1472 4416//1472
f 4417//1473 4418//1473 4419//1473
f 4420//1474 4421//1474 4422//1474
f 4423//1475 4424//1475 4425//1475
f 4426//1476 4427//1476 4428//1476
f 4429//1477 4430//1477 4431//1477
f 4432//1478 4433//1478 4434//1478
f 4435//1479 4436//1479 4437//1479
f 4438//1480 4439//1480 4440//1480
f 4441//1481 4442//1481 4443//1481
f 4444//1482 4445//1482 4446//1482
f 4447//1483 4448//1483 4449//1483
f 4450//1484 4451//1484 4452//1484
f 4453//1485 4454//1485 4455//1485
f 4456//1486 4457//1486 4458//1486
f 4459//1487 4460//1487 4461//1487
f 4462//1488 4463//1488 4464//1488
f 4465//1489 4466//1489 4467//1489
f 4468//1490 4469//1490 4470//1490
f 4471//1491 4472//1491 4473//1491
f 4474//1492 4475//1492 4476//1492
f 4477//1493 4478//1493 4479//1493
f 4480//1494 4481//1494 4482//1494
f 4483//1495 4484//1495 4485//1495
f 4486//1496 4487//1496 4488//1496
f 4489//1497 4490//1497 4491//1497
f 4492//1498 4493//1498 4494//1498
f 4495//1499 4496//1499 4497//1499
f 4498//1500 4499//1500 4500//1500
f 4501//1501 4502//1501 4503//1501
f 4504//1502 4505//1502 4506//1502
f 4507//1503 4508//1503 4509//1503
f 4510//1504 4511//1504 4512//1504
f 4513//1505 4514//1505 4515//1505
f 4516//1506 4517//1506 4518//1506
f 4519//1507 4520//1507 4521//1507
f 4522//1508 4523//1508 4524//1508
f 4525//1509 4526//1509 4527//1509
f 4528//1510 4529//1510 4530//1510
f 4531//1511 4532//1511 4533//1511
f 4534//1512 4535//1512 4536//1512
f 4537//1513 4538//1513 4539//1513
f 4540//1514 4541//1514 4542//1514
f 4543//1515 4544//1515 4545//1515
f 4546//1516 4547//1516 4548//1516
f 4549//1517 4550//1517 4551//1517
f 4552//1518 4553//1518 4554//1518
f 4555//1519 4556//1519 4557//1519
f 4558//1520 4559//1520 4560//1520
f 4561//1521 4562//1521 4563//1521
f 4564//1522 4565//1522 4566//1522
f 4567//1523 4568//1523 4569//1523
f 4570//1524 4571//1524 4572//1524
f 4573//1525 4574//1525 4575//1525
f 4576//1526 4577//1526 4578//1526
f 4579//1527 4580//1527 4581//1527
f 4582//1528 4583//1528 4584//1528
f 4585//1529 4586//1529 4587//1529
f 4588//1530 4589//1530 4590//1530
f 4591//1531 4592//1531 4593//1531
f 4594//1532 4595//1532 4596//1532
f 4597//1533 4598//1533 4599//1533
f 4600//1534 4601//1534 4602//1534
f 4603//1535 4604//1535 4605//1535
f 4606//1536 4607//1536 4608//1536
f 4609//1537 4610//1537 4611//1537
f 4612//1538 4613//1538 4614//1538
f 4615//1539 4616//1539 4617//1539
f 4618//1540 4619//1540 4620//1540
f 4621//1541 4622//1541 4623//1541
f 4624//1542 4625//1542 4626//1542
f 4627//1543 4628//1543 4629//1543
f 4630//1544 4631//1544 4632//1544
f 4633//1545 4634//1545 4635//1545
f 4636//1546 4637//1546 4638//1546
f 4639//1547 4640//1547 4641//1547
f 4642//1548 4643//1548 4644//1548
f 4645//1549 4646//1549 4647//1549
f 4648//1550 4649//1550 4650//1550
f 4651//1551 4652//1551 4653//1551
f 4654//1552 4655//1552 4656//1552
f 4657//1553 4658//1553 4659//1553
f 4660//1554 4661//1554 4662//1554
f 4663//1555 4664//1555 4665//1555
f 4666//1556 4667//1556 4668//1556
f 4669//1557 4670//1557 4671//1557
f 4672//1558 4673//1558 4674//1558
f 4675//1559 4676//1559 4677//1559
f 4678//1560 4679//1560 4680//1560
f 4681//1561 4682//1561 4683//1561
f 4684//1562 4685//1562 4686//1562
f 4687//1563 4688//1563 4689//1563
f 4690//1564 4691//1564 4692//1564
f 4693//1565 4694//1565 4695//1565
f 4696//1566 4697//1566 4698//1566
f 4699//1567 4700//1567 4701//1567
f 4702//1568 4703//1568 4704//1568
f 4705//1569 4706//1569 4707//1569
f 4708//1570 4709//1570 4710//1570
f 4711//1571 4712//1571 4713//1571
f 4714//1572 4715//1572 4716//1572
f 4717//1573 4718//1573 4719//1573
f 4720//1574 4721//1574 4722//1574
f 4723//1575 4724//1575 4725//1575
f 4726//1576 4727//1576 4728//1576
f 4729//1577 4730//1577 4731//1577
f 4732//1578 4733//1578 4734//1578
f 4735//1579 4736//1579 4737//1579
f 4738//1580 4739//1580 4740//1580
f 4741//1581 4742//1581 4743//1581
f 4744//1582 4745//1582 4746//1582
f 4747//1583 4748//1583 4749//1583
f 4750//1584 4751//1584 4752//1584
f 4753//1585 4754//1585 4755//1585
f 4756//1586 4757//1586 4758//1586
f 4759//1587 4760//1587 4761//1587
f 4762//1588 4763//1588 4764//1588
f 4765//1589 4766//1589 4767//1589
f 4768//1590 4769//1590 4770//1590
f 4771//1591 4772//1591 4773//1591
f 4774//1592 4775//1592 4776//1592
f 4777//1593 4778//1593 4779//1593
f 4780//1594 4781//1594 4782//1594
f 4783//1595 4784//1595 4785//1595
f 4786//1596 4787//1596 4788//1596
f 4789//1597 4790//1597 4791//1597
f 4792//1598 4793//1598 4794//1598
f 4795//1599 4796//1599 4797//1599
f 4798//1600 4799//1600 4800//1600
f 4801//1601 4802//1601 4803//1601
f 4804//1602 4805//1602 4806//1602
f 4807//1603 4808//1603 4809//1603
f 4810//1604 4811//1604 4812//1604
f 4813//1605 4814//1605 4815//1605
f 4816//1606 4817//1606 4818//1606
f 4819//1607 4820//1607 4821//1607
f 4822//1608 4823//1608 4824//1608
f 4825//1609 4826//1609 4827//1609
f 4828//1610 4829//1610 4830//1610
f 4831//1611 4832//1611 4833//1611
f 4834//1612 4835//1612 4836//1612
f 4837//1613 4838//1613 4839//1613
f 4840//1614 4841//1614 4842//1614
f 4843//1615 4844//1615 4845//1615
f 4846//1616 4847//1616 4848//1616
f 4849//1617 4850//1617 4851//1617
f 4852//1618 4853//1618 4854//1618
f 4855//1619 4856//1619 4857//1619
f 4858//1620 4859//1620 4860//1620
f 4861//1621 4862//1621 4863//1621
f 4864//1622 4865//1622 4866//1622
f 4867//1623 4868//1623 4869//1623
f 4870//1624 4871//1624 4872//1624
f 4873//1625 4874//1625 4875//1625
f 4876//1626 4877//1626 4878//1626
f 4879//1627 4880//1627 4881//1627
f 4882//1628 4883//1628 4884//1628
f 4885//1629 4886//1629 4887//1629
f 4888//1630 4889//1630 4890//1630
f 4891//1631 4892//1631 4893//1631
f 4894//1632 4895//1632 4896//1632
f 4897//1633 4898//1633 4899//1633
f 4900//1634 4901//1634 4902//1634
f 4903//1635 4904//1635 4905//1635
f 4906//1636 4907//1636 4908//1636
f 4909//1637 4910//1637 4911//1637
f 4912//1638 4913//1638 4914//1638
f 4915//1639 4916//1639 4917//1639
f 4918//1640 4919//1640 4920//1640
f 4921//1641 4922//1641 4923//1641
f 4924//1642 4925//1642 4926//1642
f 4927//1643 4928//1643 4929//1643
f 4930//1644 4931//1644 4932//1644
f 4933//1645 4934//1645 4935//1645
f 4936//1646 4937//1646 4938//1646
f 4939//1647 4940//1647 4941//1647
f 4942//1648 4943//1648 4944//1648
f 4945//1649 4946//1649 4947//1649
f 4948//1650 4949//1650 4950//1650
f 4951//1651 4952//1651 4953//1651
f 4954//1652 4955//1652 4956//1652
f 4957//1653 4958//1653 4959//1653
f 4960//1654 4961//1654 4962//1654
f 4963//1655 4964//1655 4965//1655
f 4966//1656 4967//1656 4968//1656
f 4969//1657 4970//1657 4971//1657
f 4972//1658 4973//1658 4974//1658
f 4975//1659 4976//1659 4977//1659
f 4978//1660 4979//1660 4980//1660
f 4981//1661 4982//1661 4983//1661
f 4984//1662 4985//1662 4986//1662
f 4987//1663 4988//1663 4989//1663
f 4990//1664 4991//1664 4992//1664
f 4993//1665 4994//1665 4995//1665
f 4996//1666 4997//1666 4998//1666
f 4999//1667 5000//1667 5001//1667
f 5002//1668 5003//1668 5004//1668
f 5005//1669 5006//1669 5007//1669
f 5008//1670 5009//1670 5010//1670
f 5011//1671 5012//1671 5013//1671
f 5014//1672 5015//1672 5016//1672
f 5017//1673 5018//1673 5019//1673
f 5020//1674 5021//1674 5022//1674
f 5023//1675 5024//1675 5025//1675
f 5026//1676 5027//1676 5028//1676
f 5029//1677 5030//1677 5031//1677
f 5032//1678 5033//1678 5034//1678
f 5035//1679 5036//1679 5037//1679
f 5038//1680 5039//1680 5040//1680
f 5041//1681 5042//1681 5043//1681
f 5044//1682 5045//1682 5046//1682
f 5047//1683 5048//1683 5049//1683
f 5050//1684 5051//1684 5052//1684
f 5053//1685 5054//1685 5055//1685
f 5056//1686 5057//1686 5058//1686
f 5059//1687 5060//1687 5061//1687
f 5062//1688 5063//1688 5064//1688
f 5065//1689 5066//1689 5067//1689
f 5068//1690 5069//1690 5070//1690
f 5071//1691 5072//1691 5073//1691
f 5074//1692 5075//1692 5076//1692
f 5077//1693 5078//1693 5079//1693
f 5080//1694 5081//1694 5082//1694
f 5083//1695 5084//1695 5085//1695
f 5086//1696 5087//1696 5088//1696
f 5089//1697 5090//1697 5091//1697
f 5092//1698 5093//1698 5094//1698
f 5095//1699 5096//1699 5097//1699
f 5098//1700 5099//1700 5100//1700
f 5101//1701 5102//1701 5103//1701
f 5104//1702 5105//1702 5106//1702
f 5107//1703 5108//1703 5109//1703
f 5110//1704 5111//1704 5112//1704
f 5113//1705 5114//1705 5115//1705
f 5116//1706 5117//1706 5118//1706
f 5119//1707 5120//1707 5121//1707
f 5122//1708 5123//1708 5124//1708
f 5125//1709 5126//1709 5127//1709
f 5128//1710 5129//1710 5130//1710
f 5131//1711 5132//1711 5133//1711
f 5134//1712 5135//1712 5136//1712
f 5137//1713 5138//1713 5139//1713
f 5140//1714 5141//1714 5142//1714
f 5143//1715 5144//1715 5145//1715
f 5146//1716 5147//1716 5148//1716
f 5149//1717 5150//1717 5151//1717
f 5152//1718 5153//1718 5154//1718
f 5155//1719 5156//1719 5157//1719
f 5158//1720 5159//1720 5160//1720
f 5161//1721 5162//1721 5163//1721
f 5164//1722 5165//1722 5166//1722
f 5167//1723 5168//1723 5169//1723
f 5170//1724 5171//1724 5172//1724
f 5173//1725 5174//1725 5175//1725
f 5176//1726 5177//1726 5178//1726
f 5179//1727 5180//1727 5181//1727
f 5182//1728 5183//1728 5184//1728
f 5185//1729 5186//1729 5187//1729
f 5188//1730 5189//1730 5190//1730
f 5191//1731 5192//1731 5193//1731
f 5194//1732 5195//1732 5196//1732
f 5197//1733 5198//1733 5199//1733
f 5200//1734 5201//1734 5202//1734
f 5203//1735 5204//1735 5205//1735
f 5206//1736 5207//1736 5208//1736
f 5209//1737 5210//1737 5211//1737
f 5212//1738 5213//1738 5214//1738
f 5215//1739 5216//1739 5217//1739
f 5218//1740 5219//1740 5220//1740
f 5221//1741 5222//1741 5223//1741
f 5224//1742 5225//1742 5226//1742
f 5227//1743 5228//1743 5229//1743
f 5230//1744 5231//1744 5232//1744
f 5233//1745 5234//1745 5235//1745
f 5236//1746 5237//1746 5238//1746
f 5239//1747 5240//1747 5241//1747
f 5242//1748 5243//1748 5244//1748
f 5245//1749 5246//1749 5247//1749
f 5248//1750 5249//1750 5250//1750
f 5251//1751 5252//1751 5253//1751
f 5254//1752 5255//1752 5256//1752
f 5257//1753 5258//1753 5259//1753
f 5260//1754 5261//1754 5262//1754
f 5263//1755 5264//1755 5265//1755
f 5266//1756 5267//1756 5268//1756
f 5269//1757 5270//1757 5271//1757
f 5272//1758 5273//1758 5274//1758
f 5275//1759 5276//1759 5277//1759
f 5278//1760 5279//1760 5280//1760
f 5281//1761 5282//1761 5283//1761
f 5284//1762 5285//1762 5286//1762
f 5287//1763 5288//1763 5289//1763
f 5290//1764 5291//1764 5292//1764
f 5293//1765 5294//1765 5295//1765
f 5296//1766 5297//1766 5298//1766
f 5299//1767 5300//1767 5301//1767
f 5302//1768 5303//1768 5304//1768
f 5305//1769 5306//1769 5307//1769
f 5308//1770 5309//1770 5310//1770
f 5311//1771 5312//1771 5313//1771
f 5314//1772 5315//1772 5316//1772
f 5317//1773 5318//1773 5319//1773
f 5320//1774 5321//1774 5322//1774
f 5323//1775 5324//1775 5325//1775
f 5326//1776 5327//1776 5328//1776
f 5329//1777 5330//1777 5331//1777
f 5332//1778 5333//1778 5334//1778
f 5335//1779 5336//1779 5337//1779
f 5338//1780 5339//1780 5340//1780
f 5341//1781 5342//1781 5343//1781
f 5344//1782 5345//1782 5346//1782
f 5347//1783 5348//1783 5349//1783
f 5350//1784 5351//1784 5352//1784
f 5353//1785 5354//1785 5355//1785
f 5356//1786 5357//1786 5358//1786
f 5359//1787 5360//1787 5361//1787
f 5362//1788 5363//1788 5364//1788
f 5365//1789 5366//1789 5367//1789
f 5368//1790 5369//1790 5370//1790
f 5371//1791 5372//1791 5373//1791
f 5374//1792 5375//1792 5376//1792
f 5377//1793 5378//1793 5379//1793
f 5380//1794 5381//1794 5382//1794
f 5383//1795 5384//1795 5385//1795
f 5386//1796 5387//1796 5388//1796
f 5389//1797 5390//1797 5391//1797
f 5392//1798 5393//1798 5394//1798
f 5395//1799 5396//1799 5397//1799
f 5398//1800 5399//1800 5400//1800
f 5401//1801 5402//1801 5403//1801
f 5404//1802 5405//1802 5406//1802
f 5407//1803 5408//1803 5409//1803
f 5410//1804 5411//1804 5412//1804
f 5413//1805 5414//1805 5415//1805
f 5416//1806 5417//1806 5418//1806
f 5419//1807 5420//1807 5421//1807
f 5422//1808 5423//1808 5424//1808
f 5425//1809 5426//1809 5427//1809
f 5428//1810 5429//1810 5430//1810
f 5431//1811 5432//1811 5433//1811
f 5434//1812 5435//1812 5436//1812
f 5437//1813 5438//1813 5439//1813
f 5440//1814 5441//1814 5442//1814
f 5443//1815 5444//1815 5445//1815
f 5446//1816 5447//1816 5448//1816
f 5449//1817 5450//1817 5451//1817
f 5452//1818 5453//1818 5454//1818
f 5455//1819 5456//1819 5457//1819
f 5458//1820 5459//1820 5460//1820
f 5461//1821 5462//1821 5463//1821
f 5464//1822 5465//1822 5466//1822
f 5467//1823 5468//1823 5469//1823
f 5470//1824 5471//1824 5472//1824
f 5473//1825 5474//1825 5475//1825
f 5476//1826 5477//1826 5478//1826
f 5479//1827 5480//1827 5481//1827
f 5482//1828 5483//1828 5484//1828
f 5485//1829 5486//1829 5487//1829
f 5488//1830 5489//1830 5490//1830
f 5491//1831 5492//1831 5493//1831
f 5494//1832 5495//1832 5496//1832
f 5497//1833 5498//1833 5499//1833
f 5500//1834 5501//1834 5502//1834
f 5503//1835 5504//1835 5505//1835
f 5506//1836 5507//1836 5508//1836
f 5509//1837 5510//1837 5511//1837
f 5512//1838 5513//1838 5514//1838
f 5515//1839 5516//1839 5517//1839
f 5518//1840 5519//1840 5520//1840
f 5521//1841 5522//1841 5523//1841
f 5524//1842 5525//1842 5526//1842
f 5527//1843 5528//1843 5529//1843
f 5530//1844 5531//1844 5532//1844
f 5533//1845 5534//1845 5535//1845
f 5536//1846 5537//1846 5538//1846
f 5539//1847 5540//1847 5541//1847
f 5542//1848 5543//1848 5544//1848
f 5545//1849 5546//1849 5547//1849
f 5548//1850 5549//1850 5550//1850
f 5551//1851 5552//1851 5553//1851
f 5554//1852 5555//1852 5556//1852
f 5557//1853 5558//1853 5559//1853
f 5560//1854 5561//1854 5562//1854
f 5563//1855 5564//1855 5565//1855
f 5566//1856 5567//1856 5568//1856
f 5569//1857 5570//1857 5571//1857
f 5572//1858 5573//1858 5574//1858
f 5575//1859 5576//1859 5577//1859
f 5578//1860 5579//1860 5580//1860
f 5581//1861 5582//1861 5583//1861
f 5584//1862 5585//1862 5586//1862
f 5587//1863 5588//1863 5589//1863
f 5590//1864 5591//1864 5592//1864
f 5593//1865 5594//1865 5595//1865
f 5596//1866 5597//1866 5598//1866
f 5599//1867 5600//1867 5601//1867
f 5602//1868 5603//1868 5604//1868
f 5605//1869 5606//1869 5607//1869
f 5608//1870 5609//1870 5610//1870
f 5611//1871 5612//1871 5613//1871
f 5614//1872 5615//1872 5616//1872
f 5617//1873 5618//1873 5619//1873
f 5620//1874 5621//1874 5622//1874
f 5623//1875 5624//1875 5625//1875
f 5626//1876 5627//1876 5628//1876
f 5629//1877 5630//1877 5631//1877
f 5632//1878 5633//1878 5634//1878
f 5635//1879 5636//1879 5637//1879
f 5638//1880 5639//1880 5640//1880
f 5641//1881 5642//1881 5643//1881
f 5644//1882 5645//1882 5646//1882
f 5647//1883 5648//1883 5649//1883
f 5650//1884 5651//1884 5652//1884
f 5653//1885 5654//1885 5655//1885
f 5656//1886 5657//1886 5658//1886
f 5659//1887 5660//1887 5661//1887
f 5662//1888 5663//1888 5664//1888
f 5665//1889 5666//1889 5667//1889
f 5668//1890 5669//1890 5670//1890
f 5671//1891 5672//1891 5673//1891
f 5674//1892 5675//1892 5676//1892
f 5677//1893 5678//1893 5679//1893
f 5680//1894 5681//1894 5682//1894
f 5683//1895 5684//1895 5685//1895
f 5686//1896 5687//1896 5688//1896
f 5689//1897 5690//1897 5691//1897
f 5692//1898 5693//1898 5694//1898
f 5695//1899 5696//1899 5697//1899
f 5698//1900 5699//1900 5700//1900
f 5701//1901 5702//1901 5703//1901
f 5704//1902 5705//1902 5706//1902
f 5707//1903 5708//1903 5709//1903
f 5710//1904 5711//1904 5712//1904
f 5713//1905 5714//1905 5715//1905
f 5716//1906 5717//1906 5718//1906
f 5719//1907 5720//1907 5721//1907
f 5722//1908 5723//1908 5724//1908
f 5725//1909 5726//1909 5727//1909
f 5728//1910 5729//1910 5730//1910
f 5731//1911 5732//1911 5733//1911
f 5734//1912 5735//1912 5736//1912
f 5737//1913 5738//1913 5739//1913
f 5740//1914 5741//1914 5742//1914
f 5743//1915 5744//1915 5745//1915
f 5746//1916 5747//1916 5748//1916
f 5749//1917 5750//1917 5751//1917
f 5752//1918 5753//1918 5754//1918
f 5755//1919 5756//1919 5757//1919
f 5758//1920 5759//1920 5760//1920
f 5761//1921 5762//1921 5763//1921
f 5764//1922 5765//1922 5766//1922
f 5767//1923 5768//1923 5769//1923
f 5770//1924 5771//1924 5772//1924
f 5773//1925 5774//1925 5775//1925
f 5776//1926 5777//1926 5778//1926
f 5779//1927 5780//1927 5781//1927
f 5782//1928 5783//1928 5784//1928
f 5785//1929 5786//1929 5787//1929
f 5788//1930 5789//1930 5790//1930
f 5791//1931 5792//1931 5793//1931
f 5794//1932 5795//1932 5796//1932
f 5797//1933 5798//1933 5799//1933
f 5800//1934 5801//1934 5802//1934
f 5803//1935 5804//1935 5805//1935
f 5806//1936 5807//1936 5808//1936
f 5809//1937 5810//1937 5811//1937
f 5812//1938 5813//1938 5814//1938
f 5815//1939 5816//1939 5817//1939
f 5818//1940 5819//1940 5820//1940
f 5821//1941 5822//1941 5823//1941
f 5824//1942 5825//1942 5826//1942
f 5827//1943 5828//1943 5829//1943
f 5830//1944 5831//1944 5832//1944
f 5833//1945 5834//1945 5835//1945
f 5836//1946 5837//1946 5838//1946
f 5839//1947 5840//1947 5841//1947
f 5842//1948 5843//1948 5844//1948
f 5845//1949 5846//1949 5847//1949
f 5848//1950 5849//1950 5850//1950
f 5851//1951 5852//1951 5853//1951
f 5854//1952 5855//1952 5856//1952
f 5857//1953 5858//1953 5859//1953
f 5860//1954 5861//1954 5862//1954
f 5863//1955 5864//1955 5865//1955
f 5866//1956 5867//1956 5868//1956
f 5869//1957 5870//1957 5871//1957
f 5872//1958 5873//1958 5874//1958
f 5875//1959 5876//1959 5877//1959
f 5878//1960 5879//1960 5880//1960
f 5881//1961 5882//1961 5883//1961
f 5884//1962 5885//1962 5886//1962
f 5887//1963 5888//1963 5889//1963
f 5890//1964 5891//1964 5892//1964
f 5893//1965 5894//1965 5895//1965
f 5896//1966 5897//1966 5898//1966
f 5899//1967 5900//1967 5901//1967
f 5902//1968 5903//1968 5904//1968
f 5905//1969 5906//1969 5907//1969
f 5908//1970 5909//1970 5910//1970
f 5911//1971 5912//1971 5913//1971
f 5914//1972 5915//1972 5916//1972
f 5917//1973 5918//1973 5919//1973
f 5920//1974 5921//1974 5922//1974
f 5923//1975 5924//1975 5925//1975
f 5926//1976 5927//1976 5928//1976
f 5929//1977 5930//1977 5931//1977
f 5932//1978 5933//1978 5934//1978
f 5935//1979 5936//1979 5937//1979
f 5938//1980 5939//1980 5940//1980
f 5941//1981 5942//1981 5943//1981
f 5944//1982 5945//1982 5946//1982
f 5947//1983 5948//1983 5949//1983
f 5950//1984 5951//1984 5952//1984
f 5953//1985 5954//1985 5955//1985
f 5956//1986 5957//1986 5958//1986
f 5959//1987 5960//1987 5961//1987
f 5962//1988 5963//1988 5964//1988
f 5965//1989 5966//1989 5967//1989
f 5968//1990 5969//1990 5970//1990
f 5971//1991 5972//1991 5973//1991
f 5974//1992 5975//1992 5976//1992
f 5977//1993 5978//1993 5979//1993
f 5980//1994 5981//1994 5982//1994
f 5983//1995 5984//1995 5985//1995
f 5986//1996 5987//1996 5988//1996
f 5989//1997 5990//1997 5991//1997
f 5992//1998 5993//1998 5994//1998
f 5995//1999 5996//1999 5997//1999
f 5998//2000 5999//2000 6000//2000
f 6001//2001 6002//2001 6003//2001
f 6004//2002 6005//2002 6006//2002
f 6007//2003 6008//2003 6009//2003
f 6010//2004 6011//2004 6012//2004
f 6013//2005 6014//2005 6015//2005
f 6016//2006 6017//2006 6018//2006
f 6019//2007 6020//2007 6021//2007
f 6022//2008 6023//2008 6024//2008
f 6025//2009 6026//2009 6027//2009
f 6028//2010 6029//2010 6030//2010
f 6031//2011 6032//2011 6033//2011
f 6034//2012 6035//2012 6036//2012
f 6037//2013 6038//2013 6039//2013
f 6040//2014 6041//2014 6042//2014
f 6043//2015 6044//2015 6045//2015
f 6046//2016 6047//2016 6048//2016
f 6049//2017 6050//2017 6051//2017
f 6052//2018 6053//2018 6054//2018
f 6055//2019 6056//2019 6057//2019
f 6058//2020 6059//2020 6060//2020
f 6061//2021 6062//2021 6063//2021
f 6064//2022 6065//2022 6066//2022
f 6067//2023 6068//2023 6069//2023
f 6070//2024 6071//2024 6072//2024
f 6073//2025 6074//2025 6075//2025
f 6076//2026 6077//2026 6078//2026
f 6079//2027 6080//2027 6081//2027
f 6082//2028 6083//2028 6084//2028
f 6085//2029 6086//2029 6087//2029
f 6088//2030 6089//2030 6090//2030
f 6091//2031 6092//2031 6093//2031
f 6094//2032 6095//2032 6096//2032
f 6097//2033 6098//2033 6099//2033
f 6100//2034 6101//2034 6102//2034
f 6103//2035 6104//2035 6105//2035
f 6106//2036 6107//2036 6108//2036
f 6109//2037 6110//2037 6111//2037
f 6112//2038 6113//2038 6114//2038
f 6115//2039 6116//2039 6117//2039
f 6118//2040 6119//2040 6120//2040
f 6121//2041 6122//2041 6123//2041
f 6124//2042 6125//2042 6126//2042
f 6127//2043 6128//2043 6129//2043
f 6130//2044 6131//2044 6132//2044
f 6133//2045 6134//2045 6135//2045
f 6136//2046 6137//2046 6138//2046
f 6139//2047 6140//2047 6141//2047
f 6142//2048 6143//2048 6144//2048
f 6145//2049 6146//2049 6147//2049
f 6148//2050 6149//2050 6150//2050
f 6151//2051 6152//2051 6153//2051
f 6154//2052 6155//2052 6156//2052
f 6157//2053 6158//2053 6159//2053
f 6160//2054 6161//2054 6162//2054
f 6163//2055 6164//2055 6165//2055
f 6166//2056 6167//2056 6168//2056
f 6169//2057 6170//2057 6171//2057
f 6172//2058 6173//2058 6174//2058
f 6175//2059 6176//2059 6177//2059
f 6178//2060 6179//2060 6180//2060
f 6181//2061 6182//2061 6183//2061
f 6184//2062 6185//2062 6186//2062
f 6187//2063 6188//2063 6189//2063
f 6190//2064 6191//2064 6192//2064
f 6193//2065 6194//2065 6195//2065
f 6196//2066 6197//2066 6198//2066
f 6199//2067 6200//2067 6201//2067
f 6202//2068 6203//2068 6204//2068
f 6205//2069 6206//2069 6207//2069
f 6208//2070 6209//2070 6210//2070
f 6211//2071 6212//2071 6213//2071
f 6214//2072 6215//2072 6216//2072
f 6217//2073 6218//2073 6219//2073
f 6220//2074 6221//2074 6222//2074
f 6223//2075 6224//2075 6225//2075
f 6226//2076 6227//2076 6228//2076
f 6229//2077 6230//2077 6231//2077
f 6232//2078 6233//2078 6234//2078
f 6235//2079 6236//2079 6237//2079
f 6238//2080 6239//2080 6240//2080
f 6241//2081 6242//2081 6243//2081
f 6244//2082 6245//2082 6246//2082
f 6247//2083 6248//2083 6249//2083
f 6250//2084 6251//2084 6252//2084
f 6253//2085 6254//2085 6255//2085
f 6256//2086 6257//2086 6258//2086
f 6259//2087 6260//2087 6261//2087
f 6262//2088 6263//2088 6264//2088
f 6265//2089 6266//2089 6267//2089
f 6268//2090 6269//2090 6270//2090
f 6271//2091 6272//2091 6273//2091
f 6274//2092 6275//2092 6276//2092
f 6277//2093 6278//2093 6279//2093
f 6280//2094 6281//2094 6282//2094
f 6283//2095 6284//2095 6285//2095
f 6286//2096 6287//2096 6288//2096
f 6289//2097 6290//2097 6291//2097
f 6292//2098 6293//2098 6294//2098
f 6295//2099 6296//2099 6297//2099
f 6298//2100 6299//2100 6300//2100
f 6301//2101 6302//2101 6303//2101
f 6304//2102 6305//2102 6306//2102
f 6307//2103 6308//2103 6309//2103
f 6310//2104 6311//2104 6312//2104
f 6313//2105 6314//2105 6315//2105
f 6316//2106 6317//2106 6318//2106
f 6319//2107 6320//2107 6321//2107
f 6322//2108 6323//2108 6324//2108
f 6325//2109 6326//2109 6327//2109
f 6328//2110 6329//2110 6330//2110
f 6331//2111 6332//2111 6333//2111
f 6334//2112 6335//2112 6336//2112
f 6337//2113 6338//2113 6339//2113
f 6340//2114 6341//2114 6342//2114
f 6343//2115 6344//2115 6345//2115
f 6346//2116 6347//2116 6348//2116
f 6349//2117 6350//2117 6351//2117
f 6352//2118 6353//2118 6354//2118
f 6355//2119 6356//2119 6357//2119
f 6358//2120 6359//2120 6360//2120
f 6361//2121 6362//2121 6363//2121
f 6364//2122 6365//2122 6366//2122
f 6367//2123 6368//2123 6369//2123
f 6370//2124 6371//2124 6372//2124
f 6373//2125 6374//2125 6375//2125
f 6376//2126 6377//2126 6378//2126
f 6379//2127 6380//2127 6381//2127
f 6382//2128 6383//2128 6384//2128
f 6385//2129 6386//2129 6387//2129
f 6388//2130 6389//2130 6390//2130
f 6391//2131 6392//2131 6393//2131
f 6394//2132 6395//2132 6396//2132
f 6397//2133 6398//2133 6399//2133
f 6400//2134 6401//2134 6402//2134
f 6403//2135 6404//2135 6405//2135
f 6406//2136 6407//2136 6408//2136
f 6409//2137 6410//2137 6411//2137
f 6412//2138 6413//2138 6414//2138
f 6415//2139 6416//2139 6417//2139
f 6418//2140 6419//2140 6420//2140
f 6421//2141 6422//2141 6423//2141
f 6424//2142 6425//2142 6426//2142
f 6427//2143 6428//2143 6429//2143
f 6430//2144 6431//2144 6432//2144
f 6433//2145 6434//2145 6435//2145
f 6436//2146 6437//2146 6438//2146
f 6439//2147 6440//2147 6441//2147
f 6442//2148 6443//2148 6444//2148
f 6445//2149 6446//2149 6447//2149
f 6448//2150 6449//2150 6450//2150
f 6451//2151 6452//2151 6453//2151
f 6454//2152 6455//2152 6456//2152
f 6457//2153 6458//2153 6459//2153
f 6460//2154 6461//2154 6462//2154
f 6463//2155 6464//2155 6465//2155
f 6466//2156 6467//2156 6468//2156
f 6469//2157 6470//2157 6471//2157
f 6472//2158 6473//2158 6474//2158
f 6475//2159 6476//2159 6477//2159
f 6478//2160 6479//2160 6480//2160
f 6481//2161 6482//2161 6483//2161
f 6484//2162 6485//2162 6486//2162
f 6487//2163 6488//2163 6489//2163
f 6490//2164 6491//2164 6492//2164
f 6493//2165 6494//2165 6495//2165
f 6496//2166 6497//2166 6498//2166
f 6499//2167 6500//2167 6501//2167
f 6502//2168 6503//2168 6504//2168
f 6505//2169 6506//2169 6507//2169
f 6508//2170 6509//2170 6510//2170
f 6511//2171 6512//2171 6513//2171
f 6514//2172 6515//2172 6516//2172
f 6517//2173 6518//2173 6519//2173
f 6520//2174 6521//2174 6522//2174
f 6523//2175 6524//2175 6525//2175
f 6526//2176 6527//2176 6528//2176
f 6529//2177 6530//2177 6531//2177
f 6532//2178 6533//2178 6534//2178
f 6535//2179 6536//2179 6537//2179
f 6538//2180 6539//2180 6540//2180
f 6541//2181 6542//2181 6543//2181
f 6544//2182 6545//2182 6546//2182
f 6547//2183 6548//2183 6549//2183
f 6550//2184 6551//2184 6552//2184
f 6553//2185 6554//2185 6555//2185
f 6556//2186 6557//2186 6558//2186
f 6559//2187 6560//2187 6561//2187
f 6562//2188 6563//2188 6564//2188
f 6565//2189 6566//2189 6567//2189
f 6568//2190 6569//2190 6570//2190
f 6571//2191 6572//2191 6573//2191
f 6574//2192 6575//2192 6576//2192
f 6577//2193 6578//2193 6579//2193
f 6580//2194 6581//2194 6582//2194
f 6583//2195 6584//2195 6585//2195
f 6586//2196 6587//2196 6588//2196
f 6589//2197 6590//2197 6591//2197
f 6592//2198 6593//2198 6594//2198
f 6595//2199 6596//2199 6597//2199
f 6598//2200 6599//2200 6600//2200
f 6601//2201 6602//2201 6603//2201
f 6604//2202 6605//2202 6606//2202
f 6607//2203 6608//2203 6609//2203
f 6610//2204 6611//2204 6612//2204
f 6613//2205 6614//2205 6615//2205
f 6616//2206 6617//2206 6618//2206
f 6619//2207 6620//2207 6621//2207
f 6622//2208 6623//2208 6624//2208
f 6625//2209 6626//2209 6627//2209
f 6628//2210 6629//2210 6630//2210
f 6631//2211 6632//2211 6633//2211
f 6634//2212 6635//2212 6636//2212
f 6637//2213 6638//2213 6639//2213
f 6640//2214 6641//2214 6642//2214
f 6643//2215 6644//2215 6645//2215
f 6646//2216 6647//2216 6648//2216
f 6649//2217 6650//2217 6651//2217
f 6652//2218 6653//2218 6654//2218
f 6655//2219 6656//2219 6657//2219
f 6658//2220 6659//2220 6660//2220
f 6661//2221 6662//2221 6663//2221
f 6664//2222 6665//2222 6666//2222
f 6667//2223 6668//2223 6669//2223
f 6670//2224 6671//2224 6672//2224
f 6673//2225 6674//2225 6675//2225
f 6676//2226 6677//2226 6678//2226
f 6679//2227 6680//2227 6681//2227
f 6682//2228 6683//2228 6684//2228
f 6685//2229 6686//2229 6687//2229
f 6688//2230 6689//2230 6690//2230
f 6691//2231 6692//2231 6693//2231
f 6694//2232 6695//2232 6696//2232
f 6697//2233 6698//2233 6699//2233
f 6700//2234 6701//2234 6702//2234
f 6703//2235 6704//2235 6705//2235
f 6706//2236 6707//2236 6708//2236
f 6709//2237 6710//2237 6711//2237
f 6712//2238 6713//2238 6714//2238
f 6715//2239 6716//2239 6717//2239
f 6718//2240 6719//2240 6720//2240
f 6721//2241 6722//2241 6723//2241
f 6724//2242 6725//2242 6726//2242
f 6727//2243 6728//2243 6729//2243
f 6730//2244 6731//2244 6732//2244
f 6733//2245 6734//2245 6735//2245
f 6736//2246 6737//2246 6738//2246
f 6739//2247 6740//2247 6741//2247
f 6742//2248 6743//2248 6744//2248
f 6745//2249 6746//2249 6747//2249
f 6748//2250 6749//2250 6750//2250
f 6751//2251 6752//2251 6753//2251
f 6754//2252 6755//2252 6756//2252
f 6757//2253 6758//2253 6759//2253
f 6760//2254 6761//2254 6762//2254
f 6763//2255 6764//2255 6765//2255
f 6766//2256 6767//2256 6768//2256
f 6769//2257 6770//2257 6771//2257
f 6772//2258 6773//2258 6774//2258
f 6775//2259 6776//2259 6777//2259
f 6778//2260 6779//2260 6780//2260
f 6781//2261 6782//2261 6783//2261
f 6784//2262 6785//2262 6786//2262
f 6787//2263 6788//2263 6789//2263
f 6790//2264 6791//2264 6792//2264
f 6793//2265 6794//2265 6795//2265
f 6796//2266 6797//2266 6798//2266
f 6799//2267 6800//2267 6801//2267
f 6802//2268 6803//2268 6804//2268
f 6805//2269 6806//2269 6807//2269
f 6808//2270 6809//2270 6810//2270
f 6811//2271 6812//2271 6813//2271
f 6814//2272 6815//2272 6816//2272
f 6817//2273 6818//2273 6819//2273
f 6820//2274 6821//2274 6822//2274
f 6823//2275 6824//2275 6825//2275
f 6826//2276 6827//2276 6828//2276
f 6829//2277 6830//2277 6831//2277
f 6832//2278 6833//2278 6834//2278
f 6835//2279 6836//2279 6837//2279
f 6838//2280 6839//2280 6840//2280
f 6841//2281 6842//2281 6843//2281
f 6844//2282 6845//2282 6846//2282
f 6847//2283 6848//2283 6849//2283
f 6850//2284 6851//2284 6852//2284
f 6853//2285 6854//2285 6855//2285
f 6856//2286 6857//2286 6858//2286
f 6859//2287 6860//2287 6861//2287
f 6862//2288 6863//2288 6864//2288
f 6865//2289 6866//2289 6867//2289
f 6868//2290 6869//2290 6870//2290
f 6871//2291 6872//2291 6873//2291
f 6874//2292 6875//2292 6876//2292
f 6877//2293 6878//2293 6879//2293
f 6880//2294 6881//2294 6882//2294
f 6883//2295 6884//2295 6885//2295
f 6886//2296 6887//2296 6888//2296
f 6889//2297 6890//2297 6891//2297
f 6892//2298 6893//2298 6894//2298
f 6895//2299 6896//2299 6897//2299
f 6898//2300 6899//2300 6900//2300
f 6901//2301 6902//2301 6903//2301
f 6904//2302 6905//2302 6906//2302
f 6907//2303 6908//2303 6909//2303
f 6910//2304 6911//2304 6912//2304
f 6913//2305 6914//2305 6915//2305
f 6916//2306 6917//2306 6918//2306
f 6919//2307 6920//2307 6921//2307
f 6922//2308 6923//2308 6924//2308
f 6925//2309 6926//2309 6927//2309
f 6928//2310 6929//2310 6930//2310
f 6931//2311 6932//2311 6933//2311
f 6934//2312 6935//2312 6936//2312
f 6937//2313 6938//2313 6939//2313
f 6940//2314 6941//2314 6942//2314
f 6943//2315 6944//2315 6945//2315
f 6946//2316 6947//2316 6948//2316
f 6949//2317 6950//2317 6951//2317
f 6952//2318 6953//2318 6954//2318
f 6955//2319 6956//2319 6957//2319
f 6958//2320 6959//2320 6960//2320
f 6961//2321 6962//2321 6963//2321
f 6964//2322 6965//2322 6966//2322
f 6967//2323 6968//2323 6969//2323
f 6970//2324 6971//2324 6972//2324
f 6973//2325 6974//2325 6975//2325
f 6976//2326 6977//2326 6978//2326
f 6979//2327 6980//2327 6981//2327
f 6982//2328 6983//2328 6984//2328
f 6985//2329 6986//2329 6987//2329
f 6988//2330 6989//2330 6990//2330
f 6991//2331 6992//2331 6993//2331
f 6994//2332 6995//2332 6996//2332
f 6997//2333 6998//2333 6999//2333
f 7000//2334 7001//2334 7002//2334
f 7003//2335 7004//2335 7005//2335
f 7006//2336 7007//2336 7008//2336
f 7009//2337 7010//2337 7011//2337
f 7012//2338 7013//2338 7014//2338
f 7015//2339 7016//2339 7017//2339
f 7018//2340 7019//2340 7020//2340
f 7021//2341 7022//2341 7023//2341
f 7024//2342 7025//2342 7026//2342
f 7027//2343 7028//2343 7029//2343
f 7030//2344 7031//2344 7032//2344
f 7033//2345 7034//2345 7035//2345
f 7036//2346 7037//2346 7038//2346
f 7039//2347 7040//2347 7041//2347
f 7042//2348 7043//2348 7044//2348
f 7045//2349 7046//2349 7047//2349
f 7048//2350 7049//2350 7050//2350
f 7051//2351 7052//2351 7053//2351
f 7054//2352 7055//2352 7056//2352
f 7057//2353 7058//2353 7059//2353
f 7060//2354 7061//2354 7062//2354
f 7063//2355 7064//2355 7065//2355
f 7066//2356 7067//2356 7068//2356
f 7069//2357 7070//2357 7071//2357
f 7072//2358 7073//2358 7074//2358
f 7075//2359 7076//2359 7077//2359
f 7078//2360 7079//2360 7080//2360
f 7081//2361 7082//2361 7083//2361
f 7084//2362 7085//2362 7086//2362
f 7087//2363 7088//2363 7089//2363
f 7090//2364 7091//2364 7092//2364
f 7093//2365 7094//2365 7095//2365
f 7096//2366 7097//2366 7098//2366
f 7099//2367 7100//2367 7101//2367
f 7102//2368 7103//2368 7104//2368
f 7105//2369 7106//2369 7107//2369
f 7108//2370 7109//2370 7110//2370
f 7111//2371 7112//2371 7113//2371
f 7114//2372 7115//2372 7116//2372
f 7117//2373 7118//2373 7119//2373
f 7120//2374 7121//2374 7122//2374
f 7123//2375 7124//2375 7125//2375
f 7126//2376 7127//2376 7128//2376
f 7129//2377 7130//2377 7131//2377
f 7132//2378 7133//2378 7134//2378
f 7135//2379 7136//2379 7137//2379
f 7138//2380 7139//2380 7140//2380
f 7141//2381 7142//2381 7143//2381
f 7144//2382 7145//2382 7146//2382
f 7147//2383 7148//2383 7149//2383
f 7150//2384 7151//2384 7152//2384
f 7153//2385 7154//2385 7155//2385
f 7156//2386 7157//2386 7158//2386
f 7159//2387 7160//2387 7161//2387
f 7162//2388 7163//2388 7164//2388
f 7165//2389 7166//2389 7167//2389
f 7168//2390 7169//2390 7170//2390
f 7171//2391 7172//2391 7173//2391
f 7174//2392 7175//2392 7176//2392
f 7177//2393 7178//2393 7179//2393
f 7180//2394 7181//2394 7182//2394
f 7183//2395 7184//2395 7185//2395
f 7186//2396 7187//2396 7188//2396
f 7189//2397 7190//2397 7191//2397
f 7192//2398 7193//2398 7194//2398
f 7195//2399 7196//2399 7197//2399
f 7198//2400 7199//2400 7200//2400
f 7201//2401 7202//2401 7203//2401
f 7204//2402 7205//2402 7206//2402
f 7207//2403 7208//2403 7209//2403
f 7210//2404 7211//2404 7212//2404
f 7213//2405 7214//2405 7215//2405
f 7216//2406 7217//2406 7218//2406
f 7219//2407 7220//2407 7221//2407
f 7222//2408 7223//2408 7224//2408
f 7225//2409 7226//2409 7227//2409
f 7228//2410 7229//2410 7230//2410
f 7231//2411 7232//2411 7233//2411
f 7234//2412 7235//2412 7236//2412
f 7237//2413 7238//2413 7239//2413
f 7240//2414 7241//2414 7242//2414
f 7243//2415 7244//2415 7245//2415
f 7246//2416 7247//2416 7248//2416
f 7249//2417 7250//2417 7251//2417
f 7252//2418 7253//2418 7254//2418
f 7255//2419 7256//2419 7257//2419
f 7258//2420 7259//2420 7260//2420
f 7261//2421 7262//2421 7263//2421
f 7264//2422 7265//2422 7266//2422
f 7267//2423 7268//2423 7269//2423
f 7270//2424 7271//2424 7272//2424
f 7273//2425 7274//2425 7275//2425
f 7276//2426 7277//2426 7278//2426
f 7279//2427 7280//2427 7281//2427
f 7282//2428 7283//2428 7284//2428
f 7285//2429 7286//2429 7287//2429
f 7288//2430 7289//2430 7290//2430
f 7291//2431 7292//2431 7293//2431
f 7294//2432 7295//2432 7296//2432
f 7297//2433 7298//2433 7299//2433
f 7300//2434 7301//2434 7302//2434
f 7303//2435 7304//2435 7305//2435
f 7306//2436 7307//2436 7308//2436
f 7309//2437 7310//2437 7311//2437
f 7312//2438 7313//2438 7314//2438
f 7315//2439 7316//2439 7317//2439
f 7318//2440 7319//2440 7320//2440
f 7321//2441 7322//2441 7323//2441
f 7324//2442 7325//2442 7326//2442
f 7327//2443 7328//2443 7329//2443
f 7330//2444 7331//2444 7332//2444
f 7333//2445 7334//2445 7335//2445
f 7336//2446 7337//2446 7338//2446
f 7339//2447 7340//2447 7341//2447
f 7342//2448 7343//2448 7344//2448
f 7345//2449 7346//2449 7347//2449
f 7348//2450 7349//2450 7350//2450
f 7351//2451 7352//2451 7353//2451
f 7354//2452 7355//2452 7356//2452
f 7357//2453 7358//2453 7359//2453
f 7360//2454 7361//2454 7362//2454
f 7363//2455 7364//2455 7365//2455
f 7366//2456 7367//2456 7368//2456
f 7369//2457 7370//2457 7371//2457
f 7372//2458 7373//2458 7374//2458
f 7375//2459 7376//2459 7377//2459
f 7378//2460 7379//2460 7380//2460
f 7381//2461 7382//2461 7383//2461
f 7384//2462 7385//2462 7386//2462
f 7387//2463 7388//2463 7389//2463
f 7390//2464 7391//2464 7392//2464
f 7393//2465 7394//2465 7395//2465
f 7396//2466 7397//2466 7398//2466
f 7399//2467 7400//2467 7401//2467
f 7402//2468 7403//2468 7404//2468
f 7405//2469 7406//2469 7407//2469
f 7408//2470 7409//2470 7410//2470
f 7411//2471 7412//2471 7413//2471
f 7414//2472 7415//2472 7416//2472
f 7417//2473 7418//2473 7419//2473
f 7420//2474 7421//2474 7422//2474
f 7423//2475 7424//2475 7425//2475
f 7426//2476 7427//2476 7428//2476
f 7429//2477 7430//2477 7431//2477
f 7432//2478 7433//2478 7434//2478
f 7435//2479 7436//2479 7437//2479
f 7438//2480 7439//2480 7440//2480
f 7441//2481 7442//2481 7443//2481
f 7444//2482 7445//2482 7446//2482
f 7447//2483 7448//2483 7449//2483
f 7450//2484 7451//2484 7452//2484
f 7453//2485 7454//2485 7455//2485
f 7456//2486 7457//2486 7458//2486
f 7459//2487 7460//2487 7461//2487
f 7462//2488 7463//2488 7464//2488
f 7465//2489 7466//2489 7467//2489
f 7468//2490 7469//2490 7470//2490
f 7471//2491 7472//2491 7473//2491
f 7474//2492 7475//2492 7476//2492
f 7477//2493 7478//2493 7479//2493
f 7480//2494 7481//2494 7482//2494
f 7483//2495 7484//2495 7485//2495
f 7486//2496 7487//2496 7488//2496
f 7489//2497 7490//2497 7491//2497
f 7492//2498 7493//2498 7494//2498
f 7495//2499 7496//2499 7497//2499
f 7498//2500 7499//2500 7500//2500
f 7501//2501 7502//2501 7503//2501
f 7504//2502 7505//2502 7506//2502
f 7507//2503 7508//2503 7509//2503
f 7510//2504 7511//2504 7512//2504
f 7513//2505 7514//2505 7515//2505
f 7516//2506 7517//2506 7518//2506
f 7519//2507 7520//2507 7521//2507
f 7522//2508 7523//2508 7524//2508
f 7525//2509 7526//2509 7527//2509
f 7528//2510 7529//2510 7530//2510
f 7531//2511 7532//2511 7533//2511
f 7534//2512 7535//2512 7536//2512
f 7537//2513 7538//2513 7539//2513
f 7540//2514 7541//2514 7542//2514
f 7543//2515 7544//2515 7545//2515
f 7546//2516 7547//2516 7548//2516
f 7549//2517 7550//2517 7551//2517
f 7552//2518 7553//2518 7554//2518
f 7555//2519 7556//2519 7557//2519
f 7558//2520 7559//2520 7560//2520
f 7561//2521 7562//2521 7563//2521
f 7564//2522 7565//2522 7566//2522
f 7567//2523 7568//2523 7569//2523
f 7570//2524 7571//2524 7572//2524
f 7573//2525 7574//2525 7575//2525
f 7576//2526 7577//2526 7578//2526
f 7579//2527 7580//2527 7581//2527
f 7582//2528 7583//2528 7584//2528
f 7585//2529 7586//2529 7587//2529
f 7588//2530 7589//2530 7590//2530
f 7591//2531 7592//2531 7593//2531
f 7594//2532 7595//2532 7596//2532
f 7597//2533 7598//2533 7599//2533
f 7600//2534 7601//2534 7602//2534
f 7603//2535 7604//2535 7605//2535
f 7606//2536 7607//2536 7608//2536
f 7609//2537 7610//2537 7611//2537
f 7612//2538 7613//2538 7614//2538
f 7615//2539 7616//2539 7617//2539
f 7618//2540 7619//2540 7620//2540
f 7621//2541 7622//2541 7623//2541
f 7624//2542 7625//2542 7626//2542
f 7627//2543 7628//2543 7629//2543
f 7630//2544 7631//2544 7632//2544
f 7633//2545 7634//2545 7635//2545
f 7636//2546 7637//2546 7638//2546
f 7639//2547 7640//2547 7641//2547
f 7642//2548 7643//2548 7644//2548
f 7645//2549 7646//2549 7647//2549
f 7648//2550 7649//2550 7650//2550
f 7651//2551 7652//2551 7653//2551
f 7654//2552 7655//2552 7656//2552
f 7657//2553 7658//2553 7659//2553
f 7660//2554 7661//2554 7662//2554
f 7663//2555 7664//2555 7665//2555
f 7666//2556 7667//2556 7668//2556
f 7669//2557 7670//2557 7671//2557
f 7672//2558 7673//2558 7674//2558
f 7675//2559 7676//2559 7677//2559
f 7678//2560 7679//2560 7680//2560
f 7681//2561 7682//2561 7683//2561
f 7684//2562 7685//2562 7686//2562
f 7687//2563 7688//2563 7689//2563
f 7690//2564 7691//2564 7692//2564
f 7693//2565 7694//2565 7695//2565
f 7696//2566 7697//2566 7698//2566
f 7699//2567 7700//2567 7701//2567
f 7702//2568 7703//2568 7704//2568
f 7705//2569 7706//2569 7707//2569
f 7708//2570 7709//2570 7710//2570
f 7711//2571 7712//2571 7713//2571
f 7714//2572 7715//2572 7716//2572
f 7717//2573 7718//2573 7719//2573
f 7720//2574 7721//2574 7722//2574
f 7723//2575 7724//2575 7725//2575
f 7726//2576 7727//2576 7728//2576
f 7729//2577 7730//2577 7731//2577
f 7732//2578 7733//2578 7734//2578
f 7735//2579 7736//2579 7737//2579
f 7738//2580 7739//2580 7740//2580
f 7741//2581 7742//2581 7743//2581
f 7744//2582 7745//2582 7746//2582
f 7747//2583 7748//2583 7749//2583
f 7750//2584 7751//2584 7752//2584
f 7753//2585 7754//2585 7755//2585
f 7756//2586 7757//2586 7758//2586
f 7759//2587 7760//2587 7761//2587
f 7762//2588 7763//2588 7764//2588
f 7765//2589 7766//2589 7767//2589
f 7768//2590 7769//2590 7770//2590
f 7771//2591 7772//2591 7773//2591
f 7774//2592 7775//2592 7776//2592
f 7777//2593 7778//2593 7779//2593
f 7780//2594 7781//2594 7782//2594
f 7783//2595 7784//2595 7785//2595
f 7786//2596 7787//2596 7788//2596
f 7789//2597 7790//2597 7791//2597
f 7792//2598 7793//2598 7794//2598
f 7795//2599 7796//2599 7797//2599
f 7798//2600 7799//2600 7800//2600
f 7801//2601 7802//2601 7803//2601
f 7804//2602 7805//2602 7806//2602
f 7807//2603 7808//2603 7809//2603
f 7810//2604 7811//2604 7812//2604
f 7813//2605 7814//2605 7815//2605
f 7816//2606 7817//2606 7818//2606
f 7819//2607 7820//2607 7821//2607
f 7822//2608 7823//2608 7824//2608
f 7825//2609 7826//2609 7827//2609
f 7828//2610 7829//2610 7830//2610
f 7831//2611 7832//2611 7833//2611
f 7834//2612 7835//2612 7836//2612
f 7837//2613 7838//2613 7839//2613
f 7840//2614 7841//2614 7842//2614
f 7843//2615 7844//2615 7845//2615
f 7846//2616 7847//2616 7848//2616
f 7849//2617 7850//2617 7851//2617
f 7852//2618 7853//2618 7854//2618
f 7855//2619 7856//2619 7857//2619
f 7858//2620 7859//2620 7860//2620
f 7861//2621 7862//2621 7863//2621
f 7864//2622 7865//2622 7866//2622
f 7867//2623 7868//2623 7869//2623
f 7870//2624 7871//2624 7872//2624
f 7873//2625 7874//2625 7875//2625
f 7876//2626 7877//2626 7878//2626
f 7879//2627 7880//2627 7881//2627
f 7882//2628 7883//2628 7884//2628
f 7885//2629 7886//2629 7887//2629
f 7888//2630 7889//2630 7890//2630
f 7891//2631 7892//2631 7893//2631
f 7894//2632 7895//2632 7896//2632
f 7897//2633 7898//2633 7899//2633
f 7900//2634 7901//2634 7902//2634
f 7903//2635 7904//2635 7905//2635
f 7906//2636 7907//2636 7908//2636
f 7909//2637 7910//2637 7911//2637
f 7912//2638 7913//2638 7914//2638
f 7915//2639 7916//2639 7917//2639
f 7918//2640 7919//2640 7920//2640
f 7921//2641 7922//2641 7923//2641
f 7924//2642 7925//2642 7926//2642
f 7927//2643 7928//2643 7929//2643
f 7930//2644 7931//2644 7932//2644
f 7933//2645 7934//2645 7935//2645
f 7936//2646 7937//2646 7938//2646
f 7939//2647 7940//2647 7941//2647
f 7942//2648 7943//2648 7944//2648
f 7945//2649 7946//2649 7947//2649
f 7948//2650 7949//2650 7950//2650
f 7951//2651 7952//2651 7953//2651
f 7954//2652 7955//2652 7956//2652
f 7957//2653 7958//2653 7959//2653
f 7960//2654 7961//2654 7962//2654
f 7963//2655 7964//2655 7965//2655
f 7966//2656 7967//2656 7968//2656
f 7969//2657 7970//2657 7971//2657
f 7972//2658 7973//2658 7974//2658
f 7975//2659 7976//2659 7977//2659
f 7978//2660 7979//2660 7980//2660
f 7981//2661 7982//2661 7983//2661
f 7984//2662 7985//2662 7986//2662
f 7987//2663 7988//2663 7989//2663
f 7990//2664 7991//2664 7992//2664
f 7993//2665 7994//2665 7995//2665
f 7996//2666 7997//2666 7998//2666
f 7999//2667 8000//2667 8001//2667
f 8002//2668 8003//2668 8004//2668
f 8005//2669 8006//2669 8007//2669
f 8008//2670 8009//2670 8010//2670
f 8011//2671 8012//2671 8013//2671
f 8014//2672 8015//2672 8016//2672
f 8017//2673 8018//2673 8019//2673
f 8020//2674 8021//2674 8022//2674
f 8023//2675 8024//2675 8025//2675
f 8026//2676 8027//2676 8028//2676
f 8029//2677 8030//2677 8031//2677
f 8032//2678 8033//2678 8034//2678
f 8035//2679 8036//2679 8037//2679
f 8038//2680 8039//2680 8040//2680
f 8041//2681 8042//2681 8043//2681
f 8044//2682 8045//2682 8046//2682
f 8047//2683 8048//2683 8049//2683
f 8050//2684 8051//2684 8052//2684
f 8053//2685 8054//2685 8055//2685
f 8056//2686 8057//2686 8058//2686
f 8059//2687 8060//2687 8061//2687
f 8062//2688 8063//2688 8064//2688
f 8065//2689 8066//2689 8067//2689
f 8068//2690 8069//2690 8070//2690
f 8071//2691 8072//2691 8073//2691
f 8074//2692 8075//2692 8076//2692
f 8077//2693 8078//2693 8079//2693
f 8080//2694 8081//2694 8082//2694
f 8083//2695 8084//2695 8085//2695
f 8086//2696 8087//2696 8088//2696
f 8089//2697 8090//2697 8091//2697
f 8092//2698 8093//2698 8094//2698
f 8095//2699 8096//2699 8097//2699
f 8098//2700 8099//2700 8100//2700
f 8101//2701 8102//2701 8103//2701
f 8104//2702 8105//2702 8106//2702
f 8107//2703 8108//2703 8109//2703
f 8110//2704 8111//2704 8112//2704
f 8113//2705 8114//2705 8115//2705
f 8116//2706 8117//2706 8118//2706
f 8119//2707 8120//2707 8121//2707
f 8122//2708 8123//2708 8124//2708
f 8125//2709 8126//2709 8127//2709
f 8128//2710 8129//2710 8130//2710
f 8131//2711 8132//2711 8133//2711
f 8134//2712 8135//2712 8136//2712
f 8137//2713 8138//2713 8139//2713
f 8140//2714 8141//2714 8142//2714
f 8143//2715 8144//2715 8145//2715
f 8146//2716 8147//2716 8148//2716
f 8149//2717 8150//2717 8151//2717
f 8152//2718 8153//2718 8154//2718
f 8155//2719 8156//2719 8157//2719
f 8158//2720 8159//2720 8160//2720
f 8161//2721 8162//2721 8163//2721
f 8164//2722 8165//2722 8166//2722
f 8167//2723 8168//2723 8169//2723
f 8170//2724 8171//2724 8172//2724
f 8173//2725 8174//2725 8175//2725
f 8176//2726 8177//2726 8178//2726
f 8179//2727 8180//2727 8181//2727
f 8182//2728 8183//2728 8184//2728
f 8185//2729 8186//2729 8187//2729
f 8188//2730 8189//2730 8190//2730
f 8191//2731 8192//2731 8193//2731
f 8194//2732 8195//2732 8196//2732
f 8197//2733 8198//2733 8199//2733
f 8200//2734 8201//2734 8202//2734
f 8203//2735 8204//2735 8205//2735
f 8206//2736 8207//2736 8208//2736
f 8209//2737 8210//2737 8211//2737
f 8212//2738 8213//2738 8214//2738
f 8215//2739 8216//2739 8217//2739
f 8218//2740 8219//2740 8220//2740
f 8221//2741 8222//2741 8223//2741
f 8224//2742 8225//2742 8226//2742
f 8227//2743 8228//2743 8229//2743
f 8230//2744 8231//2744 8232//2744
f 8233//2745 8234//2745 8235//2745
f 8236//2746 8237//2746 8238//2746
f 8239//2747 8240//2747 8241//2747
f 8242//2748 8243//2748 8244//2748
f 8245//2749 8246//2749 8247//2749
f 8248//2750 8249//2750 8250//2750
f 8251//2751 8252//2751 8253//2751
f 8254//2752 8255//2752 8256//2752
f 8257//2753 8258//2753 8259//2753
f 8260//2754 8261//2754 8262//2754
f 8263//2755 8264//2755 8265//2755
f 8266//2756 8267//2756 8268//2756
f 8269//2757 8270//2757 8271//2757
f 8272//2758 8273//2758 8274//2758
f 8275//2759 8276//2759 8277//2759
f 8278//2760 8279//2760 8280//2760
f 8281//2761 8282//2761 8283//2761
f 8284//2762 8285//2762 8286//2762
f 8287//2763 8288//2763 8289//2763
f 8290//2764 8291//2764 8292//2764
f 8293//2765 8294//2765 8295//2765
f 8296//2766 8297//2766 8298//2766
f 8299//2767 8300//2767 8301//2767
f 8302//2768 8303//2768 8304//2768
f 8305//2769 8306//2769 8307//2769
f 8308//2770 8309//2770 8310//2770
f 8311//2771 8312//2771 8313//2771
f 8314//2772 8315//2772 8316//2772
f 8317//2773 8318//2773 8319//2773
f 8320//2774 8321//2774 8322//2774
f 8323//2775 8324//2775 8325//2775
f 8326//2776 8327//2776 8328//2776
f 8329//2777 8330//2777 8331//2777
f 8332//2778 8333//2778 8334//2778
f 8335//2779 8336//2779 8337//2779
f 8338//2780 8339//2780 8340//2780
f 8341//2781 8342//2781 8343//2781
f 8344//2782 8345//2782 8346//2782
f 8347//2783 8348//2783 8349//2783
f 8350//2784 8351//2784 8352//2784
f 8353//2785 8354//2785 8355//2785
f 8356//2786 8357//2786 8358//2786
f 8359//2787 8360//2787 8361//2787
f 8362//2788 8363//2788 8364//2788
f 8365//2789 8366//2789 8367//2789
f 8368//2790 8369//2790 8370//2790
f 8371//2791 8372//2791 8373//2791
f 8374//2792 8375//2792 8376//2792
f 8377//2793 8378//2793 8379//2793
f 8380//2794 8381//2794 8382//2794
f 8383//2795 8384//2795 8385//2795
f 8386//2796 8387//2796 8388//2796
f 8389//2797 8390//2797 8391//2797
f 8392//2798 8393//2798 8394//2798
f 8395//2799 8396//2799 8397//2799
f 8398//2800 8399//2800 8400//2800
f 8401//2801 8402//2801 8403//2801
f 8404//2802 8405//2802 8406//2802
f 8407//2803 8408//2803 8409//2803
f 8410//2804 8411//2804 8412//2804
f 8413//2805 8414//2805 8415//2805
f 8416//2806 8417//2806 8418//2806
f 8419//2807 8420//2807 8421//2807
f 8422//2808 8423//2808 8424//2808
f 8425//2809 8426//2809 8427//2809
f 8428//2810 8429//2810 8430//2810
f 8431//2811 8432//2811 8433//2811
f 8434//2812 8435//2812 8436//2812
f 8437//2813 8438//2813 8439//2813
f 8440//2814 8441//2814 8442//2814
f 8443//2815 8444//2815 8445//2815
f 8446//2816 8447//2816 8448//2816
f 8449//2817 8450//2817 8451//2817
f 8452//2818 8453//2818 8454//2818
f 8455//2819 8456//2819 8457//2819
f 8458//2820 8459//2820 8460//2820
f 8461//2821 8462//2821 8463//2821
f 8464//2822 8465//2822 8466//2822
f 8467//2823 8468//2823 8469//2823
f 8470//2824 8471//2824 8472//2824
f 8473//2825 8474//2825 8475//2825
f 8476//2826 8477//2826 8478//2826
f 8479//2827 8480//2827 8481//2827
f 8482//2828 8483//2828 8484//2828
f 8485//2829 8486//2829 8487//2829
f 8488//2830 8489//2830 8490//2830
f 8491//2831 8492//2831 8493//2831
f 8494//2832 8495//2832 8496//2832
f 8497//2833 8498//2833 8499//2833
f 8500//2834 8501//2834 8502//2834
f 8503//2835 8504//2835 8505//2835
f 8506//2836 8507//2836 8508//2836
f 8509//2837 8510//2837 8511//2837
f 8512//2838 8513//2838 8514//2838
f 8515//2839 8516//2839 8517//2839
f 8518//2840 8519//2840 8520//2840
f 8521//2841 8522//2841 8523//2841
f 8524//2842 8525//2842 8526//2842
f 8527//2843 8528//2843 8529//2843
f 8530//2844 8531//2844 8532//2844
f 8533//2845 8534//2845 8535//2845
f 8536//2846 8537//2846 8538//2846
f 8539//2847 8540//2847 8541//2847
f 8542//2848 8543//2848 8544//2848
f 8545//2849 8546//2849 8547//2849
f 8548//2850 8549//2850 8550//2850
f 8551//2851 8552//2851 8553//2851
f 8554//2852 8555//2852 8556//2852
f 8557//2853 8558//2853 8559//2853
f 8560//2854 8561//2854 8562//2854
f 8563//2855 8564//2855 8565//2855
f 8566//2856 8567//2856 8568//2856
f 8569//2857 8570//2857 8571//2857
f 8572//2858 8573//2858 8574//2858
f 8575//2859 8576//2859 8577//2859
f 8578//2860 8579//2860 8580//2860
f 8581//2861 8582//2861 8583//2861
f 8584//2862 8585//2862 8586//2862
f 8587//2863 8588//2863 8589//2863
f 8590//2864 8591//2864 8592//2864
f 8593//2865 8594//2865 8595//2865
f 8596//2866 8597//2866 8598//2866
f 8599//2867 8600//2867 8601//2867
f 8602//2868 8603//2868 8604//2868
f 8605//2869 8606//2869 8607//2869
f 8608//2870 8609//2870 8610//2870
f 8611//2871 8612//2871 8613//2871
f 8614//2872 8615//2872 8616//2872
f 8617//2873 8618//2873 8619//2873
f 8620//2874 8621//2874 8622//2874
f 8623//2875 8624//2875 8625//2875
f 8626//2876 8627//2876 8628//2876
f 8629//2877 8630//2877 8631//2877
f 8632//2878 8633//2878 8634//2878
f 8635//2879 8636//2879 8637//2879
f 8638//2880 8639//2880 8640//2880
f 8641//2881 8642//2881 8643//2881
f 8644//2882 8645//2882 8646//2882
f 8647//2883 8648//2883 8649//2883
f 8650//2884 8651//2884 8652//2884
f 8653//2885 8654//2885 8655//2885
f 8656//2886 8657//2886 8658//2886
f 8659//2887 8660//2887 8661//2887
f 8662//2888 8663//2888 8664//2888
f 8665//2889 8666//2889 8667//2889
f 8668//2890 8669//2890 8670//2890
f 8671//2891 8672//2891 8673//2891
f 8674//2892 8675//2892 8676//2892
f 8677//2893 8678//2893 8679//2893
f 8680//2894 8681//2894 8682//2894
f 8683//2895 8684//2895 8685//2895
f 8686//2896 8687//2896 8688//2896
f 8689//2897 8690//2897 8691//2897
f 8692//2898 8693//2898 8694//2898
f 8695//2899 8696//2899 8697//2899
f 8698//2900 8699//2900 8700//2900
f 8701//2901 8702//2901 8703//2901
f 8704//2902 8705//2902 8706//2902
f 8707//2903 8708//2903 8709//2903
f 8710//2904 8711//2904 8712//2904
f 8713//2905 8714//2905 8715//2905
f 8716//2906 8717//2906 8718//2906
f 8719//2907 8720//2907 8721//2907
f 8722//2908 8723//2908 8724//2908
f 8725//2909 8726//2909 8727//2909
f 8728//2910 8729//2910 8730//2910
f 8731//2911 8732//2911 8733//2911
f 8734//2912 8735//2912 8736//2912
f 8737//2913 8738//2913 8739//2913
f 8740//2914 8741//2914 8742//2914
f 8743//2915 8744//2915 8745//2915
f 8746//2916 8747//2916 8748//2916
f 8749//2917 8750//2917 8751//2917
f 8752//2918 8753//2918 8754//2918
f 8755//2919 8756//2919 8757//2919
f 8758//2920 8759//2920 8760//2920
f 8761//2921 8762//2921 8763//2921
f 8764//2922 8765//2922 8766//2922
f 8767//2923 8768//2923 8769//2923
f 8770//2924 8771//2924 8772//2924
f 8773//2925 8774//2925 8775//2925
f 8776//2926 8777//2926 8778//2926
f 8779//2927 8780//2927 8781//2927
f 8782//2928 8783//2928 8784//2928
f 8785//2929 8786//2929 8787//2929
f 8788//2930 8789//2930 8790//2930
f 8791//2931 8792//2931 8793//2931
f 8794//2932 8795//2932 8796//2932
f 8797//2933 8798//2933 8799//2933
f 8800//2934 8801//2934 8802//2934
f 8803//2935 8804//2935 8805//2935
f 8806//2936 8807//2936 8808//2936
f 8809//2937 8810//2937 8811//2937
f 8812//2938 8813//2938 8814//2938
f 8815//2939 8816//2939 8817//2939
f 8818//2940 8819//2940 8820//2940
f 8821//2941 8822//2941 8823//2941
f 8824//2942 8825//2942 8826//2942
f 8827//2943 8828//2943 8829//2943
f 8830//2944 8831//2944 8832//2944
f 8833//2945 8834//2945 8835//2945
f 8836//2946 8837//2946 8838//2946
f 8839//2947 8840//2947 8841//2947
f 8842//2948 8843//2948 8844//2948
f 8845//2949 8846//2949 8847//2949
f 8848//2950 8849//2950 8850//2950
f 8851//2951 8852//2951 8853//2951
f 8854//2952 8855//2952 8856//2952
f 8857//2953 8858//2953 8859//2953
f 8860//2954 8861//2954 8862//2954
f 8863//2955 8864//2955 8865//2955
f 8866//2956 8867//2956 8868//2956
f 8869//2957 8870//2957 8871//2957
f 8872//2958 8873//2958 8874//2958
f 8875//2959 8876//2959 8877//2959
f 8878//2960 8879//2960 8880//2960
f 8881//2961 8882//2961 8883//2961
f 8884//2962 8885//2962 8886//2962
f 8887//2963 8888//2963 8889//2963
f 8890//2964 8891//2964 8892//2964
f 8893//2965 8894//2965 8895//2965
f 8896//2966 8897//2966 8898//2966
f 8899//2967 8900//2967 8901//2967
f 8902//2968 8903//2968 8904//2968
f 8905//2969 8906//2969 8907//2969
f 8908//2970 8909//2970 8910//2970
f 8911//2971 8912//2971 8913//2971
f 8914//2972 8915//2972 8916//2972
f 8917//2973 8918//2973 8919//2973
f 8920//2974 8921//2974 8922//2974
f 8923//2975 8924//2975 8925//2975
f 8926//2976 8927//2976 8928//2976
f 8929//2977 8930//2977 8931//2977
f 8932//2978 8933//2978 8934//2978
f 8935//2979 8936//2979 8937//2979
f 8938//2980 8939//2980 8940//2980
f 8941//2981 8942//2981 8943//2981
f 8944//2982 8945//2982 8946//2982
f 8947//2983 8948//2983 8949//2983
f 8950//2984 8951//2984 8952//2984
f 8953//2985 8954//2985 8955//2985
f 8956//2986 8957//2986 8958//2986
f 8959//2987 8960//2987 8961//2987
f 8962//2988 8963//2988 8964//2988
f 8965//2989 8966//2989 8967//2989
f 8968//2990 8969//2990 8970//2990
f 8971//2991 8972//2991 8973//2991
f 8974//2992 8975//2992 8976//2992
f 8977//2993 8978//2993 8979//2993
f 8980//2994 8981//2994 8982//2994
f 8983//2995 8984//2995 8985//2995
f 8986//2996 8987//2996 8988//2996
f 8989//2997 8990//2997 8991//2997
f 8992//2998 8993//2998 8994//2998
f 8995//2999 8996//2999 8997//2999
f 8998//3000 8999//3000 9000//3000
f 9001//3001 9002//3001 9003//3001
f 9004//3002 9005//3002 9006//3002
f 9007//3003 9008//3003 9009//3003
f 9010//3004 9011//3004 9012//3004
f 9013//3005 9014//3005 9015//3005
f 9016//3006 9017//3006 9018//3006
f 9019//3007 9020//3007 9021//3007
f 9022//3008 9023//3008 9024//3008
f 9025//3009 9026//3009 9027//3009
f 9028//3010 9029//3010 9030//3010
f 9031//3011 9032//3011 9033//3011
f 9034//3012 9035//3012 9036//3012
f 9037//3013 9038//3013 9039//3013
f 9040//3014 9041//3014 9042//3014
f 9043//3015 9044//3015 9045//3015
f 9046//3016 9047//3016 9048//3016
f 9049//3017 9050//3017 9051//3017
f 9052//3018 9053//3018 9054//3018
f 9055//3019 9056//3019 9057//3019
f 9058//3020 9059//3020 9060//3020
f 9061//3021 9062//3021 9063//3021
f 9064//3022 9065//3022 9066//3022
f 9067//3023 9068//3023 9069//3023
f 9070//3024 9071//3024 9072//3024
f 9073//3025 9074//3025 9075//3025
f 9076//3026 9077//3026 9078//3026
f 9079//3027 9080//3027 9081//3027
f 9082//3028 9083//3028 9084//3028
f 9085//3029 9086//3029 9087//3029
f 9088//3030 9089//3030 9090//3030
f 9091//3031 9092//3031 9093//3031
f 9094//3032 9095//3032 9096//3032
f 9097//3033 9098//3033 9099//3033
f 9100//3034 9101//3034 9102//3034
f 9103//3035 9104//3035 9105//3035
f 9106//3036 9107//3036 9108//3036
f 9109//3037 9110//3037 9111//3037
f 9112//3038 9113//3038 9114//3038
f 9115//3039 9116//3039 9117//3039
f 9118//3040 9119//3040 9120//3040
f 9121//3041 9122//3041 9123//3041
f 9124//3042 9125//3042 9126//3042
f 9127//3043 9128//3043 9129//3043
f 9130//3044 9131//3044 9132//3044
f 9133//3045 9134//3045 9135//3045
f 9136//3046 9137//3046 9138//3046
f 9139//3047 9140//3047 9141//3047
f 9142//3048 9143//3048 9144//3048
f 9145//3049 9146//3049 9147//3049
f 9148//3050 9149//3050 9150//3050
f 9151//3051 9152//3051 9153//3051
f 9154//3052 9155//3052 9156//3052
f 9157//3053 9158//3053 9159//3053
f 9160//3054 9161//3054 9162//3054
f 9163//3055 9164//3055 9165//3055
f 9166//3056 9167//3056 9168//3056
f 9169//3057 9170//3057 9171//3057
f 9172//3058 9173//3058 9174//3058
f 9175//3059 9176//3059 9177//3059
f 9178//3060 9179//3060 9180//3060
f 9181//3061 9182//3061 9183//3061
f 9184//3062 9185//3062 9186//3062
f 9187//3063 9188//3063 9189//3063
f 9190//3064 9191//3064 9192//3064
f 9193//3065 9194//3065 9195//3065
f 9196//3066 9197//3066 9198//3066
f 9199//3067 9200//3067 9201//3067
f 9202//3068 9203//3068 9204//3068
f 9205//3069 9206//3069 9207//3069
f 9208//3070 9209//3070 9210//3070
f 9211//3071 9212//3071 9213//3071
f 9214//3072 9215//3072 9216//3072
f 9217//3073 9218//3073 9219//3073
f 9220//3074 9221//3074 9222//3074
f 9223//3075 9224//3075 9225//3075
f 9226//3076 9227//3076 9228//3076
f 9229//3077 9230//3077 9231//3077
f 9232//3078 9233//3078 9234//3078
f 9235//3079 9236//3079 9237//3079
f 9238//3080 9239//3080 9240//3080
f 9241//3081 9242//3081 9243//3081
f 9244//3082 9245//3082 9246//3082
f 9247//3083 9248//3083 9249//3083
f 9250//3084 9251//3084 9252//3084
f 9253//3085 9254//3085 9255//3085
f 9256//3086 9257//3086 9258//3086
f 9259//3087 9260//3087 9261//3087
f 9262//3088 9263//3088 9264//3088
f 9265//3089 9266//3089 9267//3089
f 9268//3090 9269//3090 9270//3090
f 9271//3091 9272//3091 9273//3091
f 9274//3092 9275//3092 9276//3092
f 9277//3093 9278//3093 9279//3093
f 9280//3094 9281//3094 9282//3094
f 9283//3095 9284//3095 9285//3095
f 9286//3096 9287//3096 9288//3096
f 9289//3097 9290//3097 9291//3097
f 9292//3098 9293//3098 9294//3098
f 9295//3099 9296//3099 9297//3099
f 9298//3100 9299//3100 9300//3100
f 9301//3101 9302//3101 9303//3101
f 9304//3102 9305//3102 9306//3102
f 9307//3103 9308//3103 9309//3103
f 9310//3104 9311//3104 9312//3104
f 9313//3105 9314//3105 9315//3105
f 9316//3106 9317//3106 9318//3106
f 9319//3107 9320//3107 9321//3107
f 9322//3108 9323//3108 9324//3108
f 9325//3109 9326//3109 9327//3109
f 9328//3110 9329//3110 9330//3110
f 9331//3111 9332//3111 9333//3111
f 9334//3112 9335//3112 9336//3112
f 9337//3113 9338//3113 9339//3113
f 9340//3114 9341//3114 9342//3114
f 9343//3115 9344//3115 9345//3115
f 9346//3116 9347//3116 9348//3116
f 9349//3117 9350//3117 9351//3117
f 9352//3118 9353//3118 9354//3118
f 9355//3119 9356//3119 9357//3119
f 9358//3120 9359//3120 9360//3120
f 9361//3121 9362//3121 9363//3121
f 9364//3122 9365//3122 9366//3122
f 9367//3123 9368//3123 9369//3123
f 9370//3124 9371//3124 9372//3124
f 9373//3125 9374//3125 9375//3125
f 9376//3126 9377//3126 9378//3126
f 9379//3127 9380//3127 9381//3127
f 9382//3128 9383//3128 9384//3128
f 9385//3129 9386//3129 9387//3129
f 9388//3130 9389//3130 9390//3130
f 9391//3131 9392//3131 9393//3131
f 9394//3132 9395//3132 9396//3132
f 9397//3133 9398//3133 9399//3133
f 9400//3134 9401//3134 9402//3134
f 9403//3135 9404//3135 9405//3135
f 9406//3136 9407//3136 9408//3136
f 9409//3137 9410//3137 9411//3137
f 9412//3138 9413//3138 9414//3138
f 9415//3139 9416//3139 9417//3139
f 9418//3140 9419//3140 9420//3140
f 9421//3141 9422//3141 9423//3141
f 9424//3142 9425//3142 9426//3142
f 9427//3143 9428//3143 9429//3143
f 9430//3144 9431//3144 9432//3144
f 9433//3145 9434//3145 9435//3145
f 9436//3146 9437//3146 9438//3146
f 9439//3147 9440//3147 9441//3147
f 9442//3148 9443//3148 9444//3148
f 9445//3149 9446//3149 9447//3149
f 9448//3150 9449//3150 9450//3150
f 9451//3151 9452//3151 9453//3151
f 9454//3152 9455//3152 9456//3152
f 9457//3153 9458//3153 9459//3153
f 9460//3154 9461//3154 9462//3154
f 9463//3155 9464//3155 9465//3155
f 9466//3156 9467//3156 9468//3156
f 9469//3157 9470//3157 9471//3157
f 9472//3158 9473//3158 9474//3158
f 9475//3159 9476//3159 9477//3159
f 9478//3160 9479//3160 9480//3160
f 9481//3161 9482//3161 9483//3161
f 9484//3162 9485//3162 9486//3162
f 9487//3163 9488//3163 9489//3163
f 9490//3164 9491//3164 9492//3164
f 9493//3165 9494//3165 9495//3165
f 9496//3166 9497//3166 9498//3166
f 9499//3167 9500//3167 9501//3167
f 9502//3168 9503//3168 9504//3168
f 9505//3169 9506//3169 9507//3169
f 9508//3170 9509//3170 9510//3170
f 9511//3171 9512//3171 9513//3171
f 9514//3172 9515//3172 9516//3172
f 9517//3173 9518//3173 9519//3173
f 9520//3174 9521//3174 9522//3174
f 9523//3175 9524//3175 9525//3175
f 9526//3176 9527//3176 9528//3176
f 9529//3177 9530//3177 9531//3177
f 9532//3178 9533//3178 9534//3178
f 9535//3179 9536//3179 9537//3179
f 9538//3180 9539//3180 9540//3180
f 9541//3181 9542//3181 9543//3181
f 9544//3182 9545//3182 9546//3182
f 9547//3183 9548//3183 9549//3183
f 9550//3184 9551//3184 9552//3184
f 9553//3185 9554//3185 9555//3185
f 9556//3186 9557//3186 9558//3186
f 9559//3187 9560//3187 9561//3187
f 9562//3188 9563//3188 9564//3188
f 9565//3189 9566//3189 9567//3189
f 9568//3190 9569//3190 9570//3190
f 9571//3191 9572//3191 9573//3191
f 9574//3192 9575//3192 9576//3192
f 9577//3193 9578//3193 9579//3193
f 9580//3194 9581//3194 9582//3194
f 9583//3195 9584//3195 9585//3195
f 9586//3196 9587//3196 9588//3196
f 9589//3197 9590//3197 9591//3197
f 9592//3198 9593//3198 9594//3198
f 9595//3199 9596//3199 9597//3199
f 9598//3200 9599//3200 9600//3200
f 9601//3201 9602//3201 9603//3201
f 9604//3202 9605//3202 9606//3202
f 9607//3203 9608//3203 9609//3203
f 9610//3204 9611//3204 9612//3204
f 9613//3205 9614//3205 9615//3205
f 9616//3206 9617//3206 9618//3206
f 9619//3207 9620//3207 9621//3207
f 9622//3208 9623//3208 9624//3208
f 9625//3209 9626//3209 9627//3209
f 9628//3210 9629//3210 9630//3210
f 9631//3211 9632//3211 9633//3211
f 9634//3212 9635//3212 9636//3212
f 9637//3213 9638//3213 9639//3213
f 9640//3214 9641//3214 9642//3214
f 9643//3215 9644//3215 9645//3215
f 9646//3216 9647//3216 9648//3216
f 9649//3217 9650//3217 9651//3217
f 9652//3218 9653//3218 9654//3218
f 9655//3219 9656//3219 9657//3219
f 9658//3220 9659//3220 9660//3220
f 9661//3221 9662//3221 9663//3221
f 9664//3222 9665//3222 9666//3222
f 9667//3223 9668//3223 9669//3223
f 9670//3224 9671//3224 9672//3224
f 9673//3225 9674//3225 9675//3225
f 9676//3226 9677//3226 9678//3226
f 9679//3227 9680//3227 9681//3227
f 9682//3228 9683//3228 9684//3228
f 9685//3229 9686//3229 9687//3229
f 9688//3230 9689//3230 9690//3230
f 9691//3231 9692//3231 9693//3231
f 9694//3232 9695//3232 9696//3232
f 9697//3233 9698//3233 9699//3233
f 9700//3234 9701//3234 9702//3234
f 9703//3235 9704//3235 9705//3235
f 9706//3236 9707//3236 9708//3236
f 9709//3237 9710//3237 9711//3237
f 9712//3238 9713//3238 9714//3238
f 9715//3239 9716//3239 9717//3239
f 9718//3240 9719//3240 9720//3240
f 9721//3241 9722//3241 9723//3241
f 9724//3242 9725//3242 9726//3242
f 9727//3243 9728//3243 9729//3243
f 9730//3244 9731//3244 9732//3244
f 9733//3245 9734//3245 9735//3245
f 9736//3246 9737//3246 9738//3246
f 9739//3247 9740//3247 9741//3247
f 9742//3248 9743//3248 9744//3248
f 9745//3249 9746//3249 9747//3249
f 9748//3250 9749//3250 9750//3250
f 9751//3251 9752//3251 9753//3251
f 9754//3252 9755//3252 9756//3252
f 9757//3253 9758//3253 9759//3253
f 9760//3254 9761//3254 9762//3254
f 9763//3255 9764//3255 9765//3255
f 9766//3256 9767//3256 9768//3256
f 9769//3257 9770//3257 9771//3257
f 9772//3258 9773//3258 9774//3258
f 9775//3259 9776//3259 9777//3259
f 9778//3260 9779//3260 9780//3260
f 9781//3261 9782//3261 9783//3261
f 9784//3262 9785//3262 9786//3262
f 9787//3263 9788//3263 9789//3263
f 9790//3264 9791//3264 9792//3264
f 9793//3265 9794//3265 9795//3265
f 9796//3266 9797//3266 9798//3266
f 9799//3267 9800//3267 9801//3267
f 9802//3268 9803//3268 9804//3268
f 9805//3269 9806//3269 9807//3269
f 9808//3270 9809//3270 9810//3270
f 9811//3271 9812//3271 9813//3271
f 9814//3272 9815//3272 9816//3272
f 9817//3273 9818//3273 9819//3273
f 9820//3274 9821//3274 9822//3274
f 9823//3275 9824//3275 9825//3275
f 9826//3276 9827//3276 9828//3276
f 9829//3277 9830//3277 9831//3277
f 9832//3278 9833//3278 9834//3278
f 9835//3279 9836//3279 9837//3279
f 9838//3280 9839//3280 9840//3280
f 9841//3281 9842//3281 9843//3281
f 9844//3282 9845//3282 9846//3282
f 9847//3283 9848//3283 9849//3283
f 9850//3284 9851//3284 9852//3284
f 9853//3285 9854//3285 9855//3285
f 9856//3286 9857//3286 9858//3286
f 9859//3287 9860//3287 9861//3287
f 9862//3288 9863//3288 9864//3288
f 9865//3289 9866//3289 9867//3289
f 9868//3290 9869//3290 9870//3290
f 9871//3291 9872//3291 9873//3291
f 9874//3292 9875//3292 9876//3292
f 9877//3293 9878//3293 9879//3293
f 9880//3294 9881//3294 9882//3294
f 9883//3295 9884//3295 9885//3295
f 9886//3296 9887//3296 9888//3296
f 9889//3297 9890//3297 9891//3297
f 9892//3298 9893//3298 9894//3298
f 9895//3299 9896//3299 9897//3299
f 9898//3300 9899//3300 9900//3300
f 9901//3301 9902//3301 9903//3301
f 9904//3302 9905//3302 9906//3302
f 9907//3303 9908//3303 9909//3303
f 9910//3304 9911//3304 9912//3304
f 9913//3305 9914//3305 9915//3305
f 9916//3306 9917//3306 9918//3306
f 9919//3307 9920//3307 9921//3307
f 9922//3308 9923//3308 9924//3308
f 9925//3309 9926//3309 9927//3309
f 9928//3310 9929//3310 9930//3310
f 9931//3311 9932//3311 9933//3311
f 9934//3312 9935//3312 9936//3312
f 9937//3313 9938//3313 9939//3313
f 9940//3314 9941//3314 9942//3314
f 9943//3315 9944//3315 9945//3315
f 9946//3316 9947//3316 9948//3316
f 9949//3317 9950//3317 9951//3317
f 9952//3318 9953//3318 9954//3318
f 9955//3319 9956//3319 9957//3319
f 9958//3320 9959//3320 9960//3320
f 9961//3321 9962//3321 9963//3321
f 9964//3322 9965//3322 9966//3322
f 9967//3323 9968//3323 9969//3323
f 9970//3324 9971//3324 9972//3324
f 9973//3325 9974//3325 9975//3325
f 9976//3326 9977//3326 9978//3326
f 9979//3327 9980//3327 9981//3327
f 9982//3328 9983//3328 9984//3328
f 9985//3329 9986//3329 9987//3329
f 9988//3330 9989//3330 9990//3330
f 9991//3331 9992//3331 9993//3331
f 9994//3332 9995//3332 9996//3332
f 9997//3333 9998//3333 9999//3333
f 10000//3334 10001//3334 10002//3334
f 10003//3335 10004//3335 10005//3335
f 10006//3336 10007//3336 10008//3336
f 10009//3337 10010//3337 10011//3337
f 10012//3338 10013//3338 10014//3338
f 10015//3339 10016//3339 10017//3339
f 10018//3340 10019//3340 10020//3340
f 10021//3341 10022//3341 10023//3341
f 10024//3342 10025//3342 10026//3342
f 10027//3343 10028//3343 10029//3343
f 10030//3344 10031//3344 10032//3344
f 10033//3345 10034//3345 10035//3345
f 10036//3346 10037//3346 10038//3346
f 10039//3347 10040//3347 10041//3347
f 10042//3348 10043//3348 10044//3348
f 10045//3349 10046//3349 10047//3349
f 10048//3350 10049//3350 10050//3350
f 10051//3351 10052//3351 10053//3351
f 10054//3352 10055//3352 10056//3352
f 10057//3353 10058//3353 10059//3353
f 10060//3354 10061//3354 10062//3354
f 10063//3355 10064//3355 10065//3355
f 10066//3356 10067//3356 10068//3356
f 10069//3357 10070//3357 10071//3357
f 10072//3358 10073//3358 10074//3358
f 10075//3359 10076//3359 10077//3359
f 10078//3360 10079//3360 10080//3360
f 10081//3361 10082//3361 10083//3361
f 10084//3362 10085//3362 10086//3362
f 10087//3363 10088//3363 10089//3363
f 10090//3364 10091//3364 10092//3364
f 10093//3365 10094//3365 10095//3365
f 10096//3366 10097//3366 10098//3366
f 10099//3367 10100//3367 10101//3367
f 10102//3368 10103//3368 10104//3368
f 10105//3369 10106//3369 10107//3369
f 10108//3370 10109//3370 10110//3370
f 10111//3371 10112//3371 10113//3371
f 10114//3372 10115//3372 10116//3372
f 10117//3373 10118//3373 10119//3373
f 10120//3374 10121//3374 10122//3374
f 10123//3375 10124//3375 10125//3375
f 10126//3376 10127//3376 10128//3376
f 10129//3377 10130//3377 10131//3377
f 10132//3378 10133//3378 10134//3378
f 10135//3379 10136//3379 10137//3379
f 10138//3380 10139//3380 10140//3380
f 10141//3381 10142//3381 10143//3381
f 10144//3382 10145//3382 10146//3382
f 10147//3383 10148//3383 10149//3383
f 10150//3384 10151//3384 10152//3384
f 10153//3385 10154//3385 10155//3385
f 10156//3386 10157//3386 10158//3386
f 10159//3387 10160//3387 10161//3387
f 10162//3388 10163//3388 10164//3388
f 10165//3389 10166//3389 10167//3389
f 10168//3390 10169//3390 10170//3390
f 10171//3391 10172//3391 10173//3391
f 10174//3392 10175//3392 10176//3392
f 10177//3393 10178//3393 10179//3393
f 10180//3394 10181//3394 10182//3394
f 10183//3395 10184//3395 10185//3395
f 10186//3396 10187//3396 10188//3396
f 10189//3397 10190//3397 10191//3397
f 10192//3398 10193//3398 10194//3398
f 10195//3399 10196//3399 10197//3399
f 10198//3400 10199//3400 10200//3400
f 10201//3401 10202//3401 10203//3401
f 10204//3402 10205//3402 10206//3402
f 10207//3403 10208//3403 10209//3403
f 10210//3404 10211//3404 10212//3404
f 10213//3405 10214//3405 10215//3405
f 10216//3406 10217//3406 10218//3406
f 10219//3407 10220//3407 10221//3407
f 10222//3408 10223//3408 10224//3408
f 10225//3409 10226//3409 10227//3409
f 10228//3410 10229//3410 10230//3410
f 10231//3411 10232//3411 10233//3411
f 10234//3412 10235//3412 10236//3412
f 10237//3413 10238//3413 10239//3413
f 10240//3414 10241//3414 10242//3414
f 10243//3415 10244//3415 10245//3415
f 10246//3416 10247//3416 10248//3416
f 10249//3417 10250//3417 10251//3417
f 10252//3418 10253//3418 10254//3418
f 10255//3419 10256//3419 10257//3419
f 10258//3420 10259//3420 10260//3420
f 10261//3421 10262//3421 10263//3421
f 10264//3422 10265//3422 10266//3422
f 10267//3423 10268//3423 10269//3423
f 10270//3424 10271//3424 10272//3424
f 10273//3425 10274//3425 10275//3425
f 10276//3426 10277//3426 10278//3426
f 10279//3427 10280//3427 10281//3427
f 10282//3428 10283//3428 10284//3428
f 10285//3429 10286//3429 10287//3429
f 10288//3430 10289//3430 10290//3430
f 10291//3431 10292//3431 10293//3431
f 10294//3432 10295//3432 10296//3432
f 10297//3433 10298//3433 10299//3433
f 10300//3434 10301//3434 10302//3434
f 10303//3435 10304//3435 10305//3435
f 10306//3436 10307//3436 10308//3436
f 10309//3437 10310//3437 10311//3437
f 10312//3438 10313//3438 10314//3438
f 10315//3439 10316//3439 10317//3439
f 10318//3440 10319//3440 10320//3440
f 10321//3441 10322//3441 10323//3441
f 10324//3442 10325//3442 10326//3442
f 10327//3443 10328//3443 10329//3443
f 10330//3444 10331//3444 10332//3444
f 10333//3445 10334//3445 10335//3445
f 10336//3446 10337//3446 10338//3446
f 10339//3447 10340//3447 10341//3447
f 10342//3448 10343//3448 10344//3448
f 10345//3449 10346//3449 10347//3449
f 10348//3450 10349//3450 10350//3450
f 10351//3451 10352//3451 10353//3451
f 10354//3452 10355//3452 10356//3452
f 10357//3453 10358//3453 10359//3453
f 10360//3454 10361//3454 10362//3454
f 10363//3455 10364//3455 10365//3455
f 10366//3456 10367//3456 10368//3456
f 10369//3457 10370//3457 10371//3457
f 10372//3458 10373//3458 10374//3458
f 10375//3459 10376//3459 10377//3459
f 10378//3460 10379//3460 10380//3460
f 10381//3461 10382//3461 10383//3461
f 10384//3462 10385//3462 10386//3462
f 10387//3463 10388//3463 10389//3463
f 10390//3464 10391//3464 10392//3464
f 10393//3465 10394//3465 10395//3465
f 10396//3466 10397//3466 10398//3466
f 10399//3467 10400//3467 10401//3467
f 10402//3468 10403//3468 10404//3468
f 10405//3469 10406//3469 10407//3469
f 10408//3470 10409//3470 10410//3470
f 10411//3471 10412//3471 10413//3471
f 10414//3472 10415//3472 10416//3472
f 10417//3473 10418//3473 10419//3473
f 10420//3474 10421//3474 10422//3474
f 10423//3475 10424//3475 10425//3475
f 10426//3476 10427//3476 10428//3476
f 10429//3477 10430//3477 10431//3477
f 10432//3478 10433//3478 10434//3478
f 10435//3479 10436//3479 10437//3479
f 10438//3480 10439//3480 10440//3480
f 10441//3481 10442//3481 10443//3481
f 10444//3482 10445//3482 10446//3482
f 10447//3483 10448//3483 10449//3483
f 10450//3484 10451//3484 10452//3484
f 10453//3485 10454//3485 10455//3485
f 10456//3486 10457//3486 10458//3486
f 10459//3487 10460//3487 10461//3487
f 10462//3488 10463//3488 10464//3488
f 10465//3489 10466//3489 10467//3489
f 10468//3490 10469//3490 10470//3490
f 10471//3491 10472//3491 10473//3491
f 10474//3492 10475//3492 10476//3492
f 10477//3493 10478//3493 10479//3493
f 10480//3494 10481//3494 10482//3494
f 10483//3495 10484//3495 10485//3495
f 10486//3496 10487//3496 10488//3496
f 10489//3497 10490//3497 10491//3497
f 10492//3498 10493//3498 10494//3498
f 10495//3499 10496//3499 10497//3499
f 10498//3500 10499//3500 10500//3500
f 10501//3501 10502//3501 10503//3501
f 10504//3502 10505//3502 10506//3502
f 10507//3503 10508//3503 10509//3503
f 10510//3504 10511//3504 10512//3504
f 10513//3505 10514//3505 10515//3505
f 10516//3506 10517//3506 10518//3506
f 10519//3507 10520//3507 10521//3507
f 10522//3508 10523//3508 10524//3508
f 10525//3509 10526//3509 10527//3509
f 10528//3510 10529//3510 10530//3510
f 10531//3511 10532//3511 10533//3511
f 10534//3512 10535//3512 10536//3512
f 10537//3513 10538//3513 10539//3513
f 10540//3514 10541//3514 10542//3514
f 10543//3515 10544//3515 10545//3515
f 10546//3516 10547//3516 10548//3516
f 10549//3517 10550//3517 10551//3517
f 10552//3518 10553//3518 10554//3518
f 10555//3519 10556//3519 10557//3519
f 10558//3520 10559//3520 10560//3520
f 10561//3521 10562//3521 10563//3521
f 10564//3522 10565//3522 10566//3522
f 10567//3523 10568//3523 10569//3523
f 10570//3524 10571//3524 10572//3524
f 10573//3525 10574//3525 10575//3525
f 10576//3526 10577//3526 10578//3526
f 10579//3527 10580//3527 10581//3527
f 10582//3528 10583//3528 10584//3528
f 10585//3529 10586//3529 10587//3529
f 10588//3530 10589//3530 10590//3530
f 10591//3531 10592//3531 10593//3531
f 10594//3532 10595//3532 10596//3532
f 10597//3533 10598//3533 10599//3533
f 10600//3534 10601//3534 10602//3534
f 10603//3535 10604//3535 10605//3535
f 10606//3536 10607//3536 10608//3536
f 10609//3537 10610//3537 10611//3537
f 10612//3538 10613//3538 10614//3538
f 10615//3539 10616//3539 10617//3539
f 10618//3540 10619//3540 10620//3540
f 10621//3541 10622//3541 10623//3541
f 10624//3542 10625//3542 10626//3542
f 10627//3543 10628//3543 10629//3543
f 10630//3544 10631//3544 10632//3544
f 10633//3545 10634//3545 10635//3545
f 10636//3546 10637//3546 10638//3546
f 10639//3547 10640//3547 10641//3547
f 10642//3548 10643//3548 10644//3548
f 10645//3549 10646//3549 10647//3549
f 10648//3550 10649//3550 10650//3550
f 10651//3551 10652//3551 10653//3551
f 10654//3552 10655//3552 10656//3552
f 10657//3553 10658//3553 10659//3553
f 10660//3554 10661//3554 10662//3554
f 10663//3555 10664//3555 10665//3555
f 10666//3556 10667//3556 10668//3556
f 10669//3557 10670//3557 10671//3557
f 10672//3558 10673//3558 10674//3558
f 10675//3559 10676//3559 10677//3559
f 10678//3560 10679//3560 10680//3560
f 10681//3561 10682//3561 10683//3561
f 10684//3562 10685//3562 10686//3562
f 10687//3563 10688//3563 10689//3563
f 10690//3564 10691//3564 10692//3564
f 10693//3565 10694//3565 10695//3565
f 10696//3566 10697//3566 10698//3566
f 10699//3567 10700//3567 10701//3567
f 10702//3568 10703//3568 10704//3568
f 10705//3569 10706//3569 10707//3569
f 10708//3570 10709//3570 10710//3570
f 10711//3571 10712//3571 10713//3571
f 10714//3572 10715//3572 10716//3572
f 10717//3573 10718//3573 10719//3573
f 10720//3574 10721//3574 10722//3574
f 10723//3575 10724//3575 10725//3575
f 10726//3576 10727//3576 10728//3576
f 10729//3577 10730//3577 10731//3577
f 10732//3578 10733//3578 10734//3578
f 10735//3579 10736//3579 10737//3579
f 10738//3580 10739//3580 10740//3580
f 10741//3581 10742//3581 10743//3581
f 10744//3582 10745//3582 10746//3582
f 10747//3583 10748//3583 10749//3583
f 10750//3584 10751//3584 10752//3584
f 10753//3585 10754//3585 10755//3585
f 10756//3586 10757//3586 10758//3586
f 10759//3587 10760//3587 10761//3587
f 10762//3588 10763//3588 10764//3588
f 10765//3589 10766//3589 10767//3589
f 10768//3590 10769//3590 10770//3590
f 10771//3591 10772//3591 10773//3591
f 10774//3592 10775//3592 10776//3592
f 10777//3593 10778//3593 10779//3593
f 10780//3594 10781//3594 10782//3594
f 10783//3595 10784//3595 10785//3595
f 10786//3596 10787//3596 10788//3596
f 10789//3597 10790//3597 10791//3597
f 10792//3598 10793//3598 10794//3598
f 10795//3599 10796//3599 10797//3599
f 10798//3600 10799//3600 10800//3600
f 10801//3601 10802//3601 10803//3601
f 10804//3602 10805//3602 10806//3602
f 10807//3603 10808//3603 10809//3603
f 10810//3604 10811//3604 10812//3604
f 10813//3605 10814//3605 10815//3605
f 10816//3606 10817//3606 10818//3606
f 10819//3607 10820//3607 10821//3607
f 10822//3608 10823//3608 10824//3608
f 10825//3609 10826//3609 10827//3609
f 10828//3610 10829//3610 10830//3610
f 10831//3611 10832//3611 10833//3611
f 10834//3612 10835//3612 10836//3612
f 10837//3613 10838//3613 10839//3613
f 10840//3614 10841//3614 10842//3614
f 10843//3615 10844//3615 10845//3615
f 10846//3616 10847//3616 10848//3616
f 10849//3617 10850//3617 10851//3617
f 10852//3618 10853//3618 10854//3618
f 10855//3619 10856//3619 10857//3619
f 10858//3620 10859//3620 10860//3620
f 10861//3621 10862//3621 10863//3621
f 10864//3622 10865//3622 10866//3622
f 10867//3623 10868//3623 10869//3623
f 10870//3624 10871//3624 10872//3624
f 10873//3625 10874//3625 10875//3625
f 10876//3626 10877//3626 10878//3626
f 10879//3627 10880//3627 10881//3627
f 10882//3628 10883//3628 10884//3628
f 10885//3629 10886//3629 10887//3629
f 10888//3630 10889//3630 10890//3630
f 10891//3631 10892//3631 10893//3631
f 10894//3632 10895//3632 10896//3632
f 10897//3633 10898//3633 10899//3633
f 10900//3634 10901//3634 10902//3634
f 10903//3635 10904//3635 10905//3635
f 10906//3636 10907//3636 10908//3636
f 10909//3637 10910//3637 10911//3637
f 10912//3638 10913//3638 10914//3638
f 10915//3639 10916//3639 10917//3639
f 10918//3640 10919//3640 10920//3640
f 10921//3641 10922//3641 10923//3641
f 10924//3642 10925//3642 10926//3642
f 10927//3643 10928//3643 10929//3643
f 10930//3644 10931//3644 10932//3644
f 10933//3645 10934//3645 10935//3645
f 10936//3646 10937//3646 10938//3646
f 10939//3647 10940//3647 10941//3647
f 10942//3648 10943//3648 10944//3648
f 10945//3649 10946//3649 10947//3649
f 10948//3650 10949//3650 10950//3650
f 10951//3651 10952//3651 10953//3651
f 10954//3652 10955//3652 10956//3652
f 10957//3653 10958//3653 10959//3653
f 10960//3654 10961//3654 10962//3654
f 10963//3655 10964//3655 10965//3655
f 10966//3656 10967//3656 10968//3656
f 10969//3657 10970//3657 10971//3657
f 10972//3658 10973//3658 10974//3658
f 10975//3659 10976//3659 10977//3659
f 10978//3660 10979//3660 10980//3660
f 10981//3661 10982//3661 10983//3661
f 10984//3662 10985//3662 10986//3662
f 10987//3663 10988//3663 10989//3663
f 10990//3664 10991//3664 10992//3664
f 10993//3665 10994//3665 10995//3665
f 10996//3666 10997//3666 10998//3666
f 10999//3667 11000//3667 11001//3667
f 11002//3668 11003//3668 11004//3668
f 11005//3669 11006//3669 11007//3669
f 11008//3670 11009//3670 11010//3670
f 11011//3671 11012//3671 11013//3671
f 11014//3672 11015//3672 11016//3672
f 11017//3673 11018//3673 11019//3673
f 11020//3674 11021//3674 11022//3674
f 11023//3675 11024//3675 11025//3675
f 11026//3676 11027//3676 11028//3676
f 11029//3677 11030//3677 11031//3677
f 11032//3678 11033//3678 11034//3678
f 11035//3679 11036//3679 11037//3679
f 11038//3680 11039//3680 11040//3680
f 11041//3681 11042//3681 11043//3681
f 11044//3682 11045//3682 11046//3682
f 11047//3683 11048//3683 11049//3683
f 11050//3684 11051//3684 11052//3684
f 11053//3685 11054//3685 11055//3685
f 11056//3686 11057//3686 11058//3686
f 11059//3687 11060//3687 11061//3687
f 11062//3688 11063//3688 11064//3688
f 11065//3689 11066//3689 11067//3689
f 11068//3690 11069//3690 11070//3690
f 11071//3691 11072//3691 11073//3691
f 11074//3692 11075//3692 11076//3692
f 11077//3693 11078//3693 11079//3693
f 11080//3694 11081//3694 11082//3694
f 11083//3695 11084//3695 11085//3695
f 11086//3696 11087//3696 11088//3696
f 11089//3697 11090//3697 11091//3697
f 11092//3698 11093//3698 11094//3698
f 11095//3699 11096//3699 11097//3699
f 11098//3700 11099//3700 11100//3700
f 11101//3701 11102//3701 11103//3701
f 11104//3702 11105//3702 11106//3702
f 11107//3703 11108//3703 11109//3703
f 11110//3704 11111//3704 11112//3704
f 11113//3705 11114//3705 11115//3705
f 11116//3706 11117//3706 11118//3706
f 11119//3707 11120//3707 11121//3707
f 11122//3708 11123//3708 11124//3708
f 11125//3709 11126//3709 11127//3709
f 11128//3710 11129//3710 11130//3710
f 11131//3711 11132//3711 11133//3711
f 11134//3712 11135//3712 11136//3712
f 11137//3713 11138//3713 11139//3713
f 11140//3714 11141//3714 11142//3714
f 11143//3715 11144//3715 11145//3715
f 11146//3716 11147//3716 11148//3716
f 11149//3717 11150//3717 11151//3717
f 11152//3718 11153//3718 11154//3718
f 11155//3719 11156//3719 11157//3719
f 11158//3720 11159//3720 11160//3720
f 11161//3721 11162//3721 11163//3721
f 11164//3722 11165//3722 11166//3722
f 11167//3723 11168//3723 11169//3723
f 11170//3724 11171//3724 11172//3724
f 11173//3725 11174//3725 11175//3725
f 11176//3726 11177//3726 11178//3726
f 11179//3727 11180//3727 11181//3727
f 11182//3728 11183//3728 11184//3728
f 11185//3729 11186//3729 11187//3729
f 11188//3730 11189//3730 11190//3730
f 11191//3731 11192//3731 11193//3731
f 11194//3732 11195//3732 11196//3732
f 11197//3733 11198//3733 11199//3733
f 11200//3734 11201//3734 11202//3734
f 11203//3735 11204//3735 11205//3735
f 11206//3736 11207//3736 11208//3736
f 11209//3737 11210//3737 11211//3737
f 11212//3738 11213//3738 11214//3738
f 11215//3739 11216//3739 11217//3739
f 11218//3740 11219//3740 11220//3740
f 11221//3741 11222//3741 11223//3741
f 11224//3742 11225//3742 11226//3742
f 11227//3743 11228//3743 11229//3743
f 11230//3744 11231//3744 11232//3744
f 11233//3745 11234//3745 11235//3745
f 11236//3746 11237//3746 11238//3746
f 11239//3747 11240//3747 11241//3747
f 11242//3748 11243//3748 11244//3748
f 11245//3749 11246//3749 11247//3749
f 11248//3750 11249//3750 11250//3750
f 11251//3751 11252//3751 11253//3751
f 11254//3752 11255//3752 11256//3752
f 11257//3753 11258//3753 11259//3753
f 11260//3754 11261//3754 11262//3754
f 11263//3755 11264//3755 11265//3755
f 11266//3756 11267//3756 11268//3756
f 11269//3757 11270//3757 11271//3757
f 11272//3758 11273//3758 11274//3758
f 11275//3759 11276//3759 11277//3759
f 11278//3760 11279//3760 11280//3760
f 11281//3761 11282//3761 11283//3761
f 11284//3762 11285//3762 11286//3762
f 11287//3763 11288//3763 11289//3763
f 11290//3764 11291//3764 11292//3764
f 11293//3765 11294//3765 11295//3765
f 11296//3766 11297//3766 11298//3766
f 11299//3767 11300//3767 11301//3767
f 11302//3768 11303//3768 11304//3768
f 11305//3769 11306//3769 11307//3769
f 11308//3770 11309//3770 11310//3770
f 11311//3771 11312//3771 11313//3771
f 11314//3772 11315//3772 11316//3772
f 11317//3773 11318//3773 11319//3773
f 11320//3774 11321//3774 11322//3774
f 11323//3775 11324//3775 11325//3775
f 11326//3776 11327//3776 11328//3776
f 11329//3777 11330//3777 11331//3777
f 11332//3778 11333//3778 11334//3778
f 11335//3779 11336//3779 11337//3779
f 11338//3780 11339//3780 11340//3780
f 11341//3781 11342//3781 11343//3781
f 11344//3782 11345//3782 11346//3782
f 11347//3783 11348//3783 11349//3783
f 11350//3784 11351//3784 11352//3784
f 11353//3785 11354//3785 11355//3785
f 11356//3786 11357//3786 11358//3786
f 11359//3787 11360//3787 11361//3787
f 11362//3788 11363//3788 11364//3788
f 11365//3789 11366//3789 11367//3789
f 11368//3790 11369//3790 11370//3790
f 11371//3791 11372//3791 11373//3791
f 11374//3792 11375//3792 11376//3792
f 11377//3793 11378//3793 11379//3793
f 11380//3794 11381//3794 11382//3794
f 11383//3795 11384//3795 11385//3795
f 11386//3796 11387//3796 11388//3796
f 11389//3797 11390//3797 11391//3797
f 11392//3798 11393//3798 11394//3798
f 11395//3799 11396//3799 11397//3799
f 11398//3800 11399//3800 11400//3800
f 11401//3801 11402//3801 11403//3801
f 11404//3802 11405//3802 11406//3802
f 11407//3803 11408//3803 11409//3803
f 11410//3804 11411//3804 11412//3804
f 11413//3805 11414//3805 11415//3805
f 11416//3806 11417//3806 11418//3806
